일자,종가,대비,등락률,거래량,시가,고가,저가
2026/09/17,362.6500,0.6100,+0.17,2285536,369.9550,372.2700,360.5750
2026/09/16,362.0400,0.6900,+0.19,3063647,365.7800,367.4900,358.6620
2026/09/15,361.3500,0.3300,+0.09,2401711,362.4800,366.8700,359.4516
2026/09/14,361.0200,17.7600,-4.69,4731568,363.9600,366.2550,359.3325
2026/09/11,378.7800,17.5300,+4.85,2886520,365.3350,380.3600,365.3350
2026/09/10,361.2500,3.8200,-1.05,2972342,356.9500,363.3600,356.1220
2026/09/09,365.0700,1.8700,+0.51,2359283,359.3700,366.9699,359.3700
2026/09/08,363.2000,0.9500,+0.26,3139621,364.8900,366.3620,360.3900
2026/09/04,362.2500,5.7500,+1.61,3560584,359.8350,364.9900,358.9900
2026/09/03,356.5000,0.7900,+0.22,3779304,350.4200,357.2699,348.0000
2026/09/02,355.7100,1.1900,+0.34,3338913,355.6350,360.7700,352.0300
2026/09/01,354.5200,6.5200,-1.81,3571975,356.3300,356.4400,348.6600
2026/08/31,361.0400,0.3589,+0.10,2763248,363.7717,365.6061,360.8306
2026/08/28,360.6811,12.7013,-3.40,3360672,373.0036,373.0036,358.4479
2026/08/27,373.3824,2.7117,+0.73,3906909,373.3625,375.7352,366.9121
2026/08/26,370.6707,1.8543,-0.50,2187285,373.7313,376.3434,369.6139
2026/08/25,372.5250,2.4824,+0.67,3751632,375.0972,376.3334,366.1744
2026/08/24,370.0426,1.9141,-0.51,4769727,371.5879,371.8670,361.2494
2026/08/21,371.9567,2.8413,+0.77,5473834,373.5818,377.4899,370.3317
2026/08/20,369.1154,3.0108,-0.81,3509216,375.7701,383.7807,368.5172
2026/08/19,372.1262,3.3598,-0.89,6327494,377.4002,382.2354,368.6069
2026/08/18,375.4860,13.6085,-3.50,5796674,380.2026,384.7278,369.1054
2026/08/17,389.0945,0.8873,+0.23,3132309,390.3457,395.7462,388.5636
2026/08/14,388.2072,8.1950,+2.16,2122406,380.8197,388.2670,378.9654
2026/08/13,380.0122,3.2501,-0.85,2873175,386.2632,388.5163,379.3542
2026/08/12,383.2623,0.8674,-0.23,2772804,395.0165,395.0564,382.4448
2026/08/11,384.1297,1.3709,+0.36,2368055,388.7954,392.9627,383.5409
2026/08/10,382.7588,5.9868,-1.54,2809216,391.6467,392.8431,382.6641
2026/08/07,388.7456,12.5817,+3.34,2846417,385.5553,391.0037,383.8306
2026/08/06,376.1639,0.3789,-0.10,3592660,374.1102,383.2324,371.8670
2026/08/05,376.5428,2.5921,-0.68,2861997,378.3373,382.9632,373.5020
2026/08/04,379.1349,18.3541,+5.09,5098186,371.2589,381.3182,367.7894
2026/08/03,360.7808,5.5132,-1.51,3754525,361.8974,364.6191,352.0374
2026/07/31,366.2940,0.7378,+0.20,3526013,373.0235,375.5877,361.7578
2026/07/30,365.5562,13.2596,+3.76,6387445,363.7418,367.3009,360.1128
2026/07/29,352.2966,12.4222,-3.41,5492672,360.6113,367.8193,351.6586
2026/07/28,364.7188,6.0416,-1.63,5068245,365.3269,372.1492,362.0469
2026/07/27,370.7604,0.0299,+0.01,5209849,371.6427,375.6555,360.5714
2026/07/24,370.7305,8.3146,-2.19,4093336,373.4970,378.4270,365.7257
2026/07/23,379.0451,6.5102,-1.69,3915981,375.0074,381.8017,372.2558
2026/07/22,385.5553,3.9081,+1.02,3185796,375.6804,386.4426,374.8579
2026/07/21,381.6472,10.3185,+2.78,4237415,386.7317,386.8215,376.5428
2026/07/20,371.3287,2.8911,-0.77,2951668,380.9434,380.9434,370.9000
2026/07/17,374.2198,5.1543,-1.36,3686020,368.3776,378.6264,365.6061
2026/07/16,379.3741,10.3984,-2.67,4108748,378.8557,384.8973,376.5029
2026/07/15,389.7725,1.7845,-0.46,3109653,396.1381,399.4729,382.1158
2026/07/14,391.5570,6.7195,+1.75,3149103,397.0702,399.2536,390.8093
2026/07/13,384.8375,9.6107,-2.44,3494089,388.6459,389.4036,381.7818
2026/07/10,394.4482,2.0039,+0.51,2332995,386.3230,397.1251,384.7577
2026/07/09,392.4443,8.2150,+2.14,3115700,394.3984,398.1370,387.1504
2026/07/08,384.2293,6.3506,+1.68,2617418,373.1132,388.5960,373.1132
2026/07/07,377.8787,9.7702,-2.52,4828480,375.1869,380.5007,369.9628
2026/07/06,387.6489,11.6345,+3.09,4460880,386.7267,394.7274,384.7827
2026/07/02,376.0144,11.7841,-3.04,6163556,389.6229,394.7972,371.5081
2026/07/01,387.7985,8.1651,-2.06,5768470,389.7027,396.3724,386.6619
2026/06/30,395.9636,5.3736,+1.38,6500417,391.7265,400.5945,390.5900
2026/06/29,390.5900,4.8552,+1.26,5185060,386.9810,396.8509,383.8405
2026/06/26,385.7348,30.9257,-7.42,12516854,404.1985,404.8465,381.6572
2026/06/25,416.6605,4.7555,+1.15,6461978,422.9613,430.5582,411.0975
2026/06/24,411.9050,5.8821,+1.45,4662464,405.9831,413.2011,402.7729
2026/06/23,406.0229,38.1040,-8.58,7582654,425.5584,425.5584,401.9803
2026/06/22,444.1269,10.9866,+2.54,4302200,436.4203,444.5555,435.0645
2026/06/18,433.1403,19.9492,+4.83,11905124,424.9303,437.2229,424.9303
2026/06/17,413.1911,1.5453,-0.37,3614470,420.3593,426.7897,412.8023
2026/06/16,414.7364,11.5448,-2.71,4364113,425.2942,437.3176,414.4373
2026/06/15,426.2812,9.7602,+2.34,4544592,427.8664,431.6848,423.6094
2026/06/12,416.5210,5.6428,+1.37,3006736,410.6987,420.9475,405.1656
2026/06/11,410.8782,19.4009,+4.96,4861466,400.7191,411.7954,395.8041
2026/06/10,391.4773,11.9137,-2.95,3880387,398.3414,409.7516,391.2181
2026/06/09,403.3910,0.7278,+0.18,5432055,410.6987,413.3307,382.1557
2026/06/08,402.6632,2.4924,+0.62,5155832,413.6896,413.7394,400.3702
2026/06/05,400.1708,27.2868,-6.38,7264677,418.2158,418.3653,400.0412
2026/06/04,427.4576,8.8830,-2.04,3387010,426.4806,430.9570,419.3125
2026/06/03,436.3406,14.4261,+3.42,5718075,423.6094,438.3644,416.9497
2026/06/02,421.9145,21.5443,+5.38,4969221,408.2561,422.6822,407.7577
2026/06/01,400.3702,11.0957,-2.70,4360711,401.9212,407.6280,397.6062
2026/05/29,411.4659,5.1303,-1.23,5540033,421.0106,421.0106,405.8186
2026/05/28,416.5962,2.1178,+0.51,5087257,414.7369,418.5250,404.9138
2026/05/27,414.4784,3.0424,-0.73,4119847,431.0027,431.0027,405.4308
2026/05/26,417.5208,22.7383,+5.76,6669019,403.9097,420.5035,403.9097
2026/05/22,394.7825,12.7859,+3.35,6143886,386.8982,398.4215,384.7805
2026/05/21,381.9966,13.7603,-3.48,5334207,394.3550,394.7129,379.0239
2026/05/20,395.7569,16.1663,-3.92,10412964,387.7533,403.8003,381.6387
2026/05/19,411.9232,4.2454,-1.02,6226224,406.8029,420.9807,404.8442
2026/05/18,416.1686,1.0837,+0.26,4252966,424.4407,426.2089,411.6846
2026/05/15,415.0849,9.2464,-2.18,3731140,412.7882,419.7479,412.1619
2026/05/14,424.3313,5.5678,-1.30,2827697,428.4873,431.4092,421.6270
2026/05/13,429.8991,12.6666,+3.04,3506513,425.3753,433.2099,423.5459
2026/05/12,417.2325,3.0622,-0.73,4876701,415.4428,418.4852,404.4267
2026/05/11,420.2947,6.1742,+1.49,3818844,409.8353,420.4439,409.1135
2026/05/08,414.1205,7.9539,+1.96,3776173,415.5920,416.3377,411.1378
2026/05/07,406.1666,7.0690,-1.71,3960995,411.5206,411.5752,403.5716
2026/05/06,413.2356,10.7974,+2.68,3916121,402.3736,413.6035,402.0703
2026/05/05,402.4382,7.7054,+1.95,3362502,394.4644,403.3231,390.9249
2026/05/04,394.7328,0.6662,-0.17,1925514,399.9426,399.9426,389.6224
2026/05/01,395.3990,4.5436,-1.14,1998708,394.7726,396.7510,391.1436
2026/04/30,399.9426,12.8753,+3.33,3767758,391.1237,400.3503,388.9265
2026/04/29,387.0673,6.0152,+1.58,3115702,389.7418,392.6748,384.3033
2026/04/28,381.0521,9.2763,-2.38,3868755,387.5495,390.8354,380.2468
2026/04/27,390.3284,6.9397,-1.75,2779856,395.9905,397.2183,384.5121
2026/04/24,397.2681,4.2852,-1.07,4538629,401.7422,403.9594,395.9607
2026/04/23,401.5533,22.3306,+5.89,4475361,395.6078,406.0174,393.5199
2026/04/22,379.2227,6.1146,+1.64,2532279,378.6162,381.3901,376.0710
2026/04/21,373.1081,5.7467,-1.52,3316049,380.7936,381.3901,371.1893
2026/04/20,378.8548,9.5447,+2.58,4027310,370.8711,383.2394,367.5652
2026/04/17,369.3101,17.5483,+4.99,5278576,357.5980,370.3044,355.7587
2026/04/16,351.7618,5.8262,+1.68,2211579,344.9712,353.8000,344.4392
2026/04/15,345.9356,0.6562,-0.19,2455025,345.0010,347.0418,339.3544
2026/04/14,346.5918,1.4019,-0.40,2333856,350.3997,350.6334,345.0507
2026/04/13,347.9937,0.1292,-0.04,2499841,346.6813,348.0632,342.0183
2026/04/10,348.1229,1.2130,-0.35,2519585,350.9664,352.2490,346.9994
2026/04/09,349.3359,5.1204,+1.49,2944596,344.0068,350.7477,343.4997
2026/04/08,344.2155,18.6917,+5.74,4548353,343.8178,346.9895,340.0099
2026/04/07,325.5238,0.0497,+0.02,2358015,321.9247,325.6233,319.1508
2026/04/06,325.4741,8.9680,+2.83,2367302,318.1565,325.5736,316.9137
2026/04/02,316.5061,2.2271,-0.70,2400532,308.4826,319.8517,308.0054
2026/04/01,318.7332,2.4260,+0.77,3163191,316.3669,323.8684,315.3826
2026/03/31,316.3072,14.9533,+4.96,4310730,307.5878,317.4805,304.7343
2026/03/30,301.3539,4.3150,-1.41,3937232,312.2209,312.2209,298.8285
2026/03/27,305.6689,5.9455,-1.91,3301215,309.0791,311.3808,304.4161
2026/03/26,311.6144,8.5604,-2.67,3946532,317.2617,319.2701,310.5904
2026/03/25,320.1748,0.1988,+0.06,2475324,323.1277,326.2894,318.7730
2026/03/24,319.9760,9.5845,+3.09,3423906,309.4569,322.9189,309.3028
2026/03/23,310.3915,2.7441,+0.89,3515893,313.6626,315.7007,309.9093
2026/03/20,307.6474,1.0042,-0.33,7070057,309.3575,310.4512,304.1875
2026/03/19,308.6516,1.8393,+0.60,3308396,301.6223,311.7834,299.1765
2026/03/18,306.8123,5.0408,-1.62,3575812,311.5250,315.0843,306.1064
2026/03/17,311.8531,2.7243,+0.88,2715461,310.4015,313.4737,308.9300
2026/03/16,309.1288,4.8220,+1.58,3273753,309.8745,312.0519,307.3243
2026/03/13,304.3068,1.1931,-0.39,2808919,308.0899,309.4520,301.7655
2026/03/12,305.4999,11.8811,-3.74,4855166,312.0917,312.5590,302.5072
2026/03/11,317.3810,0.4076,+0.13,2591579,317.4506,319.6777,314.5276
2026/03/10,316.9734,0.8948,-0.28,4376676,316.8839,322.0738,315.2534
2026/03/09,317.8682,3.8775,+1.23,5980084,308.4528,318.0571,305.4502
2026/03/06,313.9907,13.8298,-4.22,4562999,317.6395,321.4674,312.4993
2026/03/05,327.8205,11.7221,-3.45,5401775,334.8100,337.9950,323.4558
2026/03/04,339.5426,2.5055,+0.74,3221061,342.0580,344.3945,337.3354
2026/03/03,337.0371,12.2491,-3.51,5343148,337.1962,340.6115,333.1497
2026/03/02,349.2862,3.3500,-0.95,3355790,345.6834,352.8939,344.9153
2026/02/27,352.6362,1.4272,+0.41,6164454,348.1761,352.8741,343.4989
2026/02/26,351.2090,6.3928,-1.79,4704416,357.5820,358.4740,347.8887
2026/02/25,357.6018,4.6683,+1.32,3455642,357.8198,359.9805,355.4213
2026/02/24,352.9335,0.9316,+0.26,4581933,355.8177,359.2768,352.4876
2026/02/23,352.0019,0.1190,+0.03,4169850,349.4051,354.8266,346.4818
2026/02/20,351.8829,9.6437,+2.82,5389417,342.2392,352.2992,341.9468
2026/02/19,342.2392,1.0605,-0.31,5146774,341.9121,350.1485,336.6492
2026/02/18,343.2997,8.7815,+2.63,8550468,349.0879,352.2100,336.9862
2026/02/17,334.5182,0.4063,+0.12,4588287,332.6252,337.4421,327.4020
2026/02/13,334.1119,5.6891,+1.73,3474042,326.8072,334.9643,325.5336
2026/02/12,328.4228,5.5900,-1.67,4523140,336.3618,340.9111,327.8975
2026/02/11,334.0128,11.7351,+3.64,3943849,326.9559,334.8453,324.5177
2026/02/10,322.2777,2.1706,+0.68,2665637,317.8969,323.4869,316.9157
2026/02/09,320.1071,2.4976,+0.79,3191433,316.4944,321.0190,315.0672
2026/02/06,317.6095,1.6552,-0.52,6835988,320.0972,324.8398,313.1989
2026/02/05,319.2647,1.6651,+0.52,5988817,313.5359,324.4087,310.6170
2026/02/04,317.5996,9.0689,+2.94,6331435,312.9511,320.2261,308.9618
2026/02/03,308.5307,5.5206,-1.76,5595598,314.0513,318.3825,306.2164
2026/02/02,314.0513,5.9270,+1.92,3806696,304.1994,315.4983,304.1994
2026/01/30,308.1243,7.7507,-2.45,4445096,312.1632,314.5072,306.5286
2026/01/29,315.8750,1.0655,+0.34,3159838,313.2683,316.4300,306.1916
2026/01/28,314.8095,13.6727,+4.54,3923047,310.2255,315.3497,305.7654
2026/01/27,301.1368,0.1784,-0.06,3584505,302.5343,304.2638,298.0940
2026/01/26,301.3152,1.5759,-0.52,2782637,302.4401,303.9714,301.0625
2026/01/23,302.8911,2.8941,-0.95,2933157,307.7328,310.7607,300.4727
2026/01/22,305.7852,3.5185,+1.16,2818648,306.7268,310.4138,304.1498
2026/01/21,302.2667,9.2176,+3.15,3787461,296.3100,305.4185,295.7549
2026/01/20,293.0491,4.5394,-1.53,4359638,294.3574,299.3527,291.2155
2026/01/16,297.5885,1.8336,-0.61,4299252,304.8040,306.4344,297.0335
2026/01/15,299.4221,4.0735,+1.38,4123548,299.1347,302.9010,295.9928
2026/01/14,295.3486,1.7643,+0.60,3629797,291.9737,296.2108,290.6753
2026/01/13,293.5843,2.3291,+0.80,2784290,292.5635,299.7988,292.0481
2026/01/12,291.2552,7.0073,-2.35,3337830,294.8629,295.7054,289.8577
2026/01/09,298.2625,1.7543,+0.59,3115760,297.1128,300.5124,294.4863
2026/01/08,296.5082,6.2144,+2.14,3809315,287.8060,296.8749,286.9437
2026/01/07,290.2938,0.0495,-0.02,3602496,286.3292,290.4821,284.2082
2026/01/06,290.3433,15.5113,+5.64,6485475,277.2554,291.5416,277.1117
2026/01/05,274.8320,3.5185,+1.30,3033574,272.7804,279.3315,271.3383
2026/01/02,271.3135,2.5175,+0.94,3641258,272.6317,273.5535,268.0626
2025/12/31,268.7960,3.5879,-1.32,1807014,272.3839,273.3552,268.6969
2025/12/30,272.3839,0.8029,-0.29,1298938,274.2473,274.6437,272.1560
2025/12/29,273.1868,1.1992,-0.44,1763619,273.1967,275.4069,271.7149
2025/12/26,274.3860,0.7136,-0.26,1761992,275.2681,275.5357,273.4940
2025/12/24,275.0996,0.8226,+0.30,895611,274.7032,276.6904,274.4059
2025/12/23,274.2770,0.9019,+0.33,1779123,273.1868,275.0104,272.1461
2025/12/22,273.3751,1.3678,+0.50,3399765,274.9807,275.9421,272.9588
2025/12/19,272.0073,0.4758,-0.17,9504218,272.6515,275.9421,271.5712
2025/12/18,272.4831,3.8457,+1.43,4141667,273.2462,274.6437,270.3818
2025/12/17,268.6374,7.2948,-2.64,4041777,276.9035,277.9442,267.7454
2025/12/16,275.9322,2.0219,-0.73,3657702,278.4695,279.5003,275.2607
2025/12/15,277.9541,1.1101,+0.40,3626969,279.1336,280.2139,276.4278
2025/12/12,276.8440,4.0340,-1.44,4219852,279.9166,281.7056,275.6051
2025/12/11,280.8780,1.8039,+0.65,2865420,279.0741,281.2942,276.0214
2025/12/10,279.0741,5.2828,+1.93,5223044,273.2066,279.8967,271.8261
2025/12/09,273.7913,2.8644,-1.04,2608110,275.1195,277.3099,272.8101
2025/12/08,276.6557,1.1597,-0.42,3219567,279.2822,280.0355,274.5099
2025/12/05,277.8154,3.9803,+1.45,3882246,276.6598,279.7363,275.6919
2025/12/04,273.8351,0.9679,-0.35,3294904,273.9339,276.0969,272.1364
2025/12/03,274.8030,5.2049,+1.93,4255635,271.0994,275.3364,268.2253
2025/12/02,269.5981,6.3802,+2.42,5332291,264.8772,270.7389,262.7537
2025/12/01,263.2179,1.1555,+0.44,7425188,259.7019,265.1537,258.7636
2025/11/28,262.0624,7.3284,+2.88,2622039,256.1563,262.4673,254.8527
2025/11/26,254.7340,5.8271,+2.34,5319123,252.0674,257.5192,249.7958
2025/11/25,248.9069,12.4641,+5.27,7609094,227.7515,249.3612,226.4577
2025/11/24,236.4428,6.9925,+3.05,8322659,230.7638,237.7860,230.3688
2025/11/21,229.4503,7.0321,+3.16,4523210,222.8429,231.6330,222.2207
2025/11/20,222.4182,6.9135,-3.01,4370553,231.3959,232.3728,221.4799
2025/11/19,229.3317,2.0444,+0.90,2825393,226.7046,231.5045,226.4923
2025/11/18,227.2873,0.1876,+0.08,4002818,227.0108,229.4799,224.9071
2025/11/17,227.0997,4.8888,-2.11,3933899,230.1515,231.3268,224.9663
2025/11/14,231.9885,2.6074,-1.11,3361206,231.2972,234.1169,227.5836
2025/11/13,234.5959,3.8617,-1.62,4958752,236.6798,238.3342,232.5317
2025/11/12,238.4576,7.9308,+3.44,4736226,233.9934,239.0107,232.9218
2025/11/11,230.5268,1.3926,+0.61,3199514,228.6503,232.0972,228.5762
2025/11/10,229.1342,3.4765,+1.54,3305026,228.9959,230.3490,225.5095
2025/11/07,225.6577,4.3456,-1.89,4640992,226.5663,227.9540,220.7096
2025/11/06,230.0033,3.0815,-1.32,3165904,232.2848,234.1120,228.3441
2025/11/05,233.0848,6.5382,+2.89,3009072,227.2478,235.5342,227.2478
2025/11/04,226.5466,4.1777,-1.81,4006093,230.1317,230.8922,225.9342
2025/11/03,230.7243,0.5136,-0.22,2295280,232.0478,234.0725,229.7367
2025/10/31,231.2379,1.2148,+0.53,2731899,230.0231,232.7194,228.6799
2025/10/30,230.0231,2.1136,-0.91,2977138,232.1367,233.7021,229.9441
2025/10/29,232.1367,4.2567,-1.80,3481525,236.7984,238.9172,231.6231
2025/10/28,236.3934,3.6148,-1.51,2451251,238.5267,240.6699,235.8897
2025/10/27,240.0082,4.9382,+2.10,3550089,236.7342,241.0946,235.4008
2025/10/24,235.0700,5.2148,-2.17,3532606,242.4181,242.4773,233.7070
2025/10/23,240.2848,2.8939,+1.22,2809612,234.3687,241.9243,234.3292
2025/10/22,237.3909,5.9358,-2.44,5336716,237.5687,238.6551,233.9826
2025/10/21,243.3267,0.1481,+0.06,2391217,244.7786,245.7562,242.5761
2025/10/20,243.1786,3.3087,+1.38,2794655,239.8699,243.7860,239.8699
2025/10/17,239.8699,1.2444,+0.52,2431293,238.7835,240.5317,235.6428
2025/10/16,238.6255,3.4173,+1.45,2934961,237.3613,241.2082,235.5737
2025/10/15,235.2082,2.7160,+1.17,2808385,235.2478,235.8502,232.0577
2025/10/14,232.4922,0.7210,+0.31,3474486,228.2947,235.8305,226.2947
2025/10/13,231.7712,9.2345,+4.15,4667533,225.4997,232.9070,224.1565
2025/10/10,222.5367,12.4049,-5.28,4480457,234.8033,236.0823,221.9343
2025/10/09,234.9416,0.0494,-0.02,3107550,233.9144,235.4453,232.1959
2025/10/08,234.9910,4.1284,+1.79,4068140,230.9120,236.4033,230.9120
2025/10/07,230.8626,8.6419,-3.61,3440256,240.3835,240.3835,230.1466
2025/10/06,239.5045,0.5037,+0.21,4071471,241.9835,241.9835,235.9687
2025/10/03,239.0008,0.3160,+0.13,2145108,239.0601,243.1588,238.6058
2025/10/02,238.6848,2.3605,+1.00,2808746,239.1391,240.9564,237.4700
2025/10/01,236.3243,6.3407,-2.61,4977808,240.6996,242.5563,233.3021
2025/09/30,242.6650,0.8988,+0.37,2539399,242.7736,244.1465,240.0675
2025/09/29,241.7662,2.7358,-1.12,3337489,246.2501,246.4180,240.8378
2025/09/26,244.5020,0.0296,+0.01,2681676,245.6329,246.3292,242.7193
2025/09/25,244.4724,1.0666,-0.43,2441099,244.5119,245.2625,240.5119
2025/09/24,245.5390,1.8074,+0.74,2510170,243.9983,246.7341,243.6526
2025/09/23,243.7316,0.5531,-0.23,2111920,245.3020,247.2674,243.2872
2025/09/22,244.2847,1.9851,+0.82,2194421,242.5761,245.9637,242.5465
2025/09/19,242.2996,3.6740,-1.49,5247439,246.8625,246.8625,240.5712
2025/09/18,245.9736,2.6963,+1.11,3169051,247.9884,248.8872,245.2082
2025/09/17,243.2773,2.1925,+0.91,2650309,241.0946,247.1045,241.0946
2025/09/16,241.0848,0.7999,-0.33,2950301,239.9490,244.2649,239.2280
2025/09/15,241.8847,0.2963,-0.12,2362336,236.4626,243.9193,235.8255
2025/09/12,242.1810,2.9926,-1.22,2136371,244.5613,245.1637,241.9539
2025/09/11,245.1736,1.0173,+0.42,2272789,244.6995,246.9118,243.4452
2025/09/10,244.1563,0.9581,-0.39,2505404,245.2329,245.9736,242.8325
2025/09/09,245.1144,0.7901,-0.32,2181575,245.0452,246.2403,243.4773
2025/09/08,245.9045,1.8864,+0.77,2448532,244.9860,246.3509,243.5934
2025/09/05,244.0181,0.9482,+0.39,2193173,243.1786,246.6452,242.3489
2025/09/04,243.0699,1.5407,+0.64,3619409,240.0033,243.2773,236.6206
2025/09/03,241.5292,3.7234,-1.52,3062384,245.2526,245.7958,238.9416
2025/09/02,245.2526,1.9753,-0.80,3154618,243.4551,245.4502,240.8181
2025/08/29,247.2279,2.8923,-1.16,3658492,248.9495,250.1202,246.4508
2025/08/28,250.1202,1.2297,-0.49,4104766,252.7074,253.9371,250.0415
2025/08/27,251.3499,0.1278,-0.05,3402649,250.4546,252.0877,248.7626
2025/08/26,251.4777,1.1214,+0.45,5829748,249.8742,253.5338,249.5693
2025/08/25,250.3563,2.2528,+0.91,3475658,248.5363,251.1236,247.1787
2025/08/22,248.1035,5.1648,+2.13,5073173,245.1325,253.0370,244.1881
2025/08/21,242.9387,2.0462,+0.85,6090945,240.0367,246.1163,239.5349
2025/08/20,240.8925,14.1956,+6.26,8669872,235.7967,241.4139,224.4048
2025/08/19,226.6969,1.0920,-0.48,4644402,227.8774,230.4155,226.0771
2025/08/18,227.7889,0.0787,-0.03,2297833,226.7559,230.2384,226.7559
2025/08/15,227.8676,4.5056,-1.94,3889642,233.3569,233.3569,227.2822
2025/08/14,232.3732,1.3969,-0.60,2218105,231.0451,233.0225,229.1840
2025/08/13,233.7701,5.4992,+2.41,3867490,229.1858,234.3997,228.3496
2025/08/12,228.2709,7.8405,+3.56,5061725,222.8012,230.4844,221.7683
2025/08/11,220.4304,0.1181,+0.05,3536671,221.3453,224.6113,219.8106
2025/08/08,220.3123,0.8165,+0.37,3129254,219.4368,221.2863,217.5578
2025/08/07,219.4958,2.3905,+1.10,2563947,219.4761,221.9749,218.5809
2025/08/06,217.1053,0.0099,+0,2589371,217.0954,217.5775,214.8230
2025/08/05,217.0954,1.6921,-0.77,3150371,219.3581,221.4240,215.8264
2025/08/04,218.7875,0.6788,+0.31,2895089,217.8185,219.8992,217.0167
2025/08/01,218.1087,2.8726,-1.30,3802437,218.7482,219.5352,215.2952
2025/07/31,220.9813,6.3747,-2.80,5427927,224.5720,226.0476,218.7581
2025/07/30,227.3560,0.3541,+0.16,2362466,228.0643,228.4234,225.3787
2025/07/29,227.0019,0.0197,-0.01,2210146,228.2119,228.8612,225.4180
2025/07/28,227.0216,2.9021,+1.29,3188016,225.1918,227.2872,225.1426
2025/07/25,224.1195,1.4265,+0.64,2740115,222.9586,224.9360,221.5224
2025/07/24,222.6930,1.6822,-0.75,4849920,224.7589,224.7589,220.1254
2025/07/23,224.3752,7.2995,-3.15,7974716,227.0216,228.7235,218.3940
2025/07/22,231.6747,4.8991,-2.07,6127000,234.9113,237.4770,230.1991
2025/07/21,236.5738,1.3478,-0.57,3047343,239.3775,241.7287,236.4459
2025/07/18,237.9216,0.8657,+0.37,2807244,239.0922,239.6432,236.9181
2025/07/17,237.0559,0.3542,+0.15,2877788,236.0426,237.9560,235.1917
2025/07/16,236.7017,0.1869,+0.08,2889200,235.8557,237.0952,232.4371
2025/07/15,236.5148,2.9906,-1.25,3051635,241.0106,241.7681,236.3672
2025/07/14,239.5054,1.1953,-0.50,2079181,239.1808,240.1645,237.5035
2025/07/11,240.7007,0.4476,-0.19,2071329,239.4071,241.7828,238.0790
2025/07/10,241.1483,2.3709,+0.99,2468774,240.8040,241.7435,238.2856
2025/07/09,238.7774,2.3906,-0.99,3394286,241.6008,242.9068,237.0854
2025/07/08,241.1680,3.2858,+1.38,4029648,239.6432,243.7012,238.7135
2025/07/07,237.8822,3.8072,-1.58,2829513,240.8335,241.3254,236.4558
2025/07/03,241.6894,0.5214,+0.22,1867730,241.8468,242.5452,240.2137
2025/07/02,241.1680,4.4368,+1.87,3596711,236.5640,241.4533,236.1262
2025/07/01,236.7312,2.5774,+1.10,3558673,232.6978,237.8822,231.9895
2025/06/30,234.1538,1.0428,+0.45,3312675,233.6816,234.7932,231.8321
2025/06/27,233.1110,0.3345,-0.14,3677500,233.1504,235.1827,231.1238
2025/06/26,233.4455,2.5775,+1.12,3108466,232.1961,234.3505,231.2812
2025/06/25,230.8680,0.2952,-0.13,3607482,231.7731,232.6093,227.8577
2025/06/24,231.1632,3.9351,+1.73,3696583,230.1106,231.7829,229.4219
2025/06/23,227.2281,2.5872,+1.15,3632460,224.4835,227.5528,223.0177
2025/06/20,224.6409,1.2788,-0.57,5403838,227.9807,228.2512,221.9060
2025/06/18,225.9197,2.1741,+0.97,2593867,226.6772,229.2940,225.1229
2025/06/17,223.7456,4.2892,-1.88,2771485,225.4771,227.9266,223.6178
2025/06/16,228.0348,6.6600,+3.01,3400120,224.4244,228.1480,223.8047
2025/06/13,221.3748,6.9748,-3.05,3404912,223.8637,225.2166,220.7353
2025/06/12,228.3496,0.4132,-0.18,2179686,227.7692,229.9433,227.1003
2025/06/11,228.7628,0.7870,-0.34,3366474,230.2876,232.2797,226.5297
2025/06/10,229.5498,5.5877,+2.49,4233519,224.5622,230.9467,224.3064
2025/06/09,223.9621,5.3123,+2.43,4178477,220.1795,225.4525,219.7762
2025/06/06,218.6498,4.1515,+1.94,3299727,217.0954,221.6896,217.0413
2025/06/05,214.4983,0.4526,-0.21,3554257,216.2297,218.9695,213.4949
2025/06/04,214.9509,1.0428,+0.49,4268733,216.2593,217.5972,213.7999
2025/06/03,213.9081,2.9183,+1.38,3590139,209.5992,214.3586,208.6395
2025/06/02,210.9898,1.4396,+0.69,2281083,208.0029,211.7242,207.8217
2025/05/30,209.5502,1.7334,-0.82,11154324,210.8233,211.3717,206.4360
2025/05/29,211.2836,0.1274,+0.06,3880732,213.5408,213.9766,209.5698
2025/05/28,211.1562,1.2438,-0.59,3935387,213.1051,213.6730,210.9996
2025/05/27,212.4000,6.2871,+3.05,5659497,210.6960,213.3597,208.3261
2025/05/23,206.1129,1.4297,-0.69,4950647,204.6537,206.6711,201.7354
2025/05/22,207.5426,10.0770,-4.63,9157849,216.8753,219.7496,206.9942
2025/05/21,217.6196,2.2230,-1.01,5198682,217.9917,222.6826,216.7431
2025/05/20,219.8426,0.0490,-0.02,2674724,217.7175,219.9503,217.3356
2025/05/19,219.8916,2.5168,-1.13,4058338,219.0053,222.1097,218.4520
2025/05/16,222.4084,0.0098,-0,3694691,222.4573,223.0841,220.8562
2025/05/15,222.4182,0.2938,+0.13,3109624,219.7790,224.0609,219.3726
2025/05/14,222.1244,0.1371,+0.06,4746869,222.9274,223.6129,219.3726
2025/05/13,221.9873,3.4569,+1.58,4466384,217.3699,222.3692,215.6893
2025/05/12,218.5304,15.3163,+7.54,6492684,218.2562,220.8219,214.5642
2025/05/09,203.2141,4.6320,+2.33,3612434,202.9497,205.7897,202.0194
2025/05/08,198.5821,2.8596,+1.46,3494802,198.0728,201.7746,196.7997
2025/05/07,195.7225,4.1718,+2.18,3029099,192.5594,196.5647,191.6388
2025/05/06,191.5507,2.0761,-1.07,2589141,190.8554,193.3134,190.2384
2025/05/05,193.6268,0.8520,-0.44,2065502,192.0991,195.5805,191.5409
2025/05/02,194.4788,4.7496,+2.50,3876111,193.7639,195.5781,193.0686
2025/05/01,189.7292,1.1556,-0.61,3512163,192.7650,193.0833,189.4354
2025/04/30,190.8848,2.2034,+1.17,4508730,183.6674,191.2961,182.8609
2025/04/29,188.6814,1.0282,-0.54,4023134,187.5356,190.7820,186.4192
2025/04/28,189.7096,0.8520,-0.45,3473513,189.3571,192.3048,186.0177
2025/04/25,190.5616,0.6268,-0.33,3274587,188.9556,192.3048,187.7216
2025/04/24,191.1884,11.8691,+6.62,5725201,188.7352,193.4261,187.0949
2025/04/23,179.3193,4.5146,+2.58,4414728,182.1396,183.9513,178.6974
2025/04/22,174.8047,3.4373,+2.01,3813984,173.1203,175.4804,171.5779
2025/04/21,171.3674,1.2535,-0.73,3727281,169.0758,171.8374,167.4600
2025/04/17,172.6209,0.3330,+0.19,3411872,174.2073,174.6480,169.9866
2025/04/16,172.2879,3.5353,-2.01,4485692,170.0747,173.6883,166.8626
2025/04/15,175.8232,0.9206,+0.53,3100058,174.9026,178.6925,174.3836
2025/04/14,174.9026,0.5484,-0.31,3994808,179.4662,181.1701,171.9452
2025/04/11,175.4510,0.7834,+0.45,6666907,168.5617,177.2285,163.7386
2025/04/10,174.6676,17.8918,-9.29,8728719,185.7043,185.7043,167.3914
2025/04/09,192.5594,29.9078,+18.39,11172863,162.6124,194.3515,161.1729
2025/04/08,162.6516,5.1413,-3.06,7801762,171.7493,175.5294,158.4798
2025/04/07,167.7929,6.6004,+4.09,10452897,159.8214,179.5151,155.3656
2025/04/04,161.1925,15.9429,-9.00,9837844,170.9952,172.7580,160.7420
2025/04/03,177.1354,18.3227,-9.37,7118140,187.8490,189.1955,176.6654
2025/04/02,195.4581,0.4015,+0.21,2489062,191.7074,198.1120,191.7074
2025/04/01,195.0566,2.4384,-1.23,3454883,196.1142,196.6822,191.0830
2025/03/31,197.4950,0.1077,+0.05,3884156,196.0849,198.3274,192.7259
2025/03/28,197.3873,7.2272,-3.53,3595872,203.5177,203.7528,196.6137
2025/03/27,204.6145,1.5571,-0.76,2946101,204.3599,206.6319,201.6179
2025/03/26,206.1716,2.9869,-1.43,2506453,208.7374,210.4512,205.3441
2025/03/25,209.1585,1.2143,+0.58,2603941,206.6123,210.1867,206.6123
2025/03/24,207.9442,7.7757,+3.88,3531381,205.6526,209.6481,205.3980
2025/03/21,200.1685,1.4690,-0.73,5177646,198.8563,201.0205,197.1131
2025/03/20,201.6375,3.9857,-1.94,2834408,203.8556,203.8556,200.5700
2025/03/19,205.6232,0.7932,+0.39,2626295,204.8594,208.6199,203.7821
2025/03/18,204.8300,2.4678,-1.19,2713499,206.2206,206.3871,203.3904
2025/03/17,207.2978,2.8693,+1.40,2567619,203.4492,208.9527,203.0770
2025/03/14,204.4285,4.8476,+2.43,2669562,203.0672,205.5057,201.9595
2025/03/13,199.5809,2.7617,-1.36,2681071,201.7354,203.8507,198.3960
2025/03/12,202.3426,2.4090,-1.18,4000486,204.7516,208.5807,201.3633
2025/03/11,204.7516,7.0314,-3.32,4314843,212.8308,212.8847,202.2055
2025/03/10,211.7830,9.4013,-4.25,5051128,215.6610,216.5669,208.7374
2025/03/07,221.1843,3.0261,+1.39,4148761,218.9613,221.9628,215.1910
2025/03/06,218.1582,6.5613,-2.92,4920528,221.0080,224.1319,217.4531
2025/03/05,224.7195,3.2219,+1.45,4010358,222.4769,225.1015,218.0888
2025/03/04,221.4976,1.3319,-0.60,4842939,225.6890,226.6487,219.2648
2025/03/03,222.8295,1.4918,-0.67,5128065,226.0569,227.9924,220.0408
2025/02/28,224.3213,6.0551,+2.77,4749666,220.3528,224.3798,217.4862
2025/02/27,218.2662,9.6336,-4.23,4595054,228.3873,228.3873,217.9250
2025/02/26,227.8998,1.5308,-0.67,2982559,229.1771,230.4837,226.0472
2025/02/25,229.4306,1.6479,-0.71,4242591,232.3850,232.3850,228.5336
2025/02/24,231.0785,1.8721,-0.80,4900498,234.2864,234.6374,230.2887
2025/02/21,232.9506,4.7875,-2.01,6334615,238.8204,239.9417,231.8292
2025/02/20,237.7381,2.1061,+0.89,6040766,237.4651,240.9363,236.5041
2025/02/19,235.6320,20.9052,+9.74,10039994,224.2823,236.4608,218.5100
2025/02/18,214.7268,5.4701,+2.61,7589511,211.8455,215.0095,210.3878
2025/02/14,209.2567,5.1385,+2.52,4039367,205.9708,209.7832,205.3760
2025/02/13,204.1182,4.1050,+2.05,3215070,199.8767,204.4204,199.8767
2025/02/12,200.0132,1.6284,+0.82,2473197,195.9959,200.2764,195.7912
2025/02/11,198.3848,1.3651,-0.68,2395513,197.8681,201.4660,197.5853
2025/02/10,199.7499,0.3413,-0.17,2892604,201.4270,202.0364,197.9071
2025/02/07,200.0912,2.5546,-1.26,3276438,202.4996,204.3180,198.6579
2025/02/06,202.6458,1.9209,-0.94,2784603,203.5234,205.2590,200.6162
2025/02/05,204.5667,3.6955,+1.84,4632246,200.3057,205.2980,199.0674
2025/02/04,200.8712,0.7508,+0.38,4770507,199.4964,203.1529,198.9796
2025/02/03,200.1204,6.4842,-3.14,4598230,204.0694,204.4204,197.7072
2025/01/31,206.6046,0.4972,-0.24,3575814,206.4290,212.1916,205.4345
2025/01/30,207.1018,2.4279,+1.19,3052583,204.9860,207.7502,203.8841
2025/01/29,204.6739,0.3802,+0.19,2316281,204.3132,206.5851,203.7964
2025/01/28,204.2937,5.7528,-2.74,3844762,207.5016,208.5693,202.7141
2025/01/27,210.0465,1.9014,-0.90,7269338,211.9771,215.3094,208.3109
2025/01/24,211.9479,10.7061,-4.81,4029937,219.0170,220.4016,211.7138
2025/01/23,222.6540,4.1635,+1.91,2674710,216.3454,222.7320,216.0041
2025/01/22,218.4905,2.5644,+1.19,2957094,215.9261,220.5771,215.5848
2025/01/21,215.9261,2.2329,+1.04,4195891,213.7615,218.0712,213.6932
2025/01/17,213.6932,4.0367,+1.93,2944997,215.0583,215.1314,212.4061
2025/01/16,209.6565,3.1202,-1.47,3196095,212.8547,212.8547,207.4041
2025/01/15,212.7767,3.4810,+1.66,3387292,212.0746,214.1125,210.3195
2025/01/14,209.2957,1.6576,+0.80,1676492,207.8429,209.4712,206.2633
2025/01/13,207.6381,0.5655,+0.27,4061900,204.1182,208.0476,202.8993
2025/01/10,207.0726,7.8687,-3.66,4213772,212.1136,213.8980,206.5070
2025/01/08,214.9413,4.4560,+2.12,3176066,210.0270,215.6433,207.3261
2025/01/07,210.4853,2.0768,-0.98,3664714,214.3075,214.7853,208.9544
2025/01/06,212.5621,2.5644,+1.22,2554694,209.9587,216.0041,209.4176
2025/01/03,209.9977,3.9197,+1.90,2612660,207.4529,210.7193,205.1468
2025/01/02,206.0780,1.0823,-0.52,2440128,210.1148,211.8309,204.5179
2024/12/31,207.1603,0.0975,-0.05,1649928,208.6619,209.1982,205.8050
2024/12/30,207.2578,4.3195,-2.04,2644273,208.9057,209.2713,205.7611
2024/12/27,211.5773,1.0433,-0.49,1976030,212.0064,212.8059,209.8710
2024/12/26,212.6206,0.0293,-0.01,1219697,210.0172,213.6055,210.0172
2024/12/24,212.6499,3.1202,+1.49,1090718,210.5535,212.7669,208.3402
2024/12/23,209.5297,3.0324,+1.47,2541886,206.6436,210.2025,206.2682
2024/12/20,206.4973,3.9002,+1.93,6773022,201.1345,208.0354,200.6957
2024/12/19,202.5971,0.0098,+0,4043131,204.3717,205.3565,202.0608
2024/12/18,202.5873,5.8991,-2.83,4181704,209.7930,213.4884,202.0900
2024/12/17,208.4864,2.4279,-1.15,3323425,210.5048,212.4939,207.0628
2024/12/16,210.9143,0.2925,-0.14,3497351,209.5590,212.3574,208.3304
2024/12/13,211.2068,1.0823,-0.51,3146020,210.0368,212.5329,208.4182
2024/12/12,212.2891,0.5850,+0.28,3071652,209.7832,213.2739,209.2899
2024/12/11,211.7041,1.4723,+0.70,3937565,210.6413,213.5762,210.1820
2024/12/10,210.2318,3.3444,-1.57,2747992,213.5762,214.1905,209.1494
2024/12/09,213.5762,1.7161,+0.81,2530451,210.5828,217.9737,209.7930
2024/12/06,211.8601,3.5439,+1.70,3284944,208.4909,212.2388,207.5200
2024/12/05,208.3162,3.6410,-1.72,2549156,210.9183,213.0155,207.6418
2024/12/04,211.9572,3.1459,-1.46,2714065,216.6274,216.7245,211.5300
2024/12/03,215.1031,1.5341,-0.71,2410509,215.1419,216.8410,213.5593
2024/12/02,216.6372,4.9227,+2.33,3337210,211.7921,218.2586,210.7047
2024/11/29,211.7145,0.8545,+0.41,2052233,212.8213,215.2584,211.1804
2024/11/27,210.8600,1.8254,-0.86,3031549,212.9476,213.0252,207.6850
2024/11/26,212.6854,4.3984,-2.03,6765635,225.4048,226.7641,209.7289
2024/11/25,217.0838,8.7288,+4.19,7522193,211.4135,218.4625,209.7240
2024/11/22,208.3550,0.6117,+0.29,2776044,205.3936,208.5103,205.3936
2024/11/21,207.7433,2.8643,+1.40,2616613,206.1218,208.7628,203.9469
2024/11/20,204.8790,0.5631,+0.28,3164721,201.2283,205.0247,201.2283
2024/11/19,204.3159,0.7574,+0.37,3047200,201.6652,204.6945,200.7913
2024/11/18,203.5585,3.2041,+1.60,3887646,200.5195,203.7916,200.1214
2024/11/15,200.3544,5.7189,-2.78,3997099,202.7041,204.2673,199.4320
2024/11/14,206.0733,0.5825,-0.28,3310295,207.2384,208.7871,205.3159
2024/11/13,206.6558,6.5151,-3.06,4747834,210.4717,211.3552,206.2675
2024/11/12,213.1709,0.8932,-0.42,2671607,214.0836,214.4331,209.6269
2024/11/11,214.0641,5.1752,-2.36,3369675,217.3459,218.4722,212.0737
2024/11/08,219.2393,1.9127,-0.86,3529516,219.9772,221.4919,218.2295
2024/11/07,221.1520,1.4758,+0.67,2575776,222.9580,223.5794,219.1616
2024/11/06,219.6762,8.3987,+3.98,3723458,217.1809,221.4627,215.4914
2024/11/05,211.2775,6.3986,-2.94,3865713,212.9379,212.9379,209.0638
2024/11/04,217.6761,1.2525,-0.57,1647507,218.4625,220.1908,216.9480
2024/11/01,218.9286,2.3012,+1.06,3010279,217.3654,220.0160,216.5206
2024/10/31,216.6274,6.8064,-3.05,4385509,223.4726,223.5114,214.4137
2024/10/30,223.4338,4.9615,-2.17,2146824,224.0746,226.2204,223.2007
2024/10/29,228.3953,4.9421,+2.21,2117756,223.0260,229.0070,222.3560
2024/10/28,223.4532,0.0291,-0.01,3505597,222.4725,225.2106,221.9579
2024/10/25,223.4823,0.4758,+0.21,1785345,225.1038,228.3662,223.3561
2024/10/24,223.0065,2.7477,+1.25,2447257,222.0939,223.6474,220.8122
2024/10/23,220.2588,2.1652,+0.99,2566602,221.4530,222.8415,217.5013
2024/10/22,218.0936,1.0195,-0.47,1888577,217.9188,219.0548,216.2391
2024/10/21,219.1131,2.5827,-1.16,2278590,219.7248,219.8316,215.9478
2024/10/18,221.6958,0.9613,+0.44,1815861,222.5114,223.1036,220.3753
2024/10/17,220.7345,0.1457,-0.07,3746716,225.7640,226.7738,220.5695
2024/10/16,220.8802,1.5730,+0.72,1633181,222.2007,223.6474,219.3946
2024/10/15,219.3072,10.2532,-4.47,4235234,229.1526,229.8766,217.5693
2024/10/14,229.5604,3.4662,+1.53,1823303,227.0068,230.1430,225.9388
2024/10/11,226.0942,2.0973,+0.94,1471675,222.6570,227.2010,222.6570
2024/10/10,223.9969,2.4662,-1.09,1847426,223.0260,225.0941,222.0259
2024/10/09,226.4631,3.7284,+1.67,2483001,223.7056,226.7932,222.6279
2024/10/08,222.7347,2.8060,+1.28,2520669,220.1520,223.8124,217.7926
2024/10/07,219.9287,1.6700,-0.75,1611746,219.0936,220.7053,217.5790
2024/10/04,221.5987,1.6215,+0.74,1951950,225.1620,225.6087,219.5403
2024/10/03,219.9772,1.1360,-0.51,2150188,218.1033,222.1910,217.9382
2024/10/02,221.1132,3.9420,+1.82,1913582,218.4431,223.2899,217.0449
2024/10/01,217.1712,6.3111,-2.82,3217879,222.2783,222.7735,215.9381
2024/09/30,223.4823,1.8254,-0.81,2792926,222.2492,223.8610,220.0743
2024/09/27,225.3077,0.3981,-0.18,2346017,227.8904,228.4244,224.3756
2024/09/26,225.7058,5.6509,+2.57,3999218,225.8563,227.1816,218.2732
2024/09/25,220.0549,0.6699,-0.30,2103759,217.5887,220.9711,217.5887
2024/09/24,220.7248,1.2816,+0.58,2044230,221.9968,224.0940,220.2296
2024/09/23,219.4432,0.7476,-0.34,1398549,218.2489,220.2491,217.6858
2024/09/20,220.1908,6.4762,-2.86,5159655,225.2300,225.7252,217.8314
2024/09/19,226.6670,10.4959,+4.86,7371941,223.3173,228.9099,221.2491
2024/09/18,216.1711,2.6313,-1.20,2602946,222.2201,222.2201,215.5109
2024/09/17,218.8024,2.0099,+0.93,2600179,220.8316,222.3851,216.1808
2024/09/16,216.7925,2.0778,-0.95,2187721,215.9284,217.9382,214.2778
2024/09/13,218.8703,3.7770,+1.76,2093163,217.3362,219.9675,216.5255
2024/09/12,215.0933,3.4372,-1.57,2222807,216.9479,216.9576,212.5689
2024/09/11,218.5305,6.1655,+2.90,3534469,213.5010,219.1616,208.4715
2024/09/10,212.3650,0.1554,+0.07,2110289,211.1804,212.6660,207.8987
2024/09/09,212.2096,4.7770,+2.30,2524120,210.7047,212.9369,209.7677
2024/09/06,207.4326,5.2625,-2.47,3539939,212.2194,213.0301,206.5199
2024/09/05,212.6951,2.6604,-1.24,2811654,213.1029,215.1807,211.3941
2024/09/04,215.3555,3.0002,+1.41,2818484,213.6175,217.4722,211.7824
2024/09/03,212.3553,14.7681,-6.50,5014252,222.0453,223.3318,211.3261
2024/08/30,227.1234,3.8203,+1.71,2865199,227.2201,228.3758,224.2026
2024/08/29,223.3031,3.5977,+1.64,2803622,221.9491,227.3796,221.9395
2024/08/28,219.7054,4.5165,-2.01,3320895,223.4869,225.5856,217.7421
2024/08/27,224.2219,6.0253,+2.76,3833691,217.7131,224.7152,216.9418
2024/08/26,218.1966,2.6887,-1.22,2618479,220.3534,220.6919,216.4340
2024/08/23,220.8853,6.2671,+2.92,3317014,218.4288,221.6784,217.3746
2024/08/22,214.6182,5.4063,-2.46,3834150,218.2643,220.7596,213.9896
2024/08/21,220.0245,3.8782,+1.79,5785166,221.9782,229.0770,217.4229
2024/08/20,216.1463,2.3792,-1.09,4129952,216.6009,218.5883,214.1153
2024/08/19,218.5255,2.6693,+1.24,2898420,215.1211,218.6512,214.2120
2024/08/16,215.8562,0.4642,-0.21,2661078,215.7159,216.4461,214.1443
2024/08/15,216.3204,8.0756,+3.88,5373940,213.2062,216.8717,212.2100
2024/08/14,208.2448,2.6016,-1.23,2491476,209.7922,210.9431,205.8076
2024/08/13,210.8464,5.7352,+2.80,4147344,206.2428,211.4170,206.1944
2024/08/12,205.1112,0.7447,+0.36,1770316,205.1789,206.3879,203.0996
2024/08/09,204.3665,2.2535,-1.09,2566515,203.0512,206.7070,202.2872
2024/08/08,206.6200,11.9249,+6.12,4663360,199.4148,207.1035,197.5579
2024/08/07,194.6951,3.4527,-1.74,4320166,203.5541,204.4729,194.2599
2024/08/06,198.1478,4.1780,+2.15,4829850,194.7435,201.8423,194.5694
2024/08/05,193.9698,7.1568,-3.56,5045561,199.2600,202.2195,192.1999
2024/08/02,201.1266,10.5999,-5.01,7027604,205.4981,206.0687,199.9177
2024/08/01,211.7265,12.0505,-5.39,5588205,220.5855,223.6030,209.6471
2024/07/31,223.7770,6.5765,+3.03,4454451,222.2103,224.5313,219.4829
2024/07/30,217.2005,2.7273,-1.24,4089948,221.3302,222.6165,215.5757
2024/07/29,219.9278,0.9381,+0.43,2762984,221.2238,222.7035,217.9258
2024/07/26,218.9897,5.3289,+2.49,4442137,217.8968,219.7828,215.6434
2024/07/25,213.6608,3.5784,-1.65,5288387,214.2314,220.1309,210.1113
2024/07/24,217.2392,5.5127,-2.47,4745530,223.0517,223.3708,216.3881
2024/07/23,222.7519,9.4006,-4.05,4007904,226.4077,229.1350,221.5043
2024/07/22,232.1525,8.5302,+3.81,2923331,229.3284,232.3653,225.6533
2024/07/19,223.6223,7.5147,-3.25,2993205,232.4039,232.4039,223.1581
2024/07/18,231.1370,3.2689,+1.43,3813778,228.7095,233.1777,228.5257
2024/07/17,227.8681,7.4663,-3.17,4599318,232.5780,236.1178,227.6746
2024/07/16,235.3344,5.4257,+2.36,2031415,231.1563,235.8179,229.8362
2024/07/15,229.9087,0.8124,-0.35,2127157,229.3478,231.8914,228.3420
2024/07/12,230.7211,4.6616,+2.06,3211267,230.5180,234.2028,228.3903
2024/07/11,226.0595,4.4392,-1.93,3210002,230.9145,231.3400,225.9918
2024/07/10,230.4987,6.1124,+2.72,4174740,226.7558,231.2337,225.4405
2024/07/09,224.3863,1.2863,-0.57,1360270,226.0788,226.5624,223.3225
2024/07/08,225.6726,2.3695,+1.06,1788263,224.5508,226.0692,224.0575
2024/07/05,223.3031,0.8414,+0.38,2328439,223.8157,223.8979,220.8660
2024/07/03,222.4617,1.7215,+0.78,1474110,221.1561,223.3999,219.5797
2024/07/02,220.7402,2.9594,+1.36,2500041,217.1811,220.8660,217.1811
2024/07/01,217.7808,2.9788,-1.35,2386209,219.2508,219.4926,216.5622
2024/06/28,220.7596,1.5281,+0.70,3757602,220.6532,224.4395,219.4056
2024/06/27,219.2315,1.1219,-0.51,2232441,219.5410,220.9337,218.5545
2024/06/26,220.3534,2.4178,-1.09,2595874,221.7847,222.4327,219.1251
2024/06/25,222.7712,1.8182,+0.82,2084236,223.4869,223.4869,218.4191
2024/06/24,220.9530,2.5049,-1.12,2495630,223.4579,224.3186,220.6048
2024/06/21,223.4579,1.4894,+0.67,7616701,223.9270,224.2606,221.5430
2024/06/20,221.9685,5.6771,-2.49,4717325,224.7925,225.0247,221.2867
2024/06/18,227.6456,2.8917,+1.29,2540879,224.1252,228.6611,223.6803
2024/06/17,224.7539,1.1606,+0.52,2497029,222.9646,224.8602,220.4501
2024/06/14,223.5933,2.7467,-1.21,2329024,222.5391,224.9279,221.9105
2024/06/13,226.3400,4.2651,-1.85,2764683,224.9086,228.4870,224.8506
2024/06/12,230.6051,2.0697,+0.91,2600412,231.1757,232.6747,228.6708
2024/06/11,228.5354,0.8995,+0.40,3203892,225.9725,228.7385,225.4695
2024/06/10,227.6359,0.5802,+0.26,2859623,224.6571,228.2259,223.5933
2024/06/07,227.0557,2.5532,-1.11,2283178,228.2936,229.8023,225.6049
2024/06/06,229.6089,1.6731,+0.73,2850648,226.8139,230.5470,225.6194
2024/06/05,227.9358,4.8841,+2.19,4153206,224.3767,228.2162,223.6223
2024/06/04,223.0517,0.6383,-0.29,2704931,224.2413,224.5508,221.4269
2024/06/03,223.6900,2.1963,-0.97,3205377,226.4643,227.6203,220.1258
2024/05/31,225.8863,4.3252,+1.95,6706206,221.6574,226.1175,219.2973
2024/05/30,221.5611,1.7821,+0.81,2995039,220.2895,222.2210,219.6441
2024/05/29,219.7790,5.0959,-2.27,3116411,221.3106,223.1265,219.4707
2024/05/28,224.8749,0.8959,+0.40,2775627,221.9849,225.6937,221.9849
2024/05/24,223.9790,1.9748,-0.87,4717398,227.6588,229.5758,223.6804
2024/05/23,225.9538,5.3945,-2.33,5790916,232.0419,233.0052,223.4829
2024/05/22,231.3483,22.6570,+10.86,9805620,219.4322,231.5506,216.5037
2024/05/21,208.6913,0.8092,-0.39,3559403,207.3041,209.1151,206.6780
2024/05/20,209.5005,3.2753,+1.59,2748768,207.0729,210.6757,206.0903
2024/05/17,206.2252,0.0385,-0.02,2464235,206.6394,207.7183,205.1559
2024/05/16,206.2637,1.5702,-0.76,2927643,208.0748,208.0748,205.8206
2024/05/15,207.8339,3.6702,+1.80,3947741,206.5624,207.9784,204.9055
2024/05/14,204.1637,3.4294,+1.71,2785694,201.3316,204.6261,199.1256
2024/05/13,200.7343,1.1463,+0.57,2403004,201.1678,202.0541,200.4165
2024/05/10,199.5880,2.3119,+1.17,2716692,198.3935,200.1371,197.7096
2024/05/09,197.2761,0.0674,-0.03,3053857,196.9774,197.9215,196.2261
2024/05/08,197.3435,1.2427,+0.63,2558159,194.9641,197.4784,194.4054
2024/05/07,196.1008,0.2408,+0.12,3401739,196.9967,198.2201,196.0623
2024/05/06,195.8600,3.5546,+1.85,2251471,192.8256,195.9660,192.6570
2024/05/03,192.3054,3.0248,+1.60,2463241,191.7370,194.4205,191.7370
2024/05/02,189.2806,2.5046,+1.34,2832056,188.9049,190.0801,184.5631
2024/05/01,186.7760,6.4734,-3.35,3690072,189.8297,192.1994,186.7375
2024/04/30,193.2494,3.1693,-1.61,2770114,196.1586,196.7077,193.1435
2024/04/29,196.4187,1.8592,+0.96,2376357,193.4421,196.4958,193.2783
2024/04/26,194.5595,3.8821,+2.04,3255716,189.8297,195.1664,189.7430
2024/04/25,190.6774,1.3872,+0.73,3427285,190.6003,191.7948,187.9416
2024/04/24,189.2902,6.3289,+3.46,6776146,192.6907,194.2754,187.8742
2024/04/23,182.9613,3.4872,+1.94,4336949,180.1388,183.8572,179.5897
2024/04/22,179.4741,2.8417,+1.61,3693325,177.6727,181.4007,176.4686
2024/04/19,176.6324,4.0651,-2.25,4237252,180.2255,181.0347,175.8713
2024/04/18,180.6975,1.7821,-0.98,2853569,181.4104,183.2214,179.7535
2024/04/17,182.4796,1.7340,-0.94,2868559,185.3599,185.7549,182.2581
2024/04/16,184.2136,0.9055,+0.49,2354427,185.6778,186.9205,183.4815
2024/04/15,183.3081,1.9073,-1.03,2659030,187.7971,188.6929,182.2870
2024/04/12,185.2154,6.1363,-3.21,3464325,187.8742,189.4444,185.0324
2024/04/11,191.3517,2.2252,+1.18,3557810,190.6967,191.7852,187.1132
2024/04/10,189.1265,7.5042,-3.82,4689885,193.0279,193.3843,188.2258
2024/04/09,196.6307,7.1574,+3.78,4773325,191.2265,196.7077,190.6533
2024/04/08,189.4733,1.8592,+0.99,2550258,187.4888,189.7526,186.9109
2024/04/05,187.6141,2.7069,+1.46,2166906,185.5622,188.4811,184.1558
2024/04/04,184.9072,3.2849,-1.75,3042831,191.0724,191.4095,184.3099
2024/04/03,188.1921,0.4624,+0.25,2001999,185.9187,189.4540,185.5815
2024/04/02,187.7297,1.6761,-0.88,2590871,188.0572,188.4040,185.6682
2024/04/01,189.4058,1.1271,-0.59,2109757,190.1572,192.3632,188.9772
2024/03/28,190.5329,4.2964,+2.31,3238621,186.9205,191.2843,186.8145
2024/03/27,186.2365,4.2096,+2.31,2502242,183.6838,186.3040,182.4320
2024/03/26,182.0269,1.6087,-0.88,2814746,183.6356,184.8879,181.8342
2024/03/25,183.6356,2.7743,-1.49,1836076,183.8090,185.0613,183.4429
2024/03/22,186.4099,1.5799,-0.84,2184481,188.1246,188.4425,185.4852
2024/03/21,187.9898,0.7996,+0.43,3227656,189.4155,191.3806,187.1710
2024/03/20,187.1902,3.6413,+1.98,2693150,183.4718,187.6044,182.9806
2024/03/19,183.5489,0.6551,-0.36,2311632,183.3466,184.0691,181.1984
2024/03/18,184.2040,3.8339,-2.04,2955142,189.9742,191.0146,184.1076
2024/03/15,188.0379,0.7417,+0.40,10586666,181.8246,188.7315,181.8246
2024/03/14,187.2962,4.0170,-2.10,4528063,191.7563,192.5607,186.4340
2024/03/13,191.3132,0.5780,-0.30,3786493,191.1687,192.4932,190.1765
2024/03/12,191.8912,0.9537,+0.50,4011827,191.9875,192.2765,189.3143
2024/03/11,190.9375,2.1867,+1.16,3229498,187.4599,191.2072,187.4599
2024/03/08,188.7508,2.2156,-1.16,3895559,191.6985,192.3439,188.3992
2024/03/07,190.9664,6.3000,+3.41,4438096,186.5737,192.0694,186.5737
2024/03/06,184.6664,1.8303,+1.00,4054214,184.3485,186.8820,183.4044
2024/03/05,182.8361,4.6816,-2.50,3455240,186.1980,187.8934,181.9595
2024/03/04,187.5177,0.5588,-0.30,3270664,188.6448,189.0253,186.5930
2024/03/01,188.0765,4.1612,+2.26,3060884,184.6152,189.0928,183.7236
2024/02/29,183.9153,3.8927,+2.16,3253320,182.2950,184.3659,180.9769
2024/02/28,180.0226,1.2560,-0.69,1851116,179.4857,180.8759,178.5461
2024/02/27,181.2786,0.0575,+0.03,1967167,181.9786,182.5203,180.2431
2024/02/26,181.2211,1.0547,-0.58,2948566,183.3976,183.5989,181.0965
2024/02/23,182.2758,1.7258,-0.94,3880357,185.1042,185.1042,182.0457
2024/02/22,184.0016,1.7354,-0.93,6028887,189.0161,189.2078,181.2451
2024/02/21,185.7370,4.1420,+2.28,5796061,182.4196,186.2835,182.3309
2024/02/20,181.5950,1.1122,+0.62,4798240,179.5336,181.7005,178.3543
2024/02/16,180.4828,0.6711,+0.37,4540430,179.8596,182.6689,178.3927
2024/02/15,179.8117,1.1697,+0.65,2932064,180.0418,181.5279,178.9967
2024/02/14,178.6420,1.5629,+0.88,3943348,178.2489,179.3706,177.1367
2024/02/13,177.0791,8.9743,-4.82,7092470,180.4061,181.1636,175.4684
2024/02/12,186.0534,0.9300,-0.50,6534200,186.6575,187.6153,184.6680
2024/02/09,186.9834,0.9204,+0.49,3320814,187.4724,187.4724,185.4781
2024/02/08,186.0630,2.0039,+1.09,2706027,185.0179,187.1273,183.9968
2024/02/07,184.0591,2.1668,+1.19,3650986,183.9249,184.8741,181.0965
2024/02/06,181.8923,2.7325,-1.48,4163321,185.2480,185.2480,181.2307
2024/02/05,184.6248,0.4410,+0.24,3331145,184.8453,185.9959,182.5682
2024/02/02,184.1838,0.0863,+0.05,3075170,182.4867,184.9316,181.9210
2024/02/01,184.0975,0.3356,-0.18,2740961,184.1934,184.6919,180.9622
2024/01/31,184.4331,2.2819,-1.22,4303004,185.5357,188.0094,183.7236
2024/01/30,186.7150,2.3586,-1.25,2586411,187.7601,188.4600,185.3823
2024/01/29,189.0736,3.1352,+1.69,2885435,185.9479,189.1887,184.9652
2024/01/26,185.9384,3.2311,-1.71,2481394,187.2711,188.3737,185.4980
2024/01/25,189.1695,0.9588,-0.50,3084375,193.6758,193.7190,188.8435
2024/01/24,190.1283,2.9435,-1.52,4438444,192.5828,194.0977,189.7064
2024/01/23,193.0718,3.8927,+2.06,3964466,189.0161,193.2635,188.7764
2024/01/22,189.1791,2.4354,+1.30,2984798,187.9231,189.6968,187.4149
2024/01/19,186.7437,4.6022,+2.53,4597916,183.4743,187.5204,183.1675
2024/01/18,182.1415,4.3529,+2.45,3739729,182.5155,182.8606,179.9747
2024/01/17,177.7886,2.2628,-1.26,3051788,177.0695,178.0475,175.3437
2024/01/16,180.0514,0.5465,-0.30,2475542,180.1089,181.5663,177.8078
2024/01/12,180.5979,0.5753,-0.32,1665779,181.8731,182.4675,179.6918
2024/01/11,181.1732,0.5657,+0.31,3044342,180.6171,181.9402,178.0763
2024/01/10,180.6075,1.3327,-0.73,3212782,181.8060,181.8060,178.6707
2024/01/09,181.9402,0.7479,+0.41,3287166,178.8145,182.4771,178.2297
2024/01/08,181.1923,2.3298,+1.30,2698397,179.4665,181.6526,179.3035
2024/01/05,178.8625,0.4602,+0.26,2599337,178.3447,180.0610,177.3572
2024/01/04,178.4023,2.7709,-1.53,4092180,174.4041,179.1885,174.3130
2024/01/03,181.1732,4.4296,-2.39,3439133,182.9086,183.2202,180.8855
2024/01/02,185.6028,4.7748,-2.51,3420191,188.9490,188.9490,183.6181
2023/12/29,190.3776,1.6107,-0.84,1608667,191.6336,192.4294,189.9269
2023/12/28,191.9883,0.8533,+0.45,2310741,192.5828,193.1676,191.4802
2023/12/27,191.1350,0.4602,+0.24,1717008,190.6748,191.2213,189.9173
2023/12/26,190.6748,1.6971,+0.90,1676171,189.7448,191.5952,189.3948
2023/12/22,188.9777,0.7862,+0.42,1830009,189.4763,191.2405,187.6642
2023/12/21,188.1915,3.9214,+2.13,2750165,187.0793,189.5482,186.7437
2023/12/20,184.2701,5.4075,-2.85,3785553,188.1723,189.3037,184.1454
2023/12/19,189.6776,1.1889,+0.63,2067235,189.5530,189.9365,188.5846
2023/12/18,188.4887,4.1133,-2.14,3568096,192.6020,192.8944,188.0765
2023/12/15,192.6020,0.6808,+0.35,7360814,193.6183,194.4141,191.7774
2023/12/14,191.9212,7.5744,+4.11,5851292,185.2289,192.0075,185.2289
2023/12/13,184.3468,1.2465,+0.68,3860947,183.5222,185.1330,181.8443
2023/12/12,183.1003,0.8053,+0.44,2963387,182.3812,183.1770,181.3266
2023/12/11,182.2950,5.0337,+2.84,3649871,177.9996,183.2346,177.9085
2023/12/08,177.2613,0.4794,+0.27,2507519,176.6573,178.6228,176.2354
2023/12/07,176.7819,3.6530,+2.11,3877408,174.8260,178.0667,172.9372
2023/12/06,173.1289,0.0575,-0.03,2882216,175.4588,175.4588,172.7454
2023/12/05,173.1864,2.5217,-1.44,2732604,174.7109,174.9890,172.2276
2023/12/04,175.7081,0.1822,+0.10,3458676,174.1740,175.8902,172.7550
2023/12/01,175.5259,0.5273,+0.30,2433216,175.2383,176.3025,173.6946
2023/11/30,174.9986,0.6394,+0.37,4564814,174.8077,175.1131,172.4983
2023/11/29,174.3592,0.4676,-0.27,3129617,176.8213,178.3815,174.1874
2023/11/28,174.8268,0.5439,-0.31,2931889,174.8840,176.1151,174.0061
2023/11/27,175.3707,0.6871,+0.39,3688811,174.3115,175.9528,173.1377
2023/11/24,174.6836,0.3626,+0.21,1181051,174.4451,175.0081,173.8773
2023/11/22,174.3210,1.3551,+0.78,3066521,173.8343,175.7906,173.1472
2023/11/21,172.9659,2.4525,-1.40,5203962,174.6932,176.0960,171.2386
2023/11/20,175.4184,0.7348,+0.42,3994331,173.7675,176.2582,173.7675
2023/11/17,174.6836,3.0632,+1.78,3436080,174.5596,175.1751,172.8371
2023/11/16,171.6204,0.8970,-0.52,3444342,173.0423,173.3572,170.4943
2023/11/15,172.5174,3.0538,+1.80,3450956,170.8378,174.4546,170.8378
2023/11/14,169.4636,6.6037,+4.05,3613831,167.1924,170.1507,167.0016
2023/11/13,162.8599,1.5842,-0.96,3399043,162.9458,163.7760,162.3208
2023/11/10,164.4441,4.9528,+3.11,3846840,161.5430,165.0834,160.1640
2023/11/09,159.4913,1.6986,-1.05,4413240,161.7339,162.8218,159.1573
2023/11/08,161.1899,0.7634,+0.48,3617353,160.7987,162.7072,159.8444
2023/11/07,160.4265,0.5153,+0.32,2658963,159.9112,161.3903,159.3100
2023/11/06,159.9112,0.3340,-0.21,2235115,159.7871,161.1995,158.0217
2023/11/03,160.2452,3.4164,+2.18,3706067,158.3557,161.7148,158.3557
2023/11/02,156.8288,4.8669,+3.20,4302591,154.5766,157.7115,154.2522
2023/11/01,151.9619,1.8227,+1.21,4531931,150.2632,152.1909,148.3642
2023/10/31,150.1392,1.3837,+0.93,3302716,149.3471,150.4350,148.0684
2023/10/30,148.7555,4.4756,-2.92,4633141,150.4112,150.7976,147.9061
2023/10/27,153.2311,0.2767,-0.18,2272803,154.0947,155.0633,152.4963
2023/10/26,153.5078,1.0211,+0.67,3697285,153.5174,156.4375,153.3361
2023/10/25,152.4867,4.9051,-3.12,5388552,154.6053,155.0633,151.7329
2023/10/24,157.3918,1.0115,+0.65,3359907,157.0960,157.7640,155.4069
2023/10/23,156.3803,2.5288,-1.59,2889609,157.9835,159.6630,156.1703
2023/10/20,158.9091,2.0995,-1.30,3562456,161.2949,161.9820,158.4225
2023/10/19,161.0086,2.4334,-1.49,3869707,165.0262,165.1216,160.5362
2023/10/18,163.4420,1.2788,-0.78,4010532,162.8981,165.0548,161.9581
2023/10/17,164.7208,0.1336,-0.08,2393020,161.7434,166.1141,161.0181
2023/10/16,164.8544,1.6032,+0.98,3415072,163.8810,165.8039,163.6615
2023/10/13,163.2512,2.4144,-1.46,2829188,166.0282,166.2954,162.2587
2023/10/12,165.6656,1.2596,-0.75,3739900,167.8509,168.1276,164.3486
2023/10/11,166.9252,1.0020,-0.60,2585009,168.3089,169.0056,165.3172
2023/10/10,167.9272,2.5288,+1.53,3064614,165.7133,169.4541,165.5415
2023/10/09,165.3984,0.6202,-0.37,2695126,164.9498,165.9518,163.5947
2023/10/06,166.0186,1.7845,+1.09,3416006,162.9076,167.2783,162.3542
2023/10/05,164.2341,1.6128,-0.97,3012272,166.2572,166.6485,162.1251
2023/10/04,165.8469,2.1758,+1.33,3773429,164.7017,166.3622,163.8715
2023/10/03,163.6711,3.7408,-2.23,3380610,165.8373,168.3376,162.6977
2023/10/02,167.4119,0.3244,+0.19,1809894,167.0016,168.8147,165.7514
2023/09/29,167.0875,1.2596,-0.75,2833351,169.8263,170.4466,166.1713
2023/09/28,168.3471,3.4354,+2.08,2915028,164.9117,169.5018,164.3868
2023/09/27,164.9117,0.4486,+0.27,2680789,165.0834,166.0473,162.8504
2023/09/26,164.4631,2.9488,-1.76,3659813,165.4365,165.8754,163.5852
2023/09/25,167.4119,0.0477,-0.03,2410607,166.5244,167.5536,165.1502
2023/09/22,167.4596,1.5650,+0.94,2975689,166.9920,168.7956,166.2954
2023/09/21,165.8946,2.1376,-1.27,3962436,167.3833,168.5857,165.4747
2023/09/20,168.0322,2.5480,-1.49,2731411,170.8378,170.8903,167.8891
2023/09/19,170.5802,0.9256,-0.54,2989468,170.0553,170.8378,168.1085
2023/09/18,171.5058,1.5077,+0.89,2864605,169.9599,172.1166,169.2919
2023/09/15,169.9981,1.4600,-0.85,6352826,171.2100,171.3722,169.1106
2023/09/14,171.4581,3.3400,+1.99,4333472,170.1030,171.8780,167.2115
2023/09/13,168.1181,1.0688,+0.64,2378134,167.8700,169.5018,167.2879
2023/09/12,167.0493,2.4811,-1.46,3000007,168.4330,170.8283,167.0159
2023/09/11,169.5304,0.1717,+0.10,2900916,171.3341,171.6872,167.2783
2023/09/08,169.3587,0.9447,-0.55,3334624,170.2462,170.6947,168.6334
2023/09/07,170.3034,3.5500,-2.04,5828571,171.7158,173.1186,169.5304
2023/09/06,173.8534,0.6107,+0.35,3544504,173.2427,174.1301,170.5802
2023/09/05,173.2427,0.8493,-0.49,2607206,173.1281,175.0463,171.9734
2023/09/01,174.0920,1.4410,+0.83,1968998,174.2542,174.2924,172.3981
2023/08/31,172.6510,0.1995,+0.12,3540629,172.4515,174.7168,171.7345
2023/08/30,172.4515,0.9403,-0.54,3244041,172.5560,173.7124,171.3403
2023/08/29,173.3918,2.1180,+1.24,3763812,169.7447,174.2276,169.1653
2023/08/28,171.2738,2.0610,+1.22,3002592,171.0459,172.0194,170.2385
2023/08/25,169.2128,4.2455,+2.57,4778862,164.6728,170.0106,164.6728
2023/08/24,164.9673,3.5996,-2.14,7171411,167.8926,169.2983,164.2644
2023/08/23,168.5669,0.7788,+0.46,7805445,160.1424,169.8111,160.0759
2023/08/22,167.7881,0.5319,-0.32,4466007,170.0011,170.3668,166.5534
2023/08/21,168.3200,1.3962,+0.84,3522898,167.2752,168.7379,165.4707
2023/08/18,166.9238,0.2469,+0.15,2984514,165.1667,167.6314,164.7061
2023/08/17,166.6769,1.5956,-0.95,2952521,168.8139,169.3173,165.8601
2023/08/16,168.2725,3.9416,-2.29,5126572,171.3308,171.5682,166.9436
2023/08/15,172.2141,3.8656,-2.20,2063180,173.7717,174.8545,171.9482
2023/08/14,176.0797,2.0705,+1.19,2165781,174.1706,176.2981,173.3823
2023/08/11,174.0092,1.4246,-0.81,3010551,173.8097,175.1869,172.8789
2023/08/10,175.4338,0.0950,-0.05,2388014,177.6563,179.4609,174.8925
2023/08/09,175.5288,1.7096,-0.96,2465761,177.0485,178.0790,175.1299
2023/08/08,177.2384,3.3148,-1.84,3094965,177.6088,177.9460,174.5221
2023/08/07,180.5532,1.6622,+0.93,2142793,181.1230,181.7594,179.3849
2023/08/04,178.8910,2.9824,-1.64,3825040,179.5084,180.7051,175.4623
2023/08/03,181.8734,0.9212,-0.50,3201416,181.1040,183.5307,179.4467
2023/08/02,182.7946,6.6675,-3.52,3938605,188.1419,188.2036,182.2343
2023/08/01,189.4621,0.0475,-0.03,2000812,187.7145,190.0190,186.9357
2023/07/31,189.5096,1.0543,+0.56,2202458,188.7545,190.0510,188.4648
2023/07/28,188.4553,2.8208,+1.52,3036691,188.3319,189.0204,186.3373
2023/07/27,185.6345,3.7327,+2.05,3658311,185.6820,188.1514,183.9629
2023/07/26,181.9018,3.9321,-2.12,2940907,182.2913,183.1366,180.3632
2023/07/25,185.8339,3.1247,+1.71,3115156,183.3075,187.0624,183.3075
2023/07/24,182.7092,0.3895,+0.21,2804626,181.8259,183.8821,181.0755
2023/07/21,182.3197,2.1939,+1.22,9210964,182.0253,183.9249,181.1420
2023/07/20,180.1258,5.8316,-3.14,4202060,182.2438,184.2098,179.2805
2023/07/19,185.9574,0.6744,-0.36,2148740,187.2681,187.4818,185.4968
2023/07/18,186.6318,0.1330,+0.07,3182719,185.1311,186.9262,184.0863
2023/07/17,186.4988,4.1696,+2.29,3420910,181.0091,187.6148,181.0091
2023/07/14,182.3292,5.9837,-3.18,3076861,187.4628,187.4723,181.8734
2023/07/13,188.3129,2.7259,+1.47,3542462,186.8027,189.4241,186.0714
2023/07/12,185.5870,4.2265,+2.33,3282573,183.6969,186.2043,182.9039
2023/07/11,181.3605,0.0950,-0.05,2147512,182.0348,182.4242,178.1769
2023/07/10,181.4555,5.4518,+3.10,3545290,176.5736,181.4934,176.4406
2023/07/07,176.0037,0.8358,-0.47,3198719,177.0295,179.1807,175.8802
2023/07/06,176.8395,3.6187,-2.01,4426349,177.5139,178.5206,175.3020
2023/07/05,180.4582,4.1125,-2.23,2836270,182.7661,183.6399,180.3347
2023/07/03,184.5707,0.4559,-0.25,1439895,184.2384,186.6791,182.6142
2023/06/30,185.0266,5.0623,+2.81,3554534,181.3890,185.5490,181.2180
2023/06/29,179.9643,0.3989,-0.22,2761907,180.2682,181.0850,178.1787
2023/06/28,180.3632,2.3555,-1.29,4039271,180.4772,181.5599,179.1000
2023/06/27,182.7187,5.7367,+3.24,3823892,177.4189,182.9324,175.7188
2023/06/26,176.9820,0.3799,+0.22,3543857,178.4162,182.0063,176.8870
2023/06/23,176.6021,0.1614,-0.09,5287011,174.8545,177.6943,174.3036
2023/06/22,176.7635,0.6363,+0.36,3130383,174.6455,177.0105,174.0282
2023/06/21,176.1272,2.4124,-1.35,3096853,176.6781,178.8056,176.0322
2023/06/20,178.5396,0.3609,-0.20,2804387,177.6088,179.5084,176.0892
2023/06/16,178.9005,1.2348,-0.69,7253451,180.9236,182.1488,178.3212
2023/06/15,180.1353,2.1180,-1.16,3594939,181.1990,182.2485,179.9358
2023/06/14,182.2533,0.4559,-0.25,4276100,182.9466,184.2288,180.3252
2023/06/13,182.7092,4.4735,+2.51,4030346,180.7811,182.8706,179.9073
2023/06/12,178.2357,4.9389,+2.85,4049179,175.7093,178.5206,175.4338
2023/06/09,173.2968,0.7408,+0.43,3331820,174.0662,176.5546,171.9861
2023/06/08,172.5560,1.2442,+0.73,3153932,172.3281,173.3728,171.0079
2023/06/07,171.3118,2.2795,+1.35,4275815,169.3173,174.1516,169.3173
2023/06/06,169.0323,2.8398,+1.71,3671824,164.8913,169.7447,164.6966
2023/06/05,166.1925,4.5779,-2.68,3486688,170.1721,170.3335,164.9388
2023/06/02,170.7704,0.2374,+0.14,3892879,172.2046,172.8599,169.9346
2023/06/01,170.5330,2.5711,+1.53,4614322,169.4081,172.2203,167.0261
2023/05/31,167.9619,0.2458,+0.15,7442998,165.7973,170.1407,165.6460
2023/05/30,167.7161,0.8507,+0.51,5536186,168.3684,169.0489,165.2396
2023/05/26,166.8654,3.9133,+2.40,7188381,163.0371,168.0044,162.1013
2023/05/25,162.9521,0.7656,-0.47,10490259,157.3940,164.4172,153.0600
2023/05/24,163.7177,13.9141,-7.83,10967521,162.1127,166.9599,160.4472
2023/05/23,177.6318,3.2044,-1.77,4088542,179.3994,179.9335,177.1403
2023/05/22,180.8362,0.7373,+0.41,2638901,179.5129,182.5660,179.0875
2023/05/19,180.0989,1.6353,-0.90,3806826,181.7342,182.1016,179.3711
2023/05/18,181.7342,4.0646,+2.29,3130332,178.6054,182.4715,178.0572
2023/05/17,177.6696,4.8869,+2.83,3176131,173.9264,178.2746,173.1182
2023/05/16,172.7827,1.4935,-0.86,2305757,173.5767,175.1175,172.5936
2023/05/15,174.2762,3.5920,+2.10,2576922,170.7882,174.6070,170.4054
2023/05/12,170.6842,0.0189,-0.01,1456636,171.5019,172.5534,169.0773
2023/05/11,170.7031,0.7940,-0.46,2383087,170.5235,171.1758,168.9544
2023/05/10,171.4971,1.7109,+1.01,3559779,171.7335,172.3101,169.7296
2023/05/09,169.7862,4.6318,-2.66,3547472,172.5369,172.7165,168.2833
2023/05/08,174.4180,1.0682,+0.62,2049068,173.7279,174.4652,171.7807
2023/05/05,173.3498,1.9472,+1.14,3884851,170.7504,174.3471,169.7390
2023/05/04,171.4026,1.0020,-0.58,2441867,172.0359,172.9528,170.5991
2023/05/03,172.4046,1.2005,-0.69,1892222,173.3782,175.0418,172.0643
2023/05/02,173.6051,1.0587,+0.61,2867807,174.3423,176.3746,172.1494
2023/05/01,172.5464,2.5144,+1.48,2722057,170.8496,172.9150,170.7693
2023/04/28,170.0320,2.1363,+1.27,3351289,167.9146,170.2967,166.6196
2023/04/27,167.8957,2.8736,-1.68,4889368,168.7559,169.1435,161.8603
2023/04/26,170.7693,0.4537,-0.26,3811802,171.3081,172.4897,169.8146
2023/04/25,171.2230,5.5014,-3.11,3676062,175.9398,175.9446,171.1568
2023/04/24,176.7244,0.5861,+0.33,1885233,176.1383,177.1261,175.5428
2023/04/21,176.1383,0.6050,-0.34,2089690,176.0533,176.9512,174.5314
2023/04/20,176.7433,1.4840,-0.83,2970571,175.4105,178.8607,173.0757
2023/04/19,178.2273,0.9736,-0.54,1646172,177.6035,178.6811,177.2915
2023/04/18,179.2009,0.0094,+0.01,1846649,180.4676,181.4506,178.1234
2023/04/17,179.1915,1.0020,+0.56,2216421,177.3861,179.5507,177.1403
2023/04/14,178.1895,0.5577,-0.31,2103323,177.8303,180.6188,176.8000
2023/04/13,178.7472,1.7109,+0.97,2137157,177.0458,179.6915,175.9682
2023/04/12,177.0363,2.0040,-1.12,2206202,180.3542,180.3542,176.7811
2023/04/11,179.0403,1.4556,-0.81,2471707,181.6964,181.7862,178.7189
2023/04/10,180.4959,3.5730,+2.02,2722629,175.4672,180.7417,174.8811
2023/04/06,176.9229,3.0248,-1.68,3184515,178.4069,179.4089,176.5921
2023/04/05,179.9477,4.4899,-2.43,3563350,183.7193,183.8610,178.7000
2023/04/04,184.4376,1.0965,-0.59,3844055,186.7441,187.3916,183.1805
2023/04/03,185.5341,0.8886,-0.48,3301502,185.7137,186.9237,183.6247
2023/03/31,186.4227,2.8452,+1.55,4097332,182.9252,186.7441,182.6700
2023/03/30,183.5775,4.7641,+2.66,4620068,180.7795,184.4471,180.4392
2023/03/29,178.8134,5.2651,+3.03,3784993,175.8548,179.8815,175.8500
2023/03/28,173.5483,1.1060,-0.63,3512158,173.6618,173.9264,170.9725
2023/03/27,174.6543,2.7601,-1.56,3826491,177.9438,178.0477,174.3802
2023/03/24,177.4144,1.6637,-0.93,3598840,178.7472,179.0497,175.4956
2023/03/23,179.0781,2.6846,+1.52,2812319,178.6243,181.9989,176.8189
2023/03/22,176.3935,1.6920,-0.95,3682603,178.5204,181.0158,176.1478
2023/03/21,178.0855,1.2666,+0.72,3420160,178.5393,179.5223,175.8169
2023/03/20,176.8189,1.1437,+0.65,3209207,175.9115,177.2537,174.9851
2023/03/17,175.6752,0.7373,-0.42,6576545,177.1308,178.4636,174.3660
2023/03/16,176.4125,3.4975,+2.02,3971176,171.3932,177.0552,170.3345
2023/03/15,172.9150,3.4502,-1.96,4202823,174.1438,175.3538,170.4668
2023/03/14,176.3652,3.8094,+2.21,4387581,174.8339,177.7358,173.9170
2023/03/13,172.5558,0.7467,+0.43,3501958,169.9658,174.2100,169.2758
2023/03/10,171.8091,1.7014,-0.98,3350333,174.6165,175.4199,171.4026
2023/03/09,173.5105,2.8452,-1.61,3837359,176.8756,178.4545,173.3404
2023/03/08,176.3557,1.5407,+0.88,3366403,176.1667,177.1876,175.0607
2023/03/07,174.8150,0.5482,-0.31,2554996,175.8453,176.7039,173.4633
2023/03/06,175.3632,0.6901,-0.39,2818647,177.0647,178.2368,174.9568
2023/03/03,176.0533,1.5692,+0.90,3292650,175.1647,176.5731,172.9245
2023/03/02,174.4841,1.3989,+0.81,3074765,171.2136,175.1647,169.4034
2023/03/01,173.0852,0.3403,-0.20,2750872,173.7941,175.3727,172.6976
2023/02/28,173.4255,0.2836,+0.16,2797729,172.9812,175.3727,172.5464
2023/02/27,173.1419,0.2174,+0.13,2929902,175.4199,175.7224,172.9245
2023/02/24,172.9245,1.7487,-1.00,3362077,173.2459,173.8036,171.6673
2023/02/23,174.6732,1.7783,+1.03,4784828,175.9245,176.3809,172.3116
2023/02/22,172.8949,2.0794,-1.19,3733305,175.6423,175.6423,172.0293
2023/02/21,174.9743,6.3415,-3.50,5439517,179.3587,179.8762,174.5132
2023/02/17,181.3158,1.0537,-0.58,4012165,181.6733,182.9058,180.0456
2023/02/16,182.3695,2.2111,-1.20,4763337,183.0517,184.6935,181.5510
2023/02/15,184.5806,12.8335,+7.47,7924870,182.8494,184.7970,179.8009
2023/02/14,171.7471,1.9665,+1.16,4022034,168.4822,172.3022,167.9742
2023/02/13,169.7806,1.8723,+1.12,4225314,168.7739,170.8909,168.3693
2023/02/10,167.9083,0.0565,-0.03,4254850,166.6664,168.4352,165.6596
2023/02/09,167.9648,0.7151,+0.43,3170932,170.0629,171.4554,166.8357
2023/02/08,167.2497,3.0672,-1.80,3741792,168.0871,169.2349,166.9110
2023/02/07,170.3169,3.2648,+1.95,3753486,167.8424,171.1073,166.5440
2023/02/06,167.0521,1.1949,-0.71,3099895,166.5252,168.7175,165.9419
2023/02/03,168.2470,0.4516,-0.27,4257378,166.4688,170.6180,165.8007
2023/02/02,168.6986,2.5497,+1.53,4470515,167.3438,169.4043,165.7725
2023/02/01,166.1489,4.8173,+2.99,4464245,161.1999,167.9553,161.1011
2023/01/31,161.3316,2.3898,+1.50,2709584,158.9418,161.3786,158.9136
2023/01/30,158.9418,1.7876,-1.11,3332612,159.1017,161.0305,158.3867
2023/01/27,160.7294,0.0846,+0.05,2607524,159.0735,161.8585,158.4431
2023/01/26,160.6448,2.1546,+1.36,3762326,159.8921,160.8423,156.9942
2023/01/25,158.4902,0.3857,-0.24,2911999,156.7684,158.7536,154.5009
2023/01/24,158.8759,0.7527,-0.47,2558316,157.9821,159.9767,157.4646
2023/01/23,159.6286,4.2245,+2.72,3743186,156.6931,160.1837,155.8275
2023/01/20,155.4041,1.9194,+1.25,4083280,154.1339,155.4700,151.5230
2023/01/19,153.4847,2.7003,-1.73,3276180,155.7710,155.8463,152.5156
2023/01/18,156.1850,0.8562,-0.55,2792872,158.5654,159.3652,156.0909
2023/01/17,157.0412,1.9476,-1.22,3528910,157.9821,159.1676,156.2274
2023/01/13,158.9888,0.2916,+0.18,2010028,157.5963,159.4122,156.5802
2023/01/12,158.6972,1.0537,-0.66,2633900,159.9673,160.5507,157.2765
2023/01/11,159.7509,0.5363,+0.34,3261815,157.8033,160.0708,157.4176
2023/01/10,159.2146,1.9946,+1.27,2499711,156.6555,159.7133,156.6555
2023/01/09,157.2200,1.4866,+0.95,3968764,157.4928,159.8638,155.8839
2023/01/06,155.7334,5.4853,+3.65,3702309,152.1957,156.8907,150.4739
2023/01/05,150.2481,5.8522,-3.75,5048810,154.7455,155.8322,150.1446
2023/01/04,156.1003,3.2554,+2.13,3696482,155.6017,157.6810,154.0775
2023/01/03,152.8449,1.4866,-0.96,4757009,155.7804,156.3732,151.8946
2022/12/30,154.3315,0.0470,+0.03,1721214,152.7602,154.4538,151.2548
2022/12/29,154.2845,3.4813,+2.31,2283951,152.9672,155.0372,151.9511
2022/12/28,150.8032,1.8065,-1.18,1594321,151.9511,153.8987,150.5962
2022/12/27,152.6097,1.5430,-1.00,2053487,153.8987,154.0210,151.6218
2022/12/23,154.1527,0.0846,+0.05,1592438,153.0801,154.4124,151.7159
2022/12/22,154.0681,3.4436,-2.19,3158792,155.0842,155.0842,151.5371
2022/12/21,157.5117,2.8979,+1.87,2318431,155.6017,157.9162,155.4511
2022/12/20,154.6138,0.7621,-0.49,2234421,154.0398,156.0053,153.8893
2022/12/19,155.3759,1.5806,-1.01,2786563,157.5399,157.5869,154.0681
2022/12/16,156.9565,0.6868,+0.44,7877645,155.5076,157.3611,154.3691
2022/12/15,156.2697,5.2595,-3.26,4235380,159.2146,159.7321,155.7052
2022/12/14,161.5292,3.5847,-2.17,3403743,165.4714,166.3940,160.0520
2022/12/13,165.1139,3.0390,+1.88,5078355,167.4849,169.3102,163.4109
2022/12/12,162.0749,3.3683,+2.12,3153282,159.1676,162.1502,157.8221
2022/12/09,158.7066,0.9126,-0.57,2672965,158.5090,160.2872,157.9727
2022/12/08,159.6192,3.4248,+2.19,3014566,157.1918,159.7603,156.1098
2022/12/07,156.1944,0.4705,-0.30,1999893,156.4579,158.5184,155.2536
2022/12/06,156.6649,1.2513,-0.79,3796717,157.8315,158.4902,155.5264
2022/12/05,157.9162,0.7433,-0.47,2780144,157.9350,158.9136,156.9189
2022/12/02,158.6595,1.9664,-1.22,3247206,157.3141,158.8101,155.4700
2022/12/01,160.6259,0.4028,-0.25,3439923,162.2464,162.2464,159.0165
2022/11/30,161.0287,7.5123,+4.89,5760947,154.1393,161.2910,152.3970
2022/11/29,153.5164,0.1124,-0.07,2867280,154.3313,154.5608,152.1300
2022/11/28,153.6288,2.8850,-1.84,4175135,154.4531,156.7105,152.2487
2022/11/25,156.5138,1.9765,-1.25,1813433,158.3404,158.7713,156.4108
2022/11/23,158.4903,0.7213,+0.46,4112181,158.6261,162.3307,157.0852
2022/11/22,157.7690,8.6083,+5.77,6127872,154.7247,158.1618,152.4111
2022/11/21,149.1607,2.4448,-1.61,6700391,150.9592,151.7554,149.0764
2022/11/18,151.6055,0.3560,+0.24,4288057,153.2073,153.5070,150.7812
2022/11/17,151.2495,0.1873,+0.12,3027751,148.4207,151.4556,148.0835
2022/11/16,151.0622,3.6531,-2.36,4119737,151.6430,151.8490,150.0880
2022/11/15,154.7153,3.6625,+2.42,4439103,156.8604,157.2351,152.2705
2022/11/14,151.0528,2.6228,-1.71,4558212,152.7951,156.2515,150.6688
2022/11/11,153.6756,3.4564,+2.30,3428503,149.3106,154.4531,149.2263
2022/11/10,150.2192,11.3716,+8.19,5996933,146.0415,150.5845,144.7207
2022/11/09,138.8476,2.6321,-1.86,3946023,139.7000,141.2877,138.2481
2022/11/08,141.4797,1.9764,+1.42,5303990,141.5734,145.7511,140.5290
2022/11/07,139.5033,4.3463,+3.22,4250647,136.5808,139.7468,134.7729
2022/11/04,135.1570,5.8732,+4.54,5342498,133.3117,136.1967,132.1783
2022/11/03,129.2838,3.0162,-2.28,3956870,130.5766,132.0846,129.0684
2022/11/02,132.3000,3.2410,-2.39,3552556,136.2342,138.4542,132.0940
2022/11/01,135.5410,1.9483,+1.46,2479708,135.9251,136.6744,134.2484
2022/10/31,133.5927,2.1169,-1.56,3286355,134.7074,134.7759,131.7052
2022/10/28,135.7096,3.9341,+2.99,3717301,132.5436,136.7494,132.2157
2022/10/27,131.7755,0.6557,-0.50,4981896,133.4709,134.2765,131.1760
2022/10/26,132.4312,4.6741,-3.41,7181079,133.7332,136.4309,131.6443
2022/10/25,137.1053,1.7235,+1.27,3891069,135.8782,138.1732,135.2694
2022/10/24,135.3818,1.9296,-1.41,3559851,135.8033,137.5830,133.3679
2022/10/21,137.3114,4.2245,+3.17,3856491,132.9464,138.0889,132.0284
2022/10/20,133.0869,0.7026,+0.53,3566853,133.4241,137.4613,132.3094
2022/10/19,132.3843,0.2154,+0.16,2632007,131.8504,133.9205,130.4454
2022/10/18,132.1689,1.8547,+1.42,3502174,135.4848,136.0187,130.5203
2022/10/17,130.3142,2.2387,+1.75,5380341,131.1853,132.3375,129.0309
2022/10/14,128.0755,5.6389,-4.22,5306343,135.4661,135.7752,127.8600
2022/10/13,133.7144,3.8966,+3.00,5381112,126.1740,134.8291,125.0312
2022/10/12,129.8178,0.1967,-0.15,2712793,130.2299,131.4523,129.6398
2022/10/11,130.0145,1.9670,-1.49,5055484,130.8200,132.1408,128.2913
2022/10/10,131.9815,3.7656,-2.77,4087469,135.9532,136.2716,130.1175
2022/10/07,135.7471,5.6671,-4.01,4645245,138.3230,139.2223,135.0071
2022/10/06,141.4142,0.8617,-0.61,2440966,141.7514,143.8964,141.1800
2022/10/05,142.2759,0.9742,+0.69,3258267,139.6625,143.2782,139.4190
2022/10/04,141.3017,5.3579,+3.94,4464502,138.8663,142.1441,138.6415
2022/10/03,135.9438,5.4235,+4.16,5026604,132.3375,137.3301,130.9933
2022/09/30,130.5203,2.4823,-1.87,3764234,131.9441,133.6020,130.4266
2022/09/29,133.0026,2.4260,-1.79,3686914,133.8550,133.8550,131.0636
2022/09/28,135.4286,2.5947,+1.95,3530549,131.9347,136.1499,131.0636
2022/09/27,132.8339,0.9273,+0.70,3164591,133.6582,134.8198,131.0167
2022/09/26,131.9066,1.0304,-0.78,4806733,133.6395,134.6418,131.7193
2022/09/23,132.9370,3.2035,-2.35,5166339,134.7074,135.2366,131.2228
2022/09/22,136.1405,2.9038,-2.09,3582451,138.6228,138.9413,135.0727
2022/09/21,139.0443,1.2552,-0.89,3539606,140.4681,144.2524,138.9506
2022/09/20,140.2995,0.1593,+0.11,2748316,139.2878,140.9833,138.8757
2022/09/19,140.1402,0.2810,+0.20,2560241,138.6977,140.8709,138.5104
2022/09/16,139.8592,1.3488,+0.97,4902751,137.4425,140.0185,135.9813
2022/09/15,138.5104,2.2293,-1.58,3354881,140.2245,141.2165,137.6861
2022/09/14,140.7397,1.8734,+1.35,2426539,140.0559,141.7139,138.6228
2022/09/13,138.8663,6.9316,-4.75,4486135,141.4423,142.5663,138.4448
2022/09/12,145.7979,1.3769,+0.95,4128157,145.6012,145.9853,143.9620
2022/09/09,144.4210,1.9203,+1.35,2797409,142.8379,145.3764,142.8379
2022/09/08,142.5007,1.3395,+0.95,2623722,140.1121,143.1658,139.4265
2022/09/07,141.1612,2.3136,+1.67,2665373,140.1121,142.2010,138.8382
2022/09/06,138.8476,0.3747,-0.27,2647874,139.2035,140.5711,137.2552
2022/09/02,139.2223,1.9296,-1.37,2975834,142.0605,143.5498,138.4916
2022/09/01,141.1519,0.7868,-0.55,4039563,139.5595,141.4797,137.2646
2022/08/31,141.9387,1.1240,-0.79,3774188,143.7465,143.7465,140.8240
2022/08/30,143.0627,2.3043,-1.59,3918223,146.2475,146.3693,141.9293
2022/08/29,145.3670,2.5479,-1.72,3579847,146.8939,147.8587,144.4116
2022/08/26,147.9149,7.8306,-5.03,4546655,155.5311,156.1277,147.7657
2022/08/25,155.7455,3.1882,+2.09,3198599,153.1539,155.9133,153.0514
2022/08/24,152.5573,0.7085,-0.46,3489620,152.7065,153.6760,151.2429
2022/08/23,153.2658,0.5314,+0.35,2283127,152.3988,155.0184,152.3988
2022/08/22,152.7344,3.8781,-2.48,4002440,153.9650,155.0090,151.8815
2022/08/19,156.6125,1.9856,-1.25,3643534,157.0133,157.4491,155.6989
2022/08/18,158.5981,0.0000,0,4841668,156.3608,160.7888,154.6921
2022/08/17,158.5981,8.3060,-4.98,6606424,162.2058,162.2269,155.7735
2022/08/16,166.9041,0.7924,-0.47,3366415,167.1652,167.5474,164.8253
2022/08/15,167.6965,0.5873,+0.35,3002013,166.3168,167.8084,165.4033
2022/08/12,167.1092,4.3907,+2.70,3430994,163.3524,167.5753,163.3524
2022/08/11,162.7185,0.4941,-0.30,2907095,164.2194,166.1957,162.4202
2022/08/10,163.2126,4.3908,+2.76,3447306,161.9447,163.4176,159.6142
2022/08/09,158.8218,5.1179,-3.12,3987976,161.6558,162.1032,157.5773
2022/08/08,163.9397,1.2958,-0.78,2476580,164.2753,165.7016,162.0007
2022/08/05,165.2355,0.2704,+0.16,2676701,162.9049,165.4872,162.2990
2022/08/04,164.9651,0.5593,+0.34,2569288,164.4151,165.8880,163.2685
2022/08/03,164.4058,5.2111,+3.27,2967641,159.4091,164.9838,159.4091
2022/08/02,159.1947,0.6432,-0.40,2338123,158.7379,160.8354,158.1133
2022/08/01,159.8379,0.4661,-0.29,2442819,159.1388,160.6862,157.9549
2022/07/29,160.3040,2.1347,+1.35,5089419,156.9853,161.0125,156.3421
2022/07/28,158.1693,1.2492,+0.80,4162354,157.2743,159.3625,155.9616
2022/07/27,156.9201,6.1060,+4.05,5012238,152.1938,158.1273,152.1891
2022/07/26,150.8141,1.1746,-0.77,3380452,152.4641,153.1306,150.3247
2022/07/25,151.9887,0.2144,-0.14,3310208,151.9048,152.0912,149.4064
2022/07/22,152.2031,1.7898,-1.16,3159153,154.4311,154.4311,151.3081
2022/07/21,153.9929,1.9297,+1.27,3208265,153.2378,154.0395,151.2802
2022/07/20,152.0632,1.5568,+1.03,3353307,148.8284,152.6226,147.9988
2022/07/19,150.5064,5.7797,+3.99,3842449,146.2928,151.0192,146.1996
2022/07/18,144.7267,2.5356,-1.72,3143195,148.0734,148.5861,143.9063
2022/07/15,147.2623,4.3441,+3.04,4008306,143.4123,147.5513,142.9368
2022/07/14,142.9182,3.8407,+2.76,4070024,138.6673,143.7059,137.2410
2022/07/13,139.0775,1.0628,+0.77,2474674,135.6283,139.8046,135.3486
2022/07/12,138.0147,0.4568,+0.33,2473438,138.3969,140.0004,137.4088
2022/07/11,137.5579,2.2187,-1.59,2884318,138.1359,139.1420,136.3461
2022/07/08,139.7766,1.2771,+0.92,2143219,137.4088,140.3360,135.8427
2022/07/07,138.4995,3.6077,+2.67,2942124,137.6978,139.5342,137.2596
2022/07/06,134.8918,1.5195,+1.14,2905506,133.9037,136.0198,132.4028
2022/07/05,133.3723,0.1492,+0.11,4068259,130.4172,133.4655,129.1121
2022/07/01,133.2231,2.9645,-2.18,3405900,134.1787,135.2647,130.9951
2022/06/30,136.1876,1.1000,-0.80,4460355,135.5910,139.1054,133.5867
2022/06/29,137.2876,1.1373,-0.82,2774667,136.9520,137.5113,134.9384
2022/06/28,138.4249,1.9577,-1.39,2989109,141.1470,142.7784,138.3130
2022/06/27,140.3826,0.8390,+0.60,2197219,140.8580,142.0046,139.4037
2022/06/24,139.5436,3.8687,+2.85,5480406,137.5859,139.8792,137.2223
2022/06/23,135.6749,1.9669,-1.43,3160278,138.9190,139.0914,134.1833
2022/06/22,137.6418,0.6526,-0.47,3990878,136.9893,138.8817,135.9732
2022/06/21,138.2944,3.4679,+2.57,3310127,137.3435,140.1029,137.3016
2022/06/17,134.8265,1.0906,+0.82,7212955,134.2579,135.6376,132.1791
2022/06/16,133.7359,6.1712,-4.41,5066243,136.4393,136.4393,132.0858
2022/06/15,139.9071,2.7127,+1.98,3500677,139.0588,142.1384,136.7842
2022/06/14,137.1944,0.5593,-0.41,2966084,139.0961,139.9631,136.1503
2022/06/13,137.7537,8.5298,-5.83,6287827,142.8436,143.9623,137.3435
2022/06/10,146.2835,4.3721,-2.90,3614945,147.6166,149.3225,146.1810
2022/06/09,150.6556,3.1695,-2.06,3373431,152.8743,155.7082,150.5624
2022/06/08,153.8251,1.8085,-1.16,3141845,154.6175,156.5752,152.8183
2022/06/07,155.6336,1.5661,+1.02,2261280,152.6412,155.9972,151.8022
2022/06/06,154.0675,0.0280,+0.02,2439164,156.0065,157.3862,153.4056
2022/06/03,154.0395,3.7289,-2.36,2723777,155.2980,155.6616,153.6387
2022/06/02,157.7684,4.1670,+2.71,2829518,153.3590,157.9269,152.5853
2022/06/01,153.6014,3.3839,-2.16,3522407,157.7125,157.8337,152.2497
2022/05/31,156.9853,0.7923,+0.51,5473517,155.5870,158.0947,152.5014
2022/05/27,156.1930,4.0179,+2.64,5301726,154.2726,156.7616,153.0421
2022/05/26,152.1751,1.5589,+1.04,4116896,150.6534,153.9288,149.7672
2022/05/25,150.6162,0.4361,+0.29,2694567,148.8996,151.4699,147.8511
2022/05/24,150.1801,0.2783,+0.19,3418652,148.3522,151.4792,147.3593
2022/05/23,149.9018,0.8258,-0.55,2469145,149.9667,151.7112,148.3522
2022/05/20,150.7276,1.3919,+0.93,4286700,151.8039,153.2515,145.4200
2022/05/19,149.3357,0.9464,+0.64,4108872,149.2522,152.3328,147.6099
2022/05/18,148.3893,3.6373,-2.39,6126372,154.3371,154.3371,147.7583
2022/05/17,152.0266,5.9385,+4.07,5337006,149.3821,152.5277,149.0388
2022/05/16,146.0881,1.2063,-0.82,2509340,145.8932,147.7026,144.3622
2022/05/13,147.2944,5.4282,+3.83,5155055,143.8611,148.1851,142.7848
2022/05/12,141.8662,0.8351,+0.59,3360011,140.1496,142.5992,139.1567
2022/05/11,141.0311,2.9971,-2.08,4161786,142.3672,145.9675,140.8084
2022/05/10,144.0282,2.7559,+1.95,3403184,144.6963,147.0856,141.6435
2022/05/09,141.2723,3.6003,-2.49,4443518,143.0817,144.7798,140.8362
2022/05/06,144.8726,1.9578,-1.33,2921168,145.2623,147.3222,143.2209
2022/05/05,146.8304,6.0592,-3.96,4269361,150.3379,151.5905,145.2252
2022/05/04,152.8896,5.4746,+3.71,4246571,147.2387,153.0288,143.1420
2022/05/03,147.4150,0.6681,+0.46,2631776,146.4964,148.1944,145.2252
2022/05/02,146.7469,3.4982,+2.44,3088600,144.1395,147.1063,141.7734
2022/04/29,143.2487,5.6324,-3.78,5211608,146.6448,148.2037,143.1188
2022/04/28,148.8811,8.1006,+5.75,4478892,143.0168,150.5698,142.6410
2022/04/27,140.7805,1.0114,-0.71,3316409,139.1845,144.5014,138.8876
2022/04/26,141.7919,5.6695,-3.84,3945698,145.6149,145.9768,141.7270
2022/04/25,147.4614,3.4054,+2.36,4836168,143.0724,147.6748,142.6734
2022/04/22,144.0560,3.2105,-2.18,2845728,146.5892,148.1156,143.9818
2022/04/21,147.2665,2.4775,-1.65,3831422,150.7833,152.8061,146.5752
2022/04/20,149.7440,0.8722,-0.58,2783049,152.6019,153.6226,148.9599
2022/04/19,150.6162,1.8372,+1.23,2882627,148.7790,151.0616,147.1737
2022/04/18,148.7790,3.5631,+2.45,2940509,145.0117,149.6234,144.9097
2022/04/14,145.2159,1.5032,-1.02,5634956,146.9510,148.3336,145.0210
2022/04/13,146.7191,2.4311,+1.68,2516674,145.4200,147.4985,144.0189
2022/04/12,144.2880,0.5660,+0.39,2780494,145.9860,148.0552,143.8148
2022/04/11,143.7220,3.5724,-2.43,3980747,146.3015,146.6912,143.5364
2022/04/08,147.2944,2.3290,-1.56,3260117,148.8904,149.4007,146.9789
2022/04/07,149.6234,0.9001,+0.61,3407448,147.7862,151.1637,147.6655
2022/04/06,148.7233,0.2783,+0.19,6505065,146.0695,152.4349,145.9319
2022/04/05,148.4450,4.1941,-2.75,7785139,150.7925,151.7251,144.6313
2022/04/04,152.6391,0.7979,-0.52,4484068,153.2607,153.9845,150.0595
2022/04/01,153.4370,0.1670,+0.11,3169489,154.4948,155.0887,151.1080
2022/03/31,153.2700,1.2063,-0.78,4183206,154.9217,155.8310,153.1772
2022/03/30,154.4763,3.4332,-2.17,2898098,156.6105,157.7425,153.8268
2022/03/29,157.9095,2.7094,+1.75,3370765,156.8610,159.1900,155.6362
2022/03/28,155.2001,1.5125,+0.98,2958577,152.3421,155.3764,151.5720
2022/03/25,153.6876,0.6217,+0.41,2410186,153.1587,153.9567,151.1153
2022/03/24,153.0659,5.4004,+3.66,3397241,149.2244,153.1587,148.3336
2022/03/23,147.6655,5.2241,-3.42,3674881,151.5998,152.4610,147.3408
2022/03/22,152.8896,0.5104,+0.33,2768032,151.9802,154.4856,151.6369
2022/03/21,152.3792,0.7144,+0.47,3512178,150.1337,152.8618,149.8275
2022/03/18,151.6648,3.2198,+2.17,10671304,147.1273,152.1194,145.7587
2022/03/17,148.4450,1.3084,+0.89,4604360,145.5592,148.5099,144.5292
2022/03/16,147.1366,7.0984,+5.07,4716282,142.0518,147.3036,141.5321
2022/03/15,140.0382,4.9086,+3.63,3567143,136.6978,140.5393,135.8488
2022/03/14,135.1296,1.8280,-1.33,4214400,136.8834,138.1082,133.4409
2022/03/11,136.9576,2.7466,-1.97,4272312,142.1538,142.6952,136.6699
2022/03/10,139.7042,2.8393,-1.99,4349313,139.9733,140.8455,137.1896
2022/03/09,142.5435,4.7322,+3.43,3282966,142.0518,143.8797,140.3908
2022/03/08,137.8113,2.0785,+1.53,5113935,135.4915,141.7641,133.4780
2022/03/07,135.7328,9.8078,-6.74,6144299,145.6984,145.9953,135.6678
2022/03/04,145.5406,2.2548,-1.53,2994492,146.3108,147.7836,144.5200
2022/03/03,147.7954,0.5011,-0.34,2862497,149.8182,150.0409,145.6520
2022/03/02,148.2965,2.6631,+1.83,2779060,146.1159,149.8832,145.7819
2022/03/01,145.6334,3.0992,-2.08,4054108,148.0274,149.1594,144.3344
2022/02/28,148.7326,1.6981,-1.13,3887152,149.6976,149.6976,145.9025
2022/02/25,150.4307,2.1620,+1.46,2954606,148.3522,150.4863,146.3015
2022/02/24,148.2687,3.7673,+2.61,4474863,143.2023,148.4635,141.0635
2022/02/23,144.5014,4.0537,-2.73,5509095,149.6539,150.9744,144.2059
2022/02/22,148.5551,0.4802,+0.32,4623832,146.7268,150.4019,146.1635
2022/02/18,148.0749,0.0647,-0.04,4246991,148.7675,150.2357,146.4221
2022/02/17,148.1396,7.3040,-4.70,5092828,153.4029,153.5322,148.0472
2022/02/16,155.4436,5.8174,+3.89,6308722,149.4877,155.9514,149.1922
2022/02/15,149.6262,7.4425,+5.23,5318576,145.2216,149.9032,145.0647
2022/02/14,142.1837,0.0739,+0.05,4875135,143.0517,145.0554,139.9121
2022/02/11,142.1098,7.1748,-4.81,5908116,149.5523,150.7676,141.3526
2022/02/10,149.2846,6.0389,-3.89,3749833,151.2699,155.4343,148.6936
2022/02/09,155.3235,4.6908,+3.11,3474026,152.7103,155.4436,150.9559
2022/02/08,150.6327,2.1330,+1.44,3436511,148.6013,151.1406,148.1119
2022/02/07,148.4997,0.1939,-0.13,2646202,148.7398,150.7435,148.0195
2022/02/04,148.6936,0.9141,-0.61,5603714,147.8810,149.9402,144.7599
2022/02/03,149.6077,6.3622,-4.08,4821595,152.9504,154.7787,149.1922
2022/02/02,155.9699,3.2688,+2.14,3058880,152.7565,156.4501,152.2671
2022/02/01,152.7011,1.2927,+0.85,3290004,151.5284,152.8211,148.7121
2022/01/31,151.4084,4.9309,+3.37,4878646,146.1912,151.6484,145.1662
2022/01/28,146.4775,3.7305,+2.61,4158265,142.3130,146.5513,139.5982
2022/01/27,142.7470,4.7831,-3.24,5081804,150.1433,151.2052,142.2391
2022/01/26,147.5301,3.6935,+2.57,6335333,146.8191,152.4518,145.2863
2022/01/25,143.8366,5.2356,-3.51,4401344,145.3325,147.3630,143.5134
2022/01/24,149.0722,1.7729,+1.20,7218151,146.8283,149.3307,139.8614
2022/01/21,147.2993,0.8218,+0.56,6007712,146.6529,150.2172,144.9354
2022/01/20,146.4775,4.0906,-2.72,4355040,151.2699,152.1378,146.4498
2022/01/19,150.5681,3.1764,-2.07,4046611,154.2986,155.8545,150.4850
2022/01/18,153.7445,5.0787,-3.20,4509654,155.7668,157.0872,153.4398
2022/01/14,158.8232,2.0499,+1.31,3107719,155.5126,158.9340,155.2143
2022/01/13,156.7733,3.6658,-2.28,4282024,162.1566,162.7661,156.2746
2022/01/12,160.4391,0.1108,+0.07,2158811,161.9535,161.9535,158.7955
2022/01/11,160.3283,2.9825,+1.90,4103710,155.8406,160.6977,155.5544
2022/01/10,157.3458,1.4405,+0.92,6516341,155.2357,157.6459,152.7103
2022/01/07,155.9053,4.2014,-2.62,7307354,159.8401,160.4484,153.2868
2022/01/06,160.1067,0.5079,+0.32,3882043,159.8389,161.5564,158.8632
2022/01/05,159.5988,2.5024,-1.54,3958572,161.8895,163.6064,159.4973
2022/01/04,162.1012,1.4774,-0.90,4211928,164.0680,165.7671,160.7808
2022/01/03,163.5786,1.2742,+0.79,2888762,161.7503,163.9896,161.3625
2021/12/31,162.3044,0.9142,+0.57,2076223,161.3625,163.1262,161.2055
2021/12/30,161.3902,0.6833,-0.42,1774584,162.5167,163.4032,161.1040
2021/12/29,162.0735,1.0526,+0.65,1825324,161.1594,163.0227,161.1594
2021/12/28,161.0209,1.0065,-0.62,1770424,162.9046,163.2462,160.6977
2021/12/27,162.0274,2.5948,+1.63,2312207,159.7558,162.0828,159.7558
2021/12/23,159.4326,0.3416,+0.21,2194293,159.5619,161.0763,159.3495
2021/12/22,159.0910,0.1939,+0.12,2193565,158.5000,159.4001,157.8767
2021/12/21,158.8971,3.4720,+2.23,3268504,157.0826,159.1371,155.9884
2021/12/20,155.4251,1.6529,-1.05,4426600,154.0539,156.1638,153.6060
2021/12/17,157.0780,2.2992,-1.44,8309035,158.0106,159.2110,156.0900
2021/12/16,159.3772,6.3991,-3.86,5216938,166.3488,166.9490,158.9709
2021/12/15,165.7763,3.0010,+1.84,3897254,164.0034,165.9148,160.7992
2021/12/14,162.7753,2.0222,-1.23,4083927,163.3940,164.5851,160.2914
2021/12/13,164.7975,4.5800,-2.70,4827584,169.3960,170.5087,164.5667
2021/12/10,169.3775,0.2309,-0.14,2784190,172.1292,172.2124,167.2537
2021/12/09,169.6084,2.3823,-1.39,3744706,170.7626,173.2835,169.4237
2021/12/08,171.9907,0.3509,-0.20,3430817,171.5290,172.2308,170.2086
2021/12/07,172.3416,5.1525,+3.08,5252443,169.5992,173.3112,169.5253
2021/12/06,167.1891,0.2493,+0.15,4264940,168.3526,168.6758,162.6922
2021/12/03,166.9398,0.1478,+0.09,3204129,168.9528,169.8577,165.0191
2021/12/02,166.7920,0.4432,+0.27,4110450,166.2103,168.5465,164.3635
2021/12/01,166.3488,0.5427,+0.33,5252252,167.6734,173.1144,166.1740
2021/11/30,165.8061,2.7136,-1.61,4959168,167.9770,169.4948,164.5735
2021/11/29,168.5197,4.7833,+2.92,4755955,166.0729,168.9704,164.1503
2021/11/26,163.7364,4.1118,-2.45,2760277,164.6563,165.9533,162.6142
2021/11/24,167.8482,0.0184,+0.01,3168740,166.9099,167.8850,165.2726
2021/11/23,167.8298,2.8056,-1.64,5409931,171.3253,172.9351,165.7877
2021/11/22,170.6354,3.0356,-1.75,5684516,174.7748,176.5685,170.5066
2021/11/19,173.6710,0.6531,+0.38,3587292,173.0179,174.7748,172.6775
2021/11/18,173.0179,0.9659,+0.56,2274101,173.0271,173.5698,171.0861
2021/11/17,172.0520,0.5795,-0.34,2437762,172.9627,173.0271,170.6722
2021/11/16,172.6315,2.4008,+1.41,2311518,169.7891,172.7971,169.7155
2021/11/15,170.2307,0.2484,+0.15,1453678,170.8378,170.8378,169.0164
2021/11/12,169.9823,1.5546,+0.92,2008593,168.8601,170.8194,167.0019
2021/11/11,168.4277,2.0605,+1.24,1851641,168.5473,168.6761,165.9717
2021/11/10,166.3672,3.8083,-2.24,2973850,168.3357,170.6354,165.6129
2021/11/09,170.1755,0.4968,+0.29,2727006,169.5486,170.9942,168.1665
2021/11/08,169.6787,0.2575,+0.15,2807263,168.7681,171.0401,168.6669
2021/11/05,169.4212,3.1736,+1.91,3713244,169.0256,171.1873,167.5952
2021/11/04,166.2476,1.7753,+1.08,5710248,164.6563,166.4592,162.1266
2021/11/03,164.4723,0.7911,+0.48,2171771,163.2029,164.9046,161.7771
2021/11/02,163.6812,2.7136,+1.69,2615458,160.9676,163.9664,160.7008
2021/11/01,160.9676,1.3798,+0.86,2370679,159.3026,161.2022,159.0575
2021/10/29,159.5878,0.9475,+0.60,3410673,157.6653,159.9281,156.9202
2021/10/28,158.6403,1.8397,+1.17,3023371,158.4564,160.3789,157.7849
2021/10/27,156.8006,8.6651,-5.24,6809562,160.1581,160.9768,156.3775
2021/10/26,165.4657,0.5888,-0.35,2401647,167.3883,167.7709,165.2450
2021/10/25,166.0545,1.9318,+1.18,2715832,164.2699,166.5880,164.1227
2021/10/22,164.1227,0.3588,-0.22,3342077,164.8770,166.2844,163.4420
2021/10/21,164.4815,1.7386,+1.07,2983038,162.5038,164.7023,162.0254
2021/10/20,162.7429,0.2667,+0.16,3289375,162.7337,163.6076,161.8231
2021/10/19,162.4762,3.0356,+1.90,3627377,159.8178,162.5866,158.7231
2021/10/18,159.4406,1.1866,+0.75,2762857,156.7270,159.7442,156.1199
2021/10/15,158.2540,3.5323,+2.28,3138515,156.4051,158.3092,156.1153
2021/10/14,154.7217,3.5415,+2.34,5482671,153.1763,155.0896,152.8176
2021/10/13,151.1802,0.3035,+0.20,3714232,152.6612,153.3511,150.4627
2021/10/12,150.8767,3.5690,-2.31,3280959,155.0069,155.9819,150.6927
2021/10/11,154.4457,0.6623,-0.43,2136060,154.6481,157.7941,154.3537
2021/10/08,155.1080,1.5085,+0.98,3419971,154.9793,155.4116,153.3235
2021/10/07,153.5995,0.8555,+0.56,2363491,154.0134,155.7244,153.3741
2021/10/06,152.7440,0.6255,+0.41,2993884,150.6559,152.9464,150.0672
2021/10/05,152.1185,1.0211,+0.68,3151611,151.9989,153.3649,150.8215
2021/10/04,151.0974,2.8608,-1.86,5846000,153.3787,154.2618,150.5363
2021/10/01,153.9582,0.1012,-0.07,3858391,154.3813,155.3472,151.5574
2021/09/30,154.0594,1.2510,-0.81,5240575,156.7086,157.5365,153.9490
2021/09/29,155.3104,2.2537,-1.43,3803210,156.8742,158.0608,154.6481
2021/09/28,157.5641,5.1696,-3.18,5972551,158.4702,160.8637,157.4629
2021/09/27,162.7337,1.4902,-0.91,4888988,163.0649,163.8541,161.5287
2021/09/24,164.2239,1.1958,+0.73,2601897,162.4026,164.5091,161.7495
2021/09/23,163.0281,3.1092,+1.94,3687412,160.5169,163.5432,160.1949
2021/09/22,159.9189,3.0171,+1.92,3788085,158.2172,160.2961,157.5089
2021/09/21,156.9018,1.0027,+0.64,4360807,157.1317,157.8860,154.7585
2021/09/20,155.8991,1.8766,-1.19,11077312,156.4694,157.0766,153.6455
2021/09/17,157.7757,1.5545,-0.98,14193759,157.6653,159.1509,156.6442
2021/09/16,159.3302,0.8003,-0.50,4981967,158.6127,160.4801,158.6127
2021/09/15,160.1305,0.5611,+0.35,4890401,160.0017,160.4801,158.2908
2021/09/14,159.5694,0.6071,+0.38,5800289,159.6338,160.1489,157.7941
2021/09/13,158.9623,2.6400,+1.69,8079086,157.8400,159.2658,156.6488
2021/09/10,156.3223,1.0395,+0.67,4653819,156.0095,158.3000,155.9635
2021/09/09,155.2828,4.7281,+3.14,8264051,150.1868,156.4970,150.1868
2021/09/08,150.5547,0.3679,+0.24,5022584,150.5869,152.3944,149.3865
2021/09/07,150.1868,0.7635,+0.51,5579217,149.6256,150.6191,149.1519
2021/09/03,149.4233,0.1655,-0.11,2593418,149.4968,150.3937,148.7748
2021/09/02,149.5888,1.3890,+0.94,4908033,149.1381,149.8832,148.3029
2021/09/01,148.1998,1.6926,-1.13,7081063,150.6467,151.0422,148.1354
2021/08/31,149.8924,3.7071,-2.41,9932477,152.8360,153.1763,148.4114
2021/08/30,153.5995,0.4600,+0.30,5328687,153.5857,154.7861,153.2959
2021/08/27,153.1395,0.8095,-0.53,9932043,153.8938,156.2027,152.8544
2021/08/26,153.9490,3.7255,+2.48,7942990,151.7781,154.9793,150.5731
2021/08/25,150.2235,1.6946,-1.12,20913195,152.1563,153.8234,149.3808
2021/08/24,151.9181,3.4625,-2.23,8883253,155.5730,156.0493,150.9105
2021/08/23,155.3806,2.7388,+1.79,14700440,155.9394,158.2843,152.1105
2021/08/20,152.6418,0.1374,-0.09,3180132,152.8525,154.0524,151.2037
2021/08/19,152.7792,0.9252,+0.61,3767594,151.2495,152.9441,149.8113
2021/08/18,151.8540,0.4763,-0.31,5952827,151.0479,153.9242,147.7366
2021/08/17,152.3303,4.3693,-2.79,5014158,155.8478,155.8478,151.7441
2021/08/16,156.6996,0.9068,+0.58,2361585,155.3806,157.1485,155.2340
2021/08/13,155.7928,1.3740,+0.89,2227822,155.1241,156.4248,154.2448
2021/08/12,154.4188,1.7221,-1.10,2797044,155.2615,155.4539,152.5685
2021/08/11,156.1409,0.4946,-0.32,2124937,157.5882,157.6321,154.5104
2021/08/10,156.6355,0.2840,-0.18,2122073,156.9195,157.2172,154.8035
2021/08/09,156.9195,0.1649,+0.11,2817467,156.6905,158.0370,155.1562
2021/08/06,156.7546,1.0992,+0.71,3454408,154.6478,157.4508,154.2265
2021/08/05,155.6554,2.4274,-1.54,3786340,158.9805,159.1728,154.6478
2021/08/04,158.0828,3.5724,+2.31,11136649,154.5654,160.5285,154.4371
2021/08/03,154.5104,0.9709,+0.63,3571205,154.2265,154.8219,151.6800
2021/08/02,153.5395,0.1832,+0.12,3080842,154.4738,156.9378,153.3105
2021/07/30,153.3563,0.8061,+0.53,2924497,151.6708,154.0707,151.2678
2021/07/29,152.5502,2.2900,+1.52,3454926,150.9380,153.1181,150.7182
2021/07/28,150.2602,1.3282,+0.89,3965541,149.6007,150.8189,149.1610
2021/07/27,148.9320,1.1999,-0.80,4451695,149.7747,149.9945,146.1382
2021/07/26,150.1319,0.3206,+0.21,1892618,147.7229,150.5350,147.7229
2021/07/23,149.8113,1.4014,+0.94,2378557,149.5182,150.0770,148.0893
2021/07/22,148.4099,2.5831,-1.71,3549159,148.6297,149.3350,147.3198
2021/07/21,150.9930,3.5999,+2.44,2266751,147.7412,150.9930,147.2740
2021/07/20,147.3931,1.7679,+1.21,3090729,145.9550,148.2175,144.6543
2021/07/19,145.6252,1.3374,-0.91,3026221,145.3871,146.2023,143.3994
2021/07/16,146.9626,2.9495,-1.97,2493604,150.2144,150.9105,146.7977
2021/07/15,149.9121,2.2900,-1.50,3827445,151.9731,151.9731,148.6847
2021/07/14,152.2021,1.0076,-0.66,2197384,154.5013,155.7195,151.9365
2021/07/13,153.2097,0.2656,-0.17,2322230,152.9899,154.2173,152.0326
2021/07/12,153.4753,1.1724,+0.77,2264176,152.5319,153.5395,151.7533
2021/07/09,152.3029,2.1618,+1.44,2561468,150.1869,152.6143,149.0694
2021/07/08,150.1411,1.3923,-0.92,3441629,148.6755,150.4983,146.7244
2021/07/07,151.5334,2.6473,-1.72,4590262,155.0509,155.1974,150.8098
2021/07/06,154.1807,2.1525,-1.38,2503782,157.1210,157.1210,152.7425
2021/07/02,156.3332,1.3739,+0.89,1706833,155.9852,156.8453,155.3806
2021/07/01,154.9593,2.7388,-1.74,3127795,157.5790,157.6340,154.7028
2021/06/30,157.6981,0.6962,+0.44,3225334,156.7729,157.9637,155.9027
2021/06/29,157.0019,0.7603,+0.49,2315942,155.9760,157.4050,155.6279
2021/06/28,156.2416,2.6655,+1.74,2473727,154.7486,156.7821,154.2906
2021/06/25,153.5761,0.5679,+0.37,3230922,153.4534,155.2340,153.0357
2021/06/24,153.0082,3.1236,+2.08,2248832,152.2387,153.2189,151.3594
2021/06/23,149.8846,0.0367,-0.02,2463976,149.8846,151.0754,149.3075
2021/06/22,149.9213,0.4396,-0.29,3257475,149.8068,150.4067,148.7863
2021/06/21,150.3609,1.7953,+1.21,3245816,148.9137,150.5075,148.5564
2021/06/18,148.5656,3.6915,-2.42,4297528,151.4510,151.4510,147.9061
2021/06/17,152.2571,0.1832,+0.12,2610943,152.0759,154.0891,151.2220
2021/06/16,152.0739,1.4656,-0.95,2577648,153.9425,154.4646,150.6356
2021/06/15,153.5395,0.7511,-0.49,2596059,154.2814,154.7348,153.0540
2021/06/14,154.2906,0.7695,+0.50,3008222,153.6769,154.2906,151.8540
2021/06/11,153.5211,0.2381,+0.16,2601879,153.6036,153.6494,152.4586
2021/06/10,153.2830,0.8885,+0.58,3172321,153.1456,153.7685,150.8556
2021/06/09,152.3945,1.3374,+0.89,3543042,151.5243,152.8891,151.0846
2021/06/08,151.0571,0.3939,+0.26,2660621,152.5227,152.5227,149.5274
2021/06/07,150.6632,1.0076,-0.66,2182536,150.8281,151.6617,150.2327
2021/06/04,151.6708,3.2151,+2.17,2667267,148.7488,152.1929,148.7488
2021/06/03,148.4557,2.2258,-1.48,2787979,148.0572,149.9762,147.4939
2021/06/02,150.6815,0.7419,+0.49,2261816,150.0953,151.4327,149.6373
2021/06/01,149.9396,0.8335,-0.55,3255435,150.0037,152.3487,148.5473
2021/05/28,150.7731,1.2732,+0.85,3002401,149.9762,151.7076,149.3808
2021/05/27,149.4999,0.0183,+0.01,3787307,149.4816,151.4601,149.2526
2021/05/26,149.4816,0.1460,+0.10,4403214,149.3356,150.6491,148.3779
2021/05/25,149.3356,1.1036,+0.74,3647820,149.8738,150.6582,148.3961
2021/05/24,148.2320,2.8733,+1.98,3765513,146.8455,148.6652,146.6083
2021/05/21,145.3587,0.1003,-0.07,3866368,145.6597,146.6448,145.0121
2021/05/20,145.4590,5.7920,+4.15,6563146,141.7193,147.0371,141.2632
2021/05/19,139.6670,6.5948,+4.96,7746759,132.9810,139.8585,131.4121
2021/05/18,133.0722,2.0158,-1.49,4629790,136.4653,136.6295,132.9992
2021/05/17,135.0880,1.3773,-1.01,5569135,135.3297,135.7466,133.0175
2021/05/14,136.4653,2.7181,+2.03,5319457,134.9877,137.5234,133.7472
2021/05/13,133.7472,0.5291,+0.40,4443656,134.6411,136.2099,132.8259
2021/05/12,133.2181,4.3692,-3.18,5188888,134.4495,135.9181,132.8533
2021/05/11,137.5873,0.0456,+0.03,5090382,135.3069,138.7229,134.8600
2021/05/10,137.5417,5.9015,-4.11,4530447,143.0510,143.3611,137.5143
2021/05/07,143.4432,1.6783,+1.18,2967302,142.9051,144.4375,142.3122
2021/05/06,141.7649,1.3591,+0.97,5235147,140.4605,142.7317,139.4298
2021/05/05,140.4058,1.8425,+1.33,4840749,139.8129,141.5825,138.9190
2021/05/04,138.5633,0.5382,+0.39,4220525,136.8211,138.6454,135.4985
2021/05/03,138.0251,1.6783,-1.20,3580000,140.4696,140.6338,137.4550
2021/04/30,139.7034,4.4239,-3.07,4423684,141.8743,142.5721,139.1653
2021/04/29,144.1273,1.7787,+1.25,6394863,142.7865,144.2185,140.4788
2021/04/28,142.3486,3.1834,-2.19,3622858,144.5743,144.8114,141.4137
2021/04/27,145.5320,0.9943,-0.68,3543864,147.1648,147.6938,145.4590
2021/04/26,146.5263,1.4777,+1.02,2966103,144.6928,147.6755,144.3645
2021/04/23,145.0486,3.3293,+2.35,3744459,142.9324,145.9151,142.3943
2021/04/22,141.7193,2.6634,-1.84,2727492,143.4523,144.2368,141.2997
2021/04/21,144.3827,3.4844,+2.47,2974444,141.8287,144.4283,140.5791
2021/04/20,140.8983,2.2257,-1.56,2565041,141.2906,142.5311,140.0774
2021/04/19,143.1240,2.3715,-1.63,3733006,144.5560,145.0303,142.0203
2021/04/16,145.4955,1.0946,-0.75,2041371,146.8455,147.1556,145.1580
2021/04/15,146.5901,2.0523,+1.42,1990956,145.9425,147.1465,144.7476
2021/04/14,144.5378,0.6385,-0.44,1750167,143.8537,146.5171,143.7990
2021/04/13,145.1763,0.5199,-0.36,1868813,146.4442,146.8090,143.5344
2021/04/12,145.6962,1.3773,-0.94,2221964,146.5263,146.7543,144.9939
2021/04/09,147.0735,0.8027,-0.54,2467267,146.6722,147.7394,146.0975
2021/04/08,147.8762,2.4354,+1.67,2849940,147.4201,147.9766,145.4864
2021/04/07,145.4408,2.0614,-1.40,2261520,147.4749,147.7485,144.6928
2021/04/06,147.5022,1.6237,-1.09,2655360,148.0404,148.7610,145.7236
2021/04/05,149.1259,2.8368,+1.94,2881544,147.9127,149.5013,146.4898
2021/04/01,146.2891,4.8343,+3.42,3668071,143.5527,146.3894,143.0966
2021/03/31,141.4548,2.2530,+1.62,3790068,140.6703,142.3943,140.1139
2021/03/30,139.2018,1.1310,-0.81,2317728,138.7822,139.9497,138.1893
2021/03/29,140.3328,2.9736,-2.07,3016770,141.4091,142.4855,138.6636
2021/03/26,143.3064,6.5765,+4.81,4041267,135.3799,143.5436,134.9968
2021/03/25,136.7299,0.4925,-0.36,2987810,135.3981,137.6511,133.6377
2021/03/24,137.2224,0.0456,-0.03,3062027,138.9555,140.4423,137.0035
2021/03/23,137.2680,3.6577,-2.60,2746752,141.0078,141.3544,136.4836
2021/03/22,140.9257,2.3624,+1.70,3641581,139.7582,142.5858,139.7582
2021/03/19,138.5633,2.2439,+1.65,5070384,136.2738,139.7490,134.7596
2021/03/18,136.3194,4.2962,-3.06,4224576,138.0525,139.8129,136.1643
2021/03/17,140.6156,0.9851,+0.71,3127570,137.2042,141.2586,136.8849
2021/03/16,139.6305,1.8973,+1.38,2548459,138.9531,140.9348,138.5906
2021/03/15,137.7332,1.3317,+0.98,2316738,136.4745,137.8336,134.9603
2021/03/12,136.4015,1.3591,-0.99,4010931,135.5441,136.6660,134.5863
2021/03/11,137.7606,3.5756,+2.66,4891950,137.1403,138.7548,136.8120
2021/03/10,134.1850,2.1162,-1.55,3439616,138.0342,138.2075,134.1667
2021/03/09,136.3012,4.8982,+3.73,5704570,135.6627,137.8336,135.1519
2021/03/08,131.4030,4.3965,-3.24,4381315,134.7870,136.4197,131.1384
2021/03/05,135.7995,3.9770,+3.02,4429310,135.9089,136.4745,130.7918
2021/03/04,131.8225,4.9438,-3.61,5339136,136.0822,136.4471,129.7520
2021/03/03,136.7663,3.9679,-2.82,2922737,139.7126,141.3818,136.3832
2021/03/02,140.7342,3.9222,-2.71,3307050,145.4043,145.4043,140.4970
2021/03/01,144.6564,2.5267,+1.78,3711808,143.2790,144.8297,141.4091
2021/02/26,142.1297,1.9519,+1.39,6111066,142.8047,143.8902,138.8825
2021/02/25,140.1778,6.7407,-4.59,3598765,144.7567,146.0793,139.8220
2021/02/24,146.9185,3.6875,+2.57,3026597,142.1592,147.0638,140.9240
2021/02/23,143.2310,1.3987,-0.97,3327590,142.9222,144.1120,139.2438
2021/02/22,144.6297,4.1416,-2.78,3864826,147.4180,148.4194,143.9303
2021/02/19,148.7713,5.1861,+3.61,3241433,145.8922,149.3163,145.3200
2021/02/18,143.5852,1.5077,-1.04,4193182,143.4490,144.2028,141.3781
2021/02/17,145.0929,0.6721,-0.46,4201428,142.7314,147.2364,140.7787
2021/02/16,145.7650,0.2634,-0.18,3492886,147.9085,148.9075,145.6469
2021/02/12,146.0284,1.7983,+1.25,2629138,144.4026,146.5915,143.4217
2021/02/11,144.2301,5.0590,+3.64,3282781,140.4245,144.4253,140.4245
2021/02/10,139.1711,0.3451,+0.25,1939819,140.5062,140.5880,137.6907
2021/02/09,138.8260,0.3179,-0.23,1859941,138.6897,139.4254,137.8110
2021/02/08,139.1439,4.0327,+2.98,2527953,136.3828,139.2347,135.1112
2021/02/05,135.1112,1.5985,-1.17,2388471,137.7996,137.9904,134.9750
2021/02/04,136.7097,2.6702,+1.99,2232407,134.2666,136.8278,133.5127
2021/02/03,134.0395,3.8964,-2.82,2976706,138.0540,138.4263,133.9305
2021/02/02,137.9359,0.0091,-0.01,2792902,138.9804,140.0975,137.1344
2021/02/01,137.9450,4.1326,+3.09,3257483,134.7298,138.2901,133.8079
2021/01/29,133.8124,1.7075,-1.26,3867613,134.9477,135.8106,133.1948
2021/01/28,135.5199,1.5712,+1.17,4791595,136.5735,137.9268,134.8279
2021/01/27,133.9487,6.7755,-4.81,6214769,137.2274,138.7987,133.2847
2021/01/26,140.7242,1.1081,+0.79,2564392,139.8069,141.2601,138.0851
2021/01/25,139.6161,1.6894,-1.20,4070587,142.5952,142.8586,138.4990
2021/01/22,141.3055,3.3696,-2.33,3465078,143.2582,144.3595,141.1602
2021/01/21,144.6751,0.4905,-0.34,2718951,145.8740,146.1646,143.1038
2021/01/20,145.1656,0.6448,-0.44,2528188,146.6188,148.0265,144.9385
2021/01/19,145.8104,2.5340,+1.77,3294329,143.9167,146.2010,143.7759
2021/01/15,143.2764,1.5531,-1.07,2574196,143.5307,144.4662,141.2601
2021/01/14,144.8295,0.8901,+0.62,2232969,144.5752,146.0602,144.5752
2021/01/13,143.9394,0.5540,-0.38,2887808,145.3200,146.9366,143.6397
2021/01/12,144.4934,0.7175,+0.50,2833831,142.6043,144.7205,142.1592
2021/01/11,143.7759,1.4168,+1.00,2873652,141.8050,144.5934,140.7882
2021/01/08,142.3591,1.0264,+0.73,4629740,141.7051,145.1474,141.5235
2021/01/07,141.3327,5.7310,+4.23,2930106,137.8996,141.8777,137.2729
2021/01/06,135.6017,0.6085,+0.45,2750520,134.1757,138.3173,133.6126
2021/01/05,134.9932,2.3706,+1.79,1666598,132.3956,135.0295,131.8240
2021/01/04,132.6226,1.5531,-1.16,2748850,134.8297,136.7325,131.3511
2020/12/31,134.1757,1.4078,+1.06,1791113,133.0586,134.2666,132.3320
2020/12/30,132.7679,2.2887,+1.75,1253809,131.3783,133.1585,131.2421
2020/12/29,130.4792,0.9264,-0.70,1245184,131.8597,131.9142,129.6436
2020/12/28,131.4056,0.1908,+0.15,1795543,132.9768,133.9487,131.1876
2020/12/24,131.2148,1.1353,+0.87,513499,130.8879,131.2239,129.8888
2020/12/23,130.0795,0.9628,-0.73,2423277,131.5146,132.2593,129.9524
2020/12/22,131.0423,1.5350,+1.19,2382250,129.6345,131.4056,129.5800
2020/12/21,129.5073,1.7893,-1.36,2011961,128.7262,130.2339,128.3448
2020/12/18,131.2966,0.7085,+0.54,4658189,131.1331,131.6962,130.2793
2020/12/17,130.5881,0.8900,+0.69,2592003,130.3792,130.6699,129.5255
2020/12/16,129.6981,1.1444,-0.87,1743256,131.4782,131.4782,128.5809
2020/12/15,130.8425,1.5713,+1.22,2812507,131.9324,131.9324,130.3248
2020/12/14,129.2712,1.0718,+0.84,2438103,129.0260,130.7244,128.6581
2020/12/11,128.1994,0.1181,-0.09,3540829,127.1913,129.0214,126.6918
2020/12/10,128.3175,0.4541,-0.35,2977541,127.6727,129.5800,127.2821
2020/12/09,128.7716,3.9509,-2.98,3324556,132.0595,132.8837,127.9815
2020/12/08,132.7225,2.1979,+1.68,3124121,130.1068,132.8860,130.0704
2020/12/07,130.5246,0.2361,-0.18,1909681,131.4056,131.4056,129.4256
2020/12/04,130.7607,3.8328,+3.02,3687390,126.9279,130.9151,126.4374
2020/12/03,126.9279,0.2634,-0.21,1909246,127.6817,128.4469,126.5464
2020/12/02,127.1913,0.0633,-0.05,2425229,127.2365,128.0775,126.6578
2020/12/01,127.2546,1.4920,+1.19,3495862,126.5945,128.3216,125.5184
2020/11/30,125.7626,1.2027,+0.97,3329389,124.4695,125.9833,123.9722
2020/11/27,124.5599,1.6276,+1.32,1443991,124.8945,125.2833,124.0942
2020/11/25,122.9323,0.8500,-0.69,2256252,123.5291,124.7408,122.0372
2020/11/24,123.7823,0.1627,-0.13,5173531,124.5057,124.7137,120.1201
2020/11/23,123.9450,1.9803,+1.62,3189584,122.3264,124.1892,122.2360
2020/11/20,121.9647,1.1665,-0.95,2538846,123.5381,123.8004,121.7839
2020/11/19,123.1312,2.6585,+2.21,2735949,119.0531,123.1855,118.9084
2020/11/18,120.4727,2.3872,-1.94,2609244,122.9323,123.4387,120.2376
2020/11/17,122.8599,1.9351,-1.55,3293489,123.8727,124.2932,122.2089
2020/11/16,124.7950,1.5734,+1.28,3796790,124.5871,126.7482,123.7099
2020/11/13,123.2216,0.7143,+0.58,2455518,124.2706,124.7227,122.6881
2020/11/12,122.5073,1.7181,-1.38,2226778,124.1982,124.5057,121.5217
2020/11/11,124.2254,2.3511,+1.93,2781596,122.5796,125.3647,122.5796
2020/11/10,121.8743,0.9404,-0.77,5244831,122.0733,123.7552,121.0786
2020/11/09,122.8147,2.0978,+1.74,5696546,125.2924,126.9381,122.7062
2020/11/06,120.7169,2.8032,+2.38,4218576,118.4382,120.9701,117.5520
2020/11/05,117.9137,4.0329,+3.54,4150717,115.2462,118.4111,114.7127
2020/11/04,113.8808,5.5973,+5.17,4164235,110.6707,114.2787,109.4319
2020/11/03,108.2835,1.1484,+1.07,2819924,108.0574,109.6896,107.8495
2020/11/02,107.1351,0.0452,-0.04,2704277,108.6362,108.6362,106.3575
2020/10/30,107.1803,0.0452,+0.04,3427329,106.0771,107.2979,105.1910
2020/10/29,107.1351,1.8175,+1.73,2964077,105.1006,108.0122,104.5661
2020/10/28,105.3176,3.4542,-3.18,3745895,107.5149,108.0936,105.0734
2020/10/27,108.7718,0.7596,-0.69,2737219,109.9473,110.4989,108.7175
2020/10/26,109.5314,2.7760,-2.47,2417741,111.5659,111.8101,108.3378
2020/10/23,112.3074,0.4973,-0.44,2548062,113.2297,113.6140,111.6292
2020/10/22,112.8047,0.0091,-0.01,2289759,112.6329,113.1574,111.1500
2020/10/21,112.8138,1.0309,+0.92,4415597,112.1989,113.7632,111.2223
2020/10/20,111.7829,0.9133,+0.82,3205879,111.1861,112.5968,110.7611
2020/10/19,110.8696,0.9314,-0.83,2644067,112.6872,113.2659,110.6119
2020/10/16,111.8010,0.3075,-0.27,2468918,112.8047,113.7723,111.7106
2020/10/15,112.1085,0.8500,+0.76,2248395,109.8117,112.6329,109.3234
2020/10/14,111.2585,0.4973,-0.44,1653234,111.8643,112.2984,110.7611
2020/10/13,111.7558,2.2787,-2.00,2697939,114.2515,114.3781,111.5117
2020/10/12,114.0345,2.5138,+2.25,3376453,112.7776,114.2244,112.1356
2020/10/09,111.5207,2.7037,+2.48,4406689,110.6165,112.4973,110.1010
2020/10/08,108.8170,1.5101,+1.41,4415891,108.4463,109.5042,107.8675
2020/10/07,107.3069,2.8303,+2.71,4706713,105.8872,107.5872,104.7027
2020/10/06,104.4766,0.9585,-0.91,4172550,104.8564,107.5420,104.0109
2020/10/05,105.4351,2.3420,+2.27,4881409,104.3139,105.5165,103.9567
2020/10/02,103.0931,4.5032,-4.19,3508620,105.3447,106.6559,103.0841
2020/10/01,107.5963,2.0346,+1.93,3420426,107.5872,108.1840,106.1314
2020/09/30,105.5617,0.0814,+0.08,3522364,105.5346,106.9271,105.0825
2020/09/29,105.4803,0.3708,-0.35,2547801,104.8835,106.6468,104.7479
2020/09/28,105.8511,3.2372,+3.15,2291058,104.2777,105.8601,103.7758
2020/09/25,102.6139,0.7234,+0.71,2536534,101.0676,102.7766,100.0639
2020/09/24,101.8905,0.1628,+0.16,2494305,101.2665,103.3734,100.7873
2020/09/23,101.7277,1.9894,-1.92,3483328,103.8889,104.5580,101.4384
2020/09/22,103.7171,0.6963,+0.68,2455167,103.2107,103.7623,102.0939
2020/09/21,103.0208,0.8861,-0.85,3630142,102.1527,103.1203,101.1671
2020/09/18,103.9069,0.5245,-0.50,6469389,104.9287,105.1638,103.1655
2020/09/17,104.4314,0.0633,-0.06,2806575,102.0080,104.5580,101.8172
2020/09/16,104.4947,0.4521,-0.43,2739066,105.8059,106.4569,104.3862
2020/09/15,104.9468,1.3021,+1.26,2474183,104.4585,105.7787,104.1240
2020/09/14,103.6447,0.7415,+0.72,2599865,104.6936,104.6936,102.8038
2020/09/11,102.9032,0.4250,-0.41,2611985,104.0968,104.7027,101.7277
2020/09/10,103.3282,1.0761,-1.03,2658472,104.7208,105.6612,102.7857
2020/09/09,104.4043,2.2878,+2.24,4090179,103.9522,105.1141,103.2740
2020/09/08,102.1165,4.0782,-3.84,5948662,103.4367,105.1096,101.9990
2020/09/04,106.1947,0.2894,+0.27,4165275,105.8963,107.0492,103.3101
2020/09/03,105.9053,4.2590,-3.87,6502939,109.7303,109.7393,105.5798
2020/09/02,110.1643,2.7760,+2.59,5704279,107.7229,110.7883,107.3793
2020/09/01,107.3883,1.7000,+1.61,3082474,106.5112,107.4878,105.6702
2020/08/31,105.6883,2.4415,-2.26,3260366,107.3793,107.5872,105.6160
2020/08/28,108.1298,0.4883,+0.45,2347940,107.7229,108.1659,106.9633
2020/08/27,107.6415,0.7686,-0.71,3378997,109.3686,109.3867,106.6559
2020/08/26,108.4101,0.5488,+0.51,3849498,107.8703,109.0758,107.0337
2020/08/25,107.8613,2.4019,+2.28,3342628,105.6124,107.9468,105.6124
2020/08/24,105.4594,1.0885,+1.04,2548151,105.4414,105.7383,104.5508
2020/08/21,104.3709,1.2864,-1.22,3397075,105.3155,105.4594,104.1190
2020/08/20,105.6573,0.6298,-0.59,3186927,105.9002,106.6019,104.9287
2020/08/19,106.2871,0.2429,+0.23,5249502,106.6019,107.4745,105.7119
2020/08/18,106.0442,0.3959,+0.37,6356214,106.1611,106.7728,105.4234
2020/08/17,105.6483,0.2339,+0.22,2881935,106.5389,106.6005,105.4774
2020/08/14,105.4144,0.8367,-0.79,2311924,106.6649,107.1057,105.3155
2020/08/13,106.2511,0.9985,-0.93,3217474,106.3725,107.1732,105.7473
2020/08/12,107.2496,2.3929,+2.28,4003949,105.4324,107.5645,105.0276
2020/08/11,104.8567,0.1799,-0.17,4797813,105.5404,107.4385,104.6498
2020/08/10,105.0366,0.3958,+0.38,3792911,104.5688,105.5314,103.8671
2020/08/07,104.6408,0.3778,-0.36,2346400,105.1356,105.5224,103.9211
2020/08/06,105.0186,0.5127,+0.49,2555847,104.4519,105.3875,103.5163
2020/08/05,104.5059,0.9085,-0.86,3462893,104.8747,105.0186,103.3904
2020/08/04,105.4144,0.5487,+0.52,3679726,104.6858,106.1881,104.4609
2020/08/03,104.8657,1.5473,+1.50,3410644,104.2360,105.0816,103.5523
2020/07/31,103.3184,1.3044,-1.25,3660847,104.8297,104.8297,101.9870
2020/07/30,104.6228,1.1065,-1.05,3517249,103.2194,104.8567,102.7067
2020/07/29,105.7293,1.8891,+1.82,4384686,104.3169,105.9317,104.0021
2020/07/28,103.8402,0.3328,-0.32,4884036,103.2464,104.3439,102.3468
2020/07/27,104.1730,3.2295,+3.20,4421480,101.7621,104.4249,101.5732
2020/07/24,100.9435,0.2429,+0.24,4153041,99.8460,102.5222,99.7110
2020/07/23,100.7006,1.7452,-1.70,4686837,102.1579,102.5447,99.3782
2020/07/22,102.4458,0.6297,-0.61,4747993,103.1295,103.4623,101.6991
2020/07/21,103.0755,2.2310,-2.12,5596339,105.5134,105.6933,102.4548
2020/07/20,105.3065,0.2789,+0.27,3926466,105.2885,106.0172,103.9391
2020/07/17,105.0276,0.6927,+0.66,3011586,104.7667,105.4054,104.1370
2020/07/16,104.3349,1.7273,-1.63,4649930,105.0006,105.1626,103.3724
2020/07/15,106.0622,0.0989,-0.09,4623437,107.2856,107.3756,105.2165
2020/07/14,106.1611,0.6837,+0.65,6974322,104.5238,106.4040,102.3828
2020/07/13,105.4774,6.5221,-5.82,15918260,109.5076,110.5871,104.7667
2020/07/10,111.9995,0.2249,+0.20,1966478,111.9185,112.5212,110.4792
2020/07/09,111.7746,1.2505,+1.13,2046391,110.1733,112.4808,108.8869
2020/07/08,110.5241,0.2159,+0.20,2021902,110.7131,111.1853,108.8419
2020/07/07,110.3082,0.8996,-0.81,2134633,109.4716,111.8772,109.3367
2020/07/06,111.2078,2.1410,+1.96,1415366,110.6141,112.1344,110.5421
2020/07/02,109.0668,0.7827,+0.72,1805390,110.1193,110.4792,108.6170
2020/07/01,108.2841,2.0421,-1.85,1764666,110.0114,110.1283,108.2212
2020/06/30,110.3262,3.2745,+3.06,2668441,107.5195,110.8300,107.0607
2020/06/29,107.0517,1.0165,+0.96,1563098,106.9707,107.3306,105.3515
2020/06/26,106.0352,2.0061,-1.86,2516847,107.8344,107.9693,105.3785
2020/06/25,108.0413,0.5668,+0.53,2011057,107.7894,108.2212,105.8013
2020/06/24,107.4745,3.4005,-3.07,2337664,110.0923,110.2992,106.7189
2020/06/23,110.8750,2.4739,+2.28,2994571,110.2003,112.0085,108.8239
2020/06/22,108.4011,0.2879,+0.27,2261652,107.9693,108.6080,106.4625
2020/06/19,108.1132,2.3660,-2.14,4997470,111.9005,111.9005,107.8973
2020/06/18,110.4792,0.2519,+0.23,1388039,110.0743,111.0729,109.7415
2020/06/17,110.2273,0.1439,-0.13,1643939,110.2812,111.3158,109.6155
2020/06/16,110.3712,3.7693,+3.54,3008447,111.2168,111.8645,108.1312
2020/06/15,106.6019,0.0810,+0.08,1884799,104.4879,106.7548,103.5163
2020/06/12,106.5209,2.4828,+2.39,3488979,107.5105,107.6814,103.9031
2020/06/11,104.0381,6.5040,-5.88,3568947,108.8149,109.0101,103.8402
2020/06/10,110.5421,0.4543,-0.41,2103923,111.7206,112.0714,109.7370
2020/06/09,110.9964,0.2924,-0.26,2747384,109.7955,111.8735,109.3637
2020/06/08,111.2888,0.7916,-0.71,2011818,112.4493,112.7641,110.4927
2020/06/05,112.0804,1.9881,+1.81,3946094,112.3143,114.5993,111.5137
2020/06/04,110.0923,0.6837,+0.62,1837694,107.8344,110.5241,107.8344
2020/06/03,109.4086,4.3360,+4.13,4182269,106.9212,110.5331,106.5030
2020/06/02,105.0726,3.6164,+3.56,3460226,101.6541,105.1356,101.1504
2020/06/01,101.4562,0.1530,-0.15,1344498,101.0874,102.0500,100.1518
2020/05/29,101.6092,1.7902,+1.79,3238503,100.1338,101.9330,99.3242
2020/05/28,99.8190,2.7887,-2.72,2528070,102.7067,102.8776,99.3692
2020/05/27,102.6077,1.7716,+1.76,2040712,101.8382,103.2430,99.8743
2020/05/26,100.8361,1.4673,+1.48,2361058,101.8830,103.1088,100.7019
2020/05/22,99.3688,0.0448,+0.05,1972710,99.1004,100.0309,97.9909
2020/05/21,99.3240,3.1853,-3.11,3376496,101.4803,102.2140,98.5098
2020/05/20,102.5093,7.3726,+7.75,5312782,99.9366,103.4040,99.1899
2020/05/19,95.1367,1.7984,-1.86,4014005,96.4609,98.7604,94.9399
2020/05/18,96.9351,5.8515,+6.42,2834848,94.0183,97.6688,93.5575
2020/05/15,91.0836,3.3015,-3.50,4736075,92.2020,92.6583,89.5536
2020/05/14,94.3851,1.5121,+1.63,2294514,92.6136,94.4567,89.8846
2020/05/13,92.8730,2.5053,-2.63,2760769,95.2978,96.0762,91.5846
2020/05/12,95.3783,1.6284,-1.68,2255990,97.8656,99.0064,95.2441
2020/05/11,97.0067,1.2616,-1.28,1605608,96.6667,97.9193,95.9599
2020/05/08,98.2683,3.1137,+3.27,1437552,95.8435,98.3041,95.2888
2020/05/07,95.1546,0.9842,+1.05,1299430,95.7004,96.3983,94.6893
2020/05/06,94.1704,0.6174,-0.65,1485038,95.5841,96.3625,93.7678
