일자,종가,대비,등락률,거래량,시가,고가,저가
2026/09/17,218.6400,1.6700,-0.76,1275623,218.7600,220.5300,216.4000
2026/09/16,220.3100,6.1900,-2.73,1889512,222.5600,225.6200,219.1900
2026/09/15,226.5000,2.4300,-1.06,3386037,223.7220,232.6400,222.5400
2026/09/14,228.9300,16.5300,+7.78,2785114,219.4900,230.4266,218.9200
2026/09/11,212.4000,0.7900,+0.37,1612629,210.5000,213.8200,209.0400
2026/09/10,211.6100,4.9900,+2.42,2246840,207.0000,213.8900,206.4200
2026/09/09,206.6200,5.5900,-2.63,2323713,212.0200,212.0300,206.3300
2026/09/08,212.2100,5.6900,-2.61,2975967,214.6300,214.7800,208.0850
2026/09/04,217.9000,19.6200,-8.26,3962401,232.0800,232.1350,216.2039
2026/09/03,237.5200,4.2100,-1.74,2378472,246.0100,250.4150,235.8750
2026/09/02,241.7300,5.9600,-2.41,1530154,246.7000,248.2700,241.0500
2026/09/01,247.6900,10.8400,-4.19,1814555,253.4800,256.3700,247.3450
2026/08/31,258.5300,2.1300,-0.82,1823712,257.7100,262.7500,257.4000
2026/08/28,260.6600,9.9200,-3.67,3438539,261.1600,267.0000,253.1600
2026/08/27,270.5800,15.8100,+6.21,3963239,261.4700,271.7200,260.2900
2026/08/26,254.7700,3.5600,+1.42,1738890,245.2700,256.6100,245.0800
2026/08/25,251.2100,3.2100,-1.26,1790264,251.4200,253.8750,248.9000
2026/08/24,254.4200,0.5950,+0.23,1408157,253.5800,257.0800,252.3200
2026/08/21,253.8250,2.8050,+1.12,1795364,251.0200,255.7800,246.5100
2026/08/20,251.0200,0.2700,-0.11,1482604,252.4700,255.8600,250.1900
2026/08/19,251.2900,4.5000,+1.82,1558327,243.8900,257.6300,243.8900
2026/08/18,246.7900,5.1500,+2.13,1645739,245.3100,252.3000,245.0000
2026/08/17,241.6400,10.0200,-3.98,1542213,248.2000,249.9800,241.3300
2026/08/14,251.6600,6.3000,-2.44,1395456,260.0000,260.7400,251.2900
2026/08/13,257.9600,8.4500,+3.39,2261420,250.0000,259.3550,242.8600
2026/08/12,249.5100,2.0800,-0.83,1415064,245.7100,250.6200,245.4600
2026/08/11,251.5900,4.4800,-1.75,1938073,251.5100,254.8600,249.8900
2026/08/10,256.0700,6.9900,+2.81,1679802,246.5150,257.2900,246.5150
2026/08/07,249.0800,6.6100,+2.73,1821188,245.0000,252.8850,245.0000
2026/08/06,242.4700,2.4400,+1.02,1359907,237.3600,243.0000,235.2600
2026/08/05,240.0300,2.8200,+1.19,1486114,238.4300,240.6400,235.4250
2026/08/04,237.2100,2.5000,+1.07,2114265,231.1900,237.7200,229.7000
2026/08/03,234.7100,0.5100,+0.22,1920226,239.6000,243.9400,233.8400
2026/07/31,234.2000,0.7700,-0.33,1949440,230.4400,235.0700,227.9900
2026/07/30,234.9700,10.2800,-4.19,2687988,238.0900,238.6900,231.7550
2026/07/29,245.2500,7.8700,+3.32,2432088,242.1700,249.1400,238.3200
2026/07/28,237.3800,11.4700,+5.08,3885839,231.4900,243.2500,229.4000
2026/07/27,225.9100,16.1600,+7.70,2599549,213.5100,227.6700,212.1900
2026/07/24,209.7500,4.4900,+2.19,2888592,208.7500,214.4500,204.4800
2026/07/23,205.2600,1.7600,+0.86,1838621,205.5500,207.0750,202.3700
2026/07/22,203.5000,7.6500,-3.62,1794314,211.9500,212.2900,202.1500
2026/07/21,211.1500,6.6500,-3.05,2093935,214.5100,217.6299,210.8800
2026/07/20,217.8000,0.5500,-0.25,1909591,215.0700,219.1400,211.9950
2026/07/17,218.3500,1.2900,+0.59,3303559,217.0500,221.8100,214.7000
2026/07/16,217.0600,8.0800,+3.87,2513766,212.2200,218.5200,208.3200
2026/07/15,208.9800,3.0600,+1.49,2020258,207.9100,212.6200,207.2900
2026/07/14,205.9200,6.3000,-2.97,1594790,201.9600,209.9300,201.9600
2026/07/13,212.2200,3.7700,+1.81,1330701,210.3200,213.7800,209.8100
2026/07/10,208.4500,0.1300,-0.06,1233146,212.0000,212.7997,207.1900
2026/07/09,208.5800,2.5400,+1.23,2025058,200.4700,208.9100,198.0100
2026/07/08,206.0400,6.3400,-2.99,2050910,211.1000,211.9098,205.9900
2026/07/07,212.3800,4.8400,+2.33,2381000,215.9900,215.9900,210.6950
2026/07/06,207.5400,0.0600,+0.03,1670836,204.6600,208.8100,202.2500
2026/07/02,207.4800,7.7200,+3.86,2931045,200.9700,209.9200,200.7100
2026/07/01,199.7600,5.3400,+2.75,2360259,200.0000,204.7000,198.4900
2026/06/30,194.4200,0.8200,-0.42,2282748,193.2450,195.0000,192.2550
2026/06/29,195.2400,1.0200,-0.52,2588492,202.4600,202.4600,194.8900
2026/06/26,196.2600,6.5300,+3.44,7756107,191.6500,197.8700,191.5500
2026/06/25,189.7300,2.8800,-1.50,2460249,189.0700,194.3125,189.0000
2026/06/24,192.6100,3.8300,+2.03,2651784,188.9800,195.7600,188.0000
2026/06/23,188.7800,1.0600,+0.56,3327038,193.2700,193.7650,187.2350
2026/06/22,187.7200,6.1000,-3.15,4670244,190.0000,195.9400,185.5000
2026/06/18,193.8200,0.7500,+0.39,9213532,194.5500,197.8900,190.8600
2026/06/17,193.0700,8.3100,-4.13,3141622,196.5800,203.8000,192.3000
2026/06/16,201.3800,2.7800,+1.40,2928152,197.8150,203.9500,197.8150
2026/06/15,198.6000,0.1700,+0.09,3306875,199.9200,202.8700,195.9600
2026/06/12,198.4300,7.1400,-3.47,5631866,206.6000,208.7400,194.4700
2026/06/11,205.5700,15.7100,-7.10,4272208,219.2600,221.3399,204.8000
2026/06/10,221.2800,2.8000,-1.25,1741004,220.5000,225.1100,218.0000
2026/06/09,224.0800,0.9600,-0.43,1867797,223.4700,227.7900,220.6900
2026/06/08,225.0400,4.9200,-2.14,2090968,228.0100,229.9900,224.2300
2026/06/05,229.9600,3.6800,-1.58,2684857,235.0800,236.5000,229.2400
2026/06/04,233.6400,4.0400,+1.76,1923778,236.4800,237.8600,231.5900
2026/06/03,229.6000,7.0600,-2.98,2413865,235.0100,235.2493,228.2600
2026/06/02,236.6600,11.5000,-4.63,2354396,241.6200,243.1550,235.7000
2026/06/01,248.1600,16.8500,+7.28,3590453,237.0050,250.4900,237.0050
2026/05/29,231.3100,9.6400,-4.00,7643168,225.5600,233.8400,217.0000
2026/05/28,240.9500,3.9500,+1.67,4143295,236.3200,244.3400,233.5000
2026/05/27,237.0000,1.2300,-0.52,1644628,235.0000,243.3100,235.0000
2026/05/26,238.2300,2.7600,-1.15,2098624,238.0800,240.7200,234.3700
2026/05/22,240.9900,0.8000,+0.33,2455569,240.5100,247.0000,238.4600
2026/05/21,240.1900,3.4400,-1.41,1992732,241.9900,242.2150,234.6400
2026/05/20,243.6300,0.5300,-0.22,1711535,239.7500,243.8700,233.1950
2026/05/19,244.1600,0.6700,+0.28,1980209,249.0300,251.1600,243.0100
2026/05/18,243.4900,6.8700,+2.90,1807722,236.1000,243.6900,234.6500
2026/05/15,236.6200,2.7600,+1.18,1528632,234.8800,238.3100,234.2050
2026/05/14,233.8600,2.8300,+1.22,1748035,229.8800,235.9200,227.4800
2026/05/13,231.0300,3.8400,-1.63,1742205,229.4000,231.6500,225.2750
2026/05/12,234.8700,1.2000,-0.51,1491486,238.0300,240.1250,233.8300
2026/05/11,236.0700,8.4300,-3.45,1926690,241.8300,244.9700,234.2800
2026/05/08,244.5000,6.5400,-2.61,1747871,247.6500,247.6500,241.9300
2026/05/07,251.0400,7.9600,+3.27,2026633,246.5600,255.1350,246.5600
2026/05/06,243.0800,6.3500,-2.55,2073275,245.3820,248.7500,240.0000
2026/05/05,249.4300,1.8900,+0.76,2206962,247.1950,250.3500,244.9025
2026/05/04,247.5400,3.1900,+1.31,1621474,244.1900,249.9800,242.7600
2026/05/01,244.3500,7.3500,+3.10,2342726,241.8800,246.8600,238.4200
2026/04/30,237.0000,1.1300,+0.48,1769594,233.9000,237.6800,231.1500
2026/04/29,235.8700,1.0200,+0.43,1237604,233.8400,235.9800,231.1400
2026/04/28,234.8500,0.1800,-0.08,1705825,237.9700,241.9900,232.2205
2026/04/27,235.0300,2.4100,-1.01,1689409,235.9100,241.5750,234.6800
2026/04/24,237.4400,5.4600,+2.35,1386204,232.5800,237.7400,231.1800
2026/04/23,231.9800,15.5900,-6.30,2428879,240.3600,241.1000,227.0000
2026/04/22,247.5700,2.0900,+0.85,1518179,247.2900,250.0000,245.0000
2026/04/21,245.4800,0.1700,+0.07,1441270,245.2300,250.9100,243.5000
2026/04/20,245.3100,3.2900,+1.36,1260555,241.4800,246.3000,241.2500
2026/04/17,242.0200,1.1400,-0.47,2551118,249.4000,250.0000,241.2700
2026/04/16,243.1600,3.8400,+1.60,1517124,244.5100,245.5800,240.4200
2026/04/15,239.3200,10.7300,+4.69,1759967,234.7900,240.7800,232.2000
2026/04/14,228.5900,1.4500,+0.64,1814033,227.8900,230.6800,225.0800
2026/04/13,227.1400,8.6900,+3.98,2836483,218.0100,227.5300,216.4150
2026/04/10,218.4500,6.6800,-2.97,2504889,221.5400,223.1500,214.1000
2026/04/09,225.1300,15.5200,-6.45,3604911,237.5100,238.5000,217.1801
2026/04/08,240.6500,5.6900,+2.42,1990458,241.1450,244.8000,239.0300
2026/04/07,234.9600,2.7600,-1.16,1319034,236.3300,238.6000,232.9100
2026/04/06,237.7200,0.3600,-0.15,1189834,236.8400,239.0000,234.6700
2026/04/02,238.0800,0.2100,+0.09,1990719,239.7200,241.4600,234.0850
2026/04/01,237.8700,1.5300,-0.64,1800328,238.8600,240.4900,232.1800
2026/03/31,239.4000,3.7200,+1.58,1947047,234.9200,241.2100,234.8900
2026/03/30,235.6800,5.8400,+2.54,1653684,232.2550,238.5400,231.0450
2026/03/27,229.8400,9.9900,-4.17,2233357,237.6300,237.8700,229.2400
2026/03/26,239.8300,4.4100,+1.87,1468296,234.6600,243.6200,234.3200
2026/03/25,235.4200,3.9700,-1.66,1685388,241.2400,243.2000,232.4100
2026/03/24,239.3900,8.0500,-3.25,2224498,245.2800,245.2800,237.2750
2026/03/23,247.4400,0.5500,-0.22,2658185,248.2900,251.0600,244.7300
2026/03/20,247.9900,0.3400,+0.14,4418598,245.9500,248.6100,241.4950
2026/03/19,247.6500,0.8300,-0.33,2148424,248.9800,255.3400,246.0800
2026/03/18,248.4800,4.4400,-1.76,1811138,250.2800,254.4400,248.2500
2026/03/17,252.9200,3.1400,+1.26,1254791,250.5900,259.3900,250.5900
2026/03/16,249.7800,1.3900,-0.55,1353422,252.0900,253.0200,249.2950
2026/03/13,251.1700,1.2800,+0.51,1442845,249.5200,252.8300,248.5400
2026/03/12,249.8900,1.9400,-0.77,1653557,250.7100,255.9450,249.2350
2026/03/11,251.8300,2.0200,-0.80,1959076,255.4500,259.5400,249.7600
2026/03/10,253.8500,6.9000,-2.65,1858035,260.5800,261.7800,252.0900
2026/03/09,260.7500,0.2400,-0.09,1803656,260.7700,262.5200,256.5000
2026/03/06,260.9900,3.1300,-1.19,2020993,261.5350,263.0500,257.7300
2026/03/05,264.1200,6.2300,+2.42,2186504,258.5500,264.7499,256.9000
2026/03/04,257.8900,4.4900,+1.77,2657032,253.3000,258.8100,252.5000
2026/03/03,253.4000,6.4600,+2.62,2606324,246.1000,254.8300,244.4450
2026/03/02,246.9400,1.0700,+0.44,2401153,243.5250,249.1500,243.0000
2026/02/27,245.8700,12.4200,+5.32,5370879,233.5800,248.7000,233.3000
2026/02/26,233.4500,8.6400,+3.84,4076503,228.4250,233.7300,227.3100
2026/02/25,224.8100,3.9000,+1.77,1955815,220.9500,225.8000,219.0500
2026/02/24,220.9100,2.2700,+1.04,2204549,217.5400,225.3000,215.0100
2026/02/23,218.6400,8.3400,-3.67,2060981,223.6300,225.6500,216.7200
2026/02/20,226.9800,2.1200,-0.93,1743105,227.6500,232.2100,225.7800
2026/02/19,229.1000,0.6400,-0.28,1451043,229.8600,230.0000,226.5000
2026/02/18,229.7400,4.4200,+1.96,2009574,224.4900,230.0900,223.2100
2026/02/17,225.3200,5.9000,-2.55,2629418,228.1000,229.3350,221.0900
2026/02/13,231.2200,7.7300,+3.46,2752943,223.8300,233.6300,222.8800
2026/02/12,223.4900,9.1000,-3.91,5413610,232.6000,235.1900,216.0100
2026/02/11,232.5900,10.9900,-4.51,2622461,234.1200,239.8000,229.5200
2026/02/10,243.5800,1.0500,+0.43,2324268,242.6800,247.1200,241.1600
2026/02/09,242.5300,2.1300,+0.89,1524693,238.8600,243.0850,236.4300
2026/02/06,240.4000,2.3400,+0.98,2139901,239.6500,242.4400,234.0000
2026/02/05,238.0600,5.3500,-2.20,3414216,245.8400,246.7900,236.7800
2026/02/04,243.4100,2.6200,+1.09,2728465,238.7600,249.8500,236.2200
2026/02/03,240.7900,14.7800,-5.78,3540404,250.0100,251.6400,238.9500
2026/02/02,255.5700,2.7000,+1.07,1622136,259.6100,259.6600,253.7500
2026/01/30,252.8700,2.8100,-1.10,1739341,253.5850,255.6700,250.9500
2026/01/29,255.6800,12.6500,-4.71,3642124,260.0000,260.4651,247.2000
2026/01/28,268.3300,0.2400,+0.09,1268078,268.5100,271.1200,266.6050
2026/01/27,268.0900,4.2500,-1.56,1458702,271.2000,272.0500,264.5879
2026/01/26,272.3400,2.3400,+0.87,1804347,270.4100,274.2499,269.7600
2026/01/23,270.0000,0.2300,+0.09,1493407,269.4100,271.2850,266.8700
2026/01/22,269.7700,12.3300,+4.79,3157384,268.7100,271.4400,263.0450
2026/01/21,257.4400,3.5700,+1.41,2342632,253.8700,257.4900,253.3400
2026/01/20,253.8700,11.8200,-4.45,2671169,261.5400,262.4900,252.5500
2026/01/16,265.6900,3.4300,+1.31,3839421,262.7200,266.4000,260.7225
2026/01/15,262.2600,0.9800,+0.38,1773912,262.2300,264.0799,259.7600
2026/01/14,261.2800,9.3500,-3.45,2221446,268.9500,271.0100,259.2700
2026/01/13,270.6300,7.2600,-2.61,2170982,277.5000,279.3400,266.7732
2026/01/12,277.8900,1.8700,+0.68,1204693,275.9100,279.3200,274.0201
2026/01/09,276.0200,0.5600,-0.20,1820914,276.8000,278.4500,273.8000
2026/01/08,276.5800,17.2100,-5.86,2778308,291.0000,292.0500,273.8000
2026/01/07,293.7900,0.6200,+0.21,987829,294.7300,296.8000,293.0400
2026/01/06,293.1700,4.5100,+1.56,1264640,288.5100,294.2400,287.5200
2026/01/05,288.6600,1.9300,+0.67,1463866,288.0400,293.1000,286.6300
2026/01/02,286.7300,9.2800,-3.14,1317734,296.0000,296.0600,282.5100
2025/12/31,296.0100,3.5300,-1.18,749198,298.6200,299.0700,295.8500
2025/12/30,299.5400,1.6900,-0.56,627770,299.5300,301.6600,299.0600
2025/12/29,301.2300,0.5200,+0.17,657024,299.0800,303.1000,299.0800
2025/12/26,300.7100,2.5000,+0.84,439324,298.4200,300.7200,298.3400
2025/12/24,298.2100,0.6300,+0.21,320820,297.6700,298.6500,296.5100
2025/12/23,297.5800,2.8900,-0.96,1128450,298.8600,300.3800,295.6050
2025/12/22,300.4700,0.3900,+0.13,1412174,301.3800,303.7935,299.3650
2025/12/19,300.0800,0.8400,+0.28,3311291,299.9200,301.5800,297.9000
2025/12/18,299.2400,6.2700,+2.14,1960433,294.6450,300.0300,293.7700
2025/12/17,292.9700,1.0100,-0.34,1390861,294.1300,298.3030,292.0500
2025/12/16,293.9800,0.3300,-0.11,1482515,294.3100,296.2200,291.8762
2025/12/15,294.3100,3.3300,-1.12,2281065,299.2100,301.4700,292.3800
2025/12/12,297.6400,3.2850,-1.09,1425199,302.4800,302.4800,296.3300
2025/12/11,300.9250,0.8250,+0.27,1534488,299.9300,305.0000,298.2017
2025/12/10,300.1000,0.6500,-0.22,1792998,299.4600,304.6900,297.5200
2025/12/09,300.7500,0.6400,-0.21,1393896,301.0700,303.6500,299.5300
2025/12/08,301.3900,5.3500,-1.74,1667883,307.6000,309.2200,298.6300
2025/12/05,306.7400,0.8900,+0.29,1558849,306.0000,307.8253,304.3000
2025/12/04,305.8500,1.3900,-0.45,1458262,307.8000,309.2950,303.7700
2025/12/03,307.2400,3.0100,-0.97,1346745,308.7600,312.6200,305.4800
2025/12/02,310.2500,5.1300,+1.68,1625716,306.0600,310.8400,305.3100
2025/12/01,305.1200,1.7800,+0.59,1464791,301.1650,307.3700,300.3150
2025/11/28,303.3400,1.9600,+0.65,912380,300.2900,304.0000,299.4215
2025/11/26,301.3800,6.9500,+2.36,4686436,313.9700,320.0000,299.1300
2025/11/25,294.4300,4.5800,+1.58,2336449,290.2800,297.6700,287.0800
2025/11/24,289.8500,0.9500,-0.33,3027949,291.3500,292.8000,288.9500
2025/11/21,290.8000,3.8550,+1.34,1359411,288.6900,293.1300,286.3200
2025/11/20,286.9450,4.2450,-1.46,1212496,295.2600,296.9000,286.4300
2025/11/19,291.1900,1.0400,-0.36,1359257,291.6000,293.8050,290.0900
2025/11/18,292.2300,0.2700,+0.09,1526322,292.8650,294.3500,289.0600
2025/11/17,291.9600,7.4300,-2.48,1081362,299.5300,299.5300,290.8900
2025/11/14,299.3900,2.2200,+0.75,1049790,295.8100,301.3000,292.5700
2025/11/13,297.1700,4.5700,-1.51,1123054,300.5000,301.7900,296.3700
2025/11/12,301.7400,0.1200,-0.04,1191188,301.5500,303.2000,300.3000
2025/11/11,301.8600,3.1400,+1.05,855608,299.1700,302.4300,297.9545
2025/11/10,298.7200,1.5400,+0.52,1194442,297.4000,299.5500,293.0600
2025/11/07,297.1800,2.3200,+0.79,950645,294.6000,297.4700,293.5101
2025/11/06,294.8600,6.1000,-2.03,1165922,299.4600,299.9000,293.7200
2025/11/05,300.9600,0.1000,+0.03,1251060,301.2300,302.4400,299.3200
2025/11/04,300.8600,2.7800,-0.92,1301029,302.2600,304.1300,299.1700
2025/11/03,303.6400,2.3000,+0.76,1079374,302.9900,304.8825,299.4000
2025/10/31,301.3400,0.5700,+0.19,1076836,300.4200,302.6950,297.9200
2025/10/30,300.7700,3.6900,+1.24,1527835,295.2500,303.5700,295.2500
2025/10/29,297.0800,14.0000,-4.50,1682473,306.5300,307.0000,296.0200
2025/10/28,311.0800,2.4500,-0.78,919448,312.8700,315.0000,310.7300
2025/10/27,313.5300,0.6500,+0.21,938161,313.3500,314.1689,311.1340
2025/10/24,312.8800,3.0400,+0.98,953311,313.0100,314.5100,311.1500
2025/10/23,309.8400,1.6900,+0.55,1006935,304.0000,310.1000,304.0000
2025/10/22,308.1500,2.4200,-0.78,1471746,309.8200,311.2800,305.1200
2025/10/21,310.5700,2.6200,+0.85,710356,307.9500,311.4700,306.9750
2025/10/20,307.9500,4.2900,+1.41,885207,305.0000,308.0800,304.3200
2025/10/17,303.6600,3.8400,+1.28,2202107,299.3200,305.2600,298.9100
2025/10/16,299.8200,5.2600,-1.72,1066453,307.7600,308.9100,298.8000
2025/10/15,305.0800,1.5100,-0.49,992934,308.6500,310.0000,303.1800
2025/10/14,306.5900,1.3800,-0.45,1338585,304.5800,308.4600,303.1100
2025/10/13,307.9700,4.4700,+1.47,982664,303.6300,308.7000,302.6569
2025/10/10,303.5000,6.8200,-2.20,1480604,309.0800,312.2900,302.4300
2025/10/09,310.3200,1.0900,-0.35,1357055,310.5000,312.9313,305.8100
2025/10/08,311.4100,2.7800,-0.88,1429719,315.0000,315.8200,309.1600
2025/10/07,314.1900,9.2400,-2.86,1468959,323.1100,324.0000,309.5700
2025/10/06,323.4300,4.5300,+1.42,1569013,322.0000,326.2000,320.1300
2025/10/03,318.9000,2.0100,-0.63,971928,320.1500,321.5700,318.0979
2025/10/02,320.9100,5.1800,+1.64,1367021,314.8250,321.5700,314.3600
2025/10/01,315.7300,1.9400,-0.61,1786969,318.7900,320.5400,311.6300
2025/09/30,317.6700,4.3600,-1.35,1159904,322.2300,322.2300,314.8400
2025/09/29,322.0300,0.8500,-0.26,1162086,325.0000,326.1100,320.9400
2025/09/26,322.8800,2.7100,+0.85,850783,320.1700,323.4400,319.3850
2025/09/25,320.1700,3.3500,-1.04,1057835,322.4700,322.9700,319.1600
2025/09/24,323.5200,1.3400,-0.41,1102604,325.4900,326.3500,322.4500
2025/09/23,324.8600,0.4700,+0.14,1417899,323.4500,325.1600,322.0100
2025/09/22,324.3900,1.7200,+0.53,1696100,321.3900,326.4700,318.6700
2025/09/19,322.6700,0.3700,-0.11,3364367,325.0300,326.5400,320.8500
2025/09/18,323.0400,3.7600,+1.18,1883635,321.7300,326.7100,319.8200
2025/09/17,319.2800,0.7700,+0.24,1758546,319.5600,322.6800,317.4000
2025/09/16,318.5100,2.5600,-0.80,1171854,320.8800,321.0200,316.1700
2025/09/15,321.0700,2.0250,+0.63,1034053,318.7100,321.4700,318.5050
2025/09/12,319.0450,5.4750,-1.69,1077476,324.5400,324.6300,318.7600
2025/09/11,324.5200,0.7200,+0.22,1484094,325.2400,326.4999,323.1400
2025/09/10,323.8000,1.3900,-0.43,1323719,325.3700,325.5000,321.9700
2025/09/09,325.1900,1.6000,-0.49,1271595,326.6900,326.8700,323.1700
2025/09/08,326.7900,0.4200,+0.13,1794042,326.8800,329.0900,324.4200
2025/09/05,326.3700,6.4400,+2.01,1632170,322.6400,326.8500,320.4800
2025/09/04,319.9300,2.4200,+0.76,1422089,318.5750,320.0000,312.6000
2025/09/03,317.5100,1.6500,-0.52,1943176,320.3000,324.3700,314.3801
2025/09/02,319.1600,4.4600,+1.42,2665431,313.0200,319.4700,312.6450
2025/08/29,314.7000,26.2100,+9.09,4904604,318.0000,326.4500,307.2600
2025/08/28,288.4900,2.5400,+0.89,4151634,288.6600,294.4900,287.7850
2025/08/27,285.9500,3.5000,+1.24,1389281,283.4600,286.5700,283.2000
2025/08/26,282.4500,2.8900,-1.01,1922290,285.3400,286.6700,281.7500
2025/08/25,285.3400,4.8900,-1.68,1180346,290.3900,291.2250,284.3050
2025/08/22,290.2300,4.1700,+1.46,1116927,286.5000,291.3000,285.2800
2025/08/21,286.0600,2.5700,-0.89,1184561,286.5300,287.4250,285.1700
2025/08/20,288.6300,0.6100,-0.21,1058383,289.8900,290.0500,286.7250
2025/08/19,289.2400,0.4150,-0.14,1170433,290.3750,294.1900,289.1700
2025/08/18,289.6550,2.9250,+1.02,936455,287.1850,290.3000,286.6650
2025/08/15,286.7300,2.9800,+1.05,1149627,285.0600,288.5300,284.2450
2025/08/14,283.7500,3.2600,-1.14,1412053,286.0700,287.0800,282.6650
2025/08/13,287.0100,3.9800,+1.41,1974935,284.7200,287.0900,280.8500
2025/08/12,283.0300,1.5900,-0.56,2345718,285.1100,286.4650,280.3900
2025/08/11,284.6200,6.0600,-2.08,2227759,290.6700,292.2250,282.9600
2025/08/08,290.6800,2.3100,-0.79,1540570,293.0250,294.5400,289.2200
2025/08/07,292.9900,12.1900,-3.99,1383166,305.7500,306.1800,288.9300
2025/08/06,305.1800,5.9800,+2.00,1163565,300.8300,305.3300,300.1500
2025/08/05,299.2000,3.3000,-1.09,816198,303.9000,304.2500,298.8550
2025/08/04,302.5000,5.4800,+1.84,933678,299.2500,302.9100,298.9850
2025/08/01,297.0200,6.0900,-2.01,1346177,301.2600,301.5050,294.9800
2025/07/31,303.1100,5.0300,-1.63,1492206,307.9200,309.2000,302.2400
2025/07/30,308.1400,1.5300,+0.50,960712,306.0800,309.8100,305.4850
2025/07/29,306.6100,2.1400,+0.70,1121006,305.1800,307.7800,304.4300
2025/07/28,304.4700,1.1900,+0.39,720252,304.5800,306.1100,303.2200
2025/07/25,303.2800,2.1800,+0.72,1025279,301.7100,304.3600,300.0700
2025/07/24,301.1000,0.1200,+0.04,1286983,301.0100,302.2900,299.0438
2025/07/23,300.9800,1.5500,+0.52,1683070,300.9050,302.4000,298.4900
2025/07/22,299.4300,4.2700,+1.45,1198284,296.4500,300.6000,295.5800
2025/07/21,295.1600,1.8700,-0.63,1592107,296.0900,298.7700,294.8100
2025/07/18,297.0300,4.8700,+1.67,2421297,293.7100,297.7000,292.3000
2025/07/17,292.1600,2.6900,+0.93,1639346,289.6700,292.3800,288.8600
2025/07/16,289.4700,0.5100,+0.18,1350047,289.7900,290.9300,286.5150
2025/07/15,288.9600,5.5900,-1.90,1831332,293.2600,294.7300,288.6500
2025/07/14,294.5500,14.1600,+5.05,3745155,298.3700,298.3700,286.6850
2025/07/11,280.3900,5.7200,-2.00,2442001,285.6100,286.1600,279.9000
2025/07/10,286.1100,21.1600,-6.89,4699680,300.0000,300.4800,281.6500
2025/07/09,307.2700,7.6400,-2.43,2562665,316.0700,316.6000,300.0000
2025/07/08,314.9100,0.4000,-0.13,1457680,317.2100,319.1300,314.7100
2025/07/07,315.3100,1.3500,-0.43,1409761,317.7300,319.4900,313.8100
2025/07/03,316.6600,6.3200,+2.04,836362,312.1800,318.2500,310.3400
2025/07/02,310.3400,1.3300,-0.43,1139562,309.8800,310.8200,306.3200
2025/07/01,311.6700,2.1000,+0.68,2001276,308.4100,312.5100,306.1500
2025/06/30,309.5700,4.4400,+1.46,1570557,307.4650,310.2300,305.7568
2025/06/27,305.1300,0.2000,+0.07,1703022,307.4700,309.8400,304.8600
2025/06/26,304.9300,2.5600,+0.85,1159968,303.4850,305.7600,300.7100
2025/06/25,302.3700,1.8200,-0.60,1226456,304.3800,305.0000,302.0200
2025/06/24,304.1900,3.2400,+1.08,1470094,304.0200,306.0600,301.9200
2025/06/23,300.9500,3.7400,+1.26,1829121,297.8200,301.1800,293.4900
2025/06/20,297.2100,2.0200,+0.68,2874699,297.7500,299.7000,295.0800
2025/06/18,295.1900,1.6600,-0.56,1110810,296.8500,297.5700,293.7600
2025/06/17,296.8500,2.4500,-0.82,1070084,298.4000,300.5200,295.8100
2025/06/16,299.3000,7.1400,+2.44,1384851,293.3500,299.3900,292.9000
2025/06/13,292.1600,6.4100,-2.15,1129747,294.0900,296.6900,291.1400
2025/06/12,298.5700,1.8000,+0.61,1054553,296.9200,299.6700,296.1100
2025/06/11,296.7700,0.7700,-0.26,1198816,298.0000,299.1200,295.9800
2025/06/10,297.5400,0.3300,+0.11,896703,298.4100,298.5200,295.9700
2025/06/09,297.2100,0.6500,-0.22,1316928,297.0000,298.7850,290.6300
2025/06/06,297.8600,0.3600,-0.12,941748,300.1700,300.1800,297.4050
2025/06/05,298.2200,0.1400,-0.05,1091225,298.3600,300.6700,297.2200
2025/06/04,298.3600,1.1600,-0.39,1031342,299.1000,301.4300,298.0400
2025/06/03,299.5200,4.2600,+1.44,1525839,295.1200,299.7200,294.4750
2025/06/02,295.2600,0.8600,-0.29,1023810,294.4100,295.8800,291.2400
2025/05/30,296.1200,0.8800,-0.30,4533966,297.4900,298.0000,293.7100
2025/05/29,297.0000,2.2300,-0.75,1250690,300.4800,301.1800,294.7950
2025/05/28,299.2300,1.1300,-0.38,1477584,301.0000,303.1000,298.8600
2025/05/27,300.3600,5.0100,+1.70,2132842,297.5200,301.1800,294.7900
2025/05/23,295.3500,0.3500,+0.12,3197268,295.0000,304.8000,291.5301
2025/05/22,295.0000,2.0700,+0.71,2366754,292.3900,296.4400,292.3700
2025/05/21,292.9300,2.9100,-0.98,1831367,292.7700,297.7900,291.8000
2025/05/20,295.8400,0.0600,-0.02,1388343,294.5900,295.9000,292.2700
2025/05/19,295.9000,2.1800,-0.73,1635597,294.5900,297.2500,293.0000
2025/05/16,298.0800,2.3000,+0.78,1901746,296.1000,298.2100,294.8200
2025/05/15,295.7800,0.2400,+0.08,1780917,294.9700,297.1800,294.4000
2025/05/14,295.5400,1.4700,-0.49,1353254,295.8500,297.9900,294.6500
2025/05/13,297.0100,3.8100,+1.30,1220271,294.1800,298.8300,292.9500
2025/05/12,293.2000,5.7200,+1.99,1500040,295.9500,297.8600,292.5159
2025/05/09,287.4800,2.1400,-0.74,906924,289.8000,291.9900,285.7700
2025/05/08,289.6200,6.2600,+2.21,1148983,284.8900,291.3500,284.0600
2025/05/07,283.3600,4.7200,+1.69,1271178,279.3800,284.7700,279.3700
2025/05/06,278.6400,1.4300,-0.51,678259,277.8800,281.3000,276.2100
2025/05/05,280.0700,0.0800,+0.03,894591,278.1900,283.2700,278.1900
2025/05/02,279.9900,6.5000,+2.38,959634,278.3000,281.1900,276.3200
2025/05/01,273.4900,0.7600,-0.28,1303907,276.1400,278.5700,273.1350
2025/04/30,274.2500,1.3600,+0.50,1226321,270.4050,274.8700,267.6100
2025/04/29,272.8900,1.4200,+0.52,820619,270.8000,273.1800,270.4000
2025/04/28,271.4700,1.5400,+0.57,1171975,269.7900,273.5564,269.4200
2025/04/25,269.9300,1.7800,-0.66,1308109,271.3000,272.2675,268.7700
2025/04/24,271.7100,7.2700,+2.75,1303510,265.5400,272.7700,265.0250
2025/04/23,264.4400,3.3000,+1.26,1021885,265.4900,270.8000,263.5800
2025/04/22,261.1400,6.8700,+2.70,1073030,257.8100,263.1400,256.0404
2025/04/21,254.2700,5.2000,-2.00,1277332,255.9200,256.5200,250.4600
2025/04/17,259.4700,0.6900,-0.27,1053435,262.3000,262.3850,258.1400
2025/04/16,260.1600,5.1800,-1.95,1323199,261.7900,266.1450,257.9100
2025/04/15,265.3400,4.6300,+1.78,1082257,262.4000,266.5500,262.0000
2025/04/14,260.7100,2.2600,+0.87,1261670,263.0000,263.6400,258.2000
2025/04/11,258.4500,1.5300,+0.60,1274688,256.9200,260.7932,251.4150
2025/04/10,256.9200,6.6100,-2.51,2238847,257.1600,259.2000,248.5848
2025/04/09,263.5300,24.6900,+10.34,2456881,238.0800,265.1400,237.2455
2025/04/08,238.8400,4.7800,-1.96,1838404,249.7100,251.4900,235.1950
2025/04/07,243.6200,1.8900,-0.77,3597346,237.6250,253.9600,232.6700
2025/04/04,245.5100,11.6400,-4.53,3161429,250.1100,252.6600,244.3900
2025/04/03,257.1500,10.7800,-4.02,1791070,256.9800,260.4300,254.0300
2025/04/02,267.9300,3.3200,+1.25,1245655,260.1200,269.6700,259.3500
2025/04/01,264.6100,2.8100,+1.07,1042881,261.1800,264.9000,258.2750
2025/03/31,261.8000,0.1700,+0.06,1845016,259.0200,262.1700,255.1800
2025/03/28,261.6300,8.1800,-3.03,1233412,267.2900,268.5700,260.9300
2025/03/27,269.8100,1.4000,-0.52,1230461,268.5000,273.5200,268.2000
2025/03/26,271.2100,1.8700,-0.68,1092851,271.7100,274.2600,270.2850
2025/03/25,273.0800,3.8900,+1.45,1068536,270.5900,273.7900,270.5900
2025/03/24,269.1900,1.9400,+0.73,1660804,271.9600,272.3050,269.0200
2025/03/21,267.2500,0.5700,-0.21,2014388,262.4500,268.3800,262.4500
2025/03/20,267.8200,0.4800,-0.18,1465445,268.0500,271.4710,266.1359
2025/03/19,268.3000,8.3500,+3.21,1930286,263.0700,271.6300,263.0000
2025/03/18,259.9500,0.6700,-0.26,1509767,259.9500,261.3550,257.9800
2025/03/17,260.6200,6.1900,+2.43,1785331,252.9600,263.2500,252.6250
2025/03/14,254.4300,7.5000,+3.04,1303405,248.9900,254.8899,248.9900
2025/03/13,246.9300,4.9200,-1.95,1498391,251.8500,252.6650,244.8500
2025/03/12,251.8500,1.0000,+0.40,2432090,254.5000,255.9050,250.1100
2025/03/11,250.8500,2.4500,+0.99,2776658,247.5600,254.3800,246.9500
2025/03/10,248.4000,11.3500,-4.37,3198642,256.6100,256.9250,246.3100
2025/03/07,259.7500,0.6400,-0.25,3448343,259.5800,261.3450,252.1750
2025/03/06,260.3900,6.8500,-2.56,1641717,262.4100,266.5000,259.2400
2025/03/05,267.2400,0.1900,-0.07,1788828,265.6900,268.7499,262.7200
2025/03/04,267.4300,4.6000,-1.69,2430727,270.6400,271.0000,262.8000
2025/03/03,272.0300,2.1800,-0.80,2524490,278.2600,280.4600,270.6100
2025/02/28,274.2100,8.1400,-2.88,5094238,279.4200,285.0000,267.1200
2025/02/27,282.3500,3.3200,-1.16,3083029,286.1500,293.1700,282.3100
2025/02/26,285.6700,1.9500,+0.69,1295678,284.2600,289.5963,284.1700
2025/02/25,283.7200,1.5400,-0.54,1873591,285.0400,285.7800,280.6600
2025/02/24,285.2600,0.2600,+0.09,1374192,287.0000,287.1600,280.5100
2025/02/21,285.0000,6.0200,-2.07,1670215,290.0400,291.3900,284.5100
2025/02/20,291.0200,8.0400,-2.69,1578613,298.9300,298.9300,289.8900
2025/02/19,299.0600,3.4000,+1.15,1601502,293.6800,299.6700,292.4100
2025/02/18,295.6600,7.0600,-2.33,2746349,300.0000,300.5200,291.0200
2025/02/14,302.7200,0.7600,-0.25,924111,303.4800,304.9700,301.3000
2025/02/13,303.4800,6.2000,+2.09,1288094,297.5000,303.5500,297.4500
2025/02/12,297.2800,2.4400,-0.81,1400157,294.3200,298.3300,293.1400
2025/02/11,299.7200,5.2700,-1.73,1375553,302.0600,304.2800,298.0515
2025/02/10,304.9900,3.8400,+1.28,1761632,303.7700,308.7200,301.6400
2025/02/07,301.1500,6.5500,-2.13,1485871,308.5000,310.1900,300.1400
2025/02/06,307.7000,3.6600,-1.18,988061,311.5000,312.0800,306.4600
2025/02/05,311.3600,4.5100,+1.47,947975,306.8700,311.6400,303.9700
2025/02/04,306.8500,0.6200,+0.20,884744,307.5800,308.9200,304.4850
2025/02/03,306.2300,5.1100,-1.64,1447594,309.1100,310.0000,302.3800
2025/01/31,311.3400,1.3900,+0.45,1285325,311.7700,317.0500,311.0250
2025/01/30,309.9500,5.7800,+1.90,1255759,306.8000,311.5000,306.6995
2025/01/29,304.1700,5.7600,-1.86,1083711,307.3000,308.0000,302.2000
2025/01/28,309.9300,10.8600,+3.63,2088987,306.0000,314.1000,301.2800
2025/01/27,299.0700,1.7600,-0.59,1365493,295.2800,302.8499,293.5700
2025/01/24,300.8300,0.2500,-0.08,764142,301.1800,302.5500,300.1300
2025/01/23,301.0800,0.3700,-0.12,1157580,297.6100,301.5000,297.5000
2025/01/22,301.4500,4.5400,+1.53,1498497,297.4200,302.2100,297.0100
2025/01/21,296.9100,5.4600,+1.87,1192088,294.6200,297.7500,294.0500
2025/01/17,291.4500,1.3700,+0.47,1466127,296.2500,296.2500,290.6200
2025/01/16,290.0800,0.8600,-0.30,1077281,290.4400,293.3500,288.6900
2025/01/15,290.9400,4.0700,+1.42,1554209,293.4700,296.1925,290.7350
2025/01/14,286.8700,2.0500,+0.72,1137566,285.0700,289.3100,284.8200
2025/01/13,284.8200,0.1400,-0.05,1869610,281.4200,287.0400,279.8359
2025/01/10,284.9600,11.4100,-3.85,2352388,291.3700,292.6050,284.4700
2025/01/08,296.3700,5.5500,+1.91,1369285,294.1600,298.6938,292.7500
2025/01/07,290.8200,1.6900,-0.58,1018638,290.7200,294.7000,289.0300
2025/01/06,292.5100,1.5500,-0.53,1231416,293.1100,296.9038,291.1800
2025/01/03,294.0600,0.7400,+0.25,1176263,295.2300,296.9999,292.4900
2025/01/02,293.3200,2.2500,-0.76,975387,297.7500,298.0100,291.8000
2024/12/31,295.5700,1.9600,-0.66,708130,298.5500,298.5500,294.9749
2024/12/30,297.5300,0.0600,-0.02,1191164,292.9900,298.9224,291.7427
2024/12/27,297.5900,2.6900,-0.90,1041680,298.6400,298.8400,294.5700
2024/12/26,300.2800,0.9500,-0.32,646806,299.4300,301.7325,299.4300
2024/12/24,301.2300,3.7400,+1.26,560019,297.5500,301.2300,296.6800
2024/12/23,297.4900,0.6300,-0.21,876162,297.9900,298.4500,294.3600
2024/12/20,298.1200,4.4900,+1.53,4191162,290.7000,299.7350,288.5400
2024/12/19,293.6300,0.8000,+0.27,1381222,293.6500,297.8200,290.9400
2024/12/18,292.8300,9.9900,-3.30,1845067,303.7100,304.0700,291.4700
2024/12/17,302.8200,2.0700,-0.68,1781589,302.6300,303.4000,299.4700
2024/12/16,304.8900,1.1200,+0.37,1186216,303.9300,307.1400,302.3700
2024/12/13,303.7700,5.5700,-1.80,1131021,308.1300,308.3600,302.9500
2024/12/12,309.3400,1.8800,+0.61,998087,305.4200,310.2900,304.4850
2024/12/11,307.4600,3.4700,+1.14,1261847,305.3700,310.9000,304.7550
2024/12/10,303.9900,4.5600,-1.48,1110152,306.1600,307.7950,303.6300
2024/12/09,308.5500,0.8400,+0.27,1599948,308.0000,311.5100,305.7200
2024/12/06,307.7100,2.5400,+0.83,1377635,305.9200,309.4300,305.5600
2024/12/05,305.1700,0.9400,+0.31,1378778,302.5300,307.2500,301.3200
2024/12/04,304.2300,5.2700,+1.76,1528707,302.7200,304.9700,299.8900
2024/12/03,298.9600,2.3100,+0.78,1944513,294.1400,301.5900,293.5000
2024/12/02,296.6500,4.7500,+1.63,2073018,291.7400,297.9410,291.4400
2024/11/29,291.9000,1.2600,+0.43,1317760,289.0300,292.6200,289.0300
2024/11/27,290.6400,27.3200,-8.59,3442326,293.2000,301.4700,289.6500
2024/11/26,317.9600,1.4300,-0.45,2519923,320.7900,320.9900,316.5400
2024/11/25,319.3900,1.8800,-0.59,2967370,324.5300,326.6200,318.6900
2024/11/22,321.2700,5.8600,+1.86,1905591,315.9600,321.9000,315.0400
2024/11/21,315.4100,7.5700,+2.46,1602211,310.0000,317.4500,308.2500
2024/11/20,307.8400,2.6400,+0.87,1442321,305.9250,308.3800,303.1500
2024/11/19,305.2000,3.1500,+1.04,1348276,298.1300,306.4000,298.0200
2024/11/18,302.0500,2.9000,+0.97,920116,299.3600,303.0100,297.0000
2024/11/15,299.1500,7.5000,-2.45,2300222,305.0600,305.0800,297.1200
2024/11/14,306.6500,6.4900,-2.07,1545643,310.2250,312.8800,305.9800
2024/11/13,313.1400,3.4100,+1.10,1273488,308.6300,315.7300,307.9095
2024/11/12,309.7300,4.1600,-1.33,1748774,311.2200,314.0050,304.7500
2024/11/11,313.8900,8.3300,+2.73,1557009,305.4600,314.7000,304.6400
2024/11/08,305.5600,0.0500,+0.02,968605,306.2600,307.1729,305.0200
2024/11/07,305.5100,3.1800,+1.05,1057217,302.9500,306.2250,301.0500
2024/11/06,302.3300,10.5400,+3.61,2258401,299.0000,305.4900,297.9100
2024/11/05,291.7900,4.1700,+1.45,1009401,288.8400,293.0600,287.0000
2024/11/04,287.6200,1.0500,+0.37,896358,287.1900,289.7563,285.3200
2024/11/01,286.5700,2.7700,+0.98,1047852,282.8300,289.2600,281.6050
2024/10/31,283.8000,5.0200,-1.74,1488039,287.8000,288.4700,283.4200
2024/10/30,288.8200,0.8400,-0.29,751563,288.1800,291.2100,287.9300
2024/10/29,289.6600,3.1400,+1.10,886987,286.3200,290.2000,284.4901
2024/10/28,286.5200,0.4800,+0.17,1016697,286.3400,288.6400,286.3400
2024/10/25,286.0400,0.2700,+0.09,973419,287.7200,289.0000,285.0400
2024/10/24,285.7700,0.5250,-0.18,1238311,288.5500,289.1700,285.5100
2024/10/23,286.2950,2.1850,-0.76,1209119,287.1200,287.5850,283.9300
2024/10/22,288.4800,1.3000,-0.45,1012736,287.5400,290.5250,286.2500
2024/10/21,289.7800,3.2100,-1.10,1254454,291.3600,293.7450,288.8000
2024/10/18,292.9900,2.4200,+0.83,1511702,290.5700,294.1300,290.0000
2024/10/17,290.5700,1.3800,+0.48,1808725,290.4400,292.8800,289.1300
2024/10/16,289.1900,2.7100,+0.95,1364344,288.1800,289.3600,284.9000
2024/10/15,286.4800,1.1700,+0.41,1602388,285.3100,287.9600,285.2900
2024/10/14,285.3100,3.6400,+1.29,1264083,283.1500,286.4300,281.2500
2024/10/11,281.6700,3.9600,+1.43,1332319,277.4900,282.5400,277.4800
2024/10/10,277.7100,0.8300,+0.30,849171,275.0000,277.9100,275.0000
2024/10/09,276.8800,1.8000,+0.65,782074,274.9300,277.6600,274.0800
2024/10/08,275.0800,7.8500,+2.94,1412998,268.1900,276.2600,267.5100
2024/10/07,267.2300,3.9300,-1.45,757318,268.3200,270.2362,266.0150
2024/10/04,271.1600,2.5700,+0.96,846556,272.8600,273.8500,267.4900
2024/10/03,268.5900,1.5800,-0.58,740033,267.5500,270.5700,267.5500
2024/10/02,270.1700,2.7000,+1.01,827262,267.9200,271.9899,267.4350
2024/10/01,267.4700,8.0100,-2.91,1043974,274.6100,275.0000,266.5500
2024/09/30,275.4800,3.5800,+1.32,1109835,274.8400,275.8500,272.0600
2024/09/27,271.9000,1.4600,-0.53,614886,273.3600,274.5000,271.0000
2024/09/26,273.3600,5.3600,+2.00,1108009,271.1300,273.4900,269.7300
2024/09/25,268.0000,1.6500,-0.61,1174516,268.9500,270.7350,267.5650
2024/09/24,269.6500,1.1900,+0.44,870049,267.9400,270.1150,266.6200
2024/09/23,268.4600,1.1700,+0.44,2070572,269.2300,269.3800,266.9200
2024/09/20,267.2900,2.4700,-0.92,2551359,270.5800,272.7200,266.5000
2024/09/19,269.7600,5.5500,+2.10,1911477,270.2500,272.3400,267.7933
2024/09/18,264.2100,2.6800,-1.00,1155962,267.9700,267.9700,263.5700
2024/09/17,266.8900,0.8400,-0.31,950014,268.0900,270.2450,266.4901
2024/09/16,267.7300,3.7700,+1.43,1410404,265.5000,269.0000,265.0000
2024/09/13,263.9600,4.4900,+1.73,1468637,260.5900,264.5500,260.0000
2024/09/12,259.4700,0.4900,+0.19,1216673,259.1300,260.6250,256.6100
2024/09/11,258.9800,1.3700,+0.53,2148442,255.6300,259.6700,251.9400
2024/09/10,257.6100,1.9400,+0.76,1895842,256.1800,257.8500,252.2300
2024/09/09,255.6700,5.3000,+2.12,1497390,251.6200,256.0500,251.5500
2024/09/06,250.3700,1.4000,-0.56,1487904,252.7000,255.0000,249.6100
2024/09/05,251.7700,4.0200,-1.57,2392723,257.0200,257.0200,249.8600
2024/09/04,255.7900,2.0400,-0.79,1472541,256.5600,259.4200,255.3700
2024/09/03,257.8300,0.5700,-0.22,2026711,261.7700,267.8299,256.8300
2024/08/30,258.4000,0.1700,+0.07,4054902,270.0000,275.6800,258.0300
2024/08/29,258.2300,3.6100,+1.42,2225475,257.2200,261.8200,256.6200
2024/08/28,254.6200,2.3700,-0.92,1220811,256.0100,256.9800,252.5800
2024/08/27,256.9900,0.7800,+0.30,1059130,256.0000,258.4900,255.5050
2024/08/26,256.2100,0.9500,+0.37,979760,256.9300,258.8200,255.8200
2024/08/23,255.2600,5.3500,+2.14,1413872,254.3200,255.7900,251.8500
2024/08/22,249.9100,2.1500,-0.85,796927,253.0000,253.2150,249.5800
2024/08/21,252.0600,1.9300,+0.77,1055977,250.3100,252.9300,250.0100
2024/08/20,250.1300,0.9800,-0.39,871431,250.7700,251.8900,249.7800
2024/08/19,251.1100,2.8800,+1.16,1050162,248.5000,251.4400,248.0000
2024/08/16,248.2300,1.9800,-0.79,1075389,248.3900,249.2750,246.3300
2024/08/15,250.2100,3.9900,+1.62,933858,248.1800,250.5000,247.2200
2024/08/14,246.2200,1.6100,+0.66,790843,244.6100,246.9350,243.7900
2024/08/13,244.6100,5.0400,+2.10,1088042,242.1000,245.5900,241.6000
2024/08/12,239.5700,0.8700,-0.36,1000099,240.1700,241.7477,238.0100
2024/08/09,240.4400,1.1500,+0.48,876398,238.1600,242.2800,237.8400
2024/08/08,239.2900,6.7200,+2.89,911309,236.1700,239.4000,233.4300
2024/08/07,232.5700,1.6600,-0.71,875724,236.5600,240.0300,232.3600
2024/08/06,234.2300,8.5100,+3.77,2183782,230.4400,236.4900,229.3200
2024/08/05,225.7200,5.6500,-2.44,2341177,226.7000,228.2500,223.0300
2024/08/02,231.3700,10.4100,-4.31,2812417,236.6700,238.0000,230.6500
2024/08/01,241.7800,5.7400,-2.32,1299610,247.0900,248.6100,238.5700
2024/07/31,247.5200,4.1800,+1.72,1289105,246.4000,250.7450,243.5400
2024/07/30,243.3400,0.7600,+0.31,1141886,244.1900,245.6300,240.0600
2024/07/29,242.5800,1.7200,+0.71,723502,242.5500,244.0300,240.3450
2024/07/26,240.8600,1.3700,-0.57,1267132,243.8000,245.3423,239.9900
2024/07/25,242.2300,2.7800,+1.16,1680251,240.1700,245.6500,239.6600
2024/07/24,239.4500,6.7800,-2.75,1510935,244.5900,245.2300,239.0100
2024/07/23,246.2300,0.9700,+0.40,693924,244.9600,247.3100,244.6300
2024/07/22,245.2600,2.8100,+1.16,712528,245.4800,245.7900,242.9000
2024/07/19,242.4500,0.3600,-0.15,1120472,242.9500,243.5400,239.6200
2024/07/18,242.8100,7.3700,-2.95,1399128,249.6800,249.6800,240.6400
2024/07/17,250.1800,3.6400,-1.43,1239686,248.5000,253.0000,248.0800
2024/07/16,253.8200,0.6500,+0.26,835911,254.8000,256.0500,252.3400
2024/07/15,253.1700,0.2800,-0.11,870302,253.3300,255.4700,252.1100
2024/07/12,253.4500,4.6800,+1.88,1130333,249.1200,255.5500,248.6300
2024/07/11,248.7700,1.7200,+0.70,1268348,247.8200,252.6300,247.8200
2024/07/10,247.0500,3.0900,+1.27,1666348,243.6800,247.3300,241.4200
2024/07/09,243.9600,4.0000,-1.61,1709432,243.1700,245.9900,241.1800
2024/07/08,247.9600,0.0900,+0.04,1230197,246.1000,249.3300,245.4000
2024/07/05,247.8700,1.5700,+0.64,1344912,246.2700,248.7100,245.7650
2024/07/03,246.3000,1.5600,-0.63,907920,248.1700,248.3100,245.4800
2024/07/02,247.8600,2.0300,+0.83,1062737,245.8400,248.9500,245.7700
2024/07/01,245.8300,1.6200,-0.65,1172639,248.6200,249.0000,242.2811
2024/06/28,247.4500,3.7700,+1.55,2851358,243.0400,248.1999,243.0400
2024/06/27,243.6800,0.4000,+0.16,1239495,243.4500,246.5450,242.4025
2024/06/26,243.2800,0.7500,+0.31,1717459,240.4900,245.3494,240.4900
2024/06/25,242.5300,3.3600,+1.40,2760667,240.8900,243.0700,240.1200
2024/06/24,239.1700,3.1400,-1.30,2799030,239.6700,241.8400,239.0000
2024/06/21,242.3100,1.2000,-0.49,5677377,244.3000,244.3200,237.6450
2024/06/20,243.5100,0.6100,-0.25,2763225,243.5600,244.6100,240.9000
2024/06/18,244.1200,3.6100,+1.50,3377136,240.5100,245.7400,240.5100
2024/06/17,240.5100,14.6400,+6.48,5019817,235.0000,242.8200,230.6000
2024/06/14,225.8700,2.7700,+1.24,2562973,224.3900,227.0800,222.3650
2024/06/13,223.1000,0.0800,+0.04,2520181,221.7900,224.5300,221.0400
2024/06/12,223.0200,11.5200,+5.45,4046789,219.4400,223.2900,214.5101
2024/06/11,211.5000,6.7000,-3.07,3714933,211.0000,215.2923,205.8600
2024/06/10,218.2000,2.1500,+1.00,1901681,213.6900,218.6400,213.6900
2024/06/07,216.0500,0.1800,+0.08,2411227,215.9400,216.7200,215.0900
2024/06/06,215.8700,0.4100,-0.19,2064754,216.9900,219.3800,215.1100
2024/06/05,216.2800,4.2800,+2.02,2465964,213.6900,218.2700,212.9800
2024/06/04,212.0000,1.1800,+0.56,3179068,211.0000,214.0700,208.8400
2024/06/03,210.8200,9.2200,+4.57,8148968,219.5900,222.2090,208.3400
2024/05/31,201.6000,1.6700,+0.84,4174758,199.1700,201.8200,195.3200
2024/05/30,199.9300,8.5800,-4.11,4026509,207.1000,207.1000,199.5500
2024/05/29,208.5100,1.9400,-0.92,2968993,207.6600,210.1200,206.7200
2024/05/28,210.4500,4.4400,-2.07,1845428,213.6300,213.6300,209.7500
2024/05/24,214.8900,0.2700,-0.13,1496728,212.3000,216.5200,209.0000
2024/05/23,215.1600,4.8000,-2.18,1759341,221.0700,221.2000,214.5200
2024/05/22,219.9600,0.3200,-0.15,1214293,220.5100,221.8300,219.4600
2024/05/21,220.2800,1.1200,-0.51,898270,219.3500,220.6000,218.0000
2024/05/20,221.4000,0.1900,+0.09,1046066,221.4000,221.9800,219.8400
2024/05/17,221.2100,0.7800,+0.35,1568015,220.8900,221.3100,219.2100
2024/05/16,220.4300,0.1900,+0.09,1405406,219.9500,221.2600,218.4300
2024/05/15,220.2400,4.4100,+2.04,1251171,219.1300,221.6500,217.7200
2024/05/14,215.8300,0.8200,-0.38,1883340,215.7600,217.0550,214.7400
2024/05/13,216.6500,1.1200,-0.51,1465619,219.7900,219.9800,216.1300
2024/05/10,217.7700,0.8600,-0.39,1032861,219.4300,220.7300,216.6100
2024/05/09,218.6300,4.6800,+2.19,1487020,214.8000,218.7300,213.6600
2024/05/08,213.9500,0.6700,-0.31,1189663,213.7500,214.6799,213.0000
2024/05/07,214.6200,2.0800,-0.96,1860058,216.3800,216.7400,213.4500
2024/05/06,216.7000,1.5100,+0.70,1343774,215.5200,217.2000,214.4850
2024/05/03,215.1900,5.2400,+2.50,1197081,214.3700,217.3500,214.1400
2024/05/02,209.9500,0.7600,-0.36,1589246,211.8500,212.4000,208.8000
2024/05/01,210.7100,2.1400,-1.01,1687750,211.0000,216.0000,209.0800
2024/04/30,212.8500,3.9300,-1.81,1427716,216.4500,217.6400,212.7500
2024/04/29,216.7800,1.1500,-0.53,1437021,218.3800,219.0850,214.4900
2024/04/26,217.9300,1.5300,+0.71,1277888,215.7700,219.3647,215.5000
2024/04/25,216.4000,1.4000,+0.65,2211585,214.3300,216.8000,213.5350
2024/04/24,215.0000,2.9300,-1.34,2628238,217.3500,218.6150,214.1500
2024/04/23,217.9300,0.8000,+0.37,1504576,217.1300,219.3500,217.1300
2024/04/22,217.1300,0.6300,+0.29,1776476,218.7000,219.2700,214.3300
2024/04/19,216.5000,5.8700,+2.79,3157485,211.5500,216.8400,210.2000
2024/04/18,210.6300,4.2900,-2.00,4609060,214.5600,214.7550,206.2300
2024/04/17,214.9200,13.3200,-5.84,6357444,212.7700,219.5000,207.4300
2024/04/16,228.2400,1.3800,-0.60,2120161,230.4000,230.4300,227.5700
2024/04/15,229.6200,7.3600,-3.11,1385762,239.9500,239.9500,228.9100
2024/04/12,236.9800,4.0800,-1.69,1617057,236.5800,238.0000,234.0500
2024/04/11,241.0600,2.0500,+0.86,1171342,239.0600,242.5600,237.5401
2024/04/10,239.0100,8.9200,-3.60,1285050,243.5900,244.2000,238.1000
2024/04/09,247.9300,2.0400,+0.83,840676,246.8600,248.4500,244.6000
2024/04/08,245.8900,1.1500,+0.47,1273523,244.7600,247.1450,244.3900
2024/04/05,244.7400,0.0700,-0.03,1330014,246.0000,248.2800,244.0700
2024/04/04,244.8100,1.5700,-0.64,1437758,248.5400,252.6750,243.7300
2024/04/03,246.3800,2.3300,-0.94,1326077,247.5900,250.8500,245.5000
2024/04/02,248.7100,10.7300,-4.14,1692080,249.5500,252.7600,247.1900
2024/04/01,259.4400,0.9800,-0.38,791578,259.9000,260.7500,256.3850
2024/03/28,260.4200,0.5500,-0.21,896092,261.3100,262.9500,259.7400
2024/03/27,260.9700,0.7000,-0.27,992342,260.5900,262.2950,258.0300
2024/03/26,261.6700,0.1000,+0.04,939860,262.0200,264.6300,261.5100
2024/03/25,261.5700,1.2900,-0.49,1076582,260.5900,262.8200,258.3300
2024/03/22,262.8600,2.8900,-1.09,893034,265.1100,267.0400,262.7300
2024/03/21,265.7500,3.3200,+1.27,1693437,265.0000,268.9000,263.9000
2024/03/20,262.4300,6.2400,+2.44,1260051,257.3500,262.8300,256.7250
2024/03/19,256.1900,1.0100,+0.40,857664,253.0500,257.2400,251.3700
2024/03/18,255.1800,0.9400,+0.37,906396,256.1800,259.4800,254.9000
2024/03/15,254.2400,4.2900,-1.66,3010936,256.6600,258.0400,253.1300
2024/03/14,258.5300,0.1700,-0.07,1227778,258.5600,259.4700,254.3800
2024/03/13,258.7000,4.0800,-1.55,1134330,262.9100,264.0750,258.5100
2024/03/12,262.7800,4.5200,+1.75,1437911,258.8500,264.0900,258.3900
2024/03/11,258.2600,6.4000,+2.54,1469357,252.3100,259.1100,251.3800
2024/03/08,251.8600,1.9800,-0.78,881719,253.7700,256.0300,251.6902
2024/03/07,253.8400,2.7400,+1.09,1381047,252.8900,256.0900,250.8900
2024/03/06,251.1000,3.8100,+1.54,1008050,248.1500,252.2300,248.1500
2024/03/05,247.2900,13.4100,-5.14,1850322,257.3500,257.5100,246.1700
2024/03/04,260.7000,4.0400,-1.53,1945028,263.0100,263.8500,259.6600
2024/03/01,264.7400,6.5700,+2.54,3854244,275.0000,279.5300,258.6000
2024/02/29,258.1700,2.9200,+1.14,3331660,256.3500,258.9850,255.0000
2024/02/28,255.2500,1.7000,-0.66,1702995,254.8000,258.8400,254.6600
2024/02/27,256.9500,0.4000,-0.16,951007,258.5000,258.5994,255.9600
2024/02/26,257.3500,0.1500,+0.06,987824,257.8400,259.1350,256.1400
2024/02/23,257.2000,0.2200,+0.09,821491,259.2500,260.0000,256.8500
2024/02/22,256.9800,4.4600,+1.77,1077877,258.6500,260.3300,255.7700
2024/02/21,252.5200,2.7400,-1.07,742306,252.0000,252.6800,249.1300
2024/02/20,255.2600,3.0400,-1.18,1277518,256.3300,256.7000,251.6600
2024/02/16,258.3000,2.9500,-1.13,1369454,261.0000,261.4350,257.2000
2024/02/15,261.2500,0.9200,-0.35,724512,264.7400,264.9400,259.5900
2024/02/14,262.1700,5.4100,+2.11,925541,259.4100,263.0300,259.1300
2024/02/13,256.7600,5.2800,-2.01,1341584,254.1400,258.7276,252.7500
2024/02/12,262.0400,4.6400,-1.74,1055527,265.9100,267.3100,261.5114
2024/02/09,266.6800,5.1700,+1.98,1828625,262.8500,269.5300,262.8500
2024/02/08,261.5100,3.0800,+1.19,771127,258.0800,262.9175,258.0200
2024/02/07,258.4300,4.4500,+1.75,1125207,256.8100,261.0000,255.1850
2024/02/06,253.9800,1.1700,+0.46,865174,254.0700,254.9100,252.7000
2024/02/05,252.8100,3.6400,-1.42,1336118,255.8400,256.4200,251.7400
2024/02/02,256.4500,1.3800,+0.54,1592890,254.5000,259.2488,254.0500
2024/02/01,255.0700,1.2600,+0.50,1214059,253.4800,255.7700,251.3700
2024/01/31,253.8100,2.6600,-1.04,2017382,255.0200,256.9300,251.7300
2024/01/30,256.4700,0.7600,-0.30,1204411,255.6300,257.5600,255.0400
2024/01/29,257.2300,4.1600,+1.64,937343,253.0500,257.6300,252.6850
2024/01/26,253.0700,1.3200,+0.52,940236,252.4000,254.2850,250.8600
2024/01/25,251.7500,0.9100,-0.36,1116062,255.6200,255.8000,250.5300
2024/01/24,252.6600,0.1200,-0.05,1174455,255.0000,256.4800,252.5000
2024/01/23,252.7800,1.9900,+0.79,1030074,251.1800,253.2400,249.3100
2024/01/22,250.7900,2.1500,+0.86,1441025,250.0000,252.8081,249.8100
2024/01/19,248.6400,7.4600,+3.09,1205727,242.3700,249.0500,241.7300
2024/01/18,241.1800,2.7100,+1.14,1042706,238.3500,241.9400,237.8500
2024/01/17,238.4700,3.0300,-1.25,1330398,239.6600,240.4420,235.9600
2024/01/16,241.5000,0.9400,-0.39,1364804,240.2800,242.6800,240.1300
2024/01/12,242.4400,1.7900,+0.74,1012639,242.4700,243.3400,239.8300
2024/01/11,240.6500,1.8300,+0.77,1035448,239.5300,241.0200,237.3400
2024/01/10,238.8200,2.8600,+1.21,964952,236.1900,239.1750,235.7700
2024/01/09,235.9600,0.5100,+0.22,878484,233.5000,236.6750,232.6300
2024/01/08,235.4500,5.9300,+2.58,1447519,231.0000,235.9500,230.7800
2024/01/05,229.5200,0.6000,+0.26,1138296,228.7700,231.8600,228.4100
2024/01/04,228.9200,1.7300,+0.76,1552829,227.1900,229.5700,225.4500
2024/01/03,227.1900,6.9300,-2.96,1278943,231.7100,231.7100,227.0400
2024/01/02,234.1200,9.3600,-3.84,1443500,240.7900,241.2000,232.2150
2023/12/29,243.4800,1.4300,-0.58,721532,243.7200,245.4000,242.7850
2023/12/28,244.9100,0.2000,-0.08,537238,245.6300,245.8500,244.0200
2023/12/27,245.1100,0.0400,+0.02,771953,245.3600,245.8800,244.3800
2023/12/26,245.0700,2.3100,+0.95,595012,242.4900,245.3550,241.9600
2023/12/22,242.7600,0.8700,+0.36,719925,243.7400,244.0313,240.3050
2023/12/21,241.8900,5.1800,+2.19,1024336,240.6500,242.6490,239.0600
2023/12/20,236.7100,1.4500,-0.61,1353566,237.3300,241.5600,235.7150
2023/12/19,238.1600,0.9800,-0.41,1528715,239.6500,240.8000,237.7500
2023/12/18,239.1400,3.1500,-1.30,1764866,240.7900,242.4700,236.3500
2023/12/15,242.2900,1.4800,+0.61,3179508,241.3500,243.1720,238.8900
2023/12/14,240.8100,5.9000,+2.51,3303631,235.3600,242.6350,235.2550
2023/12/13,234.9100,6.9700,+3.06,2051452,228.9900,235.0000,227.9000
2023/12/12,227.9400,1.8500,+0.82,1369313,224.8300,228.9500,224.2525
2023/12/11,226.0900,2.0800,+0.93,1486994,224.5100,228.2800,224.5100
2023/12/08,224.0100,0.1700,+0.08,1073730,222.0700,225.3100,221.8950
2023/12/07,223.8400,4.2900,+1.95,1330421,220.0000,224.4600,219.0450
2023/12/06,219.5500,0.9000,-0.41,1463005,221.7100,221.9700,218.5750
2023/12/05,220.4500,0.8600,-0.39,1386581,220.0100,220.8400,216.7900
2023/12/04,221.3100,3.6200,-1.61,1747101,222.9400,224.2800,217.9600
2023/12/01,224.9300,6.5000,+2.98,1977263,218.2700,225.2550,217.0000
2023/11/30,218.4300,4.5800,+2.14,3073674,215.2200,218.7800,212.7000
2023/11/29,213.8500,6.4800,+3.12,2799538,210.0300,217.3850,210.0300
2023/11/28,207.3700,5.1100,+2.53,1573209,201.8000,207.6500,201.8000
2023/11/27,202.2600,1.1600,-0.57,1441400,202.2100,203.0150,200.8476
2023/11/24,203.4200,0.7600,+0.38,912476,202.6600,203.5700,201.1100
2023/11/22,202.6600,15.0100,-6.90,4288913,201.2500,208.5500,200.0500
2023/11/21,217.6700,2.0300,-0.92,2109770,219.0000,221.9900,216.6300
2023/11/20,219.7000,2.3700,+1.09,1522678,217.4900,221.9650,217.1800
2023/11/17,217.3300,2.3100,+1.07,1131110,215.3000,217.5400,214.3250
2023/11/16,215.0200,1.0900,-0.50,1130496,216.1000,217.5000,213.8870
2023/11/15,216.1100,1.2500,-0.58,1031468,217.2100,218.2600,215.5200
2023/11/14,217.3600,7.2600,+3.46,1155581,214.5400,218.0700,213.9700
2023/11/13,210.1000,0.4800,-0.23,1055691,209.2600,211.9700,208.4200
2023/11/10,210.5800,5.9000,+2.88,1014854,205.2600,211.0500,203.7150
2023/11/09,204.6800,2.2500,-1.09,844795,208.0200,208.8800,204.4000
2023/11/08,206.9300,1.6200,+0.79,745318,206.1600,207.9200,205.3600
2023/11/07,205.3100,3.3200,+1.64,910266,204.0200,206.7495,202.7900
2023/11/06,201.9900,1.9900,-0.98,1005558,203.1700,203.3300,199.8400
2023/11/03,203.9800,4.7400,+2.38,1354669,200.7400,205.3500,200.2800
2023/11/02,199.2400,0.3100,+0.16,1939964,199.5100,200.2800,192.0100
2023/11/01,198.9300,1.3000,+0.66,1066735,198.1200,199.4600,195.9400
2023/10/31,197.6300,0.1600,-0.08,1057757,198.2900,198.6250,195.3200
2023/10/30,197.7900,2.6400,+1.35,1084430,196.0800,198.6700,194.6200
2023/10/27,195.1500,0.9700,-0.49,1157419,196.2500,197.1100,192.8800
2023/10/26,196.1200,4.0900,-2.04,1944204,201.0000,202.4241,192.9200
2023/10/25,200.2100,4.8300,-2.36,1155829,203.1500,204.4100,199.8150
2023/10/24,205.0400,5.3200,+2.66,998821,201.8200,205.7100,201.4700
2023/10/23,199.7200,2.9700,-1.47,1012616,201.6200,203.1700,198.8200
2023/10/20,202.6900,3.3800,-1.64,1060682,206.2500,206.7200,201.3400
2023/10/19,206.0700,3.5700,-1.70,1383567,210.3300,210.9300,205.2000
2023/10/18,209.6400,4.3500,-2.03,1307659,211.3500,212.0890,209.0700
2023/10/17,213.9900,2.2100,+1.04,1004247,209.3200,215.4400,208.2250
2023/10/16,211.7800,2.3100,+1.10,786398,211.0200,213.9700,210.1000
2023/10/13,209.4700,3.3000,-1.55,1313947,212.8300,213.7500,208.6300
2023/10/12,212.7700,0.4300,-0.20,1207221,213.8300,215.0000,211.1200
2023/10/11,213.2000,0.7300,+0.34,965508,214.1000,215.1800,211.6300
2023/10/10,212.4700,1.9100,+0.91,914161,211.1500,214.9100,210.0000
2023/10/09,210.5600,0.5200,+0.25,766007,208.1000,211.0500,206.6100
2023/10/06,210.0400,6.0800,+2.98,1238096,202.0800,211.2800,201.3300
2023/10/05,203.9600,3.1000,-1.50,958648,206.2300,206.4600,200.4100
2023/10/04,207.0600,3.7800,+1.86,892695,204.2800,207.6200,204.0500
2023/10/03,203.2800,5.7100,-2.73,1103078,207.8900,209.0520,201.2100
2023/10/02,208.9900,2.0800,+1.01,855181,206.0600,209.4157,205.5400
2023/09/29,206.9100,0.9800,-0.47,1073911,209.7100,210.9900,206.5800
2023/09/28,207.8900,5.6100,+2.77,1466278,202.2800,208.5650,201.9500
2023/09/27,202.2800,0.6200,+0.31,1064977,202.0600,203.6400,200.0900
2023/09/26,201.6600,4.0100,-1.95,1544613,204.0500,204.5800,200.2600
2023/09/25,205.6700,1.6300,+0.80,1141960,203.0050,205.7000,202.0000
2023/09/22,204.0400,0.0200,-0.01,1122774,204.5500,206.2800,203.7900
2023/09/21,204.0600,3.6700,-1.77,1425177,206.7800,207.1100,203.2000
2023/09/20,207.7300,4.3300,-2.04,1230385,213.1200,213.4300,207.6050
2023/09/19,212.0600,1.4600,-0.68,1145975,212.1300,212.6000,209.0700
2023/09/18,213.5200,0.1700,+0.08,880353,212.4350,214.2100,212.1900
2023/09/15,213.3500,3.3200,-1.53,1944419,216.6700,217.3600,212.8100
2023/09/14,216.6700,4.4100,+2.08,1137169,213.3400,217.2000,211.6000
2023/09/13,212.2600,0.4600,+0.22,1095003,212.2000,213.8300,210.5700
2023/09/12,211.8000,6.9400,-3.17,1574632,215.1300,217.0700,211.2500
2023/09/11,218.7400,0.4500,-0.21,838785,219.4900,220.4300,217.4953
2023/09/08,219.1900,1.8200,-0.82,1002278,220.5600,221.9150,217.8600
2023/09/07,221.0100,1.1900,-0.54,1288221,221.1400,221.6200,218.1800
2023/09/06,222.2000,2.7400,+1.25,1709732,219.0800,222.6900,218.1500
2023/09/05,219.4600,0.5600,-0.25,1189803,218.0900,220.7900,216.5900
2023/09/01,220.0200,1.9200,-0.87,1160668,224.0700,224.1300,218.4500
2023/08/31,221.9400,0.3900,+0.18,1729194,221.7400,224.2600,220.8900
2023/08/30,221.5500,2.1500,+0.98,1331254,219.4000,223.4500,218.4800
2023/08/29,219.4000,2.3100,+1.06,1151892,217.0000,219.5700,215.7000
2023/08/28,217.0900,1.1700,+0.54,1098101,217.2300,218.4100,216.0800
2023/08/25,215.9200,7.3200,+3.51,1933948,209.8500,216.7950,209.4900
2023/08/24,208.6000,4.2400,+2.07,2648308,215.5000,216.7500,208.1350
2023/08/23,204.3600,3.7800,+1.88,1697452,202.2500,205.8100,201.9700
2023/08/22,200.5800,1.4400,-0.71,1041486,202.3400,202.8050,200.0000
2023/08/21,202.0200,2.3400,+1.17,951292,200.4000,202.9200,199.7400
2023/08/18,199.6800,0.9800,+0.49,975740,196.5000,200.5250,195.2850
2023/08/17,198.7000,4.9500,-2.43,1526134,203.9600,204.1000,198.4600
2023/08/16,203.6500,5.8800,-2.81,1517334,208.8400,210.0400,203.5700
2023/08/15,209.5300,1.9500,-0.92,1289758,209.9100,211.7900,208.8100
2023/08/14,211.4800,3.5200,+1.69,1096438,206.8900,211.9300,206.8900
2023/08/11,207.9600,0.1000,-0.05,1167942,205.7500,209.0000,205.6000
2023/08/10,208.0600,3.2900,+1.61,1660341,208.3300,210.8600,206.0900
2023/08/09,204.7700,1.5400,+0.76,1949501,203.7000,206.7200,203.2500
2023/08/08,203.2300,0.4850,-0.24,1227041,200.9000,203.9600,198.8600
2023/08/07,203.7150,2.1450,+1.06,849294,202.5200,204.3200,201.5400
2023/08/04,201.5700,1.0500,-0.52,1017645,204.9100,204.9100,200.5350
2023/08/03,202.6200,4.1600,-2.01,1427307,203.9700,206.0450,202.3300
2023/08/02,206.7800,5.6700,-2.67,1386731,209.4500,209.8300,203.6825
2023/08/01,212.4500,0.4600,+0.22,757473,211.1700,213.2450,209.0000
2023/07/31,211.9900,2.2000,+1.05,1302045,210.8300,212.1800,209.1200
2023/07/28,209.7900,0.3300,+0.16,1480020,213.0150,215.2900,208.3180
2023/07/27,209.4600,3.2900,-1.55,1901944,216.0000,220.2500,208.4500
2023/07/26,212.7500,1.9900,+0.94,1094987,208.6300,213.6800,208.2250
2023/07/25,210.7600,0.2300,+0.11,850419,211.0000,212.6350,210.5000
2023/07/24,210.5300,0.6300,+0.30,1508113,210.8200,212.2000,207.5800
2023/07/21,209.9000,1.0700,-0.51,4587883,213.1100,214.9100,209.2500
2023/07/20,210.9700,8.1000,-3.70,1163264,217.1400,218.5300,210.6600
2023/07/19,219.0700,1.8300,+0.84,1869362,217.9700,222.6300,216.8400
2023/07/18,217.2400,3.5100,+1.64,1754827,212.5700,217.9200,212.4100
2023/07/17,213.7300,0.4100,-0.19,1428654,213.4900,216.1200,212.7001
2023/07/14,214.1400,2.4500,-1.13,1189546,215.9500,216.0700,210.5000
2023/07/13,216.5900,1.2700,+0.59,1012037,217.9800,218.8400,216.5200
2023/07/12,215.3200,3.2700,+1.54,1469792,216.6700,218.0215,214.9200
2023/07/11,212.0500,4.7200,+2.28,1183468,207.5900,212.6550,206.8750
2023/07/10,207.3300,5.7600,+2.86,1097568,201.0000,208.0700,201.0000
2023/07/07,201.5700,0.5200,+0.26,1176641,200.4000,203.9500,200.4000
2023/07/06,201.0500,2.8000,-1.37,1685677,200.0000,201.1900,197.5178
2023/07/05,203.8500,0.1500,+0.07,1688592,202.4050,203.9700,200.5100
2023/07/03,203.7000,0.9100,-0.44,818877,203.0000,205.1900,202.1100
2023/06/30,204.6100,1.5700,-0.76,2094783,207.4200,207.7592,203.7450
2023/06/29,206.1800,0.1200,-0.06,1104264,207.0200,210.5000,205.3600
2023/06/28,206.3000,0.5500,-0.27,1194450,206.1500,208.3600,203.9100
2023/06/27,206.8500,6.0700,+3.02,1556773,201.7600,207.2500,201.0500
2023/06/26,200.7800,1.2200,-0.60,1286892,201.1400,204.4350,199.6401
2023/06/23,202.0000,4.7000,-2.27,1538921,202.8600,203.1900,200.2500
2023/06/22,206.7000,1.2800,-0.62,1889658,207.0500,207.8450,205.0400
2023/06/21,207.9800,4.0100,-1.89,1711811,210.0000,212.1200,207.6900
2023/06/20,211.9900,1.5100,-0.71,1730962,211.6300,214.0300,209.2719
2023/06/16,213.5000,7.9300,-3.58,3289117,223.6400,223.6400,212.3600
2023/06/15,221.4300,7.8800,+3.69,2128058,211.4100,222.1500,211.3900
2023/06/14,213.5500,0.2600,+0.12,1933448,212.8500,214.9000,209.6600
2023/06/13,213.2900,5.1900,+2.49,1799685,208.6200,213.5500,207.3700
2023/06/12,208.1000,6.7100,+3.33,1511252,202.9100,208.2400,202.8850
2023/06/09,201.3900,1.2300,+0.61,1348437,200.6500,203.3500,198.0100
2023/06/08,200.1600,1.0000,-0.50,1043064,201.1300,201.7800,198.4050
2023/06/07,201.1600,6.8500,-3.29,1329798,208.2500,208.4650,200.3300
2023/06/06,208.0100,0.4200,-0.20,926759,209.2400,209.9210,207.1800
2023/06/05,208.4300,4.1900,+2.05,1341524,203.9300,208.9100,202.7200
2023/06/02,204.2400,0.9400,+0.46,1385518,205.3100,208.4800,203.0000
2023/06/01,203.3000,3.9100,+1.96,1549153,199.2100,205.3900,197.0461
2023/05/31,199.3900,4.3500,+2.23,3895651,195.4600,200.8600,194.8200
2023/05/30,195.0400,3.8600,-1.94,1776300,202.2000,202.8800,192.9800
2023/05/26,198.9000,1.3400,+0.68,2839338,200.7700,202.5000,193.1900
2023/05/25,197.5600,0.8100,+0.41,2487101,197.8400,199.5100,195.6700
2023/05/24,196.7500,0.1100,+0.06,1757073,193.9400,198.0200,192.5000
2023/05/23,196.6400,6.8500,-3.37,1696295,199.2700,201.8300,196.5100
2023/05/22,203.4900,2.6000,+1.29,1058828,201.4800,204.2290,199.6200
2023/05/19,200.8900,3.9500,-1.93,1522381,204.0000,204.2500,199.2501
2023/05/18,204.8400,6.3800,+3.21,1591411,198.5000,205.0000,198.4200
2023/05/17,198.4600,5.2100,+2.70,1212761,195.0600,199.0900,193.1400
2023/05/16,193.2500,3.6600,-1.86,1059901,196.1800,197.4200,193.1900
2023/05/15,196.9100,2.4600,+1.27,834985,193.7300,197.0050,191.2600
2023/05/12,194.4500,1.3500,+0.70,948824,193.6400,194.9000,192.6700
2023/05/11,193.1000,3.2200,-1.64,731421,196.1200,196.8200,192.2850
2023/05/10,196.3200,3.5900,+1.86,1437624,196.0800,197.4600,193.2300
2023/05/09,192.7300,0.7400,+0.39,959660,191.5300,194.5200,190.9500
2023/05/08,191.9900,2.9500,-1.51,1045616,193.4700,194.7000,189.5400
2023/05/05,194.9400,1.9100,+0.99,1281158,193.9800,196.4950,192.9000
2023/05/04,193.0300,0.6700,-0.35,855873,194.5700,195.3800,191.7650
2023/05/03,193.7000,1.2800,+0.67,972483,193.5800,197.4500,193.3800
2023/05/02,192.4200,4.0500,-2.06,1421668,196.5600,197.0250,191.7800
2023/05/01,196.4700,1.6800,+0.86,917116,194.7900,197.3128,193.2650
2023/04/28,194.7900,4.6800,+2.46,1138741,189.4200,194.9000,188.4450
2023/04/27,190.1100,0.2100,+0.11,1513156,192.3500,192.6184,188.3800
2023/04/26,189.9000,0.3100,-0.16,1062053,191.1900,192.3950,189.2000
2023/04/25,190.2100,5.6300,-2.87,1115003,193.8200,194.1461,190.1300
2023/04/24,195.8400,1.7500,+0.90,999946,193.8100,196.2295,192.6200
2023/04/21,194.0900,0.5500,-0.28,891677,194.4100,195.1600,192.2700
2023/04/20,194.6400,1.9200,-0.98,1194141,194.5100,196.8400,193.7400
2023/04/19,196.5600,0.8900,-0.45,932199,195.5500,196.9400,193.6700
2023/04/18,197.4500,0.3600,+0.18,1013252,199.8000,200.8200,196.3450
2023/04/17,197.0900,2.4300,+1.25,1343555,196.6400,200.0800,195.3500
2023/04/14,194.6600,1.6500,-0.84,1478810,195.9600,199.3900,192.8800
2023/04/13,196.3100,3.1500,+1.63,1685539,194.8800,196.9300,194.1400
2023/04/12,193.1600,4.6200,-2.34,1818765,200.8200,201.1800,192.7600
2023/04/11,197.7800,0.3600,-0.18,993206,197.3900,198.7300,195.7000
2023/04/10,198.1400,0.8000,+0.41,1075124,195.0000,198.5300,193.2900
2023/04/06,197.3400,0.2100,-0.11,1174501,196.8900,198.3239,194.6200
2023/04/05,197.5500,5.7700,-2.84,1517958,201.6200,202.3700,195.9300
2023/04/04,203.3200,4.2600,-2.05,1300693,209.0000,210.8900,202.1300
2023/04/03,207.5800,0.5800,-0.28,1472599,205.0900,207.8600,204.3400
2023/03/31,208.1600,6.5500,+3.25,1871244,202.7800,208.3800,202.0100
2023/03/30,201.6100,2.4500,+1.23,1072943,201.0700,202.8200,200.1200
2023/03/29,199.1600,1.8900,+0.96,1206710,199.6100,199.9400,197.6150
2023/03/28,197.2700,1.4800,-0.74,1463052,196.7500,197.8150,195.1300
2023/03/27,198.7500,1.4700,-0.73,1580664,201.5500,202.8200,197.2600
2023/03/24,200.2200,0.9200,-0.46,1403772,201.0700,202.9700,198.1550
2023/03/23,201.1400,2.7600,+1.39,1549866,200.9200,204.6700,199.1100
2023/03/22,198.3800,8.7700,-4.23,1718944,206.4400,207.2800,198.3400
2023/03/21,207.1500,6.7300,+3.36,1785734,202.0000,208.6200,201.5750
2023/03/20,200.4200,1.3100,+0.66,1577406,200.3100,202.8900,198.2400
2023/03/17,199.1100,1.4800,-0.74,2216175,199.3000,202.7100,196.9000
2023/03/16,200.5900,4.8000,+2.45,1463042,196.1800,202.1450,195.2300
2023/03/15,195.7900,3.4300,-1.72,1857243,196.1650,197.4200,193.1600
2023/03/14,199.2200,1.3500,+0.68,1792456,200.0700,202.4950,196.3500
2023/03/13,197.8700,3.8500,+1.98,1905462,193.3300,200.3000,191.0400
2023/03/10,194.0200,6.4700,-3.23,1341669,201.1100,201.3700,193.1150
2023/03/09,200.4900,4.0200,-1.97,1439980,205.7100,208.7500,199.9000
2023/03/08,204.5100,0.9700,-0.47,1012349,205.8400,207.5800,203.0700
2023/03/07,205.4800,2.8500,-1.37,1209793,209.0000,211.5100,205.0700
2023/03/06,208.3300,0.8700,+0.42,1299111,208.0000,211.1200,206.9700
2023/03/03,207.4600,6.3300,+3.15,1790020,201.7500,208.1200,201.7500
2023/03/02,201.1300,4.7500,+2.42,1523395,195.6900,201.9700,195.5300
2023/03/01,196.3800,2.3100,-1.16,1300281,199.4800,200.1300,195.1750
2023/02/28,198.6900,2.0100,+1.02,1896134,195.1100,201.6700,195.1100
2023/02/27,196.6800,4.1500,+2.16,2251820,195.0000,200.0000,194.0828
2023/02/24,192.5300,28.6300,-12.95,4971474,203.1900,205.1100,191.4400
2023/02/23,221.1600,4.4600,+2.06,2070894,218.0600,221.5500,216.1200
2023/02/22,216.7000,1.1500,+0.53,1464950,215.7100,218.4600,215.3100
2023/02/21,215.5500,4.4300,-2.01,1277456,215.7200,218.4300,214.3100
2023/02/17,219.9800,2.1500,-0.97,1194063,219.3900,221.2400,216.5000
2023/02/16,222.1300,7.1500,-3.12,825508,223.7500,225.3860,221.1800
2023/02/15,229.2800,1.2400,+0.54,926883,226.4800,229.3200,225.3900
2023/02/14,228.0400,4.0400,+1.80,1373122,223.3700,229.3300,222.0838
2023/02/13,224.0000,1.2000,+0.54,1021244,223.3800,225.9600,222.8500
2023/02/10,222.8000,1.8500,-0.82,1096466,220.9400,224.8400,219.8400
2023/02/09,224.6500,3.3300,+1.50,1581913,224.4200,229.4300,222.7600
2023/02/08,221.3200,2.3300,-1.04,1024159,223.8600,225.9500,220.9350
2023/02/07,223.6500,5.3100,+2.43,1021873,217.8500,224.0100,215.6800
2023/02/06,218.3400,5.3200,-2.38,1174762,219.0200,220.5250,216.9400
2023/02/03,223.6600,4.5600,-2.00,1199604,221.6800,227.4900,221.0000
2023/02/02,228.2200,6.0300,+2.71,1827448,226.4300,232.1500,225.8100
2023/02/01,222.1900,7.0300,+3.27,1313864,213.8900,223.9900,212.9800
2023/01/31,215.1600,6.0400,+2.89,1633328,210.3300,215.5500,208.8900
2023/01/30,209.1200,1.7600,-0.83,1122141,207.0700,210.6000,206.8000
2023/01/27,210.8800,2.4200,+1.16,1284604,206.3300,212.5000,206.0000
2023/01/26,208.4600,5.9600,+2.94,876704,206.2700,209.2400,205.7700
2023/01/25,202.5000,3.9300,-1.90,1273353,202.0000,203.8050,198.0100
2023/01/24,206.4300,4.8600,-2.30,908375,209.3100,210.6100,204.8400
2023/01/23,211.2900,5.3900,+2.62,1079305,206.0600,211.6300,205.1000
2023/01/20,205.9000,9.8500,+5.02,1248440,198.2400,206.7300,198.2000
2023/01/19,196.0500,1.9700,-0.99,987372,195.6800,199.2475,195.6500
2023/01/18,198.0200,2.6800,-1.34,1117892,201.3800,205.4700,197.6700
2023/01/17,200.7000,0.1100,+0.05,1194526,200.1400,202.6148,199.4601
2023/01/13,200.5900,0.6300,+0.32,961029,197.0600,201.0400,197.0600
2023/01/12,199.9600,0.0300,+0.02,1247128,199.5800,201.8000,197.0900
2023/01/11,199.9300,6.5000,+3.36,1144083,195.3600,200.2800,194.0600
2023/01/10,193.4300,0.9600,+0.50,1126835,190.2300,194.3000,190.2300
2023/01/09,192.4700,5.2800,+2.82,1400843,190.5200,199.0900,190.4800
2023/01/06,187.1900,5.1200,+2.81,1294661,184.2300,188.6000,179.6100
2023/01/05,182.0700,5.8900,-3.13,1488597,186.0500,186.3200,180.3778
2023/01/04,187.9600,2.8100,+1.52,1069612,187.8900,190.7100,186.0000
2023/01/03,185.1500,1.7200,-0.92,1181561,190.6200,192.9635,183.0000
2022/12/30,186.8700,1.2500,-0.66,1057518,184.7800,186.9400,183.0700
2022/12/29,188.1200,6.2200,+3.42,988621,183.4700,189.2750,182.8500
2022/12/28,181.9000,4.3900,-2.36,1172072,184.4900,187.4100,181.5900
2022/12/27,186.2900,1.8700,-0.99,914110,188.0700,188.0700,185.3000
2022/12/23,188.1600,0.0600,+0.03,941108,186.3600,188.8000,185.7600
2022/12/22,188.1000,4.1300,-2.15,1999472,189.3100,190.1100,185.8500
2022/12/21,192.2300,4.3100,+2.29,1177346,188.6700,193.3750,186.2800
2022/12/20,187.9200,0.6200,-0.33,949401,186.2800,189.7750,185.5100
2022/12/19,188.5400,3.8600,-2.01,1281239,192.7200,192.7200,188.1500
2022/12/16,192.4000,1.7100,-0.88,2292777,192.7300,195.1200,189.8400
2022/12/15,194.1100,5.9500,-2.97,1808152,195.8000,197.5000,192.2200
2022/12/14,200.0600,2.9600,-1.46,1404451,203.4100,206.7740,199.0500
2022/12/13,203.0200,3.1400,+1.57,1535445,210.8800,211.8300,201.4900
2022/12/12,199.8800,5.5700,+2.87,1344369,193.2700,199.9800,193.1400
2022/12/09,194.3100,2.3200,-1.18,1030995,195.7700,197.2700,193.8400
2022/12/08,196.6300,3.2900,+1.70,1370334,194.2800,197.9000,192.7000
2022/12/07,193.3400,1.2700,-0.65,1281401,194.6100,196.8650,191.8300
2022/12/06,194.6100,3.7800,-1.91,1132305,197.3300,197.7900,191.8100
2022/12/05,198.3900,2.7200,-1.35,1546987,198.7800,199.4699,195.2700
2022/12/02,201.1100,5.8200,-2.81,1323643,200.9000,204.0600,200.1900
2022/12/01,206.9300,4.9800,+2.47,1649510,202.3700,208.7000,202.1150
2022/11/30,201.9500,6.7700,+3.47,4608918,195.3200,202.8100,193.9300
2022/11/29,195.1800,0.1700,-0.09,1473806,195.4000,196.5300,190.9600
2022/11/28,195.3500,5.3100,-2.65,1624583,199.8400,202.9800,194.7900
2022/11/25,200.6600,3.5900,+1.82,1318187,196.7900,200.9600,196.2500
2022/11/23,197.0700,11.8300,-5.66,6274813,190.7500,199.6745,188.0100
2022/11/22,208.9000,2.4000,+1.16,2548731,206.5000,209.6400,202.8800
2022/11/21,206.5000,3.8700,-1.84,1793680,208.4000,209.1550,205.9200
2022/11/18,210.3700,4.3100,-2.01,1588320,219.2300,219.2300,209.6500
2022/11/17,214.6800,6.4600,-2.92,1660565,215.8600,218.0900,212.7300
2022/11/16,221.1400,11.1600,-4.80,2290684,230.4900,231.2300,219.8200
2022/11/15,232.3000,8.9900,+4.03,1930360,231.2000,233.6890,229.8900
2022/11/14,223.3100,5.4900,-2.40,1518903,225.6300,226.6400,221.0800
2022/11/11,228.8000,5.8400,+2.62,1870089,222.5000,232.4400,221.4000
2022/11/10,222.9600,28.3500,+14.57,1946872,208.2700,223.3700,207.9450
2022/11/09,194.6100,4.4000,-2.21,1206290,196.3500,197.9200,194.0400
2022/11/08,199.0100,4.1300,+2.12,1377550,196.0000,203.8800,194.0020
2022/11/07,194.8800,1.1900,+0.61,2247220,195.1200,196.8500,192.6700
2022/11/04,193.6900,0.5300,-0.27,2641330,196.0000,196.3675,189.6900
2022/11/03,194.2200,5.1600,-2.59,1939805,197.3500,200.6300,194.0000
2022/11/02,199.3800,14.6700,-6.85,2115920,214.4100,214.4100,199.1200
2022/11/01,214.0500,0.2500,-0.12,1105468,216.7100,218.5299,212.2500
2022/10/31,214.3000,2.0900,-0.97,965042,214.7600,216.2900,214.0000
2022/10/28,216.3900,6.2400,+2.97,1051916,211.4200,216.9900,208.5900
2022/10/27,210.1500,4.4100,-2.06,1625014,216.1900,217.3400,209.5800
2022/10/26,214.5600,1.1600,-0.54,1180114,213.3300,219.6200,211.0100
2022/10/25,215.7200,8.6300,+4.17,1237436,209.5000,216.0100,208.9200
2022/10/24,207.0900,5.7000,+2.83,1050785,202.9000,208.2150,198.5150
2022/10/21,201.3900,3.5600,+1.80,1053641,197.5100,202.2100,193.7300
2022/10/20,197.8300,0.8100,+0.41,743089,197.9600,203.6000,196.8500
2022/10/19,197.0200,3.6800,-1.83,767182,197.4000,200.3600,196.0200
2022/10/18,200.7000,2.0000,+1.01,1494011,204.6800,206.2400,197.3800
2022/10/17,198.7000,8.8900,+4.68,1281448,196.3300,200.6150,196.2000
2022/10/14,189.8100,4.0400,-2.08,1212717,197.4600,197.9100,189.5600
2022/10/13,193.8500,0.2100,+0.11,1669996,186.5900,195.2400,182.3000
2022/10/12,193.6400,2.6100,+1.37,1523344,191.9800,194.7200,190.7500
2022/10/11,191.0300,0.0000,0,1468159,190.9600,192.0250,185.7200
2022/10/10,191.0300,3.7100,-1.91,1305151,194.6600,195.5100,187.5100
2022/10/07,194.7400,11.1300,-5.41,1261261,201.5900,202.1700,193.2700
2022/10/06,205.8700,1.3400,+0.66,1791729,203.8100,209.6400,203.3650
2022/10/05,204.5300,4.5400,+2.27,1995988,196.1400,205.1800,194.7800
2022/10/04,199.9900,7.5300,+3.91,2118033,197.6700,200.2400,197.3000
2022/10/03,192.4600,5.6600,+3.03,1628628,187.8300,193.4400,187.6150
2022/09/30,186.8000,2.6600,-1.40,1341173,189.1100,191.8800,186.5650
2022/09/29,189.4600,1.5200,-0.80,1375255,189.2300,191.3700,186.9400
2022/09/28,190.9800,3.0200,+1.61,1562414,188.8300,192.4900,186.6700
2022/09/27,187.9600,3.9700,+2.16,1604155,186.3500,189.6600,183.0206
2022/09/26,183.9900,0.5700,-0.31,1063031,185.0500,188.8400,183.7100
2022/09/23,184.5600,2.5900,-1.38,1101448,186.6300,186.8200,181.6700
2022/09/22,187.1500,5.2700,-2.74,1154288,189.8200,191.3000,187.0100
2022/09/21,192.4200,2.5500,-1.31,1199982,197.4000,201.2200,191.9400
2022/09/20,194.9700,1.9200,-0.98,850730,195.5400,197.4200,193.5100
2022/09/19,196.8900,1.9200,+0.98,993586,193.0300,196.9600,191.9300
2022/09/16,194.9700,6.3300,-3.14,2234793,196.0000,196.4400,191.8700
2022/09/15,201.3000,7.2200,-3.46,1630814,207.0000,209.9700,200.0650
2022/09/14,208.5200,0.1800,+0.09,1787521,209.1900,210.9400,206.0000
2022/09/13,208.3400,6.8200,-3.17,3041622,204.2800,211.0500,204.1100
2022/09/12,215.1600,3.4800,+1.64,1275736,212.8950,215.3200,210.8550
2022/09/09,211.6800,1.8600,+0.89,1097362,211.4100,213.2900,210.0900
2022/09/08,209.8200,3.6300,+1.76,1805757,203.2000,210.3000,202.4050
2022/09/07,206.1900,8.0100,+4.04,1325547,199.5700,207.1300,198.2700
2022/09/06,198.1800,0.5100,-0.26,1334938,200.2900,201.3100,196.5500
2022/09/02,198.6900,3.2600,-1.61,1097446,204.7200,205.5300,197.4900
2022/09/01,201.9500,0.2100,+0.10,1257057,200.3100,202.3000,195.3115
2022/08/31,201.7400,1.0700,-0.53,1236523,205.8300,207.0000,200.8700
2022/08/30,202.8100,2.9000,-1.41,1347536,206.7200,208.0800,200.1577
2022/08/29,205.7100,2.0600,-0.99,1162661,206.0900,208.8100,204.2700
2022/08/26,207.7700,12.3800,-5.62,1876173,218.8700,220.3100,207.4600
2022/08/25,220.1500,5.7200,+2.67,3236582,234.7200,234.9900,216.4500
2022/08/24,214.4300,0.8000,+0.37,1758851,215.0200,217.2700,213.4400
2022/08/23,213.6300,2.7700,-1.28,1075335,215.7100,218.7700,213.2000
2022/08/22,216.4000,6.1900,-2.78,1240915,219.4500,219.5100,215.8700
2022/08/19,222.5900,6.2700,-2.74,1064140,226.6200,226.6200,221.4900
2022/08/18,228.8600,0.6600,+0.29,1043269,228.8300,230.5299,227.6700
2022/08/17,228.2000,5.4400,-2.33,1028926,230.3700,231.3100,227.6600
2022/08/16,233.6400,0.4000,-0.17,892995,231.2500,235.0050,230.1800
2022/08/15,234.0400,1.0300,+0.44,853167,232.3800,234.9600,231.9200
2022/08/12,233.0100,5.7500,+2.53,957159,229.6800,233.1500,227.5550
2022/08/11,227.2600,0.9400,+0.42,1042773,228.3400,232.2800,226.3300
2022/08/10,226.3200,8.1800,+3.75,1176918,225.1500,227.5800,224.1050
2022/08/09,218.1400,2.5500,-1.16,970164,218.7900,219.1900,215.1200
2022/08/08,220.6900,1.0100,-0.46,811035,222.9600,224.9200,219.2500
2022/08/05,221.7000,0.2400,-0.11,1113414,216.4600,223.1200,216.1400
2022/08/04,221.9400,3.5000,+1.60,1645437,218.7600,222.0000,216.1600
2022/08/03,218.4400,2.2600,+1.05,1562486,216.6400,220.3500,215.9900
2022/08/02,216.1800,1.9600,-0.90,1894059,214.3600,217.8650,213.2900
2022/08/01,218.1400,1.8200,+0.84,1446952,212.0100,218.3400,211.8800
2022/07/29,216.3200,4.1600,+1.96,1780190,211.8900,217.6500,211.2140
2022/07/28,212.1600,8.7500,+4.30,1791873,203.3000,212.6200,203.2150
2022/07/27,203.4100,10.3400,+5.36,1574274,196.5800,204.6700,194.8800
2022/07/26,193.0700,2.6400,-1.35,1470666,196.3400,196.9200,192.1700
2022/07/25,195.7100,0.2400,-0.12,1444982,194.7600,196.0600,192.5400
2022/07/22,195.9500,3.1500,-1.58,1457698,199.1900,203.5500,194.4800
2022/07/21,199.1000,2.7200,+1.39,1304645,196.2000,199.8500,195.3220
2022/07/20,196.3800,11.6200,+6.29,1741736,186.3100,197.0700,185.5300
2022/07/19,184.7600,7.5400,+4.25,1149876,180.8500,185.0600,178.9501
2022/07/18,177.2200,1.0100,+0.57,2114109,178.3400,179.5000,175.6100
2022/07/15,176.2100,5.2500,+3.07,1443776,174.3600,177.1100,172.6000
2022/07/14,170.9600,0.0100,+0.01,1292532,170.7600,171.9000,167.2100
2022/07/13,170.9500,1.3800,-0.80,1139128,167.0000,171.6800,166.9400
2022/07/12,172.3300,4.3900,-2.48,1425826,177.4300,181.3600,171.8000
2022/07/11,176.7200,3.1100,-1.73,992782,177.8400,179.4500,174.0700
2022/07/08,179.8300,2.4200,-1.33,1197769,181.3800,182.1900,175.7500
2022/07/07,182.2500,5.5200,+3.12,1091745,176.2700,182.5500,175.9300
2022/07/06,176.7300,0.1700,-0.10,1027746,179.9600,180.9800,175.3000
2022/07/05,176.9000,3.0400,+1.75,1833258,171.7000,177.0400,170.2200
2022/07/01,173.8600,1.9000,+1.10,1203155,172.7800,174.6200,170.4800
2022/06/30,171.9600,4.8900,-2.77,1707010,174.7000,175.8300,170.3500
2022/06/29,176.8500,0.0400,+0.02,1305589,177.7000,179.4900,174.3600
2022/06/28,176.8100,9.0600,-4.87,1561054,186.6200,186.6200,176.3100
2022/06/27,185.8700,6.6100,-3.43,1814280,191.4800,193.3321,184.5050
2022/06/24,192.4800,9.0700,+4.95,2814160,184.3200,192.9900,183.2500
2022/06/23,183.4100,14.2600,+8.43,2636937,173.1400,183.8700,171.9500
2022/06/22,169.1500,2.2700,+1.36,1705692,166.0800,171.1300,165.0100
2022/06/21,166.8800,0.8900,-0.53,1465058,170.0900,172.5450,166.2700
2022/06/17,167.7700,3.4600,+2.11,3324034,164.3900,169.8102,164.3900
2022/06/16,164.3100,12.4000,-7.02,2104617,171.0300,171.6200,163.2000
2022/06/15,176.7100,5.1200,+2.98,1911715,174.5700,180.2700,171.6700
2022/06/14,171.5900,1.5100,-0.87,1591338,174.4000,175.3900,170.0600
2022/06/13,173.1000,13.9800,-7.47,1914806,179.6100,182.2800,172.1600
2022/06/10,187.0800,7.9800,-4.09,1722897,189.8400,190.7000,184.4500
2022/06/09,195.0600,8.6700,-4.26,975465,202.7700,203.1900,194.9600
2022/06/08,203.7300,3.4400,-1.66,872935,206.3200,207.5900,203.3500
2022/06/07,207.1700,1.4300,-0.69,1249796,206.5100,211.1300,205.1000
2022/06/06,208.6000,0.2300,+0.11,835464,211.2700,212.2900,207.4694
2022/06/03,208.3700,5.7200,-2.67,1105402,210.0800,210.8500,206.3100
2022/06/02,214.0900,6.7100,+3.24,1509854,207.2200,214.2400,206.7300
2022/06/01,207.3800,0.3700,-0.18,1417784,210.0000,212.7900,205.7900
2022/05/31,207.7500,3.6300,-1.72,3012779,209.6900,210.0250,204.0600
2022/05/27,211.3800,19.7500,+10.31,2985286,204.0000,211.8500,201.0000
2022/05/26,191.6300,5.1000,+2.73,2278042,187.3800,193.5600,185.4200
2022/05/25,186.5300,6.9800,+3.89,1841764,180.1200,187.6550,178.6000
2022/05/24,179.5500,3.9600,-2.16,2368295,181.4800,182.9300,176.4300
2022/05/23,183.5100,7.9000,-4.13,3781199,182.9450,184.8800,173.9000
2022/05/20,191.4100,2.3100,-1.19,2246121,196.2100,197.9700,185.5750
2022/05/19,193.7200,5.7400,+3.05,1554511,187.4000,196.8150,186.2798
2022/05/18,187.9800,7.6600,-3.92,1286941,192.0900,193.9450,186.3950
2022/05/17,195.6400,3.0600,+1.59,1596082,197.0000,198.9900,189.5400
2022/05/16,192.5800,4.4900,-2.28,1342905,194.4500,196.3800,191.6600
2022/05/13,197.0700,12.0200,+6.50,1731426,187.1200,197.5000,186.5600
2022/05/12,185.0500,4.3700,+2.42,2554330,177.4800,186.6400,175.4100
2022/05/11,180.6800,5.7300,-3.07,2388426,183.5100,191.8300,179.7525
2022/05/10,186.4100,0.0900,+0.05,2757018,193.3000,194.3200,181.1700
2022/05/09,186.3200,7.4500,-3.84,3236848,189.3300,191.9100,185.0300
2022/05/06,193.7700,4.6200,-2.33,2921609,196.3900,197.6500,187.1050
2022/05/05,198.3900,5.3600,-2.63,3483851,203.7800,204.7900,195.6100
2022/05/04,203.7500,10.5300,+5.45,2023743,193.7000,204.1000,191.5800
2022/05/03,193.2200,0.3200,+0.17,1696148,192.3600,194.1600,188.8900
2022/05/02,192.9000,3.6200,+1.91,1741613,189.2300,193.2800,186.7600
2022/04/29,189.2800,6.5600,-3.35,1425848,193.7100,196.6000,188.7600
2022/04/28,195.8400,15.3700,+8.52,2083668,185.2500,198.0400,184.9500
2022/04/27,180.4700,5.1200,-2.76,1917807,185.5900,189.6800,180.1900
2022/04/26,185.5900,5.5600,-2.91,1605992,189.3300,190.0000,183.8400
2022/04/25,191.1500,3.8400,+2.05,1719060,186.6500,191.5400,185.5460
2022/04/22,187.3100,7.8200,-4.01,1686900,194.5700,195.6200,187.0700
2022/04/21,195.1300,6.7900,-3.36,1536956,204.9200,209.0000,193.9800
2022/04/20,201.9200,1.8800,-0.92,1244473,205.8600,207.0475,201.7200
2022/04/19,203.8000,7.2600,+3.69,1764238,194.3500,205.7350,194.3500
2022/04/18,196.5400,0.1900,-0.10,1142329,195.0900,198.7000,193.6400
2022/04/14,196.7300,5.0100,-2.48,1197184,202.9700,203.1700,196.2200
2022/04/13,201.7400,5.6000,+2.86,1158898,196.0000,202.1900,195.3400
2022/04/12,196.1400,2.8900,-1.45,1335963,203.4000,206.2300,195.2400
2022/04/11,199.0300,3.2200,-1.59,1455325,198.4100,202.0850,197.6500
2022/04/08,202.2500,2.5200,-1.23,1421051,201.9400,205.4700,198.2000
2022/04/07,204.7700,0.8300,+0.41,1391952,202.4300,206.8600,201.5200
2022/04/06,203.9400,7.6100,-3.60,1947035,207.2300,208.9784,202.5800
2022/04/05,211.5500,7.2200,-3.30,1415837,218.1600,218.5800,210.6800
2022/04/04,218.7700,5.7300,+2.69,1128459,213.8800,220.4100,213.7500
2022/04/01,213.0400,1.3100,-0.61,1329121,215.6200,217.2300,210.5600
2022/03/31,214.3500,6.6500,-3.01,1967732,219.4200,221.7100,214.1900
2022/03/30,221.0000,2.0000,-0.90,1747200,218.6200,223.8100,218.2800
2022/03/29,223.0000,7.5900,+3.52,1799337,219.5450,223.4500,217.9550
2022/03/28,215.4100,3.2700,+1.54,1698238,212.8700,216.0900,211.4500
2022/03/25,212.1400,0.9100,-0.43,1466517,213.2600,214.7400,207.7550
2022/03/24,213.0500,5.7100,+2.75,2507738,208.9000,213.0800,204.5800
2022/03/23,207.3400,9.3200,-4.30,2462943,213.7600,214.9700,206.3250
2022/03/22,216.6600,4.2800,+2.02,1470872,211.9800,218.8700,211.0200
2022/03/21,212.3800,0.9200,-0.43,1640988,211.7300,213.8400,208.0600
2022/03/18,213.3000,1.6500,+0.78,2777338,210.0000,215.3100,209.8500
2022/03/17,211.6500,7.1500,+3.50,2241423,204.0500,212.2200,202.3700
2022/03/16,204.5000,12.0700,+6.27,2432019,195.9700,204.6300,195.3600
2022/03/15,192.4300,3.7300,+1.98,1696804,190.3600,193.7150,188.9916
2022/03/14,188.7000,3.6100,-1.88,2194051,192.3100,194.1650,186.2900
2022/03/11,192.3100,7.4800,-3.74,1987062,198.2600,200.6258,192.1100
2022/03/10,199.7900,5.0900,-2.48,1458925,199.8800,203.0700,198.0400
2022/03/09,204.8800,8.9300,+4.56,1850028,202.7100,207.7550,200.9800
2022/03/08,195.9500,3.1400,-1.58,1974045,197.7000,202.5700,192.3400
2022/03/07,199.0900,8.5700,-4.13,1930463,207.9000,209.6900,199.0200
2022/03/04,207.6600,2.3400,-1.11,1964126,209.0000,212.3500,206.5200
2022/03/03,210.0000,6.5100,-3.01,1730045,219.4500,219.4500,208.5600
2022/03/02,216.5100,2.5100,+1.17,1677230,216.3400,218.1600,209.5200
2022/03/01,214.0000,6.2300,-2.83,1845939,220.9400,222.6200,213.3000
2022/02/28,220.2300,0.6100,+0.28,1926729,218.1900,221.6300,216.4600
2022/02/25,219.6200,1.4400,+0.66,2886056,218.1800,226.7100,212.7300
2022/02/24,218.1800,9.1600,+4.38,4380635,204.1300,218.3400,199.6317
2022/02/23,209.0200,6.6300,-3.07,2786338,217.7400,218.9000,208.7394
2022/02/22,215.6500,1.1900,-0.55,3351834,216.5000,219.7900,215.0000
2022/02/18,216.8400,6.5500,-2.93,2793031,224.4900,228.1050,216.1900
2022/02/17,223.3900,10.3500,-4.43,2230374,231.3000,231.7900,222.1850
2022/02/16,233.7400,0.3600,+0.15,1358047,232.7300,234.8200,227.2700
2022/02/15,233.3800,6.4800,+2.86,1377926,229.9400,234.4100,227.6900
2022/02/14,226.9000,0.2300,-0.10,1692476,227.6600,231.3300,223.8100
2022/02/11,227.1300,11.3900,-4.78,1865129,239.7700,241.0800,226.6100
2022/02/10,238.5200,12.8200,-5.10,2050066,242.6800,248.0300,236.4900
2022/02/09,251.3400,10.2400,+4.25,1441681,244.3500,251.4200,244.2033
2022/02/08,241.1000,0.6200,+0.26,1635750,240.1900,242.2572,237.0000
2022/02/07,240.4800,0.7600,-0.32,1313280,242.5400,245.4200,239.4700
2022/02/04,241.2400,3.4800,+1.46,1458394,235.5150,244.6542,235.5100
2022/02/03,237.7600,10.2400,-4.13,1570151,242.4500,245.8350,236.8100
2022/02/02,248.0000,1.7700,-0.71,1431845,250.9300,252.3400,245.8596
2022/02/01,249.7700,0.0200,-0.01,1468529,250.8894,250.9600,244.5600
2022/01/31,249.7900,10.2500,+4.28,1415922,239.7100,249.9100,239.2900
2022/01/28,239.5400,10.8800,+4.76,1958880,229.6100,239.7800,226.4000
2022/01/27,228.6600,4.6200,-1.98,1563526,235.6100,239.7500,228.0700
2022/01/26,233.2800,0.5000,-0.21,1989175,237.1000,242.5500,230.8600
2022/01/25,233.7800,11.5700,-4.72,2851310,240.0200,240.9400,230.9300
2022/01/24,245.3500,6.1600,+2.58,3647023,234.2500,246.2900,229.6150
2022/01/21,239.1900,13.2200,-5.24,2880179,250.2200,250.6100,238.8200
2022/01/20,252.4100,1.9400,-0.76,1908635,258.9000,262.4873,252.1400
2022/01/19,254.3500,2.3200,+0.92,1609723,253.8800,259.5000,252.8350
2022/01/18,252.0300,7.0700,-2.73,1612957,253.9000,257.9900,251.2000
2022/01/14,259.1000,1.0700,-0.41,1856713,258.0800,261.3700,251.1360
2022/01/13,260.1700,9.4300,-3.50,1297867,271.8100,273.3100,259.5900
2022/01/12,269.6000,1.0300,-0.38,1185002,271.2600,274.9450,265.2900
2022/01/11,270.6300,8.2400,+3.14,1373111,260.4700,271.9900,260.0000
2022/01/10,262.3900,0.0700,+0.03,1637519,256.5400,262.7300,250.6000
2022/01/07,262.3200,1.7900,-0.68,1179033,262.5000,266.6400,258.4900
2022/01/06,264.1100,0.2100,-0.08,1679507,261.9400,266.0700,259.9400
2022/01/05,264.3200,13.8700,-4.99,1559929,276.5100,278.0700,263.8100
2022/01/04,278.1900,5.5300,-1.95,1282923,283.1500,284.8700,273.0400
2022/01/03,283.7200,2.5300,+0.90,1082824,280.7300,284.9600,275.6600
2021/12/31,281.1900,0.5200,-0.18,643351,281.7100,283.9250,280.3400
2021/12/30,281.7100,0.8600,-0.30,696432,282.7340,285.0100,281.2300
2021/12/29,282.5700,0.2000,-0.07,547754,282.7700,283.3900,279.2600
2021/12/28,282.7700,1.5300,-0.54,681840,285.0000,285.3700,281.6100
2021/12/27,284.3000,3.3100,+1.18,721705,282.9500,285.3799,281.2600
2021/12/23,280.9900,1.6200,-0.57,1079189,282.1300,283.5200,280.2000
2021/12/22,282.6100,2.1900,+0.78,979654,280.6500,284.5150,279.0000
2021/12/21,280.4200,5.3000,+1.93,1103764,278.9400,282.1200,272.9900
2021/12/20,275.1200,2.5300,-0.91,1651616,270.0000,276.8200,268.0400
2021/12/17,277.6500,8.0400,+2.98,2767817,269.7500,279.7000,267.8360
2021/12/16,269.6100,2.1200,-0.78,1956029,273.4000,277.5250,268.4400
2021/12/15,271.7300,8.5100,+3.23,2003760,262.6800,272.0700,262.6700
2021/12/14,263.2200,5.6600,-2.11,1145889,262.8351,268.7900,260.9450
2021/12/13,268.8800,0.1200,-0.04,1293221,267.8900,273.6250,265.5850
2021/12/10,269.0000,1.3300,+0.50,1237366,271.0200,274.2284,267.6800
2021/12/09,267.6700,8.6200,-3.12,1582951,275.4800,279.9999,267.5200
2021/12/08,276.2900,0.4100,-0.15,1824796,277.3900,278.6400,273.4750
2021/12/07,276.7000,11.1400,+4.19,2716540,270.5900,278.5500,267.2800
2021/12/06,265.5600,6.5400,+2.52,2260147,259.5300,267.8400,254.1600
2021/12/03,259.0200,1.3600,+0.53,2411587,259.6100,263.4900,253.0500
2021/12/02,257.6600,7.9800,+3.20,2473667,252.7425,258.5400,250.8100
2021/12/01,249.6800,4.5100,-1.77,2318592,260.8600,265.3200,249.4100
2021/11/30,254.1900,6.9600,-2.67,3072708,261.7400,263.0000,252.4900
2021/11/29,261.1500,6.9800,+2.75,3192413,257.2100,266.4300,254.0200
2021/11/26,254.1700,2.7300,-1.06,2180855,258.1800,260.0000,252.6200
2021/11/24,256.9000,47.1000,-15.49,10904560,262.8800,268.3500,245.0500
2021/11/23,304.0000,6.4800,-2.09,2303369,308.9800,310.7000,297.7300
2021/11/22,310.4800,12.0400,-3.73,1380055,324.1400,325.2100,310.4500
2021/11/19,322.5200,0.3400,+0.11,1355448,325.5800,327.1400,321.6400
2021/11/18,322.1800,8.3700,-2.53,1194939,330.9600,331.7700,320.9800
2021/11/17,330.5500,3.0900,-0.93,1400979,334.8000,335.4800,328.5400
2021/11/16,333.6400,7.2500,+2.22,1161694,326.0000,334.1950,325.2400
2021/11/15,326.3900,2.9300,-0.89,865474,330.7400,332.4600,325.0900
2021/11/12,329.3200,4.1100,+1.26,709741,327.2500,331.6200,326.2700
2021/11/11,325.2100,4.6800,+1.46,720409,323.0800,327.7900,322.0256
2021/11/10,320.5300,8.8700,-2.69,1148606,328.8700,330.3000,319.2900
2021/11/09,329.4000,0.3300,+0.10,1110470,328.4150,334.5100,327.9000
2021/11/08,329.0700,4.5500,+1.40,911494,327.1500,330.2500,325.0200
2021/11/05,324.5200,5.5500,+1.74,1306682,320.0000,325.6400,319.6200
2021/11/04,318.9700,10.6000,+3.44,956821,308.8600,319.7200,308.3800
2021/11/03,308.3700,6.5500,-2.08,1409203,313.7100,314.2450,302.0100
2021/11/02,314.9200,0.0900,-0.03,993013,315.3100,317.7300,312.7700
2021/11/01,315.0100,2.6000,-0.82,697802,318.5000,319.7400,313.1769
2021/10/29,317.6100,0.5100,+0.16,1061269,315.5300,318.7400,313.7100
2021/10/28,317.1000,8.5900,+2.78,932044,309.2200,317.6300,308.6989
2021/10/27,308.5100,4.2900,-1.37,865660,313.3700,314.9800,307.5300
2021/10/26,312.8000,1.0100,+0.32,980027,312.2600,315.0000,311.9500
2021/10/25,311.7900,3.2100,+1.04,913496,308.6900,313.4500,307.2700
2021/10/22,308.5800,2.9000,+0.95,1162108,306.0000,312.4800,305.6800
2021/10/21,305.6800,7.0400,+2.36,1099588,298.2500,306.3500,298.1100
2021/10/20,298.6400,1.9500,+0.66,915146,297.8100,299.1900,295.3900
2021/10/19,296.6900,4.0200,+1.37,849496,294.5400,297.5500,292.3400
2021/10/18,292.6700,1.4800,+0.51,766528,290.2100,293.0500,289.3600
2021/10/15,291.1900,2.0200,+0.70,931739,290.8064,291.8800,289.3500
2021/10/14,289.1700,5.7200,+2.02,799610,286.8500,289.9400,286.0100
2021/10/13,283.4500,7.5400,+2.73,883052,278.6700,284.4800,278.6700
2021/10/12,275.9100,0.6300,-0.23,1117108,275.3000,278.3800,275.1050
2021/10/11,276.5400,2.4000,-0.86,681016,276.6500,280.3000,276.4100
2021/10/08,278.9400,4.0800,-1.44,797433,284.0450,284.3600,278.7300
2021/10/07,283.0200,5.6000,+2.02,909472,280.1300,285.4425,280.1300
2021/10/06,277.4200,1.4400,+0.52,940627,272.9500,278.6600,271.7500
2021/10/05,275.9800,3.0500,+1.12,953716,274.9300,278.8500,274.3500
2021/10/04,272.9300,11.1300,-3.92,1747790,282.8700,283.9900,271.0900
2021/10/01,284.0600,1.1100,-0.39,1245767,283.8000,286.5100,279.7900
2021/09/30,285.1700,2.8200,-0.98,1668489,290.3300,292.5700,284.9600
2021/09/29,287.9900,0.1400,+0.05,1162959,290.4200,292.8800,286.9000
2021/09/28,287.8500,6.2100,-2.11,1835859,288.6400,291.5900,283.7450
2021/09/27,294.0600,0.6100,-0.21,1677529,294.0000,295.2900,289.3400
2021/09/24,294.6700,2.5100,+0.86,1067759,290.4950,295.3400,290.4950
2021/09/23,292.1600,5.7400,+2.00,1061674,287.8600,293.3200,287.4000
2021/09/22,286.4200,3.2300,+1.14,1054836,283.8800,288.7800,283.6597
2021/09/21,283.1900,0.4100,-0.14,720011,285.7200,286.1700,282.0900
2021/09/20,283.6000,4.5500,-1.58,1168746,282.5200,286.6600,279.8400
2021/09/17,288.1500,2.5300,-0.87,2113743,290.8700,292.2000,286.5400
2021/09/16,290.6800,4.0600,+1.42,1433244,287.1100,291.2100,285.2200
2021/09/15,286.6200,7.2700,+2.60,1430073,280.5800,287.3000,278.5600
2021/09/14,279.3500,1.9300,-0.69,1278843,282.1900,282.9300,278.6000
2021/09/13,281.2800,3.1500,-1.11,1518076,284.5100,286.2900,278.4600
2021/09/10,284.4300,3.2500,-1.13,1565311,288.6600,290.5900,284.1100
2021/09/09,287.6800,1.8800,-0.65,1444831,289.8100,292.5000,285.7000
2021/09/08,289.5600,2.1000,+0.73,1504351,286.4500,289.8100,284.7955
2021/09/07,287.4600,1.2900,-0.45,2177358,290.7600,290.8900,284.4750
2021/09/03,288.7500,1.2800,+0.45,1819609,286.7000,293.0000,284.5000
2021/09/02,287.4700,15.7700,-5.20,5475722,306.5000,306.8400,285.3500
2021/09/01,303.2400,6.8500,-2.21,3085384,311.8000,315.4600,300.7900
2021/08/31,310.0900,3.3000,-1.05,1567030,313.1300,314.2900,309.1100
2021/08/30,313.3900,2.2500,-0.71,1411918,316.9400,318.7200,310.1600
2021/08/27,315.6400,5.4500,+1.76,1840676,314.2300,318.2300,310.1500
2021/08/26,310.1900,32.0800,-9.37,5486136,317.2000,324.0000,308.0250
2021/08/25,342.2700,1.2000,+0.35,1502079,342.5200,343.5600,339.3300
2021/08/24,341.0700,4.3100,+1.28,1032526,338.9800,344.3900,338.4800
2021/08/23,336.7600,2.3800,+0.71,1253152,336.0000,338.2750,334.0200
2021/08/20,334.3800,4.0300,+1.22,860187,331.6500,335.2700,330.5500
2021/08/19,330.3500,6.8300,+2.11,1226383,322.7000,332.3700,322.4600
2021/08/18,323.5200,1.1800,-0.36,913826,323.5700,326.0600,322.2300
2021/08/17,324.7000,5.4800,-1.66,1086494,328.5600,328.8900,322.5800
2021/08/16,330.1800,2.6000,-0.78,924127,332.3100,332.6700,326.6500
2021/08/13,332.7800,0.7300,+0.22,754468,333.9400,334.0000,330.2500
2021/08/12,332.0500,3.4100,+1.04,884540,327.4000,332.4150,325.5800
2021/08/11,328.6400,2.6400,-0.80,1021187,332.0000,333.5700,325.3500
2021/08/10,331.2800,1.4900,-0.45,874896,332.8500,335.6700,328.7700
2021/08/09,332.7700,0.0000,0,763172,333.1750,333.8800,330.2900
2021/08/06,332.7700,3.9500,+1.20,856913,327.4600,334.0600,326.6700
2021/08/05,328.8200,0.2700,-0.08,1342825,331.1000,331.5000,326.7500
2021/08/04,329.0900,1.4800,+0.45,1341772,328.0000,331.1200,326.0224
2021/08/03,327.6100,5.5400,+1.72,1043158,323.0300,328.1900,320.8500
2021/08/02,322.0700,0.9400,+0.29,914043,321.4100,324.1300,319.1500
2021/07/30,321.1300,0.6300,+0.20,1311526,318.3000,321.7250,317.0050
2021/07/29,320.5000,7.3700,+2.35,1457481,313.6800,322.6800,312.6800
2021/07/28,313.1300,4.8800,+1.58,1024553,309.4100,314.0925,306.0700
2021/07/27,308.2500,5.3700,-1.71,1076592,314.0400,314.3700,304.3100
2021/07/26,313.6200,0.9700,+0.31,903724,312.0000,313.9600,309.8100
2021/07/23,312.6500,4.1400,+1.34,1066809,310.1900,314.9200,309.3000
2021/07/22,308.5100,6.7300,+2.23,1083552,302.8700,309.3300,302.0500
2021/07/21,301.7800,5.6600,+1.91,867812,294.8200,302.1074,294.4200
2021/07/20,296.1200,8.8100,+3.07,1169646,287.9000,298.6350,285.9200
2021/07/19,287.3100,6.0200,-2.05,1048069,289.5800,290.0000,284.4200
2021/07/16,293.3300,1.4600,-0.50,698216,296.7800,297.6300,293.0800
2021/07/15,294.7900,2.3100,-0.78,839751,297.4800,298.0000,292.0552
2021/07/14,297.1000,0.6800,+0.23,1052458,298.5000,300.7250,296.1400
2021/07/13,296.4200,4.4900,+1.54,1051144,292.4400,297.2200,290.9300
2021/07/12,291.9300,3.4500,-1.17,888471,297.6200,298.7000,290.3100
2021/07/09,295.3800,0.9100,+0.31,1027843,294.0300,296.9600,290.4900
2021/07/08,294.4700,1.6400,-0.55,1180959,292.3000,296.1300,290.0400
2021/07/07,296.1100,0.5100,+0.17,999349,296.6506,299.2050,293.4600
2021/07/06,295.6000,2.1400,-0.72,1446369,298.1900,301.0000,294.1200
2021/07/02,297.7400,4.0400,+1.38,667429,295.0300,298.3100,295.0300
2021/07/01,293.7000,1.8000,+0.62,757908,291.7800,295.2200,290.6100
2021/06/30,291.9000,5.8400,-1.96,977848,296.6700,296.8702,290.9300
2021/06/29,297.7400,4.3800,+1.49,1146454,292.3600,298.1400,290.1300
2021/06/28,293.3600,4.6200,+1.60,994348,290.2200,295.0000,289.2700
2021/06/25,288.7400,1.7800,+0.62,1943454,288.8600,289.8950,285.6018
2021/06/24,286.9600,3.2900,+1.16,817291,286.7100,289.1000,285.8800
2021/06/23,283.6700,2.4000,-0.84,922920,286.6100,286.6500,282.6800
2021/06/22,286.0700,2.8500,+1.01,881097,283.4600,286.4100,282.7873
2021/06/21,283.2200,5.2400,+1.89,1189932,278.4700,283.5000,275.8672
2021/06/18,277.9800,1.6400,+0.59,1627643,275.5200,281.1300,275.0100
2021/06/17,276.3400,2.6300,+0.96,1894010,272.1600,278.8000,271.1506
2021/06/16,273.7100,3.0500,-1.10,1207906,277.0000,278.3150,271.2500
2021/06/15,276.7600,3.7600,-1.34,1151726,281.2600,281.7150,275.9700
2021/06/14,280.5200,3.0100,+1.08,1177052,278.2900,281.2800,276.7600
2021/06/11,277.5100,0.0100,+0,985847,278.5000,281.3600,277.1300
2021/06/10,277.5000,2.0000,+0.73,1444299,275.3100,280.1050,274.3373
2021/06/09,275.5000,3.1600,-1.13,1245794,280.9900,280.9900,275.2050
2021/06/08,278.6600,0.2300,-0.08,809026,281.9900,283.3900,278.2550
2021/06/07,278.8900,5.8900,-2.07,1431396,283.9700,283.9700,276.1100
2021/06/04,284.7800,10.3100,+3.76,1138779,277.9700,285.3300,275.8590
2021/06/03,274.4700,5.2000,-1.86,1468631,276.1500,278.6700,271.7000
2021/06/02,279.6700,1.6300,-0.58,937644,280.8400,284.0000,278.3500
2021/06/01,281.3000,4.5600,-1.60,1206067,287.0000,287.4100,280.0100
2021/05/28,285.8600,0.8100,-0.28,1948492,287.0000,291.5000,282.1500
2021/05/27,286.6700,5.8400,-2.00,2369823,290.2500,291.1700,284.7950
2021/05/26,292.5100,3.0400,+1.05,1192521,288.7200,293.4900,288.0900
2021/05/25,289.4700,1.9900,+0.69,1119897,288.2800,291.4800,287.0600
2021/05/24,287.4800,5.8000,+2.06,914096,285.2900,288.5150,283.8300
2021/05/21,281.6800,0.5200,+0.18,996278,283.6300,285.0000,279.3300
2021/05/20,281.1600,7.1900,+2.62,971222,275.2100,282.9700,275.2100
2021/05/19,273.9700,1.2200,+0.45,821251,267.6300,274.7100,266.7901
2021/05/18,272.7500,2.0300,-0.74,811972,276.3500,276.9791,272.5600
2021/05/17,274.7800,2.8500,-1.03,755078,275.0000,275.6100,270.3500
2021/05/14,277.6300,7.9100,+2.93,1154548,272.5200,278.8200,270.1600
2021/05/13,269.7200,0.1800,+0.07,1289758,270.9400,273.7000,267.2200
2021/05/12,269.5400,7.8800,-2.84,984157,271.9500,275.0900,267.3400
2021/05/11,277.4200,1.3700,+0.50,933177,269.0000,280.5550,265.7500
2021/05/10,276.0500,9.7100,-3.40,839223,285.8900,286.0000,275.8800
2021/05/07,285.7600,1.4100,+0.50,799813,285.6600,292.6448,283.9000
2021/05/06,284.3500,3.2700,+1.16,1131132,280.4900,284.7200,277.7900
2021/05/05,281.0800,1.3500,+0.48,839435,280.2100,282.0000,277.6800
2021/05/04,279.7300,7.7700,-2.70,1052232,284.2300,284.2300,274.5000
2021/05/03,287.5000,4.4100,-1.51,644746,292.9900,293.5000,286.0700
2021/04/30,291.9100,4.3700,-1.47,732176,294.5500,295.4700,290.5000
2021/04/29,296.2800,2.9500,-0.99,906891,301.5000,301.5000,293.7900
2021/04/28,299.2300,1.3600,+0.46,908357,298.0700,299.5600,296.1800
2021/04/27,297.8700,1.4700,-0.49,812676,299.4100,299.9700,294.2500
2021/04/26,299.3400,4.0700,+1.38,833414,294.6700,300.7600,294.4000
2021/04/23,295.2700,7.2700,+2.52,1073549,289.4700,296.5700,289.1200
2021/04/22,288.0000,0.8700,-0.30,1721026,287.5400,292.2400,285.7200
2021/04/21,288.8700,2.5100,+0.88,893458,285.7600,289.7300,284.1500
2021/04/20,286.3600,3.8400,-1.32,967453,288.1600,289.0500,282.8200
2021/04/19,290.2000,9.9600,-3.32,939254,297.2700,299.4600,288.8500
2021/04/16,300.1600,1.3000,+0.43,861303,300.1800,301.3550,296.5800
2021/04/15,298.8600,4.5100,+1.53,1103606,299.7800,303.6900,298.2200
2021/04/14,294.3500,1.0000,-0.34,881144,297.2400,301.4100,293.7900
2021/04/13,295.3500,0.8500,+0.29,1007856,295.3400,298.6600,293.1200
2021/04/12,294.5000,3.0700,-1.03,1378616,294.0000,296.2500,293.0000
2021/04/09,297.5700,4.1400,+1.41,1032737,292.5600,297.9000,290.3800
2021/04/08,293.4300,7.3100,+2.55,1220409,290.0000,297.7600,288.6450
2021/04/07,286.1200,0.6200,+0.22,718673,286.8300,287.5900,283.2400
2021/04/06,285.5000,2.8200,-0.98,898549,286.8600,288.6300,284.6475
2021/04/05,288.3200,4.4200,+1.56,950902,285.7400,289.4200,284.2857
2021/04/01,283.9000,6.7500,+2.44,1509442,277.8400,285.6400,277.8400
2021/03/31,277.1500,8.7200,+3.25,1666149,269.7900,279.6600,269.6500
2021/03/30,268.4300,2.3500,-0.87,904450,268.1800,271.9000,264.4700
2021/03/29,270.7800,1.7700,+0.66,1311186,266.9700,273.1000,265.5000
2021/03/26,269.0100,6.8200,+2.60,1642223,261.3500,269.2200,260.8800
2021/03/25,262.1900,0.9900,-0.38,906194,262.2100,263.3400,257.3150
2021/03/24,263.1800,5.8200,-2.16,1191663,270.0000,270.9700,262.9700
2021/03/23,269.0000,3.0400,+1.14,1313554,268.9100,274.8300,267.0100
2021/03/22,265.9600,4.4600,+1.71,1863436,261.0300,269.2900,261.0300
2021/03/19,261.5000,1.9400,-0.74,2320357,261.7900,265.2150,258.8500
2021/03/18,263.4400,9.4000,-3.45,1356028,265.5600,271.0000,263.1400
2021/03/17,272.8400,2.1700,-0.79,1092239,272.0200,275.3100,265.0900
2021/03/16,275.0100,1.9900,+0.73,1041336,275.2100,277.7000,272.0100
2021/03/15,273.0200,4.9100,+1.83,865229,267.9800,273.7500,266.3000
2021/03/12,268.1100,6.2500,-2.28,926091,270.0700,272.0000,264.4000
2021/03/11,274.3600,10.7200,+4.07,2029446,270.9200,276.0000,269.0150
2021/03/10,263.6400,0.3300,-0.13,1420677,269.7600,271.7500,262.3200
2021/03/09,263.9700,10.8700,+4.29,2708645,262.2400,266.4300,260.0300
2021/03/08,253.1000,14.2900,-5.34,1623241,265.2100,268.2800,252.6000
2021/03/05,267.3900,1.9500,+0.73,1835526,270.3300,270.3300,255.0200
2021/03/04,265.4400,3.8600,-1.43,1812588,266.8000,273.2800,263.0200
2021/03/03,269.3000,8.6200,-3.10,1409245,275.7000,276.8200,267.0400
2021/03/02,277.9200,6.3500,-2.23,1267254,285.5500,286.9000,277.3300
2021/03/01,284.2700,8.2700,+3.00,1831355,279.8600,284.7200,278.0700
2021/02/26,276.0000,8.0300,-2.83,2529278,283.4500,291.9800,274.8200
2021/02/25,284.0300,14.8800,-4.98,1489308,294.8100,298.7700,282.2450
2021/02/24,298.9100,8.6600,+2.98,1397415,281.3300,299.1550,280.6247
2021/02/23,290.2500,7.4500,-2.50,1487201,292.4100,293.5200,284.5600
2021/02/22,297.7000,7.7000,-2.52,954481,301.4600,303.1500,297.6650
2021/02/19,305.4000,4.6800,+1.56,1208190,301.7400,310.0500,301.1100
2021/02/18,300.7200,1.8000,-0.60,1264681,299.0000,301.7800,292.8550
2021/02/17,302.5200,5.7000,-1.85,891045,306.1000,307.1850,296.4400
2021/02/16,308.2200,3.0800,+1.01,1571964,307.9500,316.3097,307.2960
2021/02/12,305.1400,4.9300,+1.64,1529915,297.9300,305.5000,295.3200
2021/02/11,300.2100,1.5000,-0.50,1612362,304.4900,305.4800,298.3200
2021/02/10,301.7100,2.7900,-0.92,1195568,305.5600,306.2000,299.6500
2021/02/09,304.5000,1.6900,+0.56,1399872,308.1500,308.1500,302.7700
2021/02/08,302.8100,3.0500,-1.00,945222,308.3300,310.0700,302.1200
2021/02/05,305.8600,5.3700,+1.79,1086201,302.9916,307.8600,301.8800
2021/02/04,300.4900,7.6400,+2.61,931030,294.3600,300.6700,291.7200
2021/02/03,292.8500,1.7600,-0.60,856142,294.4500,295.9400,292.7300
2021/02/02,294.6100,8.2900,+2.90,1146225,288.6200,296.7650,288.6200
2021/02/01,286.3200,8.8900,+3.20,1160107,280.4100,287.7300,279.3300
2021/01/29,277.4300,6.7900,-2.39,1611181,281.6800,283.6300,274.6301
2021/01/28,284.2200,10.7500,+3.93,1752663,277.1600,289.4000,276.7000
2021/01/27,273.4700,18.2800,-6.27,2714719,285.3200,285.3200,272.6974
2021/01/26,291.7500,1.8900,-0.64,2134214,294.0000,295.9400,291.3200
2021/01/25,293.6400,5.5300,-1.85,2698053,301.7600,302.4900,289.5200
2021/01/22,299.1700,7.2900,-2.38,2590522,303.0000,306.5000,296.5050
2021/01/21,306.4600,2.1200,-0.69,2004285,309.2400,309.9600,305.3400
2021/01/20,308.5800,2.3900,-0.77,1794524,311.5200,315.2600,307.4200
2021/01/19,310.9700,2.4600,+0.80,1414107,314.8300,315.4700,310.2500
2021/01/15,308.5100,2.6000,-0.84,1248598,311.7400,316.3500,308.0300
2021/01/14,311.1100,3.2200,-1.02,1269716,314.0800,316.1100,310.0600
2021/01/13,314.3300,5.8000,-1.81,1182030,320.7500,321.1300,313.0700
2021/01/12,320.1300,2.3200,+0.73,859508,320.0000,320.9400,317.1100
2021/01/11,317.8100,2.0400,-0.64,1232960,317.4300,319.8400,313.7500
2021/01/08,319.8500,4.6500,+1.48,1196778,316.4100,320.4339,315.0762
2021/01/07,315.2000,12.3300,+4.07,1527642,305.4500,316.4500,305.0100
2021/01/06,302.8700,1.1700,+0.39,1557737,294.1469,309.9500,294.1271
2021/01/05,301.7000,4.8600,+1.64,1636915,297.8400,302.5110,296.5400
2021/01/04,296.8400,8.5000,-2.78,1407015,304.1100,307.8300,293.0500
2020/12/31,305.3400,5.9300,+1.98,941702,299.0000,305.8500,299.0000
2020/12/30,299.4100,1.3000,+0.44,513673,300.2500,301.5100,297.9400
2020/12/29,298.1100,1.5400,-0.51,672891,300.0000,301.7300,296.0300
2020/12/28,299.6500,1.7400,-0.58,702708,304.2500,305.4400,298.0200
2020/12/24,301.3900,1.2100,+0.40,323059,300.4000,302.7600,298.7689
2020/12/23,300.1800,3.6800,-1.21,689730,305.6500,307.2200,300.0000
2020/12/22,303.8600,2.9800,+0.99,1302945,303.3139,304.3000,300.0000
2020/12/21,300.8800,4.1200,-1.35,1421517,302.8400,303.9900,296.7000
2020/12/18,305.0000,7.6500,+2.57,2766224,299.8300,305.9500,298.7300
2020/12/17,297.3500,5.1800,+1.77,1108516,294.6500,297.7600,292.3800
2020/12/16,292.1700,4.6400,+1.61,1054935,288.7400,293.1000,288.7400
2020/12/15,287.5300,0.8000,-0.28,997920,288.2000,290.6600,287.0700
2020/12/14,288.3300,8.6500,+3.09,1743931,281.5700,293.4799,280.0500
2020/12/11,279.6800,1.4800,-0.53,1251164,280.2500,280.4900,275.3760
2020/12/10,281.1600,1.7400,+0.62,1160357,278.1400,282.1800,274.2400
2020/12/09,279.4200,4.9600,-1.74,1484500,288.9700,289.4500,278.0700
2020/12/08,284.3800,3.5800,+1.27,939027,281.6900,286.2400,280.3100
2020/12/07,280.8000,2.8000,+1.01,1422385,278.1800,282.2664,278.0000
2020/12/04,278.0000,0.7100,+0.26,1688205,277.2900,281.7807,276.9750
2020/12/03,277.2900,0.2300,+0.08,1841708,276.0000,279.7900,275.7100
2020/12/02,277.0600,2.0500,-0.73,1426356,277.9900,279.1550,273.7600
2020/12/01,279.1100,1.1200,-0.40,1753763,281.8700,282.0000,275.1600
2020/11/30,280.2300,7.4200,+2.72,2612328,275.0000,281.3500,272.2101
2020/11/27,272.8100,1.5700,+0.58,886936,272.1900,276.4800,270.5100
2020/11/25,271.2400,12.2700,+4.74,3128324,260.9900,282.4929,260.0100
2020/11/24,258.9700,1.7200,+0.67,1590924,257.7200,260.8900,256.6001
2020/11/23,257.2500,2.3600,+0.93,1338283,255.5700,257.9500,251.6000
2020/11/20,254.8900,1.9900,-0.77,1458524,256.7300,260.6000,254.0900
2020/11/19,256.8800,4.6600,+1.85,1077781,250.2400,259.6590,250.2400
2020/11/18,252.2200,0.4900,-0.19,908635,252.3900,255.1300,250.5300
2020/11/17,252.7100,3.9200,+1.58,1015462,249.2400,253.6700,247.6200
2020/11/16,248.7900,2.2100,-0.88,1087696,249.3700,251.5600,246.8600
2020/11/13,251.0000,5.2900,+2.15,1518678,254.4000,256.9100,248.6328
2020/11/12,245.7100,1.0800,-0.44,1005153,247.9800,253.0300,244.6900
2020/11/11,246.7900,0.4300,-0.17,2067971,252.8394,257.4100,244.2982
2020/11/10,247.2200,15.3900,-5.86,1615260,259.3800,259.9800,245.8800
2020/11/09,262.6100,3.2000,+1.23,2361909,274.2400,276.6800,262.2600
2020/11/06,259.4100,3.4900,+1.36,819095,255.3800,261.6000,253.2500
2020/11/05,255.9200,10.0300,+4.08,1467612,254.2600,260.5000,252.3500
2020/11/04,245.8900,2.4200,-0.97,2779453,257.4100,257.8300,241.4600
2020/11/03,248.3100,7.5700,+3.14,1045611,244.3800,250.4600,241.8400
2020/11/02,240.7400,5.2000,+2.21,1728616,237.2025,242.5700,236.2100
2020/10/30,235.5400,7.3000,-3.01,1514698,240.1300,241.5000,233.3200
2020/10/29,242.8400,5.2200,+2.20,1043041,238.3300,245.7200,238.1100
2020/10/28,237.6200,12.9800,-5.18,1357415,246.2100,246.3750,236.7007
2020/10/27,250.6000,1.4700,+0.59,1008937,251.0100,253.8715,250.2650
2020/10/26,249.1300,5.2900,-2.08,1256976,251.5900,254.6500,246.4000
2020/10/23,254.4200,1.6600,+0.66,640713,253.2700,254.6500,249.9000
2020/10/22,252.7600,1.2500,-0.49,1033457,254.5200,255.6400,247.0200
2020/10/21,254.0100,3.3300,-1.29,872881,257.3900,259.6900,253.1000
2020/10/20,257.3400,2.6000,-1.00,1715609,261.4100,262.5800,257.1700
2020/10/19,259.9400,0.0300,-0.01,2330722,262.6700,268.4400,258.5900
2020/10/16,259.9700,7.9400,+3.15,2289563,253.2100,261.4500,253.1700
2020/10/15,252.0300,5.3300,+2.16,2638403,244.0000,253.9600,242.1200
2020/10/14,246.7000,2.6100,+1.07,1414684,246.8800,250.7400,244.5300
2020/10/13,244.0900,1.9700,+0.81,1374509,242.7500,247.8700,242.3900
2020/10/12,242.1200,4.6200,+1.95,1987984,243.4600,246.1200,239.9200
2020/10/09,237.5000,3.1900,+1.36,1794439,234.3800,238.1400,233.3200
2020/10/08,234.3100,1.3000,+0.56,1382130,237.2300,238.0000,232.2600
2020/10/07,233.0100,5.0000,+2.19,1039264,229.3100,234.2100,229.3100
2020/10/06,228.0100,0.9200,-0.40,979948,228.3200,231.5700,226.5000
2020/10/05,228.9300,3.3700,+1.49,915907,226.8600,230.1300,225.0400
2020/10/02,225.5600,8.4000,-3.59,1253379,228.7700,231.1400,223.5100
2020/10/01,233.9600,2.9500,+1.28,1438777,232.7600,238.6100,232.7500
2020/09/30,231.0100,1.9100,-0.82,1466075,232.2900,236.7100,228.9450
2020/09/29,232.9200,0.7700,+0.33,956962,232.5100,234.3800,230.5700
2020/09/28,232.1500,4.3500,+1.91,995935,232.5000,234.3400,229.1000
2020/09/25,227.8000,6.8400,+3.10,1054915,221.1800,228.9700,219.9200
2020/09/24,220.9600,0.9100,-0.41,1147889,219.4900,223.9000,215.8290
2020/09/23,221.8700,7.6900,-3.35,901998,228.6000,230.3299,221.0500
2020/09/22,229.5600,1.9200,+0.84,841113,229.4100,230.0750,225.7200
2020/09/21,227.6400,2.5100,+1.11,1205468,220.8000,227.7600,218.5100
2020/09/18,225.1300,1.8400,-0.81,2034103,228.3200,229.3400,219.8900
2020/09/17,226.9700,3.7900,-1.64,1884476,225.5000,227.5055,220.4300
2020/09/16,230.7600,5.1100,-2.17,1092756,236.4100,237.5900,230.3300
2020/09/15,235.8700,6.0400,+2.63,1969945,231.4800,240.0500,231.0900
2020/09/14,229.8300,2.3500,+1.03,1276790,231.0300,232.8950,228.2300
2020/09/11,227.4800,0.7200,-0.32,992236,228.1800,231.3350,223.2700
2020/09/10,228.2000,4.5800,-1.97,2128563,234.0000,239.0100,226.9500
2020/09/09,232.7800,8.4200,+3.75,2018469,227.6100,234.9750,225.5860
2020/09/08,224.3600,9.5200,-4.07,1845665,224.1600,230.1900,223.9150
2020/09/04,233.8800,8.2100,-3.39,2704646,240.5300,244.4350,228.1800
2020/09/03,242.0900,19.2600,-7.37,2497741,256.8100,256.8100,239.2300
2020/09/02,261.3500,7.8400,+3.09,2374057,255.4800,261.9400,254.1500
2020/09/01,253.5100,7.8100,+3.18,1413483,247.9900,253.7000,244.6700
2020/08/31,245.7000,1.6900,-0.68,1210857,246.3300,247.9800,242.5500
2020/08/28,247.3900,4.2800,+1.76,999064,244.8500,250.5000,244.8500
2020/08/27,243.1100,5.1000,-2.05,1137941,250.1900,250.1900,241.7400
2020/08/26,248.2100,4.0300,-1.60,3075999,246.6600,253.2600,237.1900
2020/08/25,252.2400,0.4400,+0.17,1555125,249.0200,254.3500,246.4000
2020/08/24,251.8000,3.5300,+1.42,1227466,250.1000,253.4700,249.6550
2020/08/21,248.2700,0.8800,-0.35,1088357,249.3300,249.9323,245.2700
2020/08/20,249.1500,7.7300,+3.20,1080607,240.4400,250.6200,239.4500
2020/08/19,241.4200,1.2700,-0.52,1250652,244.4000,244.9800,239.1700
2020/08/18,242.6900,3.6900,+1.54,1482465,241.9400,246.3269,240.2600
2020/08/17,239.0000,4.6500,+1.98,919809,236.3000,239.3500,235.6520
2020/08/14,234.3500,3.8400,-1.61,786242,237.9200,239.6300,233.4600
2020/08/13,238.1900,6.6200,+2.86,1200754,232.8800,243.2500,232.5700
2020/08/12,231.5700,2.7800,+1.22,905060,229.3000,233.8700,229.3000
2020/08/11,228.7900,3.0900,-1.33,927506,231.1700,232.7900,227.5500
2020/08/10,231.8800,4.3600,-1.85,1307834,236.4000,236.9291,227.5200
2020/08/07,236.2400,7.3300,-3.01,1042919,242.4700,242.4700,233.2000
2020/08/06,243.5700,0.3700,+0.15,735942,243.6400,244.5000,239.2350
2020/08/05,243.2000,3.3000,+1.38,1292900,240.0700,246.3600,235.2400
2020/08/04,239.9000,0.4200,+0.18,964018,239.2900,241.8700,236.7300
2020/08/03,239.4800,3.0500,+1.29,1269286,239.4200,240.4600,235.8400
2020/07/31,236.4300,0.3300,+0.14,1144187,238.3600,238.3600,231.5006
2020/07/30,236.1000,2.5100,-1.05,713189,235.2900,237.6500,231.4200
2020/07/29,238.6100,4.0300,+1.72,502969,236.5800,240.1200,236.5800
2020/07/28,234.5800,5.1100,-2.13,623883,238.5300,240.6000,234.1400
2020/07/27,239.6900,6.8100,+2.92,731198,234.9600,239.9700,233.3100
2020/07/24,232.8800,4.4600,-1.88,1007657,234.1400,236.0300,230.2400
2020/07/23,237.3400,3.4000,-1.41,1177010,241.2900,245.1600,235.7300
2020/07/22,240.7400,1.0500,+0.44,515059,241.4000,243.9100,239.0600
2020/07/21,239.6900,6.3500,-2.58,987843,246.6400,247.3000,237.3400
2020/07/20,246.0400,8.3400,+3.51,1050325,239.0500,246.9600,237.4250
2020/07/17,237.7000,3.6700,+1.57,1102440,235.8000,238.0600,232.6700
2020/07/16,234.0300,1.5500,-0.66,1029230,233.8600,235.3850,229.2500
2020/07/15,235.5800,0.9800,+0.42,1112348,236.0000,237.1600,231.5000
2020/07/14,234.6000,2.7400,+1.18,2459437,228.8600,234.6800,226.5500
2020/07/13,231.8600,12.3800,-5.07,2030573,246.1700,246.7300,231.2600
2020/07/10,244.2400,3.9600,-1.60,1142858,248.2200,248.8900,243.0038
2020/07/09,248.2000,4.3000,+1.76,1594049,250.3000,251.3900,242.0700
2020/07/08,243.9000,4.9600,+2.08,960268,241.6400,244.0000,239.4200
2020/07/07,238.9400,5.4200,-2.22,993651,243.1200,245.6000,238.8000
2020/07/06,244.3600,4.2100,+1.75,1092704,243.3200,248.3500,243.0700
2020/07/02,240.1500,1.0700,-0.44,1158173,242.5100,244.4000,239.1800
2020/07/01,241.2200,2.0300,+0.85,1275289,239.9400,242.6700,237.8000
2020/06/30,239.1900,7.0200,+3.02,1602535,232.9500,239.9500,231.2000
2020/06/29,232.1700,0.5700,-0.24,930460,232.5300,233.9300,227.7550
2020/06/26,232.7400,1.7300,-0.74,1510209,234.9300,236.7100,230.6600
2020/06/25,234.4700,1.0300,+0.44,1782536,233.5000,234.8100,228.3700
2020/06/24,233.4400,8.1800,-3.39,1863968,240.2900,242.6747,231.4382
2020/06/23,241.6200,0.7400,+0.31,1461835,242.9100,247.1400,241.4550
2020/06/22,240.8800,3.0600,+1.29,1203830,236.0000,241.1300,236.0000
2020/06/19,237.8200,0.2500,-0.11,2023843,242.1100,242.9800,235.4949
2020/06/18,238.0700,1.0300,+0.43,1181220,237.9500,239.2000,236.0480
2020/06/17,237.0400,3.8900,-1.61,1127113,242.2900,243.7600,236.4200
2020/06/16,240.9300,11.9300,+5.21,2385790,234.9500,241.7700,234.0000
2020/06/15,229.0000,6.0400,+2.71,1522421,218.9600,229.7500,218.7600
2020/06/12,222.9600,3.8600,+1.76,1865112,227.9500,228.1325,218.9500
2020/06/11,219.1000,17.4900,-7.39,2798454,233.0000,233.4700,218.9500
2020/06/10,236.5900,2.4400,+1.04,1810693,235.5900,240.2450,233.4600
2020/06/09,234.1500,0.6400,+0.27,1916273,232.4900,237.8000,231.4500
2020/06/08,233.5100,0.2000,-0.09,2273377,231.1400,236.4700,230.4600
2020/06/05,233.7100,8.5100,+3.78,1956278,224.6700,234.5400,223.0000
2020/06/04,225.2000,1.1900,-0.53,2177537,225.0000,227.3650,223.2900
2020/06/03,226.3900,7.3000,+3.33,2025133,220.7500,227.3900,219.1700
2020/06/02,219.0900,0.2000,-0.09,2479929,218.9300,221.0000,212.1100
2020/06/01,219.2900,8.9100,+4.24,2746022,210.0000,221.5100,209.0588
2020/05/29,210.3800,7.7500,+3.82,2750750,203.6000,210.7100,200.3400
2020/05/28,202.6300,2.8200,+1.41,3709293,196.3800,208.3000,194.6000
2020/05/27,199.8100,0.2800,+0.14,2192991,198.6500,199.8200,192.5100
2020/05/26,199.5300,3.7500,+1.92,1662644,199.3200,203.8300,198.6200
2020/05/22,195.7800,1.0300,+0.53,1534589,194.0300,196.9000,192.5100
2020/05/21,194.7500,1.8900,-0.96,1261075,196.0800,197.5800,193.6500
2020/05/20,196.6400,1.9300,+0.99,1028971,197.9700,199.5900,194.3200
2020/05/19,194.7100,4.6100,+2.43,1519154,190.1300,198.9000,190.1300
2020/05/18,190.1000,9.3800,+5.19,1437177,183.8400,190.8100,183.0400
2020/05/15,180.7200,2.8500,+1.60,1077856,176.4900,181.1250,175.4400
2020/05/14,177.8700,1.0100,+0.57,1222797,174.5300,177.9800,170.5700
2020/05/13,176.8600,4.1100,-2.27,1164858,180.6000,182.6800,173.8300
2020/05/12,180.9700,3.4300,-1.86,1097398,184.3700,187.1200,180.9700
2020/05/11,184.4000,0.1100,+0.06,1112115,183.1400,186.1400,182.9200
2020/05/08,184.2900,0.2900,+0.16,1005491,186.0000,187.1575,183.2500
2020/05/07,184.0000,2.7700,+1.53,1632447,182.9300,186.4600,180.8100
2020/05/06,181.2300,0.7400,+0.41,1011883,182.2300,185.0750,179.6600
