일자,종가,대비,등락률,거래량,시가,고가,저가
2026/08/31,371.9200,3.1300,+0.85,21992236,369.5200,372.8400,366.3000
2026/08/28,368.7900,2.7500,-0.74,16596066,373.6000,376.5900,365.3513
2026/08/27,371.5400,15.9500,+4.49,21329954,361.7900,371.7200,360.6100
2026/08/26,355.5900,1.1500,-0.32,19196259,357.1200,359.4699,350.0600
2026/08/25,356.7400,2.0200,-0.56,18014884,361.1000,362.9900,355.3100
2026/08/24,358.7600,9.6900,-2.63,18717229,364.9650,366.1700,358.7100
2026/08/21,368.4500,4.4200,+1.21,19037140,370.6900,375.1300,365.0500
2026/08/20,364.0300,1.5500,+0.43,19729827,364.3900,367.1200,362.2501
2026/08/19,362.4800,17.5200,-4.61,35091374,372.4000,373.9100,357.6101
2026/08/18,380.0000,12.4300,-3.17,22878198,384.3150,385.7821,377.0100
2026/08/17,392.4300,0.5600,-0.14,20042639,397.2600,399.3600,391.3100
2026/08/14,392.9900,24.8300,-5.94,29513597,411.9600,412.5000,388.5000
2026/08/13,417.8200,1.7700,+0.43,13180478,415.8050,424.9200,411.4100
2026/08/12,416.0500,0.0300,-0.01,15859206,426.2550,426.5000,414.6100
2026/08/11,416.0800,6.3200,-1.50,12882657,426.0700,426.7600,413.2300
2026/08/10,422.4000,5.3600,-1.25,13854127,426.9900,432.7300,420.1600
2026/08/07,427.7600,7.1950,+1.71,14698252,428.4000,430.8400,421.6100
2026/08/06,420.5650,2.2850,+0.55,13907544,420.5450,428.0300,410.7600
2026/08/05,418.2800,0.1200,+0.03,16880445,421.7000,427.0000,416.8900
2026/08/04,418.1600,25.9300,+6.61,29564242,402.9700,422.0650,400.6800
2026/08/03,392.2300,2.9500,+0.76,17315081,384.4050,392.6050,374.6100
2026/07/31,389.2800,1.4400,+0.37,20391003,394.8300,399.9200,379.7100
2026/07/30,387.8400,17.5200,+4.73,23639844,380.3500,388.6800,377.5400
2026/07/29,370.3200,10.5900,-2.78,21374407,380.6350,386.1200,369.5101
2026/07/28,380.9100,2.3100,-0.60,20328406,374.3600,385.8000,371.5200
2026/07/27,383.2200,1.3000,+0.34,18502121,389.8150,389.9000,373.5000
2026/07/24,381.9200,10.5500,-2.69,15149396,387.6800,389.2700,378.7500
2026/07/23,392.4700,4.3400,-1.09,16348682,392.1900,397.6100,386.8200
2026/07/22,396.8100,10.3100,+2.67,16966188,380.2000,398.5850,380.0000
2026/07/21,386.5000,8.3400,+2.21,17291139,390.2100,390.5834,379.2200
2026/07/20,378.1600,7.3350,+1.98,14420450,378.7600,383.5900,375.9600
2026/07/17,370.8250,3.6250,-0.97,23272208,366.0450,377.3500,357.8000
2026/07/16,374.4500,19.8300,-5.03,23407244,384.5350,386.7400,371.9000
2026/07/15,394.2800,5.1700,+1.33,16324127,396.0900,399.0000,386.7400
2026/07/14,389.1100,5.0600,+1.32,20118722,395.7200,397.3300,384.6404
2026/07/13,384.0500,15.9200,-3.98,21294509,393.4750,395.7450,383.4200
2026/07/10,399.9700,1.1400,-0.28,14595928,398.5000,402.4400,395.7000
2026/07/09,401.1100,12.4200,+3.20,28073957,402.1900,407.5200,387.9300
2026/07/08,388.6900,17.9100,+4.83,31624070,377.5200,395.0900,376.8900
2026/07/07,370.7800,3.1200,-0.83,24116688,366.5550,372.9599,362.0100
2026/07/06,373.9000,13.4500,+3.73,24543998,373.6100,383.1600,371.1800
2026/07/02,360.4500,8.8900,-2.41,26788850,365.7250,374.0000,356.4300
2026/07/01,369.3400,8.4100,-2.23,23712608,371.8700,373.7500,368.0300
2026/06/30,377.7500,5.3000,+1.42,28517368,374.7900,379.6200,370.6400
2026/06/29,372.4500,7.4300,+2.04,24285239,373.6150,376.2099,360.4600
2026/06/26,365.0200,13.8900,-3.67,34839253,370.4500,373.6900,363.8300
2026/06/25,378.9100,3.1600,-0.83,23412031,386.5750,388.7990,372.7000
2026/06/24,382.0700,1.9200,+0.51,29938732,386.6200,388.7400,376.9600
2026/06/23,380.1500,11.9800,-3.06,33122248,377.8650,391.0200,376.6637
2026/06/22,392.1300,18.5700,-4.52,26403669,413.6600,414.6400,391.9100
2026/06/18,411.3500,18.4500,+4.70,45076052,409.5800,412.7000,405.3800
2026/06/17,392.9000,16.1900,+4.30,40005503,388.7050,400.6500,382.6500
2026/06/16,376.7100,17.2300,-4.37,31573669,390.2100,391.7900,376.4600
2026/06/15,393.9400,11.8700,+3.11,32394178,395.5100,396.2000,388.6000
2026/06/12,382.0700,3.5000,-0.91,27630074,383.7200,384.9799,377.0000
2026/06/11,385.5700,13.4700,+3.62,35187584,372.8200,389.5000,370.5500
2026/06/10,372.1000,20.0600,-5.12,38193450,381.4950,385.8100,371.1650
2026/06/09,392.1600,4.4400,-1.12,37026896,401.6100,407.8700,370.3300
2026/06/08,396.6000,10.8700,+2.82,37098978,402.6200,402.8380,391.3500
2026/06/05,385.7300,33.1800,-7.92,51146089,407.6050,410.5000,385.5900
2026/06/04,418.9100,60.3200,-12.59,80979446,408.9900,426.4800,403.0101
2026/06/03,479.2300,2.3400,-0.49,50126446,494.7750,495.0000,472.6400
2026/06/02,481.5700,21.6000,+4.70,38306651,488.7900,488.8200,470.4590
2026/06/01,459.9700,13.2000,+2.95,30585993,450.0900,466.0500,442.2200
2026/05/29,446.7700,20.1900,+4.73,41798353,432.9500,448.9000,431.4707
2026/05/28,426.5800,4.7200,+1.12,17855573,421.1400,429.6800,414.0100
2026/05/27,421.8600,0.1500,-0.04,17601013,425.0700,432.8000,416.4900
2026/05/26,422.0100,7.8700,+1.90,22562895,418.5000,435.3100,417.0000
2026/05/22,414.1400,0.4300,-0.10,14086441,417.4900,419.9900,410.2100
2026/05/21,414.5700,3.1900,-0.76,16865293,413.5500,422.2500,410.5000
2026/05/20,417.7600,6.6900,+1.63,16312553,412.8100,424.1700,411.4200
2026/05/19,411.0700,9.6400,-2.29,20652068,409.8150,417.9499,405.8600
2026/05/18,420.7100,4.4800,-1.05,17863287,421.4100,422.0100,414.3700
2026/05/15,425.1900,14.6000,-3.32,18957093,432.8100,432.8100,419.8000
2026/05/14,439.7900,23.0000,+5.52,19733760,416.7300,442.3600,415.5900
2026/05/13,416.7900,2.5100,-0.60,16981163,415.8050,418.6300,404.8000
2026/05/12,419.3000,9.1300,-2.13,19004345,423.4300,429.3400,408.4100
2026/05/11,428.4300,1.5700,-0.37,16825489,427.6150,433.6463,425.0501
2026/05/08,430.0000,17.4400,+4.23,22561421,419.8000,435.0000,414.0000
2026/05/07,412.5600,12.8800,-3.03,22791741,421.8200,426.4900,406.3000
2026/05/06,425.4400,1.9200,-0.45,20707022,435.5600,437.6800,417.7800
2026/05/05,427.3600,10.8600,+2.61,21175177,421.6600,433.3900,419.3500
2026/05/04,416.5000,4.7800,-1.13,15140433,418.2150,423.8300,409.5300
2026/05/01,421.2800,3.8500,+0.92,11882589,415.0920,423.1700,413.2800
2026/04/30,417.4300,11.9800,+2.95,21821575,415.5200,418.3800,404.2301
2026/04/29,405.4500,5.6200,+1.41,15962458,403.5000,405.6400,396.7800
2026/04/28,399.8300,18.3700,-4.39,25519212,400.3050,405.8100,394.6500
2026/04/27,418.2000,4.5600,-1.08,17451598,420.4750,422.7500,414.6300
2026/04/24,422.7600,2.8200,+0.67,22491076,424.9800,425.0000,408.8600
2026/04/23,419.9400,2.7100,-0.64,19501553,422.3900,429.3100,417.8000
2026/04/22,422.6500,20.4800,+5.09,23702546,406.9800,423.2000,404.8600
2026/04/21,402.1700,2.5400,+0.64,16275473,399.4100,403.6000,394.5700
2026/04/20,399.6300,6.9100,-1.70,16922033,405.7000,406.4200,395.9000
2026/04/17,406.5400,8.0700,+2.03,20581701,400.9000,406.7250,399.8100
2026/04/16,398.4700,1.7500,+0.44,18872895,395.0000,399.6800,392.3500
2026/04/15,396.7200,15.9400,+4.19,29559299,389.8800,397.0800,385.5700
2026/04/14,380.7800,1.0300,+0.27,24423034,377.9000,382.2800,376.3200
2026/04/13,379.7500,8.2000,+2.21,24115842,369.6600,380.8600,369.4800
2026/04/10,371.5500,16.6400,+4.69,29958080,360.9400,376.5500,360.8200
2026/04/09,354.9100,4.2800,+1.22,20514938,352.3000,358.7000,351.5000
2026/04/08,350.6300,16.6600,+4.99,31573114,351.7500,354.1400,342.5300
2026/04/07,333.9700,19.5400,+6.21,33310926,326.7300,334.1500,321.8000
2026/04/06,314.4300,0.1200,-0.04,12111344,315.0600,316.4000,310.2800
2026/04/02,314.5500,1.0600,+0.34,14021076,304.4900,314.6900,301.7485
2026/04/01,313.4900,3.9800,+1.29,19171020,313.3650,315.7900,310.4800
2026/03/31,309.5100,16.1000,+5.49,29289516,299.3900,310.3100,296.3350
2026/03/30,293.4100,7.2700,-2.42,28054452,300.8700,304.7700,289.9600
2026/03/27,300.6800,8.7350,-2.82,23593929,307.0600,307.5000,298.8700
2026/03/26,309.4150,9.3950,-2.95,20343712,314.0200,316.9200,309.1700
2026/03/25,318.8100,0.5200,+0.16,19899988,322.5900,324.3000,316.7190
2026/03/24,318.2900,4.2200,-1.31,19799006,320.0000,324.3999,314.8400
2026/03/23,322.5100,12.6500,+4.08,27369188,318.0000,326.4800,314.9300
2026/03/20,310.5100,9.3300,-2.92,43325937,320.1200,321.5100,309.9200
2026/03/19,319.8400,3.9100,+1.24,23524816,312.4700,323.2700,308.5100
2026/03/18,315.9300,5.3800,-1.67,25460596,320.4250,325.4400,315.5500
2026/03/17,321.3100,3.6100,-1.11,38026497,325.7600,327.4400,317.2500
2026/03/16,324.9200,2.7600,+0.86,31363086,326.0200,329.2000,320.0600
2026/03/13,322.1600,13.8100,-4.11,34724950,337.6800,338.3200,321.4300
2026/03/12,335.9700,5.6000,-1.64,21982746,337.7400,339.8300,332.2000
2026/03/11,341.5700,1.0100,-0.29,20104102,342.5900,345.8100,338.2200
2026/03/10,342.5800,3.1700,-0.92,29531698,348.7300,353.1400,340.8000
2026/03/09,345.7500,15.2700,+4.62,40605821,327.2500,348.4900,323.6101
2026/03/06,330.4800,2.2900,-0.69,39152159,328.2800,343.5100,327.4040
2026/03/05,332.7700,15.2400,+4.80,57076634,330.1750,336.1200,323.0300
2026/03/04,317.5300,3.6900,+1.18,34895801,315.6800,322.6400,311.7400
2026/03/03,313.8400,4.9800,-1.56,20826179,313.0000,315.8800,307.4000
2026/03/02,318.8200,0.7300,-0.23,20567227,309.3600,320.0400,307.2000
2026/02/27,319.5500,2.1500,-0.67,28004177,310.7000,320.0000,310.0000
2026/02/26,321.7000,10.6100,-3.19,33025280,326.5000,326.5750,307.9300
2026/02/25,332.3100,6.8200,+2.10,20182314,330.7400,335.9100,329.2800
2026/02/24,325.4900,4.8500,-1.47,23614368,322.5400,328.3050,314.4500
2026/02/23,330.3400,2.3100,-0.69,16472389,332.2500,338.5000,325.3200
2026/02/20,332.6500,1.3400,-0.40,17658930,332.3550,340.1100,329.5800
2026/02/19,333.9900,0.4800,+0.14,15180877,333.0100,338.4400,329.6800
2026/02/18,333.5100,0.9700,+0.29,13565299,329.5200,337.8800,327.2300
2026/02/17,332.5400,7.3700,+2.27,23469727,319.6750,335.7500,316.3100
2026/02/13,325.1700,6.0000,-1.81,18397161,329.8500,334.3200,324.6900
2026/02/12,331.1700,11.5900,-3.38,22007269,343.8300,346.2881,329.5600
2026/02/11,342.7600,2.3200,+0.68,17004712,346.8000,347.2000,333.7400
2026/02/10,340.4400,3.5000,-1.02,19542682,347.4700,348.0100,339.8400
2026/02/09,343.9400,11.0200,+3.31,30091014,330.7700,352.3400,330.6500
2026/02/06,332.9200,22.4100,+7.22,33003432,320.1000,335.0000,316.3000
2026/02/05,310.5100,2.4600,+0.80,42775810,314.3350,326.5300,306.7001
2026/02/04,308.0500,12.2800,-3.83,43330322,319.5100,319.5100,295.3000
2026/02/03,320.3300,10.7800,-3.26,36914779,336.7400,338.9000,308.6500
2026/02/02,331.1100,0.1900,-0.06,17278166,326.1100,336.0550,325.7500
2026/01/30,331.3000,0.5700,+0.17,28313039,332.4400,338.2000,328.3300
2026/01/29,330.7300,2.5100,-0.75,20447467,332.5600,335.9500,320.2800
2026/01/28,333.2400,0.4500,+0.14,23001670,338.8500,339.9900,326.7000
2026/01/27,332.7900,7.9400,+2.44,25537634,329.7600,334.7600,327.0200
2026/01/26,324.8500,4.8000,+1.50,25006396,319.8000,328.6800,317.6000
2026/01/23,320.0500,5.4400,-1.67,30259482,319.3000,321.9900,314.1100
2026/01/22,325.4900,3.3100,-1.01,24275398,335.3500,336.9900,324.8900
2026/01/21,328.8000,3.8000,-1.14,32006555,335.5050,335.8000,324.2001
2026/01/20,332.6000,19.1100,-5.43,32293872,344.1000,345.4000,331.8000
2026/01/16,351.7100,8.6900,+2.53,31291206,346.2650,354.5100,344.0500
2026/01/15,343.0200,3.1300,+0.92,22218787,349.1200,349.6800,341.6700
2026/01/14,339.8900,14.7200,-4.15,30094734,348.9700,350.6900,334.4201
2026/01/13,354.6100,2.4000,+0.68,18307969,352.8800,359.4900,350.9100
2026/01/12,352.2100,7.2400,+2.10,20949634,340.9500,353.9000,340.9500
2026/01/09,344.9700,12.4900,+3.76,22482508,337.9200,347.3900,333.5000
2026/01/08,332.4800,11.0200,-3.21,24385175,342.7800,343.6800,330.5000
2026/01/07,343.5000,0.2700,-0.08,20249259,341.7000,349.7000,335.8800
2026/01/06,343.7700,0.3500,+0.10,27135526,343.6000,349.0500,338.0000
2026/01/05,343.4200,4.2000,-1.21,31136049,354.7400,355.0300,336.5000
2026/01/02,347.6200,1.5200,+0.44,25398633,352.7750,360.6600,345.5600
2025/12/31,346.1000,3.7500,-1.07,15346052,349.7300,349.8800,345.4200
2025/12/30,349.8500,0.4600,+0.13,16633607,349.9700,352.6800,349.3000
2025/12/29,349.3900,2.7400,-0.78,21946856,348.7200,350.3300,344.6900
2025/12/26,352.1300,1.9100,+0.55,15028133,351.0600,353.2500,347.7500
2025/12/24,350.2200,0.9000,+0.26,11424403,350.6850,352.8600,347.1400
2025/12/23,349.3200,7.8700,+2.30,28232577,340.8100,350.1100,338.5400
2025/12/22,341.4500,1.7400,+0.51,28739578,346.0300,346.2400,337.2200
2025/12/19,340.3600,10.4800,+3.18,159095200,333.3350,343.4500,332.5775
2025/12/18,329.8800,3.8600,+1.18,54501918,336.0000,336.0250,323.6300
2025/12/17,326.0200,15.2800,-4.48,73300901,346.6100,346.6100,321.4200
2025/12/16,341.3000,1.4900,+0.44,58061051,336.0200,347.4999,335.0600
2025/12/15,339.8100,20.1200,-5.59,65894902,361.8900,362.0000,337.5100
2025/12/12,359.9300,46.4400,-11.43,95588458,379.9600,382.0000,355.1500
2025/12/11,406.3700,6.6000,-1.60,45681617,404.8250,409.3000,394.1900
2025/12/10,412.9700,6.6800,+1.64,31530976,402.2000,414.6100,399.5600
2025/12/09,406.2900,5.1900,+1.29,24545964,398.7450,406.9300,395.5100
2025/12/08,401.1000,10.8600,+2.78,30410550,402.4800,407.2850,397.4000
2025/12/05,390.2400,9.2100,+2.42,24779924,386.1650,393.5300,385.1452
2025/12/04,381.0300,0.4200,+0.11,15845862,380.6800,383.8900,376.5300
2025/12/03,380.6100,0.9600,-0.25,21336367,380.0000,382.3000,370.6500
2025/12/02,381.5700,4.5100,-1.17,22206951,388.3100,393.5000,379.7900
2025/12/01,386.0800,16.8800,-4.19,23251969,394.8500,395.4200,385.1000
2025/11/28,402.9600,5.3900,+1.36,13365500,399.3500,403.0000,397.1600
2025/11/26,397.5700,12.5400,+3.26,28693013,385.5500,399.8700,383.2600
2025/11/25,385.0300,7.0700,+1.87,33507573,384.9300,388.1300,371.7500
2025/11/24,377.9600,37.7600,+11.10,47262426,347.7300,382.0000,347.6600
2025/11/21,340.2000,6.6200,-1.91,30280339,345.1550,348.6000,331.8000
2025/11/20,346.8200,7.6000,-2.14,28866958,366.0000,376.0800,345.1800
2025/11/19,354.4200,13.9200,+4.09,21851875,340.7050,359.6900,337.8000
2025/11/18,340.5000,2.1500,-0.63,21726806,343.2000,347.9700,335.5100
2025/11/17,342.6500,0.1900,+0.06,14799565,339.8150,352.2000,337.5200
2025/11/14,342.4600,2.4800,+0.73,18500849,331.4700,344.7400,329.0600
2025/11/13,339.9800,15.2400,-4.29,22616621,351.5800,353.5500,334.1600
2025/11/12,355.2200,3.2600,+0.93,12190452,358.0350,358.8700,351.6800
2025/11/11,351.9600,6.4300,-1.79,16446800,358.9700,361.8850,349.6700
2025/11/10,358.3900,8.9600,+2.56,16408963,357.9000,360.0000,354.6100
2025/11/07,349.4300,6.1600,-1.73,21903223,354.1850,354.5000,337.2700
2025/11/06,355.5900,3.3900,-0.94,19896860,360.1100,363.5000,352.7100
2025/11/05,358.9800,7.0400,+2.00,17087644,350.8900,364.8699,350.0913
2025/11/04,351.9400,10.6100,-2.93,24047461,358.5200,368.9500,351.0000
2025/11/03,362.5500,7.0800,-1.92,17198917,372.0000,374.8500,361.9800
2025/10/31,369.6300,6.8400,-1.82,21598441,378.2700,378.8200,365.1000
2025/10/30,376.4700,9.5100,-2.46,24295268,386.4000,386.4000,370.0600
2025/10/29,385.9800,13.0100,+3.49,24975209,373.1900,386.4800,373.1900
2025/10/28,372.9700,10.9200,+3.02,21056048,362.6200,374.0600,362.5300
2025/10/27,362.0500,7.9200,+2.24,20065771,361.5400,362.7500,355.0800
2025/10/24,354.1300,9.8400,+2.86,16143739,352.5100,358.3000,350.8750
2025/10/23,344.2900,3.9900,+1.17,12859162,340.4000,346.5700,340.4000
2025/10/22,340.3000,2.3600,-0.69,19268825,347.3000,348.0100,335.5100
2025/10/21,342.6600,6.5800,-1.88,16092578,350.0000,351.1000,341.3100
2025/10/20,349.2400,0.0900,-0.03,15640229,353.8000,356.5900,347.8400
2025/10/17,349.3300,4.8200,-1.36,20937936,349.6100,350.9700,340.7800
2025/10/16,354.1500,2.8200,+0.80,20317222,356.8000,363.2400,349.4850
2025/10/15,351.3300,7.2000,+2.09,23918539,354.4700,359.4000,347.5000
2025/10/14,344.1300,12.5700,-3.52,22078000,350.1250,350.6700,339.6532
2025/10/13,356.7000,32.0700,+9.88,45984259,352.7700,359.3800,343.5201
2025/10/10,324.6300,20.3900,-5.91,28941011,345.3900,350.6000,324.0500
2025/10/09,345.0200,0.4800,-0.14,17643744,345.7500,347.3100,340.4000
2025/10/08,345.5000,9.0900,+2.70,21478344,333.8200,346.5400,332.6200
2025/10/07,336.4100,0.9200,+0.27,18086705,337.0250,338.1100,326.5800
2025/10/06,335.4900,2.8800,-0.85,18465729,335.9200,344.1300,334.5600
2025/10/03,338.3700,0.1900,+0.06,14749068,341.5000,344.4000,335.7400
2025/10/02,338.1800,4.7900,+1.44,19917622,347.6100,347.6100,335.2500
2025/10/01,333.3900,3.4800,+1.05,21122687,328.1450,337.9500,324.5000
2025/09/30,329.9100,2.0100,+0.61,20109459,330.1200,331.0500,324.6100
2025/09/29,327.9000,6.6300,-1.98,21336001,336.0000,341.0500,327.5500
2025/09/26,334.5300,1.5700,-0.47,15464697,337.4300,339.0800,330.5801
2025/09/25,336.1000,3.2100,-0.95,21678187,332.9900,338.0620,327.3000
2025/09/24,339.3100,0.3700,+0.11,19677304,339.7550,340.0799,333.8100
2025/09/23,338.9400,0.1500,+0.04,21944079,340.2400,345.2150,337.0216
2025/09/22,338.7900,5.5600,-1.61,28660030,342.4250,346.6700,337.9400
2025/09/19,344.9400,0.4100,-0.12,41240071,344.6500,346.2700,336.4300
2025/09/18,345.3500,0.8200,-0.24,24663891,350.0000,350.7000,343.7900
2025/09/17,346.1700,13.8300,-3.84,45197133,358.8500,359.9300,341.5000
2025/09/16,360.0000,4.0900,-1.12,21306508,365.4250,365.6900,356.9900
2025/09/15,364.0900,4.2200,+1.17,21792185,359.8700,365.5000,356.3400
2025/09/12,359.8700,0.2400,+0.07,31949795,362.9100,364.3850,357.1600
2025/09/11,359.6300,9.9400,-2.69,29430947,371.1800,374.2300,358.7604
2025/09/10,369.5700,32.9000,+9.77,51086826,351.5200,372.9700,350.5500
2025/09/09,336.6700,8.9800,-2.60,26972315,349.5450,350.9800,335.8300
2025/09/08,345.6500,10.7600,+3.21,43535639,342.7500,354.1656,341.2501
2025/09/05,334.8900,28.7900,+9.41,78401554,355.7800,356.3400,331.4200
2025/09/04,306.1000,3.7100,+1.23,31220803,305.0600,308.7800,302.2501
2025/09/03,302.3900,4.1500,+1.39,18529390,302.2900,304.4500,296.4000
2025/09/02,298.2400,0.8500,+0.29,19693016,289.3400,298.7100,287.1700
2025/08/29,297.3900,11.2600,-3.65,21610682,307.0100,307.0100,293.6600
2025/08/28,308.6500,8.4000,+2.80,18907053,302.9280,311.0000,302.3330
2025/08/27,300.2500,2.2400,+0.75,13830302,297.5300,301.1800,293.7800
2025/08/26,298.0100,3.7800,+1.28,25689111,294.3500,300.2499,293.9900
2025/08/25,294.2300,0.2300,+0.08,15124746,292.8100,298.4016,291.7100
2025/08/22,294.0000,4.4000,+1.52,16301330,291.7450,300.0900,289.0101
2025/08/21,289.6000,1.5700,-0.54,14946309,290.0600,292.3850,286.1700
2025/08/20,291.1700,3.7400,-1.27,23600512,295.4600,295.4900,281.8700
2025/08/19,294.9100,10.8500,-3.55,20149581,302.4150,302.8999,292.3900
2025/08/18,305.7600,0.5800,-0.19,14724667,302.7000,306.1700,299.0000
2025/08/15,306.3400,4.8900,-1.57,22806938,311.0300,311.5000,299.7600
2025/08/14,311.2300,2.1400,+0.69,15717631,307.0100,314.1651,307.0001
2025/08/13,309.0900,3.7400,-1.20,17371167,316.7500,317.3500,304.7500
2025/08/12,312.8300,8.9300,+2.94,17624009,306.6300,313.4400,304.6650
2025/08/11,303.9000,1.0700,-0.35,12396384,305.0500,308.3100,301.2900
2025/08/08,304.9700,1.2100,+0.40,12458746,304.0500,307.8700,302.5518
2025/08/07,303.7600,2.0900,+0.69,16319444,306.1700,310.3400,299.8807
2025/08/06,301.6700,8.7400,+2.98,17392100,292.9000,302.8100,291.9044
2025/08/05,292.9300,4.7900,-1.61,18477469,297.8100,301.2000,291.4500
2025/08/04,297.7200,9.0800,+3.15,17164629,292.2000,298.4800,291.4000
2025/08/01,288.6400,5.0600,-1.72,21428128,286.5350,292.6365,281.6100
2025/07/31,293.7000,8.9200,-2.95,25488478,302.8000,306.9490,290.2250
2025/07/30,302.6200,5.2000,+1.75,16738929,297.1500,303.2550,295.8000
2025/07/29,297.4200,3.1200,+1.06,19210780,297.5000,302.1900,294.8700
2025/07/28,294.3000,4.1200,+1.42,13683375,292.4600,295.4500,290.5900
2025/07/25,290.1800,1.4700,+0.51,12476248,288.0700,292.5943,287.2700
2025/07/24,288.7100,5.0200,+1.77,16413778,289.7900,291.2000,283.5000
2025/07/23,283.6900,5.1000,+1.83,20556237,276.7800,284.0000,273.0000
2025/07/22,278.5900,9.6200,-3.34,16564831,287.6550,288.0000,276.4300
2025/07/21,288.2100,4.8700,+1.72,17726804,283.9550,290.5400,283.6300
2025/07/18,283.3400,3.1100,-1.09,15012409,287.1100,287.5300,281.0000
2025/07/17,286.4500,5.6400,+2.01,17231099,281.1400,288.2800,279.9100
2025/07/16,280.8100,0.1300,-0.05,15031022,280.1050,281.5100,275.6700
2025/07/15,280.9400,5.3400,+1.94,17918352,279.8050,283.3600,277.8501
2025/07/14,275.6000,1.2200,+0.44,11934236,274.1300,278.3550,269.5800
2025/07/11,274.3800,1.0200,-0.37,14274674,274.1400,276.4700,271.8900
2025/07/10,275.4000,2.5000,-0.90,17891599,279.7850,281.1800,272.7000
2025/07/09,277.9000,6.1000,+2.24,20133002,272.9600,279.4500,272.7200
2025/07/08,271.8000,2.3800,-0.87,14869407,276.3450,276.3450,271.1545
2025/07/07,274.1800,1.0000,-0.36,16760617,275.1300,277.5600,272.6600
2025/07/03,275.1800,5.2800,+1.96,10592655,270.7300,275.8000,270.1200
2025/07/02,269.9000,5.1600,+1.95,17582090,263.9900,272.0000,262.7300
2025/07/01,264.7400,10.9100,-3.96,28847626,274.4000,274.5000,262.6555
2025/06/30,275.6500,6.3000,+2.34,24708432,274.7300,277.7050,272.1300
2025/06/27,269.3500,0.8200,-0.30,27477575,270.3000,271.8500,266.8800
2025/06/26,270.1700,5.5200,+2.09,23569585,265.0750,271.6700,264.1250
2025/06/25,264.6500,0.8800,+0.33,18894163,266.0000,269.8700,263.4300
2025/06/24,263.7700,10.0000,+3.94,32764864,258.7700,265.8700,258.7700
2025/06/23,253.7700,3.7800,+1.51,19747034,249.1050,254.2100,246.4600
2025/06/20,249.9900,0.6800,-0.27,42134900,253.2100,253.5200,244.1700
2025/06/18,251.2600,1.8900,+0.76,30435494,250.8900,255.6400,249.4100
2025/06/17,249.3700,2.7300,-1.08,22014312,250.9500,253.9600,247.9200
2025/06/16,252.1000,3.4000,+1.37,20363010,250.3500,255.1900,249.5650
2025/06/13,248.7000,7.3700,-2.88,19028440,250.6600,254.0000,248.3500
2025/06/12,256.0700,3.1600,+1.25,20410901,250.1850,257.8900,249.5000
2025/06/11,252.9100,8.2800,+3.38,24598987,246.3550,254.7700,243.8000
2025/06/10,244.6300,0.3500,+0.14,25491286,244.2150,246.2795,241.4000
2025/06/09,244.2800,2.6500,-1.07,25334081,245.0450,248.1700,241.1100
2025/06/06,246.9300,13.0000,-5.00,41146653,251.1400,255.3200,246.1348
2025/06/05,259.9300,1.1500,-0.44,42334079,262.9500,264.8900,259.0600
2025/06/04,261.0800,4.2300,+1.65,31536047,258.0600,265.4300,257.5900
2025/06/03,256.8500,8.1400,+3.27,30380248,250.0750,257.8800,249.4000
2025/06/02,248.7100,6.6400,+2.74,19197009,243.2500,250.0000,243.1900
2025/05/30,242.0700,0.1000,+0.04,27088559,241.2150,243.1700,234.9000
2025/05/29,241.9700,2.5400,+1.06,20768031,245.9050,246.0700,237.4000
2025/05/28,239.4300,3.7800,+1.60,20443004,237.1500,240.9900,234.4250
2025/05/27,235.6500,6.9300,+3.03,17941668,232.8650,236.4800,231.1308
2025/05/23,228.7200,1.8100,-0.79,15385632,226.9400,230.6500,226.1800
2025/05/22,230.5300,0.8000,+0.35,14340230,228.3400,233.6899,227.4300
2025/05/21,229.7300,1.9500,-0.84,17642941,228.3900,236.5000,227.8301
2025/05/20,231.6800,1.0500,+0.46,11787156,226.4900,231.7700,226.3400
2025/05/19,230.6300,2.0200,+0.88,15355450,221.8500,231.2499,221.6000
2025/05/16,228.6100,4.0300,-1.73,23094606,232.3200,232.6400,226.3900
2025/05/15,232.6400,0.5200,+0.22,18803678,230.1600,234.4550,228.0700
2025/05/14,232.1200,0.3000,-0.13,19751445,230.2300,233.5000,228.3500
2025/05/13,232.4200,10.8400,+4.89,28790536,222.0000,235.2800,222.0000
2025/05/12,221.5800,13.3800,+6.43,25437672,219.4900,221.8000,215.8800
2025/05/09,208.2000,0.4300,+0.21,13289174,209.3300,209.9600,206.5200
2025/05/08,207.7700,2.9600,+1.45,18460929,208.0000,211.1625,203.6900
2025/05/07,204.8100,4.7200,+2.36,20277825,199.2850,206.2300,198.4300
2025/05/06,200.0900,0.6300,-0.31,16348806,196.4400,201.9100,195.9400
2025/05/05,200.7200,2.9200,-1.43,14025425,200.2500,203.2347,200.0000
2025/05/02,203.6400,6.3100,+3.20,17766751,203.9000,205.6800,201.0800
2025/05/01,197.3300,4.8600,+2.53,24939695,198.1400,201.4000,196.2350
2025/04/30,192.4700,1.3000,+0.68,22768862,185.8950,193.2000,184.0200
2025/04/29,191.1700,1.3000,-0.68,14630015,191.7200,193.2500,190.1000
2025/04/28,192.4700,0.1600,+0.08,16385846,190.5300,193.1000,187.6800
2025/04/25,192.3100,4.1600,+2.21,21242342,186.9200,193.3700,186.8900
2025/04/24,188.1500,11.2400,+6.35,27576900,179.6900,188.5700,178.2950
2025/04/23,176.9100,7.3300,+4.32,24380470,177.7800,180.4500,175.8200
2025/04/22,169.5800,3.3700,+2.03,18504860,167.4300,170.5200,165.2229
2025/04/21,166.2100,4.7800,-2.80,23469794,166.9900,168.0000,161.6100
2025/04/17,170.9900,3.6200,-2.07,22501785,176.2500,176.2500,169.9156
2025/04/16,174.6100,4.3400,-2.43,34638639,170.4300,176.0800,166.9200
2025/04/15,178.9500,0.5900,+0.33,17242350,179.7250,182.2644,178.0800
2025/04/14,178.3600,3.5800,-1.97,25748301,185.0750,186.0000,175.8200
2025/04/11,181.9400,9.6400,+5.59,33964143,173.6200,182.6600,173.3100
2025/04/10,172.3000,12.8500,-6.94,51212217,175.3000,176.9500,166.4000
2025/04/09,185.1500,29.1200,+18.66,72708307,160.5000,187.3300,157.5100
2025/04/08,156.0300,1.8900,+1.23,58888228,167.6200,169.7800,153.0900
2025/04/07,154.1400,7.8500,+5.37,68503505,144.4900,160.4300,138.1000
2025/04/04,146.2900,7.7200,-5.01,72302229,148.1700,152.8000,139.1701
2025/04/03,154.0100,18.0800,-10.51,44354859,160.5400,163.4250,153.7000
2025/04/02,172.0900,3.5700,+2.12,19523663,166.0800,173.4300,165.5000
2025/04/01,168.5200,1.0900,+0.65,20472443,166.3700,168.7100,163.4200
2025/03/31,167.4300,1.6900,-1.00,35656449,164.4850,167.9400,160.6200
2025/03/28,169.1200,2.8700,-1.67,30391479,171.9300,173.3000,166.4700
2025/03/27,171.9900,7.2800,-4.06,32151667,177.6550,178.3800,170.4600
2025/03/26,179.2700,8.9900,-4.78,30670536,186.6600,188.0600,177.5820
2025/03/25,188.2600,2.9900,-1.56,23417250,190.8850,191.6000,187.6800
2025/03/24,191.2500,0.4100,-0.21,33180280,194.2950,196.6900,190.6700
2025/03/21,191.6600,1.1200,+0.59,43086517,188.2100,192.0700,187.3700
2025/03/20,190.5400,4.4400,-2.28,31430022,191.5200,193.8365,188.9400
2025/03/19,195.5700,6.9000,+3.66,37962698,189.3400,198.2700,186.9000
2025/03/18,188.6700,5.8300,-3.00,24951025,190.4400,192.8900,186.9000
2025/03/17,194.5000,1.0400,-0.53,26830624,188.0500,196.7200,187.5000
2025/03/14,195.5400,4.1800,+2.18,25900939,196.2000,197.5000,193.2000
2025/03/13,191.3600,2.8700,-1.48,27236137,193.1500,196.3200,189.4650
2025/03/12,194.2300,4.1400,+2.18,30409728,196.2150,199.9800,192.4527
2025/03/11,190.0900,5.6400,+3.06,42153248,188.0500,195.6155,185.3450
2025/03/10,184.4500,10.5100,-5.39,44217115,189.6000,191.9780,180.4300
2025/03/07,194.9600,15.5100,+8.64,74528855,187.7300,195.4800,181.5600
2025/03/06,179.4500,12.1300,-6.33,56864099,181.0400,186.8300,177.6100
2025/03/05,191.5800,4.1000,+2.19,25644540,191.8600,194.0800,187.1000
2025/03/04,187.4800,0.1100,+0.06,37910477,189.2150,193.9500,180.4800
2025/03/03,187.3700,12.0600,-6.05,37435603,204.0000,204.0600,184.5300
2025/02/28,199.4300,1.6300,+0.82,39747248,195.7600,201.1900,193.1500
2025/02/27,197.8000,15.1400,-7.11,27572887,217.2800,219.2500,197.4000
2025/02/26,212.9400,10.4000,+5.13,21368302,206.9100,213.5400,206.0000
2025/02/25,202.5400,5.3900,-2.59,33100814,207.0000,208.6425,200.9200
2025/02/24,207.9300,10.7300,-4.91,33050425,218.6000,219.4800,207.5400
2025/02/21,218.6600,8.0800,-3.56,24883556,225.6500,227.7500,215.6300
2025/02/20,226.7400,1.9900,-0.87,16103996,228.6450,228.9800,222.7500
2025/02/19,228.7300,0.2000,+0.09,16375487,227.8500,229.0653,224.4000
2025/02/18,228.5300,4.5100,-1.94,26080547,230.1000,232.2000,224.3001
2025/02/14,233.0400,2.7600,-1.17,16988777,234.5300,235.7400,228.9000
2025/02/13,235.8000,0.5500,-0.23,20962031,236.0600,236.9500,230.7276
2025/02/12,236.3500,1.3100,+0.56,16397336,230.3550,236.4800,230.0000
2025/02/11,235.0400,0.0000,0,18476200,232.4800,237.8900,229.9739
2025/02/10,235.0400,10.1700,+4.52,23901643,227.4300,235.8200,227.1200
2025/02/07,224.8700,6.4900,-2.81,22117468,235.0000,235.6500,224.1100
2025/02/06,231.3600,0.6400,-0.28,21169529,234.5000,234.8000,228.5600
2025/02/05,232.0000,9.5700,+4.30,29250582,233.9400,237.9299,227.5000
2025/02/04,222.4300,4.7000,+2.16,23768517,219.3500,223.0300,215.3000
2025/02/03,217.7300,3.5400,-1.60,24507274,215.4600,220.9377,213.5100
2025/01/31,221.2700,5.6100,+2.60,41150975,219.6600,226.8000,216.3000
2025/01/30,215.6600,9.3100,+4.51,42449478,218.5700,221.9600,213.7000
2025/01/29,206.3500,1.0100,-0.49,32533735,208.8400,211.4500,202.7700
2025/01/28,207.3600,5.2300,+2.59,50315987,208.0100,209.9500,198.8900
2025/01/27,202.1300,42.5700,-17.40,90569376,213.4000,218.4300,196.2300
2025/01/24,244.7000,4.4200,+1.84,25387825,244.7000,249.5900,241.9100
2025/01/23,240.2800,0.6300,-0.26,17653942,238.4100,240.4000,236.1200
2025/01/22,240.9100,0.6000,+0.25,29610501,246.7500,246.9900,240.6900
2025/01/21,240.3100,2.8700,+1.21,30903186,241.5000,242.7500,237.4000
2025/01/17,237.4400,8.0300,+3.50,31196642,237.0800,238.1000,232.6600
2025/01/16,229.4100,1.4100,+0.62,23471871,235.2200,238.6000,229.2100
2025/01/15,228.0000,3.3000,+1.47,21745616,228.5500,230.3400,225.5800
2025/01/14,224.7000,0.5900,-0.26,18143124,226.5700,230.2600,223.1000
2025/01/13,225.2900,0.9800,+0.44,23772091,219.9900,229.2600,219.5100
2025/01/10,224.3100,5.0000,-2.18,23864005,227.3000,227.8300,221.2500
2025/01/08,229.3100,0.6700,+0.29,18756487,229.7000,232.4700,226.0600
2025/01/07,228.6400,7.7700,-3.29,25928606,239.5000,239.5000,227.6000
2025/01/06,236.4100,3.8600,+1.66,34028377,236.5000,241.7500,233.3000
2025/01/03,232.5500,0.5700,+0.25,24973192,233.5900,236.4893,229.0000
2025/01/02,231.9800,0.1400,+0.06,31525830,236.1550,239.5000,230.2425
2024/12/31,231.8400,3.7400,-1.59,17927719,235.8800,237.4600,231.3100
2024/12/30,235.5800,6.1700,-2.55,27316797,234.6950,238.7700,231.6200
2024/12/27,241.7500,3.6100,-1.47,29282230,245.6400,245.7800,236.3532
2024/12/26,245.3600,5.6800,+2.37,28537540,240.0000,247.2800,237.6000
2024/12/24,239.6800,7.3300,+3.15,22827188,240.1150,240.2280,234.8000
2024/12/23,232.3500,12.1500,+5.52,40643778,226.6900,233.3994,225.1300
2024/12/20,220.7900,2.4700,+1.13,131910354,220.3600,230.2900,218.9100
2024/12/19,218.3200,5.3000,-2.37,40845167,227.9100,228.0500,217.5800
2024/12/18,223.6200,16.6100,-6.91,53960103,239.4100,239.8500,219.2200
2024/12/17,240.2300,9.7700,-3.91,70382134,240.6500,242.4700,233.8000
2024/12/16,250.0000,25.2000,+11.21,111623166,231.7900,251.8800,230.8100
2024/12/13,224.8000,44.1400,+24.43,121336628,213.9000,228.7000,211.1100
2024/12/12,180.6600,2.5400,-1.39,46967170,180.9300,182.0000,175.9900
2024/12/11,183.2000,11.3900,+6.63,41295179,180.0100,184.8700,176.4296
2024/12/10,171.8100,7.1300,-3.98,27762632,177.8100,178.5000,169.7300
2024/12/09,178.9400,0.5900,-0.33,20886305,178.9500,180.7933,176.0209
2024/12/06,179.5300,9.0600,+5.31,27830828,170.1000,180.6800,169.3301
2024/12/05,170.4700,0.0900,-0.05,18489993,170.7500,172.3981,169.2000
2024/12/04,170.5600,2.4100,+1.43,32748246,173.4400,175.3900,168.5600
2024/12/03,168.1500,1.6400,+0.98,17024434,164.4800,168.2700,164.0300
2024/12/02,166.5100,4.4300,+2.73,21472442,162.9500,168.3797,162.7500
2024/11/29,162.0800,2.4100,+1.51,11024005,159.5700,162.6900,159.0800
2024/11/27,159.6700,5.0700,-3.08,19722723,163.2000,163.2000,157.5400
2024/11/26,164.7400,0.0800,-0.05,16308772,164.6000,166.3700,162.6900
2024/11/25,164.8200,0.5900,+0.36,26850591,165.3950,167.2250,162.8900
2024/11/22,164.2300,0.2900,+0.18,17332473,164.3000,164.9092,162.4000
2024/11/21,163.9400,0.6900,+0.42,24835252,166.2500,166.3400,160.6000
2024/11/20,163.2500,2.1000,-1.27,17196728,165.5400,165.5400,160.8600
2024/11/19,165.3500,0.3200,-0.19,18003401,166.6600,166.8000,164.3100
2024/11/18,165.6700,0.8300,+0.50,17870329,165.6600,166.3463,162.2200
2024/11/15,164.8400,5.5400,-3.25,20836160,168.4700,169.1350,163.4300
2024/11/14,170.3800,3.2000,-1.84,20638855,174.7700,175.5700,169.8700
2024/11/13,173.5800,2.6400,-1.50,17472513,174.7050,175.5926,172.6000
2024/11/12,176.2200,2.6900,-1.50,15861981,178.9000,179.5600,173.2000
2024/11/11,178.9100,4.7300,-2.58,17036660,183.4000,183.6300,176.8201
2024/11/08,183.6400,0.1700,-0.09,13503154,182.9900,185.0500,181.8300
2024/11/07,183.8100,4.2600,+2.37,18970581,181.9853,184.8722,181.7900
2024/11/06,179.5500,5.6500,+3.25,24300758,179.6300,180.2100,175.9600
2024/11/05,173.9000,5.3500,+3.17,13441752,170.0500,174.4000,170.0500
2024/11/04,168.5500,0.3700,-0.22,13621310,169.2800,172.4500,168.4200
2024/11/01,168.9200,0.8500,-0.50,17847038,168.2600,171.3255,167.5000
2024/10/31,169.7700,6.8700,-3.89,26086587,174.4500,174.4500,167.3800
2024/10/30,176.6400,2.6000,-1.45,17911488,177.4700,179.1900,175.6200
2024/10/29,179.2400,7.2200,+4.20,23702344,172.4350,180.2300,171.2101
2024/10/28,172.0200,0.9800,-0.57,13195829,173.0000,173.9728,171.3450
2024/10/25,173.0000,1.6500,+0.96,19977679,174.1900,176.7960,172.7200
2024/10/24,171.3500,2.1600,-1.24,20485174,174.2600,174.3000,169.5000
2024/10/23,173.5100,5.8700,-3.27,19513713,177.5850,178.9800,172.5700
2024/10/22,179.3800,0.6100,-0.34,12062648,178.6600,180.6900,177.4100
2024/10/21,179.9900,0.1000,+0.06,13695149,179.3800,181.7199,178.2500
2024/10/18,179.8900,1.6400,-0.90,17835247,182.3200,182.7100,178.6800
2024/10/17,181.5300,4.7100,+2.66,25232427,181.3700,185.5100,180.6900
2024/10/16,176.8200,0.8400,+0.48,15285054,178.5100,179.2500,175.3300
2024/10/15,175.9800,6.3300,-3.47,27657529,180.7900,181.7000,173.3652
2024/10/14,182.3100,0.8300,+0.46,17195824,183.3000,184.9516,180.1300
2024/10/11,181.4800,4.2100,-2.27,23070023,181.1400,182.5900,177.4000
2024/10/10,185.6900,0.2600,-0.14,16317969,183.5600,186.3100,182.5300
2024/10/09,185.9500,5.2200,+2.89,25504058,179.2400,186.4200,176.4200
2024/10/08,180.7300,5.6500,+3.23,20774189,175.4200,181.6000,174.8900
2024/10/07,175.0800,1.5600,-0.88,15588333,174.8200,178.3100,173.8600
2024/10/04,176.6400,4.7500,+2.76,17941387,176.3000,176.8998,172.6000
2024/10/03,171.8900,1.2300,+0.72,13072281,169.6200,174.9400,169.1900
2024/10/02,170.6600,3.1900,+1.90,14317834,167.5500,172.8400,167.0201
2024/10/01,167.4700,5.0300,-2.92,23770416,172.1600,172.2500,165.8000
2024/09/30,172.5000,0.1900,-0.11,16900033,171.8700,172.9200,169.6302
2024/09/27,172.6900,5.4000,-3.03,20580905,178.1700,178.4700,171.7600
2024/09/26,178.0900,2.5700,+1.46,24339996,178.5000,180.2500,175.0000
2024/09/25,175.5200,0.6800,+0.39,16613795,174.6500,177.1400,173.7600
2024/09/24,174.8400,1.9000,+1.10,34223405,172.8100,175.9900,171.6800
2024/09/23,172.9400,1.8400,+1.08,29431112,172.0000,173.3200,168.3501
2024/09/20,171.1000,3.6800,+2.20,91758507,167.1800,172.0200,166.4700
2024/09/19,167.4200,6.2800,+3.90,32453057,167.6800,170.0000,165.6600
2024/09/18,161.6700,0.8000,-0.49,26557560,163.7700,167.4700,161.3600
2024/09/17,162.4700,1.5500,-0.95,19844343,165.4900,166.0200,160.7000
2024/09/16,164.0200,3.6700,-2.19,26126934,165.1900,165.5000,160.4100
2024/09/13,167.6900,3.1300,+1.90,29850048,166.7350,168.0800,164.0401
2024/09/12,164.5600,6.2900,+3.97,43581917,158.1000,166.3200,156.8300
2024/09/11,158.2700,10.0600,+6.79,39700766,148.3900,158.8700,145.0400
2024/09/10,148.2100,7.3900,+5.25,36067473,141.2200,149.8600,141.0400
2024/09/09,140.8200,3.8250,+2.79,39516691,139.1100,141.5850,134.9000
2024/09/06,136.9950,15.8250,-10.36,76634630,143.2500,143.5000,136.6000
2024/09/05,152.8200,1.3000,-0.84,31548537,150.5650,156.3600,150.1100
2024/09/04,154.1200,1.3300,+0.87,20324062,150.3000,157.7900,149.1500
2024/09/03,152.7900,10.0300,-6.16,37179061,160.3800,160.7400,151.3800
2024/08/30,162.8200,5.8900,+3.75,25158510,161.1200,163.2400,158.7100
2024/08/29,156.9300,1.2500,-0.79,23519286,158.4900,163.2000,155.4100
2024/08/28,158.1800,3.2100,-1.99,18063622,160.0800,162.2800,156.2500
2024/08/27,161.3900,1.7700,+1.11,16683106,157.6000,162.0300,155.8300
2024/08/26,159.6200,6.7400,-4.05,18521153,164.9600,165.7000,158.6600
2024/08/23,166.3600,4.0200,+2.48,18848022,165.0250,168.2800,163.4600
2024/08/22,162.3400,3.4400,-2.08,30044532,170.8400,172.4200,161.4900
2024/08/21,165.7800,0.1700,-0.10,16097693,165.1200,166.4700,162.8800
2024/08/20,165.9500,1.7600,-1.05,19417494,167.0500,168.3699,164.1500
2024/08/19,167.7100,1.9900,+1.20,20441691,164.8600,167.8300,160.4200
2024/08/16,165.7200,0.4100,-0.25,19296868,164.4700,166.0900,162.6800
2024/08/15,166.1300,8.4400,+5.35,27944968,161.2000,166.6700,160.3351
2024/08/14,157.6900,1.5300,+0.98,20184199,158.0200,160.2500,154.7200
2024/08/13,156.1600,7.5400,+5.07,22053604,151.5500,156.3800,149.8100
2024/08/12,148.6200,0.3600,+0.24,17778473,148.0800,151.1300,146.3700
2024/08/09,148.2600,2.5200,+1.73,18438655,144.2000,149.5500,144.1100
2024/08/08,145.7400,9.4700,+6.95,27583199,141.2000,146.2700,138.4000
2024/08/07,136.2700,7.6500,-5.32,29749755,148.2500,150.1000,135.8300
2024/08/06,143.9200,1.8400,+1.30,24751290,141.7300,148.9100,140.2500
2024/08/05,142.0800,1.7400,-1.21,41309257,129.6100,145.4200,128.5000
2024/08/02,143.8200,3.2000,-2.18,33745843,141.9250,145.3500,139.6000
2024/08/01,147.0200,13.6600,-8.50,40319955,157.5000,158.9100,146.1700
2024/07/31,160.6800,17.1600,+11.96,45827511,151.4700,161.3300,151.0000
2024/07/30,143.5200,6.7000,-4.46,31102341,153.2800,153.4700,143.3500
2024/07/29,150.2200,1.4100,-0.93,16625762,152.0200,155.0000,149.1500
2024/07/26,151.6300,2.3700,+1.59,20839871,153.5000,153.5800,149.9202
2024/07/25,149.2600,2.0800,-1.37,30872127,151.2600,153.5500,145.5200
2024/07/24,151.3400,12.4300,-7.59,37162620,160.3550,161.4050,151.1000
2024/07/23,163.7700,2.7100,+1.68,21570177,160.3950,165.3300,159.9000
2024/07/22,161.0600,3.7100,+2.36,28813334,160.2300,162.9900,157.9000
2024/07/19,157.3500,3.1700,-1.97,26309545,161.8400,163.9500,157.1200
2024/07/18,160.5200,4.5400,+2.91,37973498,158.8900,161.5100,153.9000
2024/07/17,155.9800,13.3950,-7.91,43343355,162.3100,162.8400,155.6100
2024/07/16,169.3750,2.0450,-1.19,22244943,172.4000,172.8100,166.4000
2024/07/15,171.4200,1.3530,+0.80,22999201,170.0000,173.5099,169.2600
2024/07/12,1700.6700,5.2800,-0.31,3045300,1711.0300,1725.9100,1691.3100
2024/07/11,1705.9500,38.7400,-2.22,5111168,1764.6600,1764.8700,1668.5000
2024/07/10,1744.6900,11.3800,+0.66,4107420,1746.0000,1766.4899,1726.3628
2024/07/09,1733.3100,12.5500,-0.72,3791621,1756.5600,1770.9800,1705.5600
2024/07/08,1745.8600,42.5500,+2.50,3639846,1705.0000,1756.8999,1705.0000
2024/07/05,1703.3100,25.9100,-1.50,4524048,1755.5600,1765.4700,1696.0001
2024/07/03,1729.2200,71.7400,+4.33,3995382,1670.0000,1729.2200,1664.4600
2024/07/02,1657.4800,16.6800,+1.02,3253884,1640.8000,1659.1999,1622.0000
2024/07/01,1640.8000,35.2700,+2.20,4762344,1608.2000,1648.7500,1593.5000
2024/06/28,1605.5300,18.8700,+1.19,6937663,1595.8800,1639.2300,1586.0000
2024/06/27,1586.6600,5.3400,-0.34,3164906,1592.0000,1605.6200,1571.0000
2024/06/26,1592.0000,11.2100,+0.71,4647875,1597.6200,1618.1800,1573.5900
2024/06/25,1580.7900,11.4200,-0.72,5681045,1600.1300,1606.0400,1564.0000
2024/06/24,1592.2100,61.1700,-3.70,5857538,1642.0500,1661.0000,1590.6600
2024/06/21,1658.6300,75.9300,-4.38,9999861,1695.6600,1713.9990,1651.4200
2024/06/20,1734.5600,67.9600,-3.77,6815662,1803.4600,1804.7500,1722.2201
2024/06/18,1802.5200,26.3500,-1.44,8679674,1839.5900,1851.6200,1785.0100
2024/06/17,1828.8700,93.8300,+5.41,8752762,1800.0000,1843.0000,1778.5800
2024/06/14,1735.0400,56.0500,+3.34,6970471,1686.8600,1747.2400,1682.1000
2024/06/13,1678.9900,183.4800,+12.27,8906065,1710.0000,1735.8500,1652.5200
2024/06/12,1495.5100,34.4800,+2.36,5669737,1500.0000,1505.8000,1476.4000
2024/06/11,1461.0300,20.5600,+1.43,3484432,1438.2000,1465.0100,1416.2300
2024/06/10,1440.4700,33.8300,+2.41,3108171,1409.8000,1449.0499,1409.1250
2024/06/07,1406.6400,5.3700,+0.38,1785903,1407.7750,1425.0000,1397.0200
2024/06/06,1401.2700,11.8200,-0.84,2017181,1421.8700,1422.6899,1388.2401
2024/06/05,1413.0900,82.2700,+6.18,3294656,1346.0000,1414.3500,1340.5400
2024/06/04,1330.8200,8.9200,+0.67,2304814,1320.4000,1331.9900,1307.0100
2024/06/03,1321.9000,6.6500,-0.50,2627847,1352.7000,1353.0000,1302.5300
2024/05/31,1328.5500,35.5300,-2.60,7309132,1361.3600,1362.5500,1307.2600
2024/05/30,1364.0800,26.5900,-1.91,2172828,1379.0000,1382.7800,1355.6399
2024/05/29,1390.6700,21.7800,-1.54,2686055,1399.1000,1399.1000,1383.0000
2024/05/28,1412.4500,4.6100,+0.33,2291886,1410.0000,1417.1813,1392.5400
2024/05/24,1407.8400,14.5500,+1.04,1672996,1399.7900,1413.5844,1392.0242
2024/05/23,1393.2900,1.0500,+0.08,3103899,1428.4300,1429.0000,1378.0000
2024/05/22,1392.2400,6.9600,-0.50,2100212,1396.0100,1405.0000,1384.2200
2024/05/21,1399.2000,14.8300,-1.05,1533251,1398.6800,1409.3900,1393.4600
2024/05/20,1414.0300,18.7400,+1.34,2716995,1396.0000,1416.9400,1393.1600
2024/05/17,1395.2900,16.8400,-1.19,1817367,1412.4200,1419.5300,1381.7800
2024/05/16,1412.1300,24.0400,-1.67,2839503,1426.0000,1445.4000,1405.0600
2024/05/15,1436.1700,56.1400,+4.07,3275738,1380.0000,1438.9500,1369.9750
2024/05/14,1380.0300,42.5200,+3.18,1942029,1332.3400,1381.9900,1325.8000
2024/05/13,1337.5100,4.7100,+0.35,1850703,1348.0000,1358.3900,1330.1100
2024/05/10,1332.8000,27.1300,+2.08,1629953,1315.3100,1344.0000,1315.3100
2024/05/09,1305.6700,19.7000,-1.49,1216955,1317.8300,1321.6100,1302.0000
2024/05/08,1325.3700,22.2600,+1.71,1391764,1293.5000,1337.9050,1288.4900
2024/05/07,1303.1100,7.2000,-0.55,1241283,1316.4400,1318.9900,1296.7550
2024/05/06,1310.3100,32.2000,+2.52,1628708,1286.2250,1310.7700,1275.0700
2024/05/03,1278.1100,39.5400,+3.19,2489755,1259.0000,1283.8800,1247.1400
2024/05/02,1238.5700,4.2900,-0.35,2947968,1256.2800,1264.4500,1223.3100
2024/05/01,1242.8600,57.4100,-4.42,3095783,1278.3300,1292.3700,1241.3450
2024/04/30,1300.2700,38.3500,-2.86,2211336,1328.8800,1348.3500,1299.0500
2024/04/29,1338.6200,5.4500,-0.41,1337179,1344.0800,1352.9800,1325.6950
2024/04/26,1344.0700,49.6500,+3.84,2409983,1310.0000,1355.8300,1303.1300
2024/04/25,1294.4200,37.6000,+2.99,3040967,1272.4500,1308.0300,1257.0000
2024/04/24,1256.8200,7.6300,+0.61,2010793,1263.9000,1285.6200,1244.9600
2024/04/23,1249.1900,24.7300,+2.02,2202513,1228.1700,1257.9000,1228.0200
2024/04/22,1224.4600,19.7500,+1.64,2516218,1224.5000,1233.2000,1200.5400
2024/04/19,1204.7100,54.2800,-4.31,4479658,1258.9900,1260.0000,1197.5600
2024/04/18,1258.9900,23.6400,-1.84,2488803,1288.0000,1292.6500,1255.4600
2024/04/17,1282.6300,46.4300,-3.49,2471780,1343.1100,1347.0000,1281.4200
2024/04/16,1329.0600,18.3700,+1.40,1892274,1315.3800,1336.3190,1311.0000
2024/04/15,1310.6900,33.3800,-2.48,2437045,1370.0000,1370.0000,1306.0000
2024/04/12,1344.0700,38.3900,-2.78,2782332,1352.0100,1366.5050,1336.6200
2024/04/11,1382.4600,60.0900,+4.54,3171331,1332.6800,1391.8700,1323.6500
2024/04/10,1322.3700,11.7100,-0.88,1746652,1323.0000,1335.7500,1315.4800
2024/04/09,1334.0800,2.0200,-0.15,1800794,1357.3700,1359.4800,1308.6400
2024/04/08,1336.1000,3.3300,-0.25,1713917,1333.6500,1342.5000,1315.7501
2024/04/05,1339.4300,21.9300,+1.66,1943828,1326.0000,1361.2300,1314.1950
2024/04/04,1317.5000,45.7100,-3.35,2701365,1385.3200,1403.9800,1315.0000
2024/04/03,1363.2100,24.4500,+1.83,2865042,1328.0000,1376.8200,1325.2700
2024/04/02,1338.7600,11.5000,-0.85,2469356,1315.7900,1342.3700,1303.4138
2024/04/01,1350.2600,24.8500,+1.87,1725196,1325.6800,1362.9800,1325.4100
2024/03/28,1325.4100,6.6800,+0.51,1985552,1317.9000,1330.0900,1311.5300
2024/03/27,1318.7300,12.7600,-0.96,2558265,1350.0000,1350.0000,1296.0200
2024/03/26,1331.4900,20.0900,-1.49,2352218,1364.6900,1379.9377,1330.5100
2024/03/25,1351.5800,1.8900,-0.14,2123660,1345.0300,1358.4399,1337.4700
2024/03/22,1353.4700,5.4700,+0.41,3862386,1350.0000,1376.2200,1346.1500
2024/03/21,1348.0000,72.0000,+5.64,7246773,1328.3200,1403.6100,1316.0000
2024/03/20,1276.0000,43.2400,+3.51,4094614,1239.0200,1287.9900,1226.5900
2024/03/19,1238.0100,0.7700,+0.06,2449087,1216.9500,1240.2700,1204.0200
2024/03/18,1237.2400,1.7400,+0.14,2573716,1253.9800,1262.8800,1231.7000
2024/03/15,1235.5000,26.7700,-2.12,8882251,1253.4600,1267.3700,1230.0700
2024/03/14,1262.2700,4.4000,+0.35,3802938,1262.5400,1273.1300,1247.7100
2024/03/13,1257.8700,34.0100,-2.63,3783848,1282.8800,1282.8800,1252.3550
2024/03/12,1291.8800,1.2400,-0.10,4278913,1307.0000,1307.7900,1259.2800
2024/03/11,1293.1200,15.6000,-1.19,3110512,1277.9300,1299.0200,1252.5600
2024/03/08,1308.7200,98.2900,-6.99,7402484,1394.2500,1413.0000,1301.5800
2024/03/07,1407.0100,57.0100,+4.22,6283177,1381.9900,1414.3100,1372.8900
2024/03/06,1350.0000,7.2500,+0.54,4319589,1391.5800,1394.8300,1347.0600
2024/03/05,1342.7500,59.5100,-4.24,3603975,1395.0000,1395.0000,1332.3700
2024/03/04,1402.2600,3.0900,+0.22,3485418,1403.1500,1438.1700,1385.1900
2024/03/01,1399.1700,98.6800,+7.59,4448772,1325.9300,1407.7600,1320.0000
2024/02/29,1300.4900,11.0700,+0.86,2753564,1303.3100,1308.3950,1287.2750
2024/02/28,1289.4200,6.8100,-0.53,1096718,1293.0000,1298.5200,1282.9734
2024/02/27,1296.2300,12.9000,-0.99,1212605,1309.1300,1311.9400,1292.2200
2024/02/26,1309.1300,12.7600,+0.98,1628248,1310.0000,1318.7899,1301.4600
2024/02/23,1296.3700,8.5300,-0.65,2311464,1308.3700,1319.6200,1288.8200
2024/02/22,1304.9000,77.4500,+6.31,4081926,1281.7100,1310.9800,1276.4700
2024/02/21,1227.4500,0.9000,+0.07,2063983,1218.0000,1228.0500,1202.6400
2024/02/20,1226.5500,18.9300,-1.52,2632919,1235.8600,1237.7200,1212.5600
2024/02/16,1245.4800,19.5900,-1.55,2126805,1259.0400,1275.6846,1242.3900
2024/02/15,1265.0700,2.8500,+0.23,2187344,1279.9500,1280.0000,1244.8500
2024/02/14,1262.2200,10.5700,+0.84,2730626,1269.2400,1273.0000,1241.3179
2024/02/13,1251.6500,13.3500,-1.06,3190652,1235.1200,1255.8700,1227.0900
2024/02/12,1265.0000,18.4400,-1.44,2477822,1290.0100,1290.0700,1259.0000
2024/02/09,1283.4400,8.6800,+0.68,2629289,1252.0300,1285.7500,1248.9900
2024/02/08,1274.7600,17.7000,+1.41,2932624,1267.0000,1295.9700,1265.0100
2024/02/07,1257.0600,34.4100,+2.81,2576775,1234.0000,1259.5100,1226.7000
2024/02/06,1222.6500,20.4500,-1.65,2535410,1263.5700,1272.1099,1211.9400
2024/02/05,1243.1000,18.7600,+1.53,2204452,1226.9600,1247.7522,1222.1500
2024/02/02,1224.3400,24.3300,+2.03,2668929,1208.7500,1234.6900,1205.1500
2024/02/01,1200.0100,20.0100,+1.70,1941128,1187.3500,1203.0900,1179.1100
2024/01/31,1180.0000,28.1600,-2.33,2740019,1189.4500,1197.2200,1174.3100
2024/01/30,1208.1600,9.6100,-0.79,2068254,1216.7700,1228.0000,1204.2900
2024/01/29,1217.7700,12.8900,+1.07,2152647,1214.9100,1223.6700,1204.9950
2024/01/26,1204.8800,25.1200,-2.04,2581760,1219.7000,1221.2100,1200.2300
2024/01/25,1230.0000,23.8700,-1.90,3635610,1281.0000,1281.0000,1228.8000
2024/01/24,1253.8700,27.5600,+2.25,3480482,1242.2950,1284.5499,1231.0093
2024/01/23,1226.3100,5.8100,+0.48,1695211,1221.0000,1226.9800,1203.5200
2024/01/22,1220.5000,9.3000,+0.77,3122224,1216.2500,1231.3300,1208.2177
2024/01/19,1211.2000,67.2900,+5.88,5307712,1157.3100,1217.0000,1156.0000
2024/01/18,1143.9100,40.2400,+3.65,3222840,1124.9000,1146.5480,1121.8800
2024/01/17,1103.6700,11.2900,-1.01,1831405,1106.2900,1113.1100,1090.2150
2024/01/16,1114.9600,7.2800,+0.66,2614508,1112.3400,1126.2431,1098.6300
2024/01/12,1107.6800,7.7000,+0.70,2688196,1112.1000,1115.6899,1100.0100
2024/01/11,1099.9800,19.4100,+1.80,2575722,1084.3200,1101.3000,1074.5050
2024/01/10,1080.5700,1.9200,-0.18,1764345,1080.3500,1082.9550,1062.6047
2024/01/09,1082.4900,7.6400,+0.71,2322534,1065.6200,1088.5499,1064.7100
2024/01/08,1074.8500,25.5700,+2.44,3311029,1056.5000,1077.9999,1052.0018
2024/01/05,1049.2800,0.2700,+0.03,2247469,1051.6000,1055.4600,1041.5100
2024/01/04,1049.0100,9.5700,-0.90,2565803,1057.9600,1069.4970,1047.3700
2024/01/03,1058.5800,26.8000,-2.47,3473547,1070.2000,1075.0000,1055.3100
2024/01/02,1085.3800,30.8700,-2.77,2883102,1092.1200,1102.0000,1077.0900
2023/12/29,1116.2500,6.1600,-0.55,2055800,1121.4600,1124.3800,1114.6700
2023/12/28,1122.4100,3.7600,-0.33,2124925,1131.6900,1132.2400,1119.0500
2023/12/27,1126.1700,5.7200,-0.51,2005523,1136.0000,1139.5700,1122.9601
2023/12/26,1131.8900,9.9100,+0.88,1679327,1124.2400,1135.5000,1123.0200
2023/12/22,1121.9800,5.3100,-0.47,1908897,1127.9800,1132.0000,1113.5300
2023/12/21,1127.2900,16.9100,+1.52,2410561,1132.6500,1135.4200,1115.0000
2023/12/20,1110.3800,29.2000,-2.56,3452335,1132.7000,1141.3600,1109.2600
2023/12/19,1139.5800,2.1700,-0.19,3602040,1142.0000,1150.4600,1132.5050
2023/12/18,1147.0000,17.2600,+1.53,5474137,1120.8000,1151.8200,1118.6400
2023/12/15,1129.7400,23.2500,+2.10,11854371,1095.2200,1149.8799,1094.6184
2023/12/14,1106.4900,16.8000,+1.54,6696402,1092.1800,1121.4600,1090.2800
2023/12/13,1089.6900,17.4100,+1.62,7165375,1068.0000,1099.7800,1062.5400
2023/12/12,1072.2800,43.0400,+4.18,9024155,1027.9900,1079.3900,1024.5800
2023/12/11,1029.2400,84.9400,+9.00,10118369,957.0100,1039.5100,956.0900
2023/12/08,944.3000,22.0400,+2.39,6966842,927.8400,950.7300,910.5262
2023/12/07,922.2600,18.6200,+2.06,4351689,905.5400,924.1200,903.6400
2023/12/06,903.6400,9.4800,-1.04,2481269,920.3600,920.9700,903.1000
2023/12/05,913.1200,10.8500,-1.17,3706593,911.6000,917.2700,905.8450
2023/12/04,923.9700,6.0300,-0.65,2500921,920.6400,930.9700,916.4400
2023/12/01,930.0000,4.2700,+0.46,2961244,922.4600,933.9000,908.0000
2023/11/30,925.7300,15.1000,-1.60,4957110,941.0000,942.4150,918.3700
2023/11/29,940.8300,5.5200,-0.58,3484274,948.3400,959.4299,939.3700
2023/11/28,946.3500,3.8900,-0.41,3902494,939.9400,950.8600,934.1600
2023/11/27,950.2400,28.6300,-2.92,9696202,976.1500,981.0100,949.3300
2023/11/24,978.8700,6.8700,+0.71,2315789,974.9600,979.8600,966.7500
2023/11/22,972.0000,9.2000,-0.94,3375092,983.6900,987.9899,971.0000
2023/11/21,981.2000,14.5100,-1.46,4334384,975.0000,991.0000,971.6300
2023/11/20,995.7100,17.9800,+1.84,1868034,973.0000,999.8700,973.0000
2023/11/17,977.7300,18.1800,+1.89,1979461,958.2100,983.8900,951.0000
2023/11/16,959.5500,15.8500,-1.62,2619803,964.0000,968.7000,950.5200
2023/11/15,975.4000,2.4400,+0.25,1609948,979.5100,981.7500,966.9100
2023/11/14,972.9600,26.0300,+2.75,2388558,962.3400,976.7700,955.2521
2023/11/13,946.9300,10.5900,-1.11,1689297,950.0500,952.4000,940.4800
2023/11/10,957.5200,46.1400,+5.06,3628792,921.7400,958.9500,918.2100
2023/11/09,911.3800,0.2500,+0.03,2448621,912.5000,929.7999,908.5600
2023/11/08,911.1300,13.3100,+1.48,1527994,900.0000,912.9084,899.0000
2023/11/07,897.8200,16.9900,+1.93,1936665,882.3200,901.7700,876.1550
2023/11/06,880.8300,1.8500,-0.21,1287148,881.5600,885.8900,871.2100
2023/11/03,882.6800,11.3800,+1.31,1804129,877.5000,887.5000,871.0567
2023/11/02,871.3000,18.3600,+2.15,1875945,862.0000,880.5000,860.0000
2023/11/01,852.9400,11.5700,+1.38,1868391,842.0000,853.8250,835.5700
2023/10/31,841.3700,0.1200,+0.01,1474720,843.8900,845.5000,832.6000
2023/10/30,841.2500,2.8900,+0.34,2088946,841.1000,849.4300,827.1500
2023/10/27,838.3600,11.6100,+1.40,1823628,830.0000,840.2100,828.5400
2023/10/26,826.7500,22.8800,-2.69,2791656,847.9100,854.4150,818.3400
2023/10/25,849.6300,31.4800,-3.57,2143160,877.0700,878.7300,846.0800
2023/10/24,881.1100,18.8900,+2.19,1497244,864.0000,883.0000,863.1200
2023/10/23,862.2200,8.5900,+1.01,1645579,857.9600,873.5999,842.8200
2023/10/20,853.6300,14.2000,-1.64,2695307,874.9000,874.9000,851.8400
2023/10/19,867.8300,19.2000,-2.16,2661970,887.0200,889.4900,865.6700
2023/10/18,887.0300,2.6300,+0.30,2040434,879.9450,895.6300,875.2000
2023/10/17,884.4000,18.1700,-2.01,3300834,885.1500,892.9800,866.0000
2023/10/16,902.5700,19.3900,+2.20,2115048,890.9700,915.7850,890.9700
2023/10/13,883.1800,22.4200,-2.48,2833352,909.0000,925.9100,882.0900
2023/10/12,905.6000,31.0400,+3.55,4387055,876.4300,917.9300,876.4300
2023/10/11,874.5600,16.1500,+1.88,1433412,859.7100,875.3400,856.5500
2023/10/10,858.4100,2.5300,+0.30,1471807,857.1500,872.5450,855.7200
2023/10/09,855.8800,10.6200,+1.26,1575985,840.4600,856.6100,837.8300
2023/10/06,845.2600,21.4000,+2.60,2110319,819.4000,848.3850,811.7200
2023/10/05,823.8600,0.0500,+0.01,1147424,820.1100,828.6300,815.4801
2023/10/04,823.8100,8.9800,+1.10,1641706,820.3300,830.5800,816.3025
2023/10/03,814.8300,20.1200,-2.41,1876086,827.0000,835.7500,808.9100
2023/10/02,834.9500,4.3700,+0.53,1467578,829.0600,838.5600,823.5000
2023/09/29,830.5800,1.4200,-0.17,1648104,836.4500,844.0400,822.9100
2023/09/28,832.0000,15.1900,+1.86,1617994,820.1700,838.8600,814.6800
2023/09/27,816.8100,0.6200,+0.08,1535268,819.2600,823.6800,804.3801
2023/09/26,816.1900,17.7000,-2.12,1764138,829.1700,830.2650,811.2100
2023/09/25,833.8900,4.8100,+0.58,1564758,828.0000,838.5599,823.0100
2023/09/22,829.0800,20.7200,+2.56,2779501,811.2400,830.5799,810.3800
2023/09/21,808.3600,22.2100,-2.67,5367165,795.1100,822.5000,795.0900
2023/09/20,830.5700,14.0300,-1.66,1370171,849.9900,849.9900,830.3500
2023/09/19,849.2000,0.8000,-0.09,1313196,845.9900,851.0300,838.5000
2023/09/18,850.0000,1.6800,-0.20,1654086,842.5800,856.3300,840.0000
2023/09/15,851.6800,19.9600,-2.29,5018958,868.1600,868.1600,842.9000
2023/09/14,871.6400,18.7100,+2.19,1964828,859.0300,876.6700,855.0000
2023/09/13,852.9300,8.4100,+1.00,1741263,847.1900,859.1100,844.2400
2023/09/12,844.5200,14.6200,-1.70,1668027,850.2400,858.2650,841.6600
2023/09/11,859.1400,1.5900,+0.19,1571039,868.7700,869.0000,845.6500
2023/09/08,857.5500,0.5200,+0.06,1681900,855.0000,860.8300,850.1200
2023/09/07,857.0300,15.2400,-1.75,2778920,859.5000,861.6900,840.5200
2023/09/06,872.2700,0.1000,+0.01,2014246,872.5000,877.3700,866.7400
2023/09/05,872.1700,0.3500,-0.04,2480807,869.5100,883.0000,867.0000
2023/09/01,872.5200,50.3700,-5.46,6501716,901.8700,901.8700,864.6600
2023/08/31,922.8900,30.6100,+3.43,5520285,898.0100,923.6700,893.7700
2023/08/30,892.2800,2.3500,+0.26,2323424,892.3900,898.7100,879.1100
2023/08/29,889.9300,28.8500,+3.35,2782239,858.4000,892.8350,856.4199
2023/08/28,861.0800,9.2600,+1.09,1430596,856.3900,864.1299,847.1100
2023/08/25,851.8200,2.6400,-0.31,2418053,857.0200,869.4400,837.6700
2023/08/24,854.4600,22.1200,-2.52,3093431,902.3500,909.8550,852.4600
2023/08/23,876.5800,20.7900,+2.43,1969205,850.7700,878.1900,850.0000
2023/08/22,855.7900,9.3500,-1.08,1708164,873.4100,874.7500,850.8800
2023/08/21,865.1400,39.3000,+4.76,3001163,834.0600,867.3400,831.7700
2023/08/18,825.8400,1.2600,-0.15,1775869,820.0000,828.1700,812.0000
2023/08/17,827.1000,5.8900,-0.71,1922777,836.5100,839.4200,827.0100
2023/08/16,832.9900,9.5300,-1.13,1600301,847.7900,854.5000,831.9600
2023/08/15,842.5200,11.5800,-1.36,1403635,849.2100,854.6200,836.4600
2023/08/14,854.1000,24.3400,+2.93,1768800,831.1300,854.1800,827.3800
2023/08/11,829.7600,13.1400,-1.56,2033126,834.0100,836.4000,823.4800
2023/08/10,842.9000,7.8300,-0.92,2018613,853.1200,861.5000,837.0700
2023/08/09,850.7300,32.4300,-3.67,2467248,882.7200,883.5300,848.7201
2023/08/08,883.1600,13.9000,-1.55,1408091,890.0900,890.6000,873.4000
2023/08/07,897.0600,15.4100,+1.75,1114565,887.6800,897.3700,885.2660
2023/08/04,881.6500,3.3300,-0.38,2115785,884.9800,893.6200,873.3715
2023/08/03,884.9800,7.3200,-0.82,1829264,886.6200,895.3300,881.0800
2023/08/02,892.3000,27.7000,-3.01,2688957,912.3000,913.0000,890.2900
2023/08/01,920.0000,21.3500,+2.38,1970675,898.9800,920.6200,897.7008
2023/07/31,898.6500,1.1400,-0.13,1496692,897.5000,901.0000,891.0000
2023/07/28,899.7900,6.2600,+0.70,1879426,899.3200,903.5600,893.9500
2023/07/27,893.5300,0.4400,+0.05,2192178,908.5000,909.8500,886.0000
2023/07/26,893.0900,24.9000,-2.71,1987667,909.0000,910.6200,887.6500
2023/07/25,917.9900,16.4000,+1.82,2004161,900.6200,923.1800,900.6200
2023/07/24,901.5900,4.8400,+0.54,1999382,900.8000,905.4400,894.2300
2023/07/21,896.7500,8.4100,+0.95,7428676,904.4900,911.1500,893.8300
2023/07/20,888.3400,13.0300,-1.45,2826831,892.5400,906.9999,886.0000
2023/07/19,901.3700,2.0600,-0.23,2411756,897.2700,905.9650,885.6300
2023/07/18,903.4300,6.9200,-0.76,2451835,905.9800,909.9000,898.2601
2023/07/17,910.3500,21.7700,+2.45,2682521,891.0100,913.2100,889.7800
2023/07/14,888.5800,1.7800,-0.20,1851036,886.1600,903.3500,886.1600
2023/07/13,890.3600,0.4100,+0.05,2591199,898.9400,898.9400,878.2700
2023/07/12,889.9500,7.9000,+0.90,2819675,889.0000,897.5900,882.0000
2023/07/11,882.0500,4.3200,+0.49,2550446,881.1100,883.0000,864.6300
2023/07/10,877.7300,30.9800,+3.66,3062175,848.2800,879.1700,848.2800
2023/07/07,846.7500,1.2500,-0.15,1940866,850.4300,857.9900,844.6600
2023/07/06,848.0000,13.8600,-1.61,2395005,845.0000,853.9000,844.3300
2023/07/05,861.8600,14.5800,-1.66,1444642,867.4000,876.9000,861.7500
2023/07/03,876.4400,9.0100,+1.04,903830,868.6200,876.7300,864.9200
2023/06/30,867.4300,4.8600,+0.56,2314517,868.5200,874.5700,864.3300
2023/06/29,862.5700,14.6300,+1.73,2338598,854.4500,862.8400,846.4100
2023/06/28,847.9400,0.4600,-0.05,1944475,838.7300,858.5300,837.0600
2023/06/27,848.4000,26.7700,+3.26,2492272,828.6800,850.0000,821.0000
2023/06/26,821.6300,0.5200,-0.06,2137215,825.0000,837.0000,820.2200
2023/06/23,822.1500,20.2800,-2.41,3741325,834.0100,836.0200,818.8500
2023/06/22,842.4300,5.2300,-0.62,2347326,845.0900,848.9100,835.3100
2023/06/21,847.6600,15.7700,-1.83,2322881,860.0000,866.0000,844.6000
2023/06/20,868.0300,0.0800,-0.01,2753723,862.6600,877.0700,861.0102
2023/06/16,868.1100,15.3200,-1.73,6829894,889.2750,889.9500,865.4450
2023/06/15,883.4300,2.7500,-0.31,3381353,884.4100,887.9700,871.0200
2023/06/14,886.1800,35.0600,+4.12,4352396,855.9000,888.5400,847.2200
2023/06/13,851.1200,4.2400,-0.50,3899027,861.1300,863.2600,841.0000
2023/06/12,855.3600,50.7400,+6.31,5109788,811.1200,858.0000,811.1200
2023/06/09,804.6200,0.4200,+0.05,1924688,805.8000,817.7489,803.8800
2023/06/08,804.2000,11.5700,+1.46,2191717,794.9100,805.0100,788.7800
2023/06/07,792.6300,2.6300,+0.33,2895699,789.8200,805.4500,787.5100
2023/06/06,790.0000,12.3000,-1.53,3782345,802.0000,802.0000,776.3800
2023/06/05,802.3000,9.7000,-1.19,2622196,809.2000,809.2000,794.4800
2023/06/02,812.0000,22.0500,+2.79,6281484,790.6400,823.7700,787.2000
2023/06/01,789.9500,18.0100,-2.23,8079228,800.6200,805.7900,785.1600
2023/05/31,807.9600,4.6200,+0.58,8999766,794.9000,821.6700,790.1300
2023/05/30,803.3400,9.3900,-1.16,11691201,835.1200,921.7799,798.8100
2023/05/26,812.7300,83.9300,+11.52,8250038,747.4250,814.9800,747.0200
2023/05/25,728.8000,49.2700,+7.25,4926257,699.4100,732.3900,690.7700
2023/05/24,679.5300,6.9700,-1.02,2302096,681.4400,684.3100,676.0600
2023/05/23,686.5000,8.1300,+1.20,3608802,690.6400,698.9900,682.0200
2023/05/22,678.3700,3.8800,-0.57,1779776,681.4000,684.6800,674.1200
2023/05/19,682.2500,4.3500,+0.64,2296790,680.0000,684.9500,678.4100
2023/05/18,677.9000,20.4300,+3.11,2638889,656.0000,679.3600,656.0000
2023/05/17,657.4700,16.0300,+2.50,2413298,647.3500,660.9000,644.5800
2023/05/16,641.4400,1.6400,+0.26,1496930,640.4600,646.9100,638.7300
2023/05/15,639.8000,8.6500,+1.37,1461357,631.8700,640.0200,628.4700
2023/05/12,631.1500,3.4800,+0.55,1194246,628.3800,632.7000,624.2100
2023/05/11,627.6700,1.4000,+0.22,1442994,626.5800,628.4800,617.9900
2023/05/10,626.2700,7.7600,+1.25,1917544,622.0600,628.0000,618.2700
2023/05/09,618.5100,10.5500,-1.68,1699048,622.7300,624.0700,615.8600
2023/05/08,629.0600,1.0600,-0.17,1393503,629.7800,630.7300,620.5800
2023/05/05,630.1200,19.9600,+3.27,2487634,615.9500,631.4700,613.3700
2023/05/04,610.1600,3.0400,-0.50,1768438,610.0000,613.9600,601.2900
2023/05/03,613.2000,0.8600,+0.14,1981558,616.9000,621.9500,612.4000
2023/05/02,612.3400,25.6100,-4.01,2835748,625.7600,626.5000,605.0200
2023/05/01,637.9500,11.4500,+1.83,1702989,626.5000,638.9900,626.2000
2023/04/28,626.5000,8.0900,+1.31,1618305,619.0700,626.7800,614.5600
2023/04/27,618.4100,2.2200,+0.36,1824988,616.1900,620.0900,603.2300
2023/04/26,616.1900,5.8300,-0.94,1717891,619.9700,623.1256,613.5100
2023/04/25,622.0200,12.5200,-1.97,2366980,633.9900,635.9900,621.7400
2023/04/24,634.5400,1.6400,+0.26,1233771,633.6400,638.8500,631.7850
2023/04/21,632.9000,0.1200,-0.02,1480715,630.6000,633.8000,621.9900
2023/04/20,633.0200,1.4800,-0.23,2023927,627.8600,642.7300,627.1400
2023/04/19,634.5000,2.1800,+0.34,1906166,626.7900,636.7900,625.5500
2023/04/18,632.3200,4.9600,+0.79,1680730,631.6200,635.5000,627.1331
2023/04/17,627.3600,7.8200,+1.26,1320112,618.6100,628.3400,617.8100
2023/04/14,619.5400,4.7000,-0.75,1746594,620.4800,628.0300,615.2100
2023/04/13,624.2400,7.5400,+1.22,1726497,619.0700,626.5000,617.1100
2023/04/12,616.7000,4.8700,-0.78,1411200,627.3400,627.5200,616.2600
2023/04/11,621.5700,5.8200,-0.93,1651762,630.7800,630.8800,620.8200
2023/04/10,627.3900,4.7500,+0.76,1540174,618.0500,627.8700,616.4506
2023/04/06,622.6400,6.3700,-1.01,1449317,624.1600,628.4001,618.9700
2023/04/05,629.0100,5.4000,-0.85,1690875,631.1400,631.7000,625.7000
2023/04/04,634.4100,8.0600,-1.25,1342999,643.1500,644.2350,632.0000
2023/04/03,642.4700,0.9300,+0.14,1568246,639.0000,643.9000,636.4400
2023/03/31,641.5400,7.7900,+1.23,2209728,630.5400,642.2150,625.9100
2023/03/30,633.7500,8.2500,+1.32,2152294,632.7300,636.0500,629.3000
2023/03/29,625.5000,0.8000,+0.13,2639532,632.7800,634.0100,624.6400
2023/03/28,624.7000,2.1400,-0.34,1243911,625.2300,626.5350,618.8600
2023/03/27,626.8400,9.3300,-1.47,1470884,639.0000,639.1000,625.9900
2023/03/24,636.1700,3.0600,-0.48,1722916,638.0300,639.3000,628.5526
2023/03/23,639.2300,8.3100,+1.32,2716446,638.9000,648.1800,631.5300
2023/03/22,630.9200,5.8300,-0.92,2579887,636.9000,648.4999,630.6700
2023/03/21,636.7500,2.3600,-0.37,2500011,643.0900,646.5900,634.3300
2023/03/20,643.7100,12.7400,+2.02,2585730,632.7400,644.7400,631.5950
2023/03/17,630.9700,5.5300,-0.87,7930280,636.5000,639.5699,627.0800
2023/03/16,636.5000,10.4600,+1.67,3172152,621.8500,637.0700,617.8100
2023/03/15,626.0400,6.4200,-1.02,2296299,627.6700,630.0700,616.2000
2023/03/14,632.4600,15.9900,+2.59,2589333,623.3900,633.3700,618.5000
2023/03/13,616.4700,1.6400,+0.27,2236402,607.0900,624.3900,606.8800
2023/03/10,614.8300,7.6900,-1.24,2609918,628.1900,630.1600,612.8200
2023/03/09,622.5200,9.7400,-1.54,2177832,630.0800,642.4400,621.8800
2023/03/08,632.2600,7.1100,+1.14,2091312,627.7800,632.7250,623.6700
2023/03/07,625.1500,7.7700,-1.23,1933550,634.8700,635.7800,623.5100
2023/03/06,632.9200,0.1600,+0.03,2498259,635.0000,644.0500,631.7300
2023/03/03,632.7600,34.1100,+5.70,4608782,617.7000,635.7300,615.7500
2023/03/02,598.6500,5.0800,+0.86,2766254,589.3900,600.9400,586.1300
2023/03/01,593.5700,0.7200,-0.12,1548354,594.0000,598.2100,590.3000
2023/02/28,594.2900,8.8400,+1.51,2782194,585.5600,598.5756,582.1800
2023/02/27,585.4500,7.7000,+1.33,1832279,585.8700,589.8000,584.2600
2023/02/24,577.7500,6.0500,-1.04,1535326,577.5300,580.2400,573.6100
2023/02/23,583.8000,7.6300,+1.32,1893930,585.7500,585.9400,573.6800
2023/02/22,576.1700,5.3700,-0.92,2347525,582.2500,583.0875,572.1000
2023/02/21,581.5400,14.0500,-2.36,2273874,590.0000,593.0900,579.8400
2023/02/17,595.5900,4.9500,-0.82,1421560,600.0000,600.8500,592.4500
2023/02/16,600.5400,7.1500,-1.18,1744871,600.7500,608.9400,599.5500
2023/02/15,607.6900,5.3800,+0.89,1268895,598.8600,608.2800,596.7000
2023/02/14,602.3100,1.1900,+0.20,1757119,594.1700,605.5800,593.3150
2023/02/13,601.1200,7.8700,+1.33,1984742,595.0000,601.4800,593.4704
2023/02/10,593.2500,6.1600,-1.03,2103456,596.3100,598.4600,589.6300
2023/02/09,599.4100,2.3000,-0.38,1883657,612.6000,614.9299,595.4800
2023/02/08,601.7100,12.7400,-2.07,1529012,606.6800,610.1800,600.6200
2023/02/07,614.4500,13.1500,+2.19,2402487,600.6600,617.0100,599.7200
2023/02/06,601.3000,3.6800,+0.62,1870933,593.3400,603.2200,592.2600
2023/02/03,597.6200,8.1500,-1.35,1909419,598.0000,608.0400,596.2500
2023/02/02,605.7700,3.0200,+0.50,2418766,607.6300,613.1400,599.7500
2023/02/01,602.7500,17.7400,+3.03,2655270,583.5700,608.3000,582.7000
2023/01/31,585.0100,3.5600,+0.61,2371907,582.0700,587.2300,580.7350
2023/01/30,581.4500,9.5400,-1.61,1698406,583.0000,589.6100,579.7600
2023/01/27,590.9900,7.5900,-1.27,1934464,593.3200,599.2500,590.1900
2023/01/26,598.5800,12.9000,+2.20,2452457,590.4100,600.5600,586.2601
2023/01/25,585.6800,0.6500,+0.11,1376594,577.6700,586.9700,576.0400
2023/01/24,585.0300,3.4000,+0.58,1382466,578.4400,586.6900,575.6300
2023/01/23,581.6300,10.8500,+1.90,2342882,572.0000,584.7925,569.7800
2023/01/20,570.7800,7.5600,+1.34,2295020,563.0300,571.3600,559.1100
2023/01/19,563.2200,11.0700,-1.93,2269382,569.1200,570.0600,560.3100
2023/01/18,574.2900,4.9500,-0.85,1570366,583.2100,587.5600,573.7200
2023/01/17,579.2400,0.2400,+0.04,1583506,574.9000,585.3600,574.5400
2023/01/13,579.0000,2.9400,-0.51,1964748,577.1500,581.9300,576.6750
2023/01/12,581.9400,3.8000,+0.66,1951395,575.5900,585.1100,573.7600
2023/01/11,578.1400,3.2100,+0.56,2250247,573.0000,578.3400,566.8700
2023/01/10,574.9300,1.9600,-0.34,4463532,572.0001,575.1300,549.9900
2023/01/09,576.8900,11.5400,-1.96,3773874,592.3000,601.6750,560.5600
2023/01/06,588.4300,33.4100,+6.02,3526101,563.1200,591.0000,562.3050
2023/01/05,555.0200,5.2200,-0.93,1627885,555.7100,559.8400,551.1200
2023/01/04,560.2400,6.7600,+1.22,1707359,562.9900,568.1600,556.0300
2023/01/03,553.4800,5.6500,-1.01,2017314,565.0000,567.5700,550.7900
2022/12/30,559.1300,1.3200,+0.24,1437725,551.8200,559.6500,548.0100
2022/12/29,557.8100,12.9200,+2.37,1817606,551.8500,562.6000,550.5006
2022/12/28,544.8900,8.6500,-1.56,1541156,551.6400,557.7700,542.4500
2022/12/27,553.5400,1.1100,+0.20,1667704,551.5500,558.1050,546.9400
2022/12/23,552.4300,0.6600,-0.12,1376102,550.0000,553.6175,547.4500
2022/12/22,553.0900,8.1400,-1.45,2755413,553.3500,554.9400,547.2000
2022/12/21,561.2300,17.2100,+3.16,2561912,547.6700,561.9100,546.9500
2022/12/20,544.0200,5.6100,-1.02,2983055,545.1700,549.0000,540.9150
2022/12/19,549.6300,1.6800,-0.30,2509318,554.0200,556.4800,545.7200
2022/12/16,555.9100,2.0900,-0.37,4954898,557.4500,559.8000,550.8700
2022/12/15,558.0000,16.4400,-2.86,3690333,563.7800,566.4876,557.7000
2022/12/14,574.4400,3.4000,+0.60,3521831,568.5500,585.6500,567.7300
2022/12/13,571.0400,14.4100,+2.59,4041629,575.8200,581.8400,565.0300
2022/12/12,556.6300,11.9100,+2.19,2341842,544.7500,556.8700,542.2400
2022/12/09,544.7200,13.6400,+2.57,3702830,550.9400,552.6400,541.0000
2022/12/08,531.0800,12.5800,+2.43,2751431,520.8100,532.4200,520.3848
2022/12/07,518.5000,7.3200,-1.39,1652385,519.6000,524.9985,516.0500
2022/12/06,525.8200,4.8200,-0.91,1965513,530.6500,533.5700,521.7500
2022/12/05,530.6400,10.1600,-1.88,1854983,537.7700,539.4800,525.4850
2022/12/02,540.8000,9.9500,-1.81,1931953,537.0500,542.7000,536.0800
2022/12/01,550.7500,0.2800,-0.05,2300645,551.0300,552.4200,541.9550
2022/11/30,551.0300,29.6400,+5.68,4734939,524.1100,551.6600,517.8300
2022/11/29,521.3900,0.8200,-0.16,1269585,523.0000,525.8500,514.8300
2022/11/28,522.2100,7.7000,-1.45,2351064,525.2400,528.7600,516.2400
2022/11/25,529.9100,3.7300,-0.70,745539,530.6900,534.5800,529.4800
2022/11/23,533.6400,3.5900,+0.68,1396717,530.3500,541.4800,528.8000
2022/11/22,530.0500,12.6100,+2.44,1891968,522.9700,530.2800,519.0100
2022/11/21,517.4400,2.2800,+0.44,1862162,512.9400,520.8500,511.1100
2022/11/18,515.1600,3.0500,+0.60,1453871,516.8700,517.7300,511.0000
2022/11/17,512.1100,0.3800,+0.07,2038503,505.0000,512.7399,503.1400
2022/11/16,511.7300,12.6900,-2.42,2540504,516.7200,518.5400,510.2800
2022/11/15,524.4200,11.2000,+2.18,2331539,529.9600,532.5700,515.9100
2022/11/14,513.2200,4.8700,-0.94,2160182,515.3900,525.0200,513.0000
2022/11/11,518.0900,11.5200,+2.27,2672832,504.8000,519.0000,502.0000
2022/11/10,506.5700,37.1000,+7.90,3397028,491.0000,507.1700,487.1920
2022/11/09,469.4700,12.6400,-2.62,2369509,478.5000,479.0000,469.0300
2022/11/08,482.1100,6.8900,+1.45,2074321,481.2450,488.8000,473.5000
2022/11/07,475.2200,9.9200,+2.13,1768745,466.7700,477.7400,461.5700
2022/11/04,465.3000,21.1800,+4.77,2889054,456.8600,468.8900,453.2800
2022/11/03,444.1200,11.9100,-2.61,2388727,450.9400,452.8593,441.3600
2022/11/02,456.0300,11.8700,-2.54,2109131,470.2800,480.4500,455.7200
2022/11/01,467.9000,2.2200,-0.47,1632438,475.7950,476.8250,463.1700
2022/10/31,470.1200,2.7800,-0.59,1925861,466.8500,472.8100,465.0101
2022/10/28,472.9000,17.5000,+3.84,2309608,456.9600,474.3400,455.6450
2022/10/27,455.4000,5.7800,-1.25,1851186,466.0500,470.7700,454.9101
2022/10/26,461.1800,1.1100,+0.24,2931519,457.9900,471.7550,455.3430
2022/10/25,460.0700,3.5500,+0.78,1824609,457.9900,464.2600,456.8300
2022/10/24,456.5200,6.7900,+1.51,2528701,452.7300,458.7899,451.1100
2022/10/21,449.7300,19.4300,+4.52,2697968,432.0900,450.6600,429.1700
2022/10/20,430.3000,5.0000,-1.15,2340319,435.1300,442.1900,428.1400
2022/10/19,435.3000,0.4700,+0.11,1270235,433.2300,438.3000,430.8800
2022/10/18,434.8300,0.5400,-0.12,2034087,448.2100,448.5500,430.1600
2022/10/17,435.3700,8.2700,+1.94,2412009,439.5500,441.2400,433.3900
2022/10/14,427.1000,10.8700,-2.48,2281671,443.2800,443.9600,426.4100
2022/10/13,437.9700,7.4000,+1.72,2798438,417.4200,443.7700,415.0682
2022/10/12,430.5700,0.1900,-0.04,1504625,432.2500,435.7200,428.0100
2022/10/11,430.7600,6.9400,-1.59,2804633,435.2000,438.7000,425.5800
2022/10/10,437.7000,22.7800,-4.95,3345412,460.0000,460.1000,431.8400
2022/10/07,460.4800,19.0200,-3.97,2842546,472.3800,473.3400,459.0200
2022/10/06,479.5000,5.3000,-1.09,1725000,483.7900,489.7000,478.7150
2022/10/05,484.8000,4.9400,+1.03,1849324,472.5500,488.0861,471.4600
2022/10/04,479.8600,23.0800,+5.05,2727696,468.5000,480.1600,465.8600
2022/10/03,456.7800,12.7700,+2.88,2147893,449.2400,460.9536,446.9650
2022/09/30,444.0100,6.1200,-1.36,2720220,449.0600,457.8185,443.6350
2022/09/29,450.1300,15.8300,-3.40,3999662,460.9000,461.3700,444.8800
2022/09/28,465.9600,1.2100,+0.26,2760544,461.3400,468.7500,456.3500
2022/09/27,464.7500,2.4900,+0.54,1785161,469.5500,469.8900,456.5100
2022/09/26,462.2600,6.4200,-1.37,1936095,468.9800,473.3000,461.3100
2022/09/23,468.6800,8.9300,-1.87,2964907,474.9500,477.9900,462.0000
2022/09/22,477.6100,4.5300,-0.94,2353999,482.4300,483.2100,473.0000
2022/09/21,482.1400,6.8200,-1.39,2066913,490.9900,499.8800,481.7700
2022/09/20,493.0600,8.7800,-1.75,1713164,496.0000,498.8300,489.7200
2022/09/19,501.8400,0.6600,-0.13,1794826,494.4200,503.3900,494.4200
2022/09/16,502.5000,2.3600,+0.47,5901214,497.7200,503.6900,489.8600
2022/09/15,500.1400,10.6100,-2.08,3657361,508.9300,511.5600,497.2800
2022/09/14,510.7500,7.1000,+1.41,2060450,507.1300,513.0000,502.7700
2022/09/13,503.6500,25.4100,-4.80,3513603,513.8400,518.2700,501.6800
2022/09/12,529.0600,6.6600,+1.27,1815800,526.7500,531.2600,524.5600
2022/09/09,522.4000,10.4700,+2.05,2301888,515.4400,525.9700,515.4400
2022/09/08,511.9300,6.8000,+1.35,2253477,502.6000,512.7400,498.6950
2022/09/07,505.1300,6.9300,+1.39,2044027,502.9100,509.4300,499.0800
2022/09/06,498.2000,2.0200,-0.40,2473855,498.5300,504.0000,490.3700
2022/09/02,500.2200,8.2100,+1.67,4042587,518.0000,519.8100,498.3000
2022/09/01,492.0100,7.1000,-1.42,3193046,491.4700,493.2900,480.8400
2022/08/31,499.1100,7.2800,-1.44,3244469,510.1600,510.1600,496.5400
2022/08/30,506.3900,7.7900,-1.52,1828167,516.8400,517.9100,501.3900
2022/08/29,514.1800,6.6800,-1.28,1658015,520.0000,522.7400,512.0000
2022/08/26,520.8600,29.2700,-5.32,2568256,548.8350,550.9900,520.0000
2022/08/25,550.1300,19.2900,+3.63,1734523,533.4500,550.4800,532.2600
2022/08/24,530.8400,1.0600,+0.20,1188496,529.5600,531.3000,523.4401
2022/08/23,529.7800,1.0300,+0.19,900317,533.8500,537.6200,528.9100
2022/08/22,528.7500,19.6800,-3.59,1855584,542.5700,543.0900,527.0500
2022/08/19,548.4300,10.0200,-1.79,1692455,550.8600,555.5800,547.8700
2022/08/18,558.4500,19.8600,+3.69,2345959,543.4100,560.5600,541.6300
2022/08/17,538.5900,13.0600,-2.37,1902221,544.3700,544.7100,531.0400
2022/08/16,551.6500,7.3100,-1.31,1478384,557.5200,557.9400,546.0100
2022/08/15,558.9600,0.7300,+0.13,1432965,554.2300,559.7850,550.5000
2022/08/12,558.2300,12.8000,+2.35,1840020,547.8100,558.4100,545.6500
2022/08/11,545.4300,4.9800,-0.90,1427035,553.9500,557.7650,544.2500
2022/08/10,550.4100,17.6100,+3.31,1951872,546.0600,551.0200,539.2400
2022/08/09,532.8000,12.7300,-2.33,2007417,539.0900,539.3500,527.7500
2022/08/08,545.5300,5.9100,-1.07,1372821,549.3500,552.9900,538.7400
2022/08/05,551.4400,1.3600,-0.25,1435744,544.9000,552.0000,543.2800
2022/08/04,552.8000,6.0600,+1.11,1629251,548.4100,553.1500,545.0100
2022/08/03,546.7400,15.5300,+2.92,1922816,535.2900,548.0000,534.1200
2022/08/02,531.2100,5.1600,-0.96,1307231,533.2200,539.2000,527.2300
2022/08/01,536.3700,0.8900,+0.17,1148539,531.4300,539.7853,530.4400
2022/07/29,535.4800,1.8700,+0.35,1848287,531.9800,537.8300,530.2700
2022/07/28,533.6100,5.8200,+1.10,1486745,528.5900,536.5150,520.5800
2022/07/27,527.7900,16.7000,+3.27,2552844,518.2000,530.1900,516.9300
2022/07/26,511.0900,2.0200,-0.39,1795782,514.6300,516.8100,508.9200
2022/07/25,513.1100,0.5900,+0.12,1506053,510.4600,513.3200,506.5317
2022/07/22,512.5200,5.1600,-1.00,1786684,518.8100,519.7900,506.6800
2022/07/21,517.6800,5.9100,+1.15,1391150,512.5500,517.8100,506.0200
2022/07/20,511.7700,2.7700,+0.54,2741173,509.5400,517.6100,504.4701
2022/07/19,509.0000,17.9400,+3.65,2725707,496.8000,511.3500,495.8900
2022/07/18,491.0600,3.4000,-0.69,1804234,500.1600,502.4099,488.1900
2022/07/15,494.4600,9.8200,+2.03,1871375,490.8300,494.7400,486.1300
2022/07/14,484.6400,2.9100,+0.60,1995682,482.4500,486.6800,473.4254
2022/07/13,481.7300,0.3600,+0.07,1766746,474.9800,485.6363,472.2875
2022/07/12,481.3700,1.4900,-0.31,2116095,487.8200,492.6000,480.0700
2022/07/11,482.8600,15.8300,-3.17,2148141,489.4900,491.6200,480.9800
2022/07/08,498.6900,0.1500,+0.03,1271338,492.9900,499.6300,490.0001
2022/07/07,498.5400,15.9300,+3.30,2131887,488.1100,501.3900,488.1100
2022/07/06,482.6100,6.3100,+1.32,2297599,480.5300,487.0500,475.5000
2022/07/05,476.3000,1.5400,-0.32,2071600,472.0000,476.9300,463.9100
2022/07/01,477.8400,7.9700,-1.64,2131693,479.4100,484.2650,469.4300
2022/06/30,485.8100,4.6000,-0.94,1888997,488.0300,493.7400,480.7100
2022/06/29,490.4100,8.0400,-1.61,1444397,495.4800,495.9300,486.6700
2022/06/28,498.4500,7.2600,-1.44,1566904,512.6100,514.1500,498.1050
2022/06/27,505.7100,3.3800,-0.66,1320718,513.8000,514.0350,502.8200
2022/06/24,509.0900,12.5100,+2.52,2120140,505.0000,511.8000,501.4450
2022/06/23,496.5800,0.4800,+0.10,1670776,501.7500,501.7500,491.0100
2022/06/22,496.1000,7.6700,-1.52,2472117,496.3100,503.7700,494.2000
2022/06/21,503.7700,9.2200,+1.86,2190065,504.0800,510.9100,502.8900
2022/06/17,498.6500,1.4700,+0.30,4350396,495.0000,500.3600,487.8700
2022/06/16,497.1800,29.5300,-5.61,3724442,511.9500,514.4300,492.2750
2022/06/15,526.7100,6.5400,+1.26,1914054,529.1500,533.8300,515.5200
2022/06/14,520.1700,2.5500,+0.49,2438173,524.9700,524.9700,514.5900
2022/06/13,517.6200,23.6500,-4.37,3161905,526.7800,533.0000,516.0210
2022/06/10,541.2700,14.9500,-2.69,2402436,550.0900,551.0431,539.7219
2022/06/09,556.2200,9.1400,-1.62,1878740,561.1600,573.6400,555.9300
2022/06/08,565.3600,7.6300,-1.33,2400504,571.8200,576.2700,562.1400
2022/06/07,572.9900,11.7600,+2.10,1589491,560.5400,574.5400,557.5300
2022/06/06,561.2300,2.0900,-0.37,1455678,571.5200,572.7200,557.5400
2022/06/03,563.3200,13.4200,-2.33,2056171,568.8700,569.6000,560.9800
2022/06/02,576.7400,3.1200,+0.54,2948939,577.7500,577.7700,568.1300
2022/06/01,573.6200,6.5100,-1.12,1834481,587.5800,590.9400,568.4300
2022/05/31,580.1300,3.1500,-0.54,3000940,584.5000,587.0250,576.0000
2022/05/27,583.2800,32.6200,+5.92,3730114,562.0900,585.4550,560.0100
2022/05/26,550.6600,19.0300,+3.58,3974283,531.5400,554.5700,527.7200
2022/05/25,531.6300,7.4300,+1.42,1784225,523.9000,537.4500,523.9000
2022/05/24,524.2000,2.1600,-0.41,2506019,526.6600,528.8700,516.1900
2022/05/23,526.3600,16.8300,-3.10,5858580,524.0000,535.5700,514.2600
2022/05/20,543.1900,3.0200,-0.55,4028103,553.9000,554.9900,512.4400
2022/05/19,546.2100,24.3600,-4.27,3488421,558.0000,560.7500,538.9600
2022/05/18,570.5700,37.5800,-6.18,3502433,600.0000,600.7200,566.1800
2022/05/17,608.1500,25.4800,+4.37,2467604,595.4500,609.0000,593.6100
2022/05/16,582.6700,5.5700,-0.95,1419084,584.3800,589.1400,577.6500
2022/05/13,588.2400,16.6700,+2.92,1945085,577.0500,591.5900,573.5000
2022/05/12,571.5700,4.4600,+0.79,2551775,563.4000,573.6100,558.2600
2022/05/11,567.1100,14.2800,-2.46,2665951,574.5800,584.6900,565.8600
2022/05/10,581.3900,18.4700,+3.28,2927311,580.4900,591.1500,571.8000
2022/05/09,562.9200,17.1800,-2.96,3007388,572.8800,578.0000,560.2700
2022/05/06,580.1000,0.1100,+0.02,2074700,574.9400,589.9800,569.4300
2022/05/05,579.9900,23.6700,-3.92,3280649,594.2300,597.8650,574.2850
2022/05/04,603.6600,22.4900,+3.87,2389585,581.7900,604.0700,573.9800
2022/05/03,581.1700,4.8200,+0.84,1706449,576.0100,586.7500,571.7666
2022/05/02,576.3500,21.9600,+3.96,2672471,557.1400,577.6400,556.3800
2022/04/29,554.3900,24.5500,-4.24,2611006,572.6200,578.2806,553.3950
2022/04/28,578.9400,19.4000,+3.47,2233400,565.9400,585.0200,557.9700
2022/04/27,559.5400,0.5300,-0.09,1931324,555.7900,570.0750,555.0000
2022/04/26,560.0700,27.8100,-4.73,3580891,583.8000,585.4600,559.7100
2022/04/25,587.8800,0.9300,+0.16,2695907,581.4900,588.7600,571.1200
2022/04/22,586.9500,5.7800,-0.98,2106519,590.1100,598.7400,586.2600
2022/04/21,592.7300,4.9900,-0.83,2035211,605.5400,615.8700,590.6600
2022/04/20,597.7200,0.1000,+0.02,1391990,604.2000,613.4300,595.1300
2022/04/19,597.6200,11.1200,+1.90,1658242,579.3600,598.6950,579.3600
2022/04/18,586.5000,12.6500,+2.20,2137453,572.8500,591.2200,572.8500
2022/04/14,573.8500,18.6900,-3.15,2738471,594.9900,597.0600,572.8600
2022/04/13,592.5400,7.4700,+1.28,2026760,588.5000,596.7100,586.0500
2022/04/12,585.0700,4.4600,+0.77,1734993,589.1100,598.5850,582.1700
2022/04/11,580.6100,6.3900,-1.09,2351240,582.5800,589.2800,579.4300
2022/04/08,587.0000,16.0500,-2.66,2046397,597.3800,598.5900,585.9700
2022/04/07,603.0500,1.0500,+0.17,1658333,599.8300,607.6437,593.2400
2022/04/06,602.0000,12.1200,-1.97,2374237,602.0800,611.5900,593.7700
2022/04/05,614.1200,20.7300,-3.27,1977782,629.5500,632.2639,613.0000
2022/04/04,634.8500,7.8700,+1.26,1648573,626.4250,636.7200,624.5150
2022/04/01,626.9800,2.7000,-0.43,1626685,631.6900,634.5700,618.6900
2022/03/31,629.6800,1.4100,-0.22,2173051,630.4800,638.9999,628.0500
2022/03/30,631.0900,10.3800,-1.62,1862620,638.8700,644.2900,627.3300
2022/03/29,641.4700,8.5900,+1.36,2300138,640.0000,645.3100,630.0000
2022/03/28,632.8800,4.0100,+0.64,1442861,625.8800,633.3000,615.7800
2022/03/25,628.8700,2.4400,+0.39,1454087,627.0800,630.4050,620.0650
2022/03/24,626.4300,27.0500,+4.51,2601580,606.6300,627.2169,602.0000
2022/03/23,599.3800,11.9600,-1.96,1383886,608.0000,611.3700,599.1600
2022/03/22,611.3400,10.0500,+1.67,1926180,601.7200,613.5000,599.3300
2022/03/21,601.2900,5.0200,-0.83,2578930,605.6000,605.6000,588.8600
2022/03/18,610.4100,7.7400,+1.28,4153788,603.9700,613.2100,595.9900
2022/03/17,602.6700,4.4500,-0.73,1817402,604.7200,607.0000,597.6300
2022/03/16,607.1200,14.3600,+2.42,2945372,596.6500,607.7050,584.0600
2022/03/15,592.7600,24.9600,+4.40,2825988,577.2700,596.7600,575.0400
2022/03/14,567.8000,10.0500,-1.74,2523390,576.9600,579.9800,564.7500
2022/03/11,577.8500,9.8800,-1.68,1981534,592.0000,594.4299,577.1200
2022/03/10,587.7300,9.2900,-1.56,1932364,585.5600,590.0200,576.3700
2022/03/09,597.0200,21.0700,+3.66,2256049,588.7900,601.6350,587.0000
2022/03/08,575.9500,5.2500,+0.92,2699261,572.1700,596.0500,563.6100
2022/03/07,570.7000,25.2900,-4.24,2649363,597.0800,598.7800,570.0000
2022/03/04,595.9900,17.3900,+3.01,4476193,592.7900,605.9100,584.0100
2022/03/03,578.6000,7.1800,-1.23,2645397,593.6800,593.7000,574.3300
2022/03/02,585.7800,15.6600,+2.75,2177131,574.5200,590.5300,573.5800
2022/03/01,570.1200,17.3200,-2.95,2489810,584.7900,587.6200,565.3000
2022/02/28,587.4400,0.5700,-0.10,2500487,581.0000,592.3000,576.3800
2022/02/25,588.0100,8.0100,+1.38,2238003,579.8300,589.3800,574.0000
2022/02/24,580.0000,14.8100,+2.62,3531619,551.5800,585.6900,549.0200
2022/02/23,565.1900,12.2700,-2.12,2241646,580.2300,585.0700,564.7400
2022/02/22,577.4600,2.5300,-0.44,2020421,579.9900,590.2100,569.8100
2022/02/18,579.9900,0.9900,+0.17,1970772,580.9400,587.7400,573.2800
2022/02/17,579.0000,18.2100,-3.05,2142434,589.7000,591.5800,578.8900
2022/02/16,597.2100,5.5600,-0.92,2293143,594.0600,600.8100,587.2200
2022/02/15,602.7700,24.1900,+4.18,3428437,589.0300,606.0390,588.2500
2022/02/14,578.5800,5.1600,+0.90,1929091,575.0000,582.8117,570.0700
2022/02/11,573.4200,17.9400,-3.03,2728064,591.3600,599.7600,569.0750
2022/02/10,591.3600,19.9800,-3.27,2491954,595.3000,614.6400,588.5700
2022/02/09,611.3400,11.1200,+1.85,2200361,607.3527,611.7200,601.5600
2022/02/08,600.2200,12.5900,+2.14,1457174,588.3800,601.8500,586.9900
2022/02/07,587.6300,2.5300,-0.43,1867302,590.1600,601.5800,584.1600
2022/02/04,590.1600,9.3100,+1.60,2054844,576.3800,596.5300,576.1400
2022/02/03,580.8500,22.5800,-3.74,3060176,595.6700,599.0200,580.1200
2022/02/02,603.4300,10.7100,+1.81,2444338,599.0000,604.8000,593.6310
2022/02/01,592.7200,6.8400,+1.17,2571948,585.8700,593.9000,575.8228
2022/01/31,585.8800,25.7800,+4.60,4028846,559.4000,586.3700,556.0000
2022/01/28,560.1000,17.7900,+3.28,3025363,543.3600,560.5000,532.3900
2022/01/27,542.3100,14.8100,-2.66,3420955,569.7200,570.2550,541.0250
2022/01/26,557.1200,22.9800,+4.30,4971487,552.0000,574.1700,550.0700
2022/01/25,534.1400,7.4400,-1.37,3815824,528.0000,545.4000,524.2200
2022/01/24,541.5800,8.3500,+1.57,5426724,530.8900,543.5100,513.4000
2022/01/21,533.2300,14.4900,-2.65,3801047,546.6400,555.4000,531.3400
2022/01/20,547.7200,16.2500,-2.88,2522478,568.0000,570.1400,546.7700
2022/01/19,563.9700,13.8200,-2.39,2269172,581.5800,584.7300,563.3300
2022/01/18,577.7900,18.5800,-3.12,3583706,588.3200,591.0400,575.9900
2022/01/14,596.3700,0.8200,-0.14,2566283,595.7800,600.3800,592.0000
2022/01/13,597.1900,24.8100,-3.99,3004792,627.4700,627.8800,594.1500
2022/01/12,622.0000,0.0500,-0.01,1880639,627.5100,630.9900,619.7400
2022/01/11,622.0500,0.8900,+0.14,1903653,615.5400,628.0000,614.5700
2022/01/10,621.1600,2.0100,+0.32,2979338,608.8600,622.0400,603.5700
2022/01/07,619.1500,17.8800,-2.81,2783173,635.8500,639.9100,618.4600
2022/01/06,637.0300,5.9700,-0.93,2858130,640.1600,648.6500,634.4300
2022/01/05,643.0000,27.9200,-4.16,3496111,671.2100,671.2100,642.0100
2022/01/04,670.9200,7.6000,+1.15,2110277,662.8750,672.1862,657.2250
2022/01/03,663.3200,2.0900,-0.31,2259950,666.3170,671.7000,661.2200
2021/12/31,665.4100,0.3300,+0.05,1204614,666.9700,671.3100,663.2700
2021/12/30,665.0800,7.5300,-1.12,1147314,673.1000,675.7000,663.8400
2021/12/29,672.6100,3.6100,+0.54,1479957,669.7965,677.0000,669.1200
2021/12/28,669.0000,5.2800,-0.78,1725041,677.5500,677.7600,667.0301
2021/12/27,674.2800,9.4800,+1.43,1944503,664.8000,676.3000,664.4600
2021/12/23,664.8000,9.6000,+1.47,2359625,656.1300,670.7300,656.1300
2021/12/22,655.2000,8.9600,+1.39,2838293,643.3200,657.1600,639.2600
2021/12/21,646.2400,5.3100,+0.83,3653389,648.1000,649.4700,633.3000
2021/12/20,645.0300,10.0700,+1.59,3277047,626.3000,646.0900,625.0900
2021/12/17,634.9600,14.2800,+2.30,5075310,617.5300,639.9900,615.1000
2021/12/16,620.6800,19.1800,-3.00,4274842,637.3600,640.6556,611.5000
2021/12/15,639.8600,24.9500,+4.06,2909168,615.5700,640.8600,610.3400
2021/12/14,614.9100,6.7500,-1.09,3595635,617.8400,618.6199,605.6400
2021/12/13,621.6600,10.0200,-1.59,2689830,634.0000,634.4200,621.2300
2021/12/10,631.6800,48.2600,+8.27,5708665,623.9800,644.7499,618.5900
2021/12/09,583.4200,5.1400,-0.87,2907960,582.4500,590.2397,582.4500
2021/12/08,588.5600,1.8400,-0.31,1799765,590.9400,590.9400,582.4300
2021/12/07,590.4000,25.4200,+4.50,2956207,572.0000,593.0700,572.0000
2021/12/06,564.9800,6.8600,+1.23,2248229,564.6474,568.3729,555.9500
2021/12/03,558.1200,5.6700,+1.03,2030739,564.9447,569.0000,550.4000
2021/12/02,552.4500,2.3100,-0.42,2261872,546.0700,559.1100,544.0000
2021/12/01,554.7600,1.0800,+0.20,2198288,563.4800,568.4799,553.3300
2021/11/30,553.6800,10.6600,-1.89,2257749,563.2700,564.9900,552.0000
2021/11/29,564.3400,17.7500,+3.25,1870345,556.2000,567.5500,553.6800
2021/11/26,546.5900,12.1400,-2.17,1421903,551.7700,557.3000,543.3201
2021/11/24,558.7300,3.6100,+0.65,1208725,553.2300,559.0800,547.3900
2021/11/23,555.1200,1.8400,+0.33,1710989,552.4200,555.8600,548.5300
2021/11/22,553.2800,15.4400,-2.71,2590056,571.6800,572.0400,552.4800
2021/11/19,568.7200,6.0900,-1.06,1963032,576.2805,577.2100,565.9300
2021/11/18,574.8100,5.1700,+0.91,1271333,571.1000,576.7300,569.6400
2021/11/17,569.6400,0.8700,+0.15,1253294,568.1400,571.3564,564.1000
2021/11/16,568.7700,3.0000,+0.53,1319404,564.0900,569.5300,562.7400
2021/11/15,565.7700,2.5500,+0.45,1397239,567.6900,567.6900,559.8301
2021/11/12,563.2200,7.8200,+1.41,1359222,558.4100,565.8400,554.5900
2021/11/11,555.4000,6.6300,+1.21,1415701,552.6900,557.1200,548.8100
2021/11/10,548.7700,9.0300,-1.62,1844824,554.3000,560.9022,548.0500
2021/11/09,557.8000,1.1500,-0.21,1583843,559.1900,561.9009,555.1400
2021/11/08,558.9500,0.0300,+0.01,1723365,561.9700,563.8900,558.1000
2021/11/05,558.9200,10.3000,+1.88,1867351,550.0000,559.6700,549.8100
2021/11/04,548.6200,6.2500,+1.15,1595804,543.8000,549.0700,540.9250
2021/11/03,542.3700,5.3000,+0.99,1403784,539.0527,543.7950,533.7700
2021/11/02,537.0700,9.0200,+1.71,1626300,527.4465,540.8200,526.6800
2021/11/01,528.0500,3.6200,-0.68,1689598,530.3360,532.5751,524.9300
2021/10/29,531.6700,2.1000,+0.40,1556429,523.5000,532.1500,523.5000
2021/10/28,529.5700,6.4600,+1.23,1187523,524.1400,529.9500,523.4300
2021/10/27,523.1100,10.7600,-2.02,2350034,531.8200,536.0700,521.8600
2021/10/26,533.8700,11.8000,+2.26,2404304,525.2250,534.9900,524.0000
2021/10/25,522.0700,6.6600,+1.29,1241554,517.4900,524.5000,515.1800
2021/10/22,515.4100,1.2600,+0.25,1536739,514.7423,521.3800,513.0200
2021/10/21,514.1500,4.7600,+0.93,1178679,509.4200,514.7900,508.6000
2021/10/20,509.3900,1.0000,-0.20,1345845,511.0000,513.4300,508.4400
2021/10/19,510.3900,7.0300,+1.40,1638306,504.3200,510.8700,501.7700
2021/10/18,503.3600,0.1100,+0.02,1604242,500.3900,503.9800,498.6600
2021/10/15,503.2500,5.6500,+1.14,2510461,504.4041,505.8600,501.0800
2021/10/14,497.6000,12.5900,+2.60,1923297,491.8600,499.1500,490.8150
2021/10/13,485.0100,0.2700,-0.06,1642533,481.1700,485.3800,479.5500
2021/10/12,485.2800,7.0600,-1.43,2099054,495.8400,496.7000,482.0201
2021/10/11,492.3400,0.5100,-0.10,1118804,491.2400,499.5900,490.8500
2021/10/08,492.8500,1.0700,-0.22,1027984,496.8200,498.0000,491.2800
2021/10/07,493.9200,5.1400,+1.05,1326088,492.6300,499.9000,492.6300
2021/10/06,488.7800,3.3600,+0.69,1204169,483.1300,489.3500,479.7000
2021/10/05,485.4200,9.4700,+1.99,1655798,475.9400,489.7900,475.3300
2021/10/04,475.9500,11.4000,-2.34,2009284,484.9304,486.5600,472.7800
2021/10/01,487.3500,2.4200,+0.50,1605175,487.8500,488.6600,477.5000
2021/09/30,484.9300,4.5500,-0.93,1573539,494.5200,494.5200,484.4801
2021/09/29,489.4800,1.5400,-0.31,1578367,493.6300,494.2700,487.6500
2021/09/28,491.0200,13.8300,-2.74,2012409,497.0000,501.4500,490.5400
2021/09/27,504.8500,0.0700,-0.01,983099,499.7756,505.8200,497.3800
2021/09/24,504.9200,0.6200,+0.12,1060793,502.2700,505.5000,500.8300
2021/09/23,504.3000,3.7100,+0.74,1837027,502.5100,507.2900,500.5900
2021/09/22,500.5900,9.6000,+1.96,2061043,494.2500,503.0000,492.2200
2021/09/21,490.9900,0.2300,-0.05,1693622,493.4900,493.7500,487.0000
2021/09/20,494.8200,11.1800,-2.21,3010547,499.0000,503.0000,488.4400
2021/09/17,506.0000,1.3500,-0.27,3446968,503.9700,507.6200,501.0000
2021/09/16,507.3500,2.3900,-0.47,1756917,505.2000,509.1500,500.2068
2021/09/15,509.7400,7.8700,+1.57,2334578,502.1200,510.7000,499.4200
2021/09/14,501.8700,2.9100,+0.58,1413410,502.0000,505.4200,498.3600
2021/09/13,498.9600,0.8100,+0.16,1492982,502.0000,502.4700,493.2605
2021/09/10,498.1500,4.6600,+0.94,1611029,497.0500,505.9900,496.5100
2021/09/09,493.4900,0.8900,-0.18,1317503,492.8497,498.6980,492.8497
2021/09/08,494.3800,2.2100,-0.45,1398675,499.6200,499.8900,488.1100
2021/09/07,496.5900,1.0900,-0.22,1239944,497.6000,497.6000,491.0000
2021/09/03,497.6800,5.7800,+1.18,2520467,495.9100,506.0000,495.0430
2021/09/02,491.9000,1.2600,-0.26,1712249,495.7900,495.9800,490.1600
2021/09/01,493.1600,4.0500,-0.81,1258589,496.2700,499.2400,492.8850
2021/08/31,497.2100,1.6800,-0.34,1738040,501.2900,501.2900,492.7000
2021/08/30,498.8900,2.9500,+0.59,1961364,500.0000,507.8500,498.2537
2021/08/27,495.9400,10.2000,+2.10,1646077,488.0100,496.4447,486.6400
2021/08/26,485.7400,2.3300,+0.48,1083764,483.0000,488.1100,480.6000
2021/08/25,483.4100,1.9800,+0.41,1001693,481.5650,486.2700,481.5650
2021/08/24,481.4300,1.0200,-0.21,942923,482.4000,483.0400,480.1600
2021/08/23,482.4500,7.2800,+1.53,1570741,476.3300,486.1900,475.6950
2021/08/20,475.1700,1.6400,+0.35,1000807,472.8200,476.2300,470.4400
2021/08/19,473.5300,4.5600,+0.97,1404368,466.3500,475.8300,462.6600
2021/08/18,468.9700,9.7200,-2.03,1561643,476.6500,477.0800,468.3450
2021/08/17,478.6900,9.4500,-1.94,1650087,485.5900,486.2200,474.5200
2021/08/16,488.1400,1.9800,+0.41,918862,484.8300,488.9118,484.4000
2021/08/13,486.1600,1.9000,+0.39,858227,482.6100,488.9700,482.1100
2021/08/12,484.2600,0.7100,+0.15,870201,482.2800,485.0000,476.7310
2021/08/11,483.5500,1.2900,+0.27,981602,484.8119,485.9700,479.7874
2021/08/10,482.2600,2.4200,-0.50,932006,485.9000,486.4500,477.8300
2021/08/09,484.6800,0.7500,-0.15,595390,486.4900,486.8300,481.0000
2021/08/06,485.4300,2.2400,-0.46,996463,485.0700,488.1200,484.0300
2021/08/05,487.6700,0.1300,-0.03,837272,490.4300,490.4300,484.8860
2021/08/04,487.8000,1.0100,+0.21,1212419,488.5300,489.9800,484.0100
2021/08/03,486.7900,2.1100,+0.44,1113483,485.4900,487.7550,479.9600
2021/08/02,484.6800,0.7200,-0.15,1562164,489.0500,494.6000,483.5100
2021/07/30,485.4000,1.2900,+0.27,1154827,481.9600,486.3400,479.5700
2021/07/29,484.1100,6.4600,+1.35,916172,478.4650,485.8253,477.4400
2021/07/28,477.6500,2.2900,+0.48,836185,476.7000,479.0800,474.3200
2021/07/27,475.3600,6.8800,-1.43,1471521,480.7600,481.8100,467.8001
2021/07/26,482.2400,0.9100,-0.19,1116087,482.1600,483.6200,479.6800
2021/07/23,483.1500,6.8200,+1.43,1348920,480.0300,483.5800,476.8300
2021/07/22,476.3300,2.6900,-0.56,1258396,476.6000,478.9900,474.5100
2021/07/21,479.0200,10.4300,+2.23,1366068,469.6300,479.2800,468.5000
2021/07/20,468.5900,2.9200,+0.63,2072779,467.8900,472.2500,463.2700
2021/07/19,465.6700,2.4000,-0.51,1493878,463.4800,465.9700,457.5901
2021/07/16,468.0700,9.2700,-1.94,1398147,479.0600,480.2800,467.2600
2021/07/15,477.3400,4.2500,-0.88,1262488,483.2800,484.4500,473.1200
2021/07/14,481.5900,2.4200,-0.50,1401987,489.2000,492.0000,480.7450
2021/07/13,484.0100,1.7400,-0.36,1180646,485.3300,487.5300,482.0000
2021/07/12,485.7500,5.5700,+1.16,3314161,481.3200,494.0200,473.2600
2021/07/09,480.1800,9.6800,+2.06,1678344,469.5700,480.8800,468.0300
2021/07/08,470.5000,0.9600,+0.20,1601160,464.4200,471.0800,461.5600
2021/07/07,469.5400,3.7400,-0.79,1258175,475.0000,475.3600,466.3700
2021/07/06,473.2800,5.1100,+1.09,1387136,470.4000,476.7500,468.3000
2021/07/02,468.1700,1.4700,-0.31,3705859,476.7710,478.5800,455.7100
2021/07/01,469.6400,7.2000,-1.51,1115374,477.8400,477.8400,468.9300
2021/06/30,476.8400,0.3100,-0.06,1538268,478.1300,478.5900,472.5250
2021/06/29,477.1500,4.3500,+0.92,1418430,472.3700,477.3100,470.7400
2021/06/28,472.8000,10.6000,+2.29,1398674,466.0000,476.2900,465.5100
2021/06/25,462.2000,7.8600,-1.67,1909957,471.3500,472.4500,460.0000
2021/06/24,470.0600,3.4000,+0.73,1250272,469.8900,473.6500,468.6000
2021/06/23,466.6600,2.2100,+0.48,1767412,463.8600,467.8750,463.0350
2021/06/22,464.4500,0.1600,-0.03,1372197,466.5800,468.5800,461.3200
2021/06/21,464.6100,4.7100,+1.02,1859179,461.1700,465.3800,458.4400
2021/06/18,463.5000,7.6700,-1.63,2853689,467.2700,469.7550,460.5050
2021/06/17,471.1700,5.4200,+1.16,2088079,464.8800,475.2400,463.9400
2021/06/16,465.7500,4.9900,-1.06,2043803,470.2700,471.1200,461.4800
2021/06/15,470.7400,5.0900,-1.07,1113122,476.5600,476.5700,468.5500
2021/06/14,475.8300,5.1300,+1.09,1467617,470.4900,475.9000,466.0600
2021/06/11,470.7000,2.0300,+0.43,1450840,468.4400,472.1300,467.1450
2021/06/10,468.6700,4.7400,+1.02,1541504,465.5000,469.5400,460.2100
2021/06/09,463.9300,0.4000,+0.09,1212781,467.1900,467.1900,461.7150
2021/06/08,463.5300,0.2500,-0.05,1661565,468.0500,472.3900,463.5100
2021/06/07,463.7800,11.2200,-2.36,2414160,473.0000,474.4800,462.4700
2021/06/04,475.0000,10.2000,+2.19,2386716,470.5000,478.4000,469.5200
2021/06/03,464.8000,8.9300,-1.89,2038896,468.8000,469.7600,463.2600
2021/06/02,473.7300,5.4200,+1.16,1328640,471.8300,477.7000,469.4700
2021/06/01,468.3100,4.0200,-0.85,1627735,475.4400,477.9999,467.2000
2021/05/28,472.3300,4.6500,+0.99,1994762,470.0000,474.6200,467.6800
2021/05/27,467.6800,7.1900,+1.56,1909835,460.0000,468.4400,459.6450
2021/05/26,460.4900,0.9500,+0.21,987409,460.7700,462.1000,455.5300
2021/05/25,459.5400,0.3500,+0.08,960027,461.9000,462.9600,456.4950
2021/05/24,459.1900,7.9500,+1.76,1442259,456.9200,462.4400,456.3550
2021/05/21,451.2400,3.7600,-0.83,1321815,457.9900,457.9900,449.3400
2021/05/20,455.0000,13.2800,+3.01,2188892,445.7500,459.3000,445.3300
2021/05/19,441.7200,7.9800,+1.84,2136931,426.0000,442.5000,425.7000
2021/05/18,433.7400,6.2000,-1.41,1782448,443.9200,444.4375,433.2800
2021/05/17,439.9400,1.6800,-0.38,1572813,442.1400,442.1400,432.8400
2021/05/14,441.6200,11.0200,+2.56,1696613,436.3900,445.1200,432.0500
2021/05/13,430.6000,8.2200,+1.95,2184221,429.8900,434.8200,425.6400
2021/05/12,422.3800,17.6900,-4.02,2994319,429.2857,430.8600,419.1400
2021/05/11,440.0700,3.9700,+0.91,1788913,425.0000,441.7600,423.0500
2021/05/10,436.1000,16.4800,-3.64,2523850,448.3800,448.5320,435.7650
2021/05/07,452.5800,4.0000,+0.89,1171164,454.5900,458.3800,449.2000
2021/05/06,448.5800,4.7500,+1.07,1349637,443.8000,449.0900,439.8400
2021/05/05,443.8300,0.7100,-0.16,1638981,450.4143,451.4400,442.3700
2021/05/04,444.5400,5.6000,-1.24,2349723,447.2200,447.7000,437.3100
2021/05/03,450.1400,6.0600,-1.33,1509765,459.7500,459.8400,448.2800
2021/04/30,456.2000,10.0900,-2.16,1936764,459.7100,460.7331,453.8400
2021/04/29,466.2900,7.0900,+1.54,1464994,469.6900,469.6900,459.0300
2021/04/28,459.2000,7.1500,-1.53,1593972,465.3700,465.9700,456.0500
2021/04/27,466.3500,5.5000,-1.17,1326721,473.7000,474.2600,465.0600
2021/04/26,471.8500,5.7200,+1.23,1827157,467.0204,473.8250,463.5731
2021/04/23,466.1300,11.0200,+2.42,2289167,458.4900,467.8500,457.5000
2021/04/22,455.1100,4.6800,-1.02,2705774,455.1000,461.1400,449.0000
2021/04/21,459.7900,2.5300,+0.55,2594937,455.2200,460.3400,452.6000
2021/04/20,457.2600,4.7400,-1.03,1912840,460.0100,462.0287,454.5400
2021/04/19,462.0000,16.7900,-3.51,2631892,476.5300,476.8000,460.0500
2021/04/16,478.7900,1.2100,-0.25,1626384,480.4800,481.7800,476.7800
2021/04/15,480.0000,2.7000,+0.57,1837111,481.6400,482.3147,476.7800
2021/04/14,477.3000,7.6600,-1.58,1822341,482.4700,489.1900,475.1900
2021/04/13,484.9600,1.2900,+0.27,1528110,485.0000,488.2200,480.2894
2021/04/12,483.6700,1.4200,-0.29,2324776,481.9300,485.4199,478.6000
2021/04/09,485.0900,0.3900,-0.08,1661746,480.0000,485.3100,476.5400
2021/04/08,485.4800,3.0200,+0.63,1812102,487.9800,487.9800,480.1200
2021/04/07,482.4600,1.4100,-0.29,1207383,480.0100,483.9100,478.0000
2021/04/06,483.8700,4.6100,-0.94,1806300,483.1150,488.2200,477.7400
2021/04/05,488.4800,12.5300,+2.63,2296566,480.3000,489.6350,476.8200
2021/04/01,475.9500,12.2900,+2.65,2352951,472.0700,476.5800,469.2000
2021/03/31,463.6600,7.5000,+1.64,2868442,459.0000,467.0700,452.4000
2021/03/30,456.1600,16.4600,-3.48,2793520,463.8800,464.0000,451.6200
2021/03/29,472.6200,9.4200,-1.95,2841104,480.4000,481.1600,468.2700
2021/03/26,482.0400,20.3400,+4.41,2892453,456.6400,483.0000,456.6400
2021/03/25,461.7000,4.4300,+0.97,1753868,454.9600,464.0200,449.3100
2021/03/24,457.2700,6.7900,-1.46,2088274,469.4500,469.9900,456.8700
2021/03/23,464.0600,11.2200,-2.36,2471188,473.7800,475.3700,462.6500
2021/03/22,475.2800,0.8200,+0.17,3180705,472.9100,481.2800,471.6700
2021/03/19,474.4600,13.9100,+3.02,10860245,457.0500,476.6750,454.1000
2021/03/18,464.1500,19.4400,-4.02,2874329,474.5600,483.3500,463.7500
2021/03/17,483.5900,5.4100,+1.13,2375358,470.3000,487.2700,470.0100
2021/03/16,478.1800,7.4100,+1.57,3119015,471.2700,484.0000,467.4050
2021/03/15,470.7700,19.6000,+4.34,3129937,455.1800,471.2300,453.1900
2021/03/12,451.1700,2.5200,-0.56,1890607,445.3600,453.4900,444.5191
2021/03/11,453.6900,16.1000,+3.68,2616955,449.0200,457.4500,442.0923
2021/03/10,437.5900,6.0100,-1.35,1991428,447.3500,454.0300,435.1000
2021/03/09,443.6000,22.3500,+5.31,3788449,435.6900,446.9000,430.6000
2021/03/08,421.2500,28.8900,-6.42,4524328,446.8300,447.9600,419.2600
2021/03/05,450.1400,6.5500,+1.48,4241400,454.2500,456.0000,433.0000
2021/03/04,443.5900,19.4700,-4.20,3457469,461.6700,467.0000,441.4300
2021/03/03,463.0600,17.4500,-3.63,2399134,478.0000,481.3899,461.9700
2021/03/02,480.5100,9.0700,-1.85,1854574,490.3700,490.8599,479.6000
2021/03/01,489.5800,19.7100,+4.19,2468239,479.7000,490.0000,473.8600
2021/02/26,469.8700,12.7100,+2.78,2264347,467.5300,475.7600,460.7400
2021/02/25,457.1600,23.7200,-4.93,2314797,474.7500,479.3750,455.2100
2021/02/24,480.8800,8.9800,+1.90,1512530,467.6800,481.4100,462.6600
2021/02/23,471.9000,4.4600,-0.94,2130608,471.1400,474.6200,456.0600
2021/02/22,476.3600,13.6000,-2.78,1696705,484.0000,486.6100,475.3150
2021/02/19,489.9600,6.7000,+1.39,1799449,487.2500,495.1400,486.7650
2021/02/18,483.2600,0.7800,+0.16,1671453,480.2300,485.4100,475.1272
2021/02/17,482.4800,6.6500,-1.36,1408589,484.2300,486.1200,475.0600
2021/02/16,489.1300,2.8100,+0.58,1516338,490.8750,494.7800,487.0200
2021/02/12,486.3200,7.9300,+1.66,1355191,478.3800,487.0200,474.8850
2021/02/11,478.3900,8.3400,+1.77,1712354,473.6900,479.3500,469.1901
2021/02/10,470.0500,4.5800,-0.96,1459042,477.2100,477.4850,465.4900
2021/02/09,474.6300,1.9300,+0.41,1275922,472.0000,475.1900,468.6200
2021/02/08,472.7000,6.6900,+1.44,1761131,468.7500,473.4200,465.5800
2021/02/05,466.0100,4.6200,-0.98,1248935,474.3300,476.9200,465.3600
2021/02/04,470.6300,5.4400,+1.17,1524265,460.0000,471.1600,457.4808
2021/02/03,465.1900,11.6900,-2.45,1785699,476.9300,478.5200,464.5850
2021/02/02,476.8800,10.1400,+2.17,1614083,469.7600,476.9700,468.0000
2021/02/01,466.7400,16.2400,+3.60,1702813,455.8500,469.3150,453.5900
2021/01/29,450.5000,1.2400,-0.27,2207108,449.9000,458.1000,447.6300
2021/01/28,451.7400,7.0400,+1.58,1694612,455.5300,458.4800,447.0300
2021/01/27,444.7000,19.1700,-4.13,2185727,455.5400,456.9600,441.5100
2021/01/26,463.8700,0.9200,-0.20,1074174,462.6500,467.0339,461.8800
2021/01/25,464.7900,0.2300,-0.05,1469391,469.5600,470.0000,456.0800
2021/01/22,465.0200,1.8000,-0.39,1624758,463.7235,467.5500,462.3800
2021/01/21,466.8200,4.9400,+1.07,1575420,462.1100,469.4700,460.4000
2021/01/20,461.8800,2.6100,+0.57,1471116,459.5200,465.7894,455.0000
2021/01/19,459.2700,13.4200,+3.01,1881935,448.2800,459.4900,448.2800
2021/01/15,445.8500,6.2200,-1.38,1816738,448.1800,450.0000,440.6600
2021/01/14,452.0700,0.8600,+0.19,1969243,453.5100,458.5000,451.3300
2021/01/13,451.2100,1.8200,+0.40,1311809,450.3000,453.4925,448.1065
2021/01/12,449.3900,3.6300,+0.81,1384901,447.7700,454.7580,445.6000
2021/01/11,445.7600,0.1200,+0.03,1166168,440.6100,448.7800,440.4200
2021/01/08,445.6400,2.2500,+0.51,1527347,447.0000,449.9900,438.6460
2021/01/07,443.3900,17.9300,+4.21,2126960,432.0617,444.5900,430.6000
2021/01/06,425.4600,2.6400,-0.62,1722618,423.3000,434.5800,420.5400
2021/01/05,428.1000,2.8800,+0.68,1506912,425.0500,429.3900,422.4000
2021/01/04,425.2200,12.6300,-2.88,2417225,439.3300,442.2400,421.2350
2020/12/31,437.8500,3.0200,+0.69,1021152,436.3100,438.5000,433.0500
2020/12/30,434.8300,5.7900,+1.35,1055498,431.6700,437.9999,430.1000
2020/12/29,429.0400,2.8400,-0.66,959340,435.8300,435.8300,426.7900
2020/12/28,431.8800,0.4200,+0.10,1062524,434.3400,437.2700,431.1500
2020/12/24,431.4600,6.0000,+1.41,412268,428.4900,432.0000,427.5700
2020/12/23,425.4600,7.6400,-1.76,1053366,435.0000,436.0000,425.0800
2020/12/22,433.1000,4.2200,+0.98,1793801,428.8800,433.5500,428.0000
2020/12/21,428.8800,5.6800,-1.31,1909606,428.1500,432.0000,423.7000
2020/12/18,434.5600,12.0600,+2.85,4524332,424.8000,435.6500,422.0000
2020/12/17,426.1000,1.2000,+0.28,1715176,426.5000,430.0100,424.5450
2020/12/16,424.9000,6.8400,+1.64,2315954,418.0000,427.1460,416.9648
2020/12/15,418.0600,6.2600,+1.52,2122133,415.2800,419.3900,412.9900
2020/12/14,411.8000,5.9800,+1.47,2611611,406.5291,414.3000,406.0000
2020/12/11,405.8200,4.2200,-1.03,2666510,404.0000,407.0000,398.2800
2020/12/10,410.0400,6.1800,-1.48,2624360,411.4400,415.2500,408.0100
2020/12/09,416.2200,7.1900,-1.70,2090846,419.4700,426.1000,413.6700
2020/12/08,423.4100,2.5200,+0.60,1812080,419.2800,426.7000,418.1600
2020/12/07,420.8900,9.2100,+2.24,1970749,416.4100,422.8420,413.3400
2020/12/04,411.6800,11.8800,+2.97,2008271,402.4000,412.4000,402.3850
2020/12/03,399.8000,3.9300,-0.97,1612211,404.5000,406.6400,398.1000
2020/12/02,403.7300,0.8400,-0.21,1003365,404.7400,405.4100,401.1100
2020/12/01,404.5700,2.9900,+0.74,1818154,403.4600,406.6800,400.1200
2020/11/30,401.5800,6.6300,+1.68,1545389,394.0200,402.1600,392.7400
2020/11/27,394.9500,4.1200,+1.05,684633,393.1500,399.1700,393.0000
2020/11/25,390.8300,1.4000,-0.36,1178849,392.8400,395.5000,389.0000
2020/11/24,392.2300,5.2300,+1.35,1345835,388.6200,392.8100,386.1750
2020/11/23,387.0000,3.6700,+0.96,1221604,385.3700,389.1500,383.0000
2020/11/20,383.3300,1.0000,-0.26,1614836,384.3100,388.8500,382.7000
2020/11/19,384.3300,3.7100,+0.97,1455537,377.7200,384.8400,374.3500
2020/11/18,380.6200,0.0200,+0.01,1351854,379.8900,384.9400,379.6205
2020/11/17,380.6000,0.2100,-0.06,1195092,378.6600,382.4399,377.0300
2020/11/16,380.8100,7.3100,+1.96,1210269,374.8100,381.3700,374.0000
2020/11/13,373.5000,3.3000,+0.89,1099688,375.0000,377.3300,371.5800
2020/11/12,370.2000,5.7200,-1.52,1217465,377.2300,378.6000,368.2800
2020/11/11,375.9200,12.7900,+3.52,1513418,370.8600,377.1400,368.5500
2020/11/10,363.1300,12.4100,-3.30,2678417,370.3200,373.2000,360.3600
2020/11/09,375.5400,5.0800,-1.33,2408838,389.1000,393.8900,375.0100
2020/11/06,380.6200,0.2500,-0.07,1354649,380.0500,383.6700,377.1700
2020/11/05,380.8700,16.2400,+4.45,2178342,372.3570,382.6500,372.0100
2020/11/04,364.6300,10.8700,+3.07,2127661,360.4800,368.9800,357.1401
2020/11/03,353.7600,2.5100,+0.71,1545700,355.9500,359.2400,346.6600
2020/11/02,351.2500,1.6200,+0.46,1175654,355.0400,355.3900,348.3450
2020/10/30,349.6300,5.3800,-1.52,1853026,349.3900,352.9900,344.4200
2020/10/29,355.0100,7.8000,+2.25,1569735,347.2600,359.4400,345.3700
2020/10/28,347.2100,12.3900,-3.45,2233144,354.0000,354.8600,345.5250
2020/10/27,359.6000,3.4400,-0.95,961996,365.1800,365.1800,359.2200
2020/10/26,363.0400,9.6800,-2.60,1550896,369.6000,369.9550,357.6100
2020/10/23,372.7200,0.6500,-0.17,886849,373.2600,373.9400,370.7600
2020/10/22,373.3700,1.3200,+0.35,1354842,371.0750,374.3100,367.1100
2020/10/21,372.0500,4.9400,-1.31,1189635,375.7700,376.8600,370.3100
2020/10/20,376.9900,1.2200,+0.32,1329692,377.0100,381.1352,375.5600
2020/10/19,375.7700,2.8800,-0.76,1480273,381.2400,383.6050,375.1500
2020/10/16,378.6500,1.2800,-0.34,1029702,383.2800,383.2800,378.1500
2020/10/15,379.9300,0.3700,-0.10,1437354,375.0500,380.4900,375.0200
2020/10/14,380.3000,1.1900,-0.31,1730153,383.5400,383.7350,377.8500
2020/10/13,381.4900,0.9400,-0.25,1673145,384.4100,387.8000,378.6100
2020/10/12,382.4300,5.7300,+1.52,1883948,381.7900,385.1000,379.7900
2020/10/09,376.7000,3.3700,+0.90,1725547,375.9300,380.0000,374.0000
2020/10/08,373.3300,6.5900,+1.80,1704535,369.8900,374.2900,368.3100
2020/10/07,366.7400,2.7600,+0.76,1275008,368.3500,369.8600,366.0600
2020/10/06,363.9800,2.1200,-0.58,1667193,366.1100,372.0000,362.0200
2020/10/05,366.1000,9.2700,+2.60,1892328,360.8400,366.8500,359.9000
2020/10/02,356.8300,11.7700,-3.19,1710021,360.0000,364.9200,356.1500
2020/10/01,368.6000,4.2800,+1.17,1601868,368.9800,370.7100,364.8200
2020/09/30,364.3200,0.0600,+0.02,2240328,362.9500,371.0000,361.7100
2020/09/29,364.2600,3.0400,-0.83,1382997,367.4900,370.8000,363.9850
2020/09/28,367.3000,10.5000,+2.94,2219160,361.6800,368.4300,359.0300
2020/09/25,356.8000,4.2800,+1.21,1818342,352.0500,357.7200,348.2801
2020/09/24,352.5200,0.9300,+0.26,1361376,350.2000,357.5700,349.0900
2020/09/23,351.5900,10.0000,-2.77,1554537,360.1800,361.2100,350.0450
2020/09/22,361.5900,9.8000,+2.79,1950025,356.3700,361.8000,352.9500
2020/09/21,351.7900,4.6900,-1.32,2419834,350.0100,351.9600,343.4800
2020/09/18,359.7300,6.1900,-1.69,3529481,367.1215,367.8400,355.0500
2020/09/17,365.9200,1.1200,-0.31,2286423,355.0000,370.1150,355.0000
2020/09/16,367.0400,0.1300,+0.04,1851209,368.1800,372.0000,366.3500
2020/09/15,366.9100,4.7100,+1.30,1661785,366.3000,371.1200,365.3500
2020/09/14,362.2000,2.5000,+0.70,1644854,364.4100,365.8900,359.3450
2020/09/11,359.7000,2.6200,+0.73,1736198,360.5000,364.2700,354.6813
2020/09/10,357.0800,2.9500,-0.82,2285132,362.1300,367.8300,354.3850
