일자,종가,대비,등락률,거래량,시가,고가,저가
2026/09/17,509.2000,10.6000,-2.04,2916378,518.9500,520.0000,508.7800
2026/09/16,519.8000,3.0400,+0.59,5258519,516.3600,523.7400,515.3000
2026/09/15,516.7600,1.8100,+0.35,3764808,515.0000,516.8699,512.4100
2026/09/14,514.9500,4.5800,+0.90,3966549,512.8000,516.4500,510.5000
2026/09/11,510.3700,3.3700,+0.66,3588355,508.8500,510.6300,506.0000
2026/09/10,507.0000,0.2800,+0.06,3809946,508.7400,510.5800,504.7400
2026/09/09,506.7200,0.8900,+0.18,3362539,504.1000,509.5100,501.2060
2026/09/08,505.8300,0.2000,-0.04,4400877,503.0000,507.3000,500.7000
2026/09/04,506.0300,2.1000,-0.41,3281683,505.3100,507.5000,504.2950
2026/09/03,508.1300,2.8900,+0.57,3850190,506.6000,508.9500,505.2100
2026/09/02,505.2400,2.9100,+0.58,3303514,503.4600,508.9250,502.6000
2026/09/01,502.3300,1.7000,-0.34,4846742,506.0000,506.7500,501.2700
2026/08/31,504.0300,0.9700,-0.19,5130992,504.0600,505.3000,502.2000
2026/08/28,505.0000,1.3000,+0.26,4852922,504.9000,506.5800,502.9400
2026/08/27,503.7000,1.2100,-0.24,6308048,500.5000,505.4000,499.2200
2026/08/26,504.9100,0.5900,+0.12,3008698,505.9300,506.7000,503.6500
2026/08/25,504.3200,0.0000,0,3039801,503.9500,504.7499,501.1600
2026/08/24,504.3200,8.5000,+1.71,3200574,498.1300,504.4600,498.1100
2026/08/21,495.8200,1.0400,-0.21,4645766,498.5000,501.0000,495.6800
2026/08/20,496.8600,2.7600,-0.55,3288712,499.6450,500.4400,496.4800
2026/08/19,499.6200,3.3400,-0.66,3562320,503.4100,507.0700,499.4100
2026/08/18,502.9600,4.7300,+0.95,3380695,501.0400,504.5000,499.6032
2026/08/17,498.2300,5.8000,-1.15,4789757,504.4500,505.3100,498.0700
2026/08/14,504.0300,2.9000,-0.57,3969451,507.2350,509.1700,503.7700
2026/08/13,506.9300,3.0700,-0.60,4713434,511.2900,512.0100,505.5600
2026/08/12,510.0000,6.3800,-1.24,4599054,513.9800,514.3800,507.9600
2026/08/11,516.3800,13.0400,-2.46,4718562,528.7600,530.3000,515.6500
2026/08/10,529.4200,7.6200,+1.46,6094786,524.6000,537.7400,523.0000
2026/08/07,521.8000,2.8100,-0.54,3645147,520.2600,521.9900,517.4300
2026/08/06,524.6100,5.7600,+1.11,4352776,524.1050,525.4400,517.2135
2026/08/05,518.8500,1.6300,+0.32,3749422,519.0000,519.7677,512.2000
2026/08/04,517.2200,4.0800,+0.80,4771273,512.0700,517.7700,508.8100
2026/08/03,513.1400,1.6000,+0.31,4248982,514.9300,520.6650,510.8250
2026/07/31,511.5400,1.8600,+0.36,3939816,508.9900,513.0300,506.7000
2026/07/30,509.6800,0.5200,+0.10,4061797,505.9800,509.9100,501.2700
2026/07/29,509.1600,3.2100,-0.63,5061272,511.4400,513.3570,507.2000
2026/07/28,512.3700,15.1900,+3.06,6369905,500.3300,513.4400,499.5000
2026/07/27,497.1800,2.2500,+0.45,3484117,497.2500,498.7700,493.9700
2026/07/24,494.9300,4.0800,+0.83,3932974,491.4300,497.2899,490.2500
2026/07/23,490.8500,1.4600,+0.30,2883047,488.4000,491.0000,486.0600
2026/07/22,489.3900,0.2600,-0.05,3179315,490.5000,492.3150,487.8100
2026/07/21,489.6500,1.6000,-0.33,4473051,489.0000,491.2000,487.3800
2026/07/20,491.2500,0.3400,+0.07,3426637,490.4900,492.2500,488.9100
2026/07/17,490.9100,2.2100,-0.45,5591345,495.5100,502.9900,490.4800
2026/07/16,493.1200,4.7700,+0.98,4194963,489.9250,493.1500,486.1700
2026/07/15,488.3500,2.7400,-0.56,5134458,490.1000,492.7500,487.5700
2026/07/14,491.0900,5.7600,-1.16,4110210,493.9550,497.0800,491.0000
2026/07/13,496.8500,3.1400,+0.64,3228898,495.8500,501.5000,493.8100
2026/07/10,493.7100,1.7400,-0.35,2736909,496.1500,497.3000,490.7000
2026/07/09,495.4500,0.6600,+0.13,3393274,494.6100,497.8500,493.2000
2026/07/08,494.7900,9.2100,-1.83,4429571,504.5600,504.9069,494.3400
2026/07/07,504.0000,2.5800,-0.51,3761404,508.9700,512.5800,503.7501
2026/07/06,506.5800,1.2000,-0.24,4126111,506.5000,508.0000,504.1025
2026/07/02,507.7800,8.0400,+1.61,4389647,502.2000,507.9300,500.3300
2026/07/01,499.7400,0.6500,-0.13,4101298,501.8250,503.8300,499.0800
2026/06/30,500.3900,4.3900,+0.89,5910518,496.5000,500.5800,494.7900
2026/06/29,496.0000,2.6600,-0.53,5200695,497.7900,500.0200,495.0000
2026/06/26,498.6600,10.8500,+2.22,7250773,490.2400,498.6600,489.2801
2026/06/25,487.8100,7.0000,-1.41,7061606,493.0800,495.9964,486.5000
2026/06/24,494.8100,2.0000,+0.41,4707805,492.9900,498.5000,491.5036
2026/06/23,492.8100,4.1200,+0.84,4428054,490.9200,494.3399,490.0000
2026/06/22,488.6900,0.7700,-0.16,6076337,488.7500,492.4775,487.3600
2026/06/18,489.4600,1.8200,-0.37,8882313,492.7500,493.5700,485.7700
2026/06/17,491.2800,3.6700,-0.74,5411956,493.2400,494.7681,487.9000
2026/06/16,494.9500,0.5700,-0.12,4345886,497.0000,499.7900,492.4300
2026/06/15,495.5200,6.2700,+1.28,6253628,487.5600,497.1100,487.5600
2026/06/12,489.2500,3.4600,+0.71,4591336,486.6700,489.9900,484.5100
2026/06/11,485.7900,2.1100,+0.44,5664301,482.8800,486.4700,481.0600
2026/06/10,483.6800,4.0900,-0.84,5062666,488.1300,490.3000,483.1100
2026/06/09,487.7700,0.7700,+0.16,4912157,486.4400,490.7900,484.6000
2026/06/08,487.0000,1.1300,-0.23,5188380,486.1300,490.7599,484.9199
2026/06/05,488.1300,9.5000,+1.98,8475844,480.9900,491.0000,479.3500
2026/06/04,478.6300,3.2600,+0.69,5275955,481.5950,482.9400,474.6500
2026/06/03,475.3700,3.8600,+0.82,6586257,470.8850,480.5900,470.4100
2026/06/02,471.5100,1.2200,+0.26,4704690,470.0000,473.8800,468.2082
2026/06/01,470.2900,4.1900,-0.88,6203561,473.0500,473.3900,467.9600
2026/05/29,474.4800,2.9400,-0.62,7909855,476.9100,477.2900,472.2700
2026/05/28,477.4200,2.5000,-0.52,4127459,479.3600,481.8100,477.0000
2026/05/27,479.9200,3.7000,-0.77,4152532,482.6650,486.2500,479.0200
2026/05/26,483.6200,2.7600,-0.57,4357449,485.5000,487.7800,483.2100
2026/05/22,486.3800,6.4000,+1.33,4342154,479.6500,487.1893,479.4900
2026/05/21,479.9800,0.9200,-0.19,3294027,479.9900,480.5000,475.5000
2026/05/20,480.9000,0.4400,+0.09,4647470,482.0000,482.7200,477.6200
2026/05/19,480.4600,7.9200,-1.62,5599874,487.0000,488.1300,480.1100
2026/05/18,488.3800,5.6800,+1.18,5030660,481.1300,489.3600,481.0000
2026/05/15,482.7000,1.3600,-0.28,4680296,486.7000,488.3000,481.7600
2026/05/14,484.0600,1.4600,-0.30,3375100,487.1000,487.1000,481.5001
2026/05/13,485.5200,0.5600,+0.12,4432514,482.4700,487.1399,480.8064
2026/05/12,484.9600,5.4100,+1.13,5622326,481.6800,489.4188,478.9001
2026/05/11,479.5500,3.6100,+0.76,4290690,476.4000,480.4000,475.9000
2026/05/08,475.9400,0.8600,+0.18,5225574,474.8500,478.8800,474.4800
2026/05/07,475.0800,5.2500,+1.12,5899549,469.2550,477.1900,468.9700
2026/05/06,469.8300,4.3100,+0.93,5698885,466.0100,470.6300,465.6400
2026/05/05,465.5200,3.0000,-0.64,5372678,468.5300,469.6620,464.3400
2026/05/04,468.5200,4.4900,-0.95,6895370,473.0300,479.8700,465.7900
2026/05/01,473.0100,0.5900,-0.12,4818347,475.0750,479.1000,473.0000
2026/04/30,473.6000,1.7800,-0.37,5109301,473.4600,477.5500,470.8900
2026/04/29,475.3800,2.7800,-0.58,3175618,476.4500,477.9700,474.5100
2026/04/28,478.1600,5.3500,+1.13,4902375,476.7900,479.7700,475.6650
2026/04/27,472.8100,3.4900,+0.74,4888048,469.8000,475.5000,469.3500
2026/04/24,469.3200,1.2300,-0.26,3857045,468.8000,470.2800,466.5800
2026/04/23,470.5500,5.1500,+1.11,4749080,466.7200,473.0000,466.7200
2026/04/22,465.4000,3.1000,-0.66,5720487,468.8600,470.9900,464.6200
2026/04/21,468.5000,3.5800,-0.76,5919020,472.5400,474.1900,468.0600
2026/04/20,472.0800,2.5000,-0.53,5147027,474.3800,476.0400,471.3701
2026/04/17,474.5800,0.5400,-0.11,6492875,475.4900,479.6900,474.1500
2026/04/16,475.1200,1.0300,+0.22,4533965,474.0150,476.2599,464.0100
2026/04/15,474.0900,3.4500,-0.72,6993925,478.0000,478.7700,473.7400
2026/04/14,477.5400,2.6500,-0.55,4864005,479.8100,480.4900,476.0000
2026/04/13,480.1900,0.2900,+0.06,3612449,478.9000,481.1050,477.4000
2026/04/10,479.9000,5.3000,-1.09,3758912,484.0200,484.8600,478.9200
2026/04/09,485.2000,5.4500,+1.14,3518465,478.2100,487.9500,477.2901
2026/04/08,479.7500,1.6700,+0.35,4655085,483.7500,483.7500,477.6801
2026/04/07,478.0800,1.7000,+0.36,3206471,475.7100,479.7500,474.3200
2026/04/06,476.3800,0.9700,-0.20,3663497,475.6600,479.5000,475.3500
2026/04/02,477.3500,1.1500,-0.24,2972758,477.8200,479.7700,475.6800
2026/04/01,478.5000,0.7000,-0.15,3600755,478.9800,481.0992,477.2501
2026/03/31,479.2000,4.5400,+0.96,4725274,477.7800,479.8100,474.7700
2026/03/30,474.6600,6.1700,+1.32,4590941,470.6800,477.6900,470.6500
2026/03/27,468.4900,6.7800,-1.43,5382299,474.1900,474.8000,467.2100
2026/03/26,475.2700,0.9200,-0.19,3774632,476.4350,478.3800,474.5000
2026/03/25,476.1900,3.1400,-0.66,4402046,482.6300,483.2300,475.7300
2026/03/24,479.3300,0.6500,-0.14,3434434,478.0000,483.5000,477.5496
2026/03/23,479.9800,0.9600,-0.20,4957963,483.5000,485.9800,479.0000
2026/03/20,480.9400,0.5400,-0.11,7786425,481.6300,485.1200,479.6600
2026/03/19,481.4800,2.9900,-0.62,4045602,483.9000,484.2500,478.8100
2026/03/18,484.4700,8.1100,-1.65,4356429,491.1400,491.3800,483.8000
2026/03/17,492.5800,0.3700,+0.08,4424872,494.8400,496.9600,491.4100
2026/03/16,492.2100,2.1800,+0.44,3752029,492.7700,496.6300,491.0800
2026/03/13,490.0300,1.8600,-0.38,3565682,493.3200,494.4500,489.7700
2026/03/12,491.8900,1.6800,-0.34,4170889,492.3500,493.4000,489.0216
2026/03/11,493.5700,0.5700,-0.12,3849108,493.0900,493.8000,489.2501
2026/03/10,494.1400,3.0600,-0.62,3598655,495.1300,498.6700,492.3100
2026/03/09,497.2000,1.7800,-0.36,5833619,494.9000,498.8200,490.2100
2026/03/06,498.9800,1.4200,-0.28,5564351,499.2450,500.7010,491.8800
2026/03/05,500.4000,12.9200,+2.65,8963446,493.7500,500.8600,492.5100
2026/03/04,487.4800,6.1200,+1.27,4369065,481.0000,489.1800,479.8800
2026/03/03,481.3600,1.1900,+0.25,6348665,477.0750,483.4799,472.5200
2026/03/02,480.1700,24.7800,-4.91,11725271,495.2250,495.7500,477.9100
2026/02/27,504.9500,2.2800,+0.45,6364867,502.9400,506.5200,501.1600
2026/02/26,502.6700,8.6800,+1.76,4576985,494.6500,503.7200,494.4500
2026/02/25,493.9900,0.5200,-0.11,3475465,495.6200,497.2299,490.9000
2026/02/24,494.5100,0.4200,+0.09,3224292,493.4900,495.2200,488.2600
2026/02/23,494.0900,4.1100,-0.82,3556548,496.5000,503.5500,493.7300
2026/02/20,498.2000,1.2600,+0.25,4326715,496.6500,498.3400,491.8050
2026/02/19,496.9400,2.1300,-0.43,2610413,497.8700,500.5000,495.6800
2026/02/18,499.0700,4.3400,-0.86,3732516,504.7400,505.2700,497.6800
2026/02/17,503.4100,5.8600,+1.18,4263329,500.0150,506.0900,499.2100
2026/02/13,497.5500,2.4600,-0.49,4685852,500.1500,502.3800,495.5000
2026/02/12,500.0100,0.0100,-0,4689942,501.2050,507.7100,499.8800
2026/02/11,500.0200,0.2800,-0.06,3614402,499.3500,503.3099,497.2801
2026/02/10,500.3000,2.2200,+0.45,3789130,497.9000,501.3299,497.3000
2026/02/09,498.0800,10.0100,-1.97,4573017,507.3200,507.6100,497.2901
2026/02/06,508.0900,4.2000,+0.83,4421649,504.1800,509.6600,502.8900
2026/02/05,503.8900,0.0600,+0.01,5033856,505.9100,506.6287,497.6100
2026/02/04,503.8300,10.0900,+2.04,10591665,495.8000,512.1300,495.6700
2026/02/03,493.7400,6.4500,+1.32,6641193,483.9500,496.0400,482.2001
2026/02/02,487.2900,6.7600,+1.41,5064615,481.2950,488.0700,478.5500
2026/01/30,480.5300,3.7400,+0.78,5082160,476.3000,481.5000,476.1300
2026/01/29,476.7900,3.3000,+0.70,5380477,473.7300,477.3200,473.0800
2026/01/28,473.4900,1.1800,-0.25,4563944,473.0100,476.8800,471.9100
2026/01/27,474.6700,8.8000,-1.82,6314539,482.6000,483.5000,474.6700
2026/01/26,483.4700,4.5000,+0.94,5077153,478.4700,484.8948,477.0759
2026/01/23,478.9700,5.5200,-1.14,5436633,482.2600,483.4200,478.4400
2026/01/22,484.4900,0.6600,+0.14,4054161,483.2600,485.8800,481.7200
2026/01/21,483.8300,1.5600,-0.32,5730174,484.0000,488.0000,481.5700
2026/01/20,485.3900,7.9000,-1.60,5521462,490.8000,490.9700,482.7200
2026/01/16,493.2900,0.6700,+0.14,4807403,491.6700,495.1589,490.9000
2026/01/15,492.6200,0.5300,-0.11,4165209,492.9500,495.6300,490.7500
2026/01/14,493.1500,2.0900,-0.42,5033681,494.1700,497.6200,492.0000
2026/01/13,495.2400,3.4300,-0.69,4257619,497.6200,498.0000,493.3400
2026/01/12,498.6700,0.4300,-0.09,4209348,497.4000,500.0200,495.1000
2026/01/09,499.1000,0.6700,-0.13,3432109,498.9400,500.2800,496.4100
2026/01/08,499.7700,3.6500,+0.74,4807675,494.9650,504.0800,494.1100
2026/01/07,496.1200,2.9300,-0.59,4445056,497.8800,499.1500,493.0900
2026/01/06,499.0500,0.5300,+0.11,4040008,496.8000,500.6700,496.0600
2026/01/05,498.5200,1.6700,+0.34,5145275,494.9400,503.4259,494.5011
2026/01/02,496.8500,5.8000,-1.15,5876646,500.9600,501.8800,492.9100
2025/12/31,502.6500,1.0600,-0.21,3105190,503.9200,505.8900,502.4840
2025/12/30,503.7100,2.6600,+0.53,2897149,500.9800,505.1100,500.3300
2025/12/29,501.0500,2.7500,+0.55,3056181,499.2000,501.5000,497.2100
2025/12/26,498.3000,3.0400,-0.61,2247590,500.4500,501.5600,496.8300
2025/12/24,501.3400,0.8300,+0.17,2000186,500.2900,501.5099,499.2500
2025/12/23,500.5100,0.5600,+0.11,3680788,500.4800,502.3300,498.1550
2025/12/22,499.9500,5.4200,+1.10,4069970,496.3400,500.3100,495.5500
2025/12/19,494.5300,8.8600,-1.76,14652814,503.0500,503.8200,494.5300
2025/12/18,503.3900,0.8800,-0.17,3646672,502.2300,505.4300,501.0100
2025/12/17,504.2700,4.4300,+0.89,4128603,499.9000,505.1900,499.5000
2025/12/16,499.8400,6.5400,-1.29,4376710,507.0500,508.1000,499.4550
2025/12/15,506.3800,6.8600,+1.37,5173886,500.4200,506.6200,500.2750
2025/12/12,499.5200,3.6700,+0.74,4113658,496.7100,500.0000,494.5000
2025/12/11,495.8500,5.4200,+1.11,4493445,491.8300,498.1450,491.8300
2025/12/10,490.4300,1.0000,-0.20,4558796,490.8600,495.8800,488.9200
2025/12/09,491.4300,5.8000,-1.17,4573999,497.6250,499.2150,490.8300
2025/12/08,497.2300,7.1100,-1.41,7032222,502.1000,502.9700,490.6200
2025/12/05,504.3400,1.1100,+0.22,3463668,503.8600,505.7600,500.5400
2025/12/04,503.2300,0.3700,-0.07,3574809,504.3800,506.4958,500.7000
2025/12/03,503.6000,3.0500,-0.60,3803234,507.5200,509.5999,503.6000
2025/12/02,506.6500,1.9000,-0.37,3378009,507.5900,508.1100,503.1050
2025/12/01,508.5500,5.2600,-1.02,3995153,513.6450,514.4900,508.1800
2025/11/28,513.8100,2.5800,+0.50,2312245,511.8900,516.8500,511.5600
2025/11/26,511.2300,2.6600,+0.52,3686740,509.2500,512.7000,507.6500
2025/11/25,508.5700,0.7600,+0.15,4064007,508.9300,512.3550,506.8600
2025/11/24,507.8100,3.7700,+0.75,13404465,501.8950,509.2000,497.1652
2025/11/21,504.0400,2.9200,+0.58,6058963,503.2750,507.8420,502.4900
2025/11/20,501.1200,0.1400,-0.03,5486932,501.1100,506.4500,500.8100
2025/11/19,501.2600,3.1100,-0.62,4694986,503.6850,504.2500,495.5500
2025/11/18,504.3700,1.1100,+0.22,5457398,503.3900,506.6400,500.6000
2025/11/17,503.2600,5.6800,-1.12,5371012,510.7300,511.2600,502.8400
2025/11/14,508.9400,4.1700,-0.81,5462458,514.7000,516.5500,506.3500
2025/11/13,513.1100,10.7100,+2.13,7340683,504.8200,514.2599,504.8200
2025/11/12,502.4000,5.3300,+1.07,5456044,497.1600,504.4500,496.9879
2025/11/11,497.0700,0.0900,+0.02,2960205,498.5900,499.6900,494.2000
2025/11/10,496.9800,2.0800,-0.42,5084042,497.0800,501.2800,495.1300
2025/11/07,499.0600,5.9100,+1.20,6377764,494.9300,500.1600,493.3500
2025/11/06,493.1500,4.3800,+0.90,4964723,490.0000,494.0300,486.7500
2025/11/05,488.7700,1.1100,+0.23,6551219,487.3350,493.8900,487.3350
2025/11/04,487.6600,11.9800,+2.52,7803248,475.5000,488.7900,475.5000
2025/11/03,475.6800,1.8600,-0.39,5868125,479.5100,479.9900,473.1500
2025/10/31,477.5400,0.9800,-0.20,7146403,476.8000,478.7100,475.3100
2025/10/30,478.5200,2.7600,+0.58,4786554,474.8400,480.9088,474.8400
2025/10/29,475.7600,5.6800,-1.18,6204476,477.3200,478.8000,473.7200
2025/10/28,481.4400,6.6300,-1.36,5029140,484.9600,485.6700,481.1100
2025/10/27,488.0700,4.0300,-0.82,6451495,491.9200,492.3000,484.5500
2025/10/24,492.1000,1.9400,+0.40,3166824,490.9100,492.9800,489.4000
2025/10/23,490.1600,1.6500,-0.34,3063026,492.1900,492.4500,488.1132
2025/10/22,491.8100,0.5200,+0.11,3376019,491.7300,492.9800,488.1901
2025/10/21,491.2900,2.7900,-0.56,2714528,493.7000,495.7000,491.2500
2025/10/20,494.0800,1.6600,+0.34,4605314,492.3600,494.4150,490.3201
2025/10/17,492.4200,3.6100,+0.74,3794296,490.0000,493.4500,489.2500
2025/10/16,488.8100,7.5800,-1.53,4254327,495.5950,495.9999,485.8000
2025/10/15,496.3900,0.4200,+0.08,3566239,493.9000,496.7292,490.3500
2025/10/14,495.9700,4.0400,+0.82,3056001,490.0000,497.0600,489.9501
2025/10/13,491.9300,2.8000,+0.57,3183457,488.1500,493.8000,487.8200
2025/10/10,489.1300,7.6100,-1.53,4763823,497.2500,497.9900,489.0600
2025/10/09,496.7400,3.1000,-0.62,3172176,499.9800,501.2210,494.5100
2025/10/08,499.8400,2.4600,-0.49,2944558,502.7100,503.5000,498.5600
2025/10/07,502.3000,2.2800,+0.46,3057382,500.1600,504.4600,498.6100
2025/10/06,500.0200,1.2700,+0.25,3519473,499.5000,504.9700,498.0201
2025/10/03,498.7500,2.8300,+0.57,4678832,495.9000,502.5499,495.0501
2025/10/02,495.9200,2.2800,-0.46,3461425,496.9600,499.6100,493.2200
2025/10/01,498.2000,4.5400,-0.90,4481081,502.5000,502.8661,495.9000
2025/09/30,502.7400,3.4900,+0.70,3873477,497.6400,503.7800,497.0000
2025/09/29,499.2500,0.7800,-0.16,5161913,500.0000,500.2500,495.0200
2025/09/26,500.0300,5.0700,+1.02,3707648,496.9400,502.1000,496.6500
2025/09/25,494.9600,2.1300,-0.43,4056103,496.1500,499.0000,494.7300
2025/09/24,497.0900,2.9900,+0.61,2811544,493.3000,497.1600,493.1100
2025/09/23,494.1000,0.3900,+0.08,3933240,493.7650,499.2800,493.5223
2025/09/22,493.7100,0.8600,+0.17,3582875,490.5700,494.7100,489.2300
2025/09/19,492.8500,2.3500,+0.48,7356280,491.8700,494.5000,488.8800
2025/09/18,490.5000,1.8300,-0.37,4058878,489.6400,494.8800,488.0000
2025/09/17,492.3300,1.3400,+0.27,5060688,490.9350,495.9900,490.3001
2025/09/16,490.9900,0.5500,-0.11,4069971,491.2700,491.9200,487.2000
2025/09/15,491.5400,2.2000,-0.45,3629775,493.6000,495.2700,489.5000
2025/09/12,493.7400,3.1700,-0.64,2951721,495.7450,497.6256,493.3400
2025/09/11,496.9100,6.8300,+1.39,3669007,489.3300,497.2400,489.0300
2025/09/10,490.0800,2.6400,-0.54,5561592,490.0000,491.7000,486.2701
2025/09/09,492.7200,1.0600,-0.21,3748686,492.4500,496.8500,491.7201
2025/09/08,493.7800,5.9900,-1.20,5146322,499.0000,499.6500,493.4600
2025/09/05,499.7700,7.1400,-1.41,4222890,506.0000,507.6610,497.7500
2025/09/04,506.9100,5.4200,+1.08,2976722,502.9000,507.3800,501.2600
2025/09/03,501.4900,0.3500,+0.07,3206165,499.5500,502.1100,496.5900
2025/09/02,501.1400,1.8400,-0.37,4977844,504.2400,505.9000,497.6200
2025/08/29,502.9800,3.1200,+0.62,4663613,500.8500,506.7200,500.8500
2025/08/28,499.8600,4.1400,+0.84,4530429,498.0300,500.1400,496.0700
2025/08/27,495.7200,3.5100,+0.71,4385918,491.0800,497.2100,490.6000
2025/08/26,492.2100,6.0300,+1.24,8217481,485.0200,492.7900,484.5267
2025/08/25,486.1800,2.8200,-0.58,3935117,489.0100,489.0200,481.8300
2025/08/22,489.0000,0.4100,+0.08,4205084,491.5000,493.1400,486.5700
2025/08/21,488.5900,0.0900,-0.02,3082174,487.2400,489.0490,483.6800
2025/08/20,488.6800,3.3700,+0.69,4779763,487.0000,492.2178,485.8290
2025/08/19,485.3100,6.7900,+1.42,4726408,479.7700,485.8999,479.7700
2025/08/18,478.5200,1.3200,+0.28,3911272,477.9700,479.0000,474.6600
2025/08/15,477.2000,2.0200,-0.42,5229761,482.3500,482.4800,476.2900
2025/08/14,479.2200,1.9100,+0.40,4187144,478.3450,479.2200,474.4200
2025/08/13,477.3100,6.9200,+1.47,4629437,471.7000,479.6000,471.5000
2025/08/12,470.3900,5.6600,+1.22,3771514,465.5300,472.4726,465.0600
2025/08/11,464.7300,0.6700,-0.14,3712076,466.4600,468.4940,463.5040
2025/08/08,465.4000,3.9300,+0.85,3330571,462.9400,465.8300,462.5500
2025/08/07,461.4700,7.4400,-1.59,5755747,469.2000,472.7000,461.3700
2025/08/06,468.9100,4.7200,+1.02,4557081,465.0000,469.5500,463.0000
2025/08/05,464.1900,5.0800,+1.11,6780711,460.6000,467.5762,460.3800
2025/08/04,459.1100,13.7300,-2.90,10874265,468.0500,468.8700,455.1850
2025/08/01,472.8400,0.9600,+0.20,5287484,473.4700,475.9600,470.6200
2025/07/31,471.8800,4.1200,-0.87,6315340,472.6100,477.7000,471.8800
2025/07/30,476.0000,0.5600,-0.12,3802960,475.1300,479.4100,473.8800
2025/07/29,476.5600,5.1400,-1.07,4193187,482.5700,485.0001,476.2800
2025/07/28,481.7000,2.3700,-0.49,3626059,484.3500,486.8963,481.1001
2025/07/25,484.0700,3.4700,+0.72,4220504,481.6700,484.9300,479.6601
2025/07/24,480.6000,2.0300,-0.42,5044836,482.6700,486.1700,480.6000
2025/07/23,482.6300,4.5000,+0.94,4385559,480.2500,484.4500,479.2000
2025/07/22,478.1300,3.7200,+0.78,4521531,475.5000,483.1400,475.0000
2025/07/21,474.4100,0.6100,+0.13,3791273,473.0350,478.3500,472.0000
2025/07/18,473.8000,0.4000,+0.08,4015838,474.0000,478.6404,473.5000
2025/07/17,473.4000,2.0900,+0.44,4040026,470.0650,474.1499,467.6500
2025/07/16,471.3100,1.1800,+0.25,3796913,471.2000,472.9186,468.8800
2025/07/15,470.1300,6.1800,-1.30,4482349,475.3000,475.7200,470.0000
2025/07/14,476.3100,0.4500,+0.09,4294742,474.3200,478.1300,473.4600
2025/07/11,475.8600,2.4100,-0.50,4416578,476.2500,476.8500,471.3971
2025/07/10,478.2700,0.6400,-0.13,4576635,477.8700,478.5499,475.5000
2025/07/09,478.9100,1.4400,+0.30,3367397,477.0000,479.4902,475.8300
2025/07/08,477.4700,0.5600,-0.12,4116180,477.3500,480.0000,473.5800
2025/07/07,478.0300,6.9700,-1.44,4674351,484.4200,486.0800,476.8000
2025/07/03,485.0000,4.5200,+0.94,3443318,480.8900,486.5490,480.3600
2025/07/02,480.4800,9.1300,-1.86,6707174,489.4300,489.9300,478.6200
2025/07/01,489.6100,3.8400,+0.79,4776026,485.7800,491.0900,483.8000
2025/06/30,485.7700,0.0900,+0.02,6384326,485.9000,487.6500,483.4400
2025/06/27,485.6800,0.6300,+0.13,6129341,485.7700,489.6800,484.4000
2025/06/26,485.0500,1.1600,-0.24,4212937,486.5400,487.9764,484.2500
2025/06/25,486.2100,7.2700,-1.47,4260584,494.5000,496.0000,486.1400
2025/06/24,493.4800,5.7100,+1.17,5111694,489.4300,497.7391,488.8900
2025/06/23,487.7700,2.9200,+0.60,4140985,485.4200,488.5000,481.7201
2025/06/20,484.8500,0.2900,-0.06,7620370,484.9500,486.6800,483.4301
2025/06/18,485.1400,1.6600,+0.34,4893571,484.1000,486.7000,482.7500
2025/06/17,483.4800,6.7500,-1.38,3956345,489.1100,489.4000,483.2500
2025/06/16,490.2300,2.6900,+0.55,3937627,489.7300,491.8500,488.5404
2025/06/13,487.5400,2.8000,-0.57,4000981,486.2700,491.0843,485.8500
2025/06/12,490.3400,2.2000,+0.45,3535161,486.2350,490.4400,483.7800
2025/06/11,488.1400,2.9900,-0.61,4595851,491.0500,492.2500,486.6700
2025/06/10,491.1300,2.2000,-0.45,3951496,492.6550,492.9000,489.5000
2025/06/09,493.3300,0.2000,-0.04,3987465,493.7000,494.5300,488.8800
2025/06/06,493.5300,4.7900,+0.98,3948280,491.6300,496.0978,491.6300
2025/06/05,488.7400,2.2600,-0.46,5165718,490.7500,491.0000,485.6000
2025/06/04,491.0000,6.8300,-1.37,5297634,496.9400,496.9900,490.8800
2025/06/03,497.8300,4.9800,-0.99,5923064,501.0000,502.7899,493.5100
2025/06/02,502.8100,1.1500,-0.23,4914008,501.7000,503.2300,499.4700
2025/05/30,503.9600,2.2200,-0.44,9153084,505.1850,505.7200,500.1850
2025/05/29,506.1800,3.0700,+0.61,3657310,504.0000,506.5500,501.2000
2025/05/28,503.1100,6.0500,-1.19,3613850,508.3900,509.1000,502.8300
2025/05/27,509.1600,5.7000,+1.13,4928325,506.4250,509.7500,505.0100
2025/05/23,503.4600,0.1100,-0.02,3166844,501.0050,505.5000,500.2500
2025/05/22,503.5700,3.4600,-0.68,3244774,505.1000,507.4000,502.6400
2025/05/21,507.0300,1.7100,-0.34,3815801,507.4100,509.9999,505.4000
2025/05/20,508.7400,3.6500,-0.71,3736959,511.1100,512.0750,506.5514
2025/05/19,512.3900,1.9200,-0.37,3441451,513.6150,513.7900,510.1000
2025/05/16,514.3100,6.9800,+1.38,4997321,509.6300,514.3300,506.8000
2025/05/15,507.3300,3.9300,+0.78,5040862,502.3750,509.7800,501.6200
2025/05/14,503.4000,8.4800,-1.66,6384053,511.8500,511.8500,502.8000
2025/05/13,511.8800,2.4200,-0.47,4504120,515.6400,515.7500,511.8000
2025/05/12,514.3000,0.5600,+0.11,6368046,520.3000,520.3000,510.2500
2025/05/09,513.7400,0.4900,+0.10,3621402,514.2500,515.9100,510.2533
2025/05/08,513.2500,4.9700,-0.96,5018581,520.9800,521.2591,513.0401
2025/05/07,518.2200,5.8900,+1.15,5581423,515.0150,520.2500,513.0000
2025/05/06,512.3300,0.1800,+0.04,6088592,509.5700,515.7500,507.9900
2025/05/05,512.1500,27.6500,-5.12,16380216,520.0800,521.1800,502.8001
2025/05/02,539.8000,9.5700,+1.80,4945569,536.7500,542.0700,535.2581
2025/05/01,530.2300,3.0200,-0.57,4693069,531.0000,533.2650,528.3000
2025/04/30,533.2500,1.3200,-0.25,5251647,531.5100,535.7200,524.0032
2025/04/29,534.5700,3.6300,+0.68,3177729,531.0000,535.3400,528.2900
2025/04/28,530.9400,0.0200,-0,4238653,533.6300,536.8200,526.5800
2025/04/25,530.9600,0.6800,-0.13,2742786,531.7500,532.4399,526.7900
2025/04/24,531.6400,4.8300,+0.92,3173404,526.8100,533.1300,523.1600
2025/04/23,526.8100,6.0200,+1.16,4294462,527.5000,532.2700,523.8850
2025/04/22,520.7900,13.8700,+2.74,4768491,514.2300,522.2200,511.6500
2025/04/21,506.9200,11.2900,-2.18,4908377,517.5300,518.6700,498.0800
2025/04/17,518.2100,1.7600,+0.34,5322242,518.8950,523.8800,514.5701
2025/04/16,516.4500,11.7200,-2.22,5889277,529.3000,530.1300,512.8900
2025/04/15,528.1700,1.3500,-0.25,4329208,532.6200,535.9200,527.3600
2025/04/14,529.5200,5.4100,+1.03,5512121,531.0000,536.5200,526.9800
2025/04/11,524.1100,8.3000,+1.61,6231015,515.0000,526.5800,510.7700
2025/04/10,515.8100,5.6000,-1.07,7475863,518.3000,521.4100,498.6088
2025/04/09,521.4100,28.7700,+5.84,10153675,490.0000,523.9300,485.5596
2025/04/08,492.6400,2.2600,+0.46,9470118,509.0250,516.0000,484.1900
2025/04/07,490.3800,3.1600,-0.64,12749745,467.4150,505.8451,462.1000
2025/04/04,493.5400,36.6200,-6.91,12605032,519.0000,521.0000,492.9800
2025/04/03,530.1600,7.5600,-1.41,6410854,527.6200,538.8000,525.1400
2025/04/02,537.7200,4.7300,+0.89,4079044,532.1300,539.0000,530.8200
2025/04/01,532.9900,0.4100,+0.08,4130570,531.8800,536.4100,527.5001
2025/03/31,532.5800,6.2700,+1.19,7139333,521.4000,536.5200,519.0000
2025/03/28,526.3100,8.2100,-1.54,5321395,535.3500,536.0000,524.6791
2025/03/27,534.5200,1.3100,+0.25,5154608,533.2500,537.3800,529.3537
2025/03/26,533.2100,4.3400,+0.82,5010845,531.0000,537.6300,530.9800
2025/03/25,528.8700,3.0200,+0.57,3964761,527.1850,533.2900,525.8804
2025/03/24,525.8500,3.9400,+0.75,4858877,523.1000,527.3000,521.4800
2025/03/21,521.9100,6.8200,-1.29,8546279,528.3100,528.9600,520.7700
2025/03/20,528.7300,3.4600,+0.66,4065426,524.0000,530.6091,522.6700
2025/03/19,525.2700,2.1300,+0.41,3797997,525.6900,526.7100,520.6550
2025/03/18,523.1400,0.1300,+0.02,4857806,525.4500,528.3800,521.4200
2025/03/17,523.0100,8.4100,+1.63,5343389,514.6200,524.7100,513.2100
2025/03/14,514.6000,10.3500,+2.05,5775588,506.9500,515.8400,502.9200
2025/03/13,504.2500,8.3100,+1.68,5104202,496.4600,507.3980,494.7500
2025/03/12,495.9400,0.3100,-0.06,3871096,497.6000,498.3233,488.7500
2025/03/11,496.2500,0.8500,-0.17,5358269,496.0000,499.1500,491.3101
2025/03/10,497.1000,1.4800,+0.30,6261980,490.0000,500.4490,490.0000
2025/03/07,495.6200,2.2200,-0.45,3842150,496.2900,498.2700,490.1100
2025/03/06,497.8400,0.6600,-0.13,3989662,496.8350,499.1000,491.6314
2025/03/05,498.5000,2.6400,+0.53,4715777,496.0000,500.9300,492.3200
2025/03/04,495.8600,14.2200,-2.79,6126619,507.2700,508.7300,493.6091
2025/03/03,510.0800,3.7500,-0.73,5112297,516.2200,518.7700,506.4800
2025/02/28,513.8300,11.4200,+2.27,6850339,507.4600,515.3700,504.3333
2025/02/27,502.4100,8.3100,+1.68,4507714,496.4500,504.9500,495.6100
2025/02/26,494.1000,5.7200,-1.14,3543491,499.1150,499.9000,493.0500
2025/02/25,499.8200,1.4000,+0.28,6757512,503.1500,507.0000,491.9000
2025/02/24,498.4200,19.6800,+4.11,9862446,483.5000,503.9599,483.2400
2025/02/21,478.7400,3.0600,-0.64,4085076,480.9500,483.6400,477.7400
2025/02/20,481.8000,1.9700,-0.41,2650957,484.1250,484.2000,478.1400
2025/02/19,483.7700,0.9500,+0.20,2436465,482.8200,484.7200,480.6800
2025/02/18,482.8200,3.2300,+0.67,3351014,480.4000,484.0600,477.6300
2025/02/14,479.5900,0.9000,-0.19,2825755,481.4700,484.5500,479.4500
2025/02/13,480.4900,8.7600,+1.86,3274693,471.5500,481.1900,471.2000
2025/02/12,471.7300,0.8800,-0.19,3297561,470.4400,472.1500,468.0900
2025/02/11,472.6100,2.4400,+0.52,2322610,470.0500,473.0500,466.7150
2025/02/10,470.1700,2.5700,-0.54,2907341,473.9600,474.2000,469.3701
2025/02/07,472.7400,4.4800,-0.94,3205136,477.4100,478.2500,472.3400
2025/02/06,477.2200,3.4900,+0.74,3832693,475.4600,478.0000,473.2800
2025/02/05,473.7300,6.2400,+1.33,3782754,469.8100,474.2400,468.8900
2025/02/04,467.4900,2.8800,+0.62,3238419,464.9400,467.9100,462.7000
2025/02/03,464.6100,4.0600,-0.87,4232007,461.3000,466.7400,454.6000
2025/01/31,468.6700,3.6800,-0.78,5442624,471.8400,472.5500,467.0101
2025/01/30,472.3500,3.0900,+0.66,2552240,472.2000,474.0643,469.1500
2025/01/29,469.2600,0.7100,-0.15,2524211,469.8800,473.9200,468.0000
2025/01/28,469.9700,4.7300,-1.00,3261260,473.9300,473.9300,469.3000
2025/01/27,474.7000,11.5100,+2.48,4535629,464.3000,474.9200,464.3000
2025/01/24,463.1900,3.3600,+0.73,3070305,459.2000,463.8100,457.0800
2025/01/23,459.8300,0.6800,-0.15,4424526,461.6800,464.7600,458.0000
2025/01/22,460.5100,8.0600,-1.72,5838478,468.5900,468.8900,455.2800
2025/01/21,468.5700,0.6200,+0.13,4910195,471.0000,473.1700,467.7200
2025/01/17,467.9500,5.1400,+1.11,6466973,464.7100,470.1800,462.4547
2025/01/16,462.8100,4.3000,+0.94,3475694,458.9300,462.9600,458.3001
2025/01/15,458.5100,8.4800,+1.88,4719411,455.5500,459.0900,453.2700
2025/01/14,450.0300,6.1200,+1.38,4055602,445.5000,450.3000,443.9200
2025/01/13,443.9100,1.2500,+0.28,3639248,442.0400,445.0000,441.1500
2025/01/10,442.6600,9.1800,-2.03,5471869,452.6600,453.0000,440.1000
2025/01/08,451.8400,1.0800,-0.24,3933259,453.6300,454.0000,449.6300
2025/01/07,452.9200,1.5100,+0.33,3507166,452.8000,456.5150,451.1000
2025/01/06,451.4100,2.1500,-0.47,4072913,453.8500,456.2399,450.5700
2025/01/03,453.5600,2.4600,+0.55,2887160,452.5300,454.5269,450.1200
2025/01/02,451.1000,2.1800,-0.48,3751194,455.9600,456.8899,450.0300
2024/12/31,453.2800,1.1200,+0.25,3380714,452.2050,454.3300,451.1100
2024/12/30,452.1600,4.3500,-0.95,2831375,454.2450,454.6900,449.1765
2024/12/27,456.5100,2.5700,-0.56,3237722,457.3000,461.1300,454.4800
2024/12/26,459.0800,0.4200,+0.09,2160799,457.2650,459.4800,455.7950
2024/12/24,458.6600,4.3100,+0.95,1761174,455.4100,458.9900,454.0700
2024/12/23,454.3500,1.1500,+0.25,3836007,453.1900,454.5500,449.8200
2024/12/20,453.2000,3.8600,+0.86,12943914,449.1100,458.6500,447.1900
2024/12/19,449.3400,2.7500,+0.62,4645222,451.7300,453.8000,448.8900
2024/12/18,446.5900,9.0700,-1.99,4361857,457.0600,458.7300,446.1700
2024/12/17,455.6600,0.4600,+0.10,5057506,454.6950,456.6200,452.0600
2024/12/16,455.2000,2.7000,-0.59,4513980,459.1700,460.4244,454.5800
2024/12/13,457.9000,0.7300,-0.16,3474337,460.5100,460.5100,457.0100
2024/12/12,458.6300,2.7600,-0.60,2571349,462.1600,463.5700,458.0800
2024/12/11,461.3900,1.1000,-0.24,3876913,463.3300,465.4800,458.7700
2024/12/10,462.4900,1.3800,-0.30,3648541,464.4200,464.9900,459.5000
2024/12/09,463.8700,6.6300,-1.41,3748171,470.6000,471.7000,463.4200
2024/12/06,470.5000,0.0700,-0.01,3270943,470.5800,472.0800,467.8200
2024/12/05,470.5700,2.2500,+0.48,3320231,468.7800,472.7400,468.7200
2024/12/04,468.3200,1.8700,-0.40,3941100,471.0900,471.3400,466.5000
2024/12/03,470.1900,7.1400,-1.50,4931573,478.1600,478.3000,468.8050
2024/12/02,477.3300,5.6900,-1.18,5031497,484.8000,485.0900,474.7500
2024/11/29,483.0200,0.0600,-0.01,2969703,485.3700,486.0100,482.0500
2024/11/27,483.0800,4.5200,+0.94,5359291,481.0000,491.6700,480.8700
2024/11/26,478.5600,1.1300,+0.24,3331974,478.2000,479.4000,472.8500
2024/11/25,477.4300,0.8600,+0.18,5246561,479.1300,482.5000,476.7900
2024/11/22,476.5700,4.5100,+0.96,3885177,472.2700,477.4399,471.6100
2024/11/21,472.0600,3.2300,+0.69,4116801,469.4450,474.6600,467.0000
2024/11/20,468.8300,0.0300,-0.01,3019456,470.0000,470.6149,466.1100
2024/11/19,468.8600,3.3400,-0.71,3656243,470.7700,470.7700,465.0100
2024/11/18,472.2000,1.9200,+0.41,3358434,470.9800,472.6713,468.3600
2024/11/15,470.2800,2.5800,+0.55,5817672,466.7400,472.2551,465.1900
2024/11/14,467.7000,0.4000,-0.09,3777267,468.8100,469.4493,466.0000
2024/11/13,468.1000,1.8100,+0.39,2861709,466.4100,468.4000,464.0000
2024/11/12,466.2900,1.0700,-0.23,4400521,467.6900,468.4200,465.1500
2024/11/11,467.3600,3.9500,+0.85,4119111,466.0100,470.5100,464.0000
2024/11/08,463.4100,3.2800,+0.71,3541302,461.9800,466.3500,459.5001
2024/11/07,460.1300,8.7700,-1.87,4237986,468.2700,468.4600,460.1000
2024/11/06,468.9000,23.8400,+5.36,6906833,461.0000,469.2600,459.4801
2024/11/05,445.0600,2.7700,+0.63,3154357,442.2900,445.2300,441.1000
2024/11/04,442.2900,9.8500,-2.18,5733184,450.3700,450.7000,437.9000
2024/11/01,452.1400,1.2200,+0.27,2971342,451.4900,455.1200,450.7000
2024/10/31,450.9200,4.0400,-0.89,3660308,455.1900,456.8400,450.5700
2024/10/30,454.9600,0.3400,+0.07,2692082,454.6700,457.6699,453.8200
2024/10/29,454.6200,3.8700,-0.84,3985180,458.6000,458.9200,454.3900
2024/10/28,458.4900,4.4800,+0.99,4103359,455.5900,459.2400,455.0000
2024/10/25,454.0100,3.7600,-0.82,2838884,458.6000,459.4500,453.0300
2024/10/24,457.7700,2.8400,-0.62,3793479,460.9000,461.0500,453.9600
2024/10/23,460.6100,0.8400,-0.18,3655203,460.1500,463.2600,458.7450
2024/10/22,461.4500,2.7100,-0.58,3315151,464.1100,465.1453,457.6000
2024/10/21,464.1600,0.6400,-0.14,3131480,464.5300,465.7899,461.6800
2024/10/18,464.8000,1.0500,-0.23,5635463,467.0000,467.0000,463.2500
2024/10/17,465.8500,0.1600,+0.03,2520903,466.1000,467.8393,464.2700
2024/10/16,465.6900,3.0100,+0.65,3166265,463.2500,466.0000,462.2000
2024/10/15,462.6800,2.7000,+0.59,3929879,460.9900,466.6600,460.5100
2024/10/14,459.9800,0.2300,-0.05,2969790,461.9200,462.0000,458.1000
2024/10/11,460.2100,5.2800,+1.16,3243402,455.9000,463.4500,455.9000
2024/10/10,454.9300,0.9700,-0.21,2375788,457.5000,457.5050,452.7249
2024/10/09,455.9000,2.1000,+0.46,2206063,452.7500,457.8750,452.3550
2024/10/08,453.8000,0.3000,+0.07,2234137,455.9600,457.5600,452.8500
2024/10/07,453.5000,8.4700,-1.83,3222061,462.3400,462.3400,452.4101
2024/10/04,461.9700,9.0100,+1.99,3093491,455.0100,462.1800,453.8100
2024/10/03,452.9600,3.7100,-0.81,2564713,455.4700,455.9700,450.9200
2024/10/02,456.6700,0.7400,-0.16,2803429,458.7000,458.7000,454.1900
2024/10/01,457.4100,2.8500,-0.62,3043696,459.1100,459.7900,454.8200
2024/09/30,460.2600,2.7900,+0.61,3637071,458.4000,460.6300,454.5507
2024/09/27,457.4700,3.2900,+0.72,2727975,456.0400,458.2700,455.0400
2024/09/26,454.1800,1.8200,+0.40,3262045,452.7400,457.0000,451.3400
2024/09/25,452.3600,2.2000,-0.48,2843311,454.9000,455.8100,451.2100
2024/09/24,454.5600,0.4200,-0.09,3009852,454.3300,455.5999,451.7700
2024/09/23,454.9800,0.3300,-0.07,3485083,457.3100,459.6545,453.4200
2024/09/20,455.3100,4.4000,-0.96,8468764,457.7600,457.9500,454.0500
2024/09/19,459.7100,3.1100,+0.68,3891344,462.0000,462.1900,457.2500
2024/09/18,456.6000,0.0800,-0.02,3065217,458.0800,459.8400,454.8801
2024/09/17,456.6800,4.9000,+1.08,3824256,453.5000,461.1000,453.2900
2024/09/16,451.7800,4.1700,+0.93,3264367,448.8000,452.9900,448.3400
2024/09/13,447.6100,3.2600,-0.72,3882598,451.5800,452.4285,447.2100
2024/09/12,450.8700,2.2300,-0.49,3855713,454.8400,455.0000,449.2700
2024/09/11,453.1000,5.8200,-1.27,5772729,457.6200,457.6200,445.2500
2024/09/10,458.9200,0.6900,-0.15,3544103,461.8200,464.3200,456.2100
2024/09/09,459.6100,0.1900,+0.04,4571041,463.9700,466.0000,459.2600
2024/09/06,459.4200,5.5000,-1.18,4400294,463.8200,468.1700,458.5500
2024/09/05,464.9200,13.6500,-2.85,6213155,479.4300,479.4300,462.8800
2024/09/04,478.5700,1.7400,+0.36,5316318,478.6800,484.8200,474.2200
2024/09/03,476.8300,0.9100,+0.19,7511879,475.0000,482.8900,473.7200
2024/08/30,475.9200,7.5500,+1.61,7465778,470.5200,476.9500,470.0000
2024/08/29,468.3700,3.7800,+0.81,4459412,467.1100,469.8500,463.0000
2024/08/28,464.5900,3.9600,+0.86,4838124,461.1700,466.6000,460.7800
2024/08/27,460.6300,6.1400,+1.35,3764691,455.9400,462.1000,454.6200
2024/08/26,454.4900,1.1100,+0.24,3578262,455.3050,459.2699,453.3400
2024/08/23,453.3800,4.3500,+0.97,2805379,450.0000,453.7200,448.8100
2024/08/22,449.0300,2.4300,+0.54,3502793,446.3000,449.6000,444.6500
2024/08/21,446.6000,1.7600,-0.39,3028530,449.8400,451.2800,443.8400
2024/08/20,448.3600,0.4100,-0.09,2906497,449.3000,450.5000,446.3800
2024/08/19,448.7700,4.2600,+0.96,3385343,446.0100,450.4500,445.7300
2024/08/16,444.5100,3.6700,+0.83,3344974,441.5500,445.2040,440.4545
2024/08/15,440.8400,2.3700,+0.54,3226437,441.8000,442.5900,438.7200
2024/08/14,438.4700,6.0600,+1.40,2860174,433.0000,438.9800,431.7100
2024/08/13,432.4100,2.0200,+0.47,3471965,431.8300,432.8100,425.9000
2024/08/12,430.3900,1.2800,-0.30,2376042,434.1600,434.1600,429.0100
2024/08/09,431.6700,0.1300,+0.03,2602645,431.9200,434.7500,430.2100
2024/08/08,431.5400,4.5200,+1.06,3149984,429.2400,432.2599,427.6000
2024/08/07,427.0200,4.8800,+1.16,4745587,426.0700,433.1700,425.6000
2024/08/06,422.1400,8.4200,+2.04,5138707,416.4100,427.4600,415.1000
2024/08/05,413.7200,14.6400,-3.42,7695125,413.4300,417.8200,406.1100
2024/08/02,428.3600,3.4500,-0.80,4251527,429.7700,436.2500,423.4901
2024/08/01,431.8100,6.6900,-1.53,3892292,439.6700,440.6100,430.9500
2024/07/31,438.5000,2.7600,-0.63,3798765,439.8500,440.8500,437.7400
2024/07/30,441.2600,2.9500,+0.67,3736411,439.5100,443.8905,439.1400
2024/07/29,438.3100,0.6500,+0.15,2619986,438.0100,439.4400,435.4900
2024/07/26,437.6600,4.3700,+1.01,2717621,435.6600,439.0000,434.1000
2024/07/25,433.2900,0.4900,+0.11,3334269,431.6000,439.6250,431.6000
2024/07/24,432.8000,1.2100,-0.28,3143717,433.9900,435.4100,430.7300
2024/07/23,434.0100,1.9700,-0.45,2393018,437.3400,437.9200,433.4700
2024/07/22,435.9800,1.5100,+0.35,2995689,435.0500,438.1100,432.1200
2024/07/19,434.4700,7.3500,-1.66,4158849,442.6700,442.8000,433.3500
2024/07/18,441.8200,3.7900,-0.85,4638333,445.6200,449.2500,439.5700
2024/07/17,445.6100,6.7100,+1.53,4776601,437.8500,446.1500,437.8400
2024/07/16,438.9000,4.4800,+1.03,4293707,437.4000,439.0516,434.0201
2024/07/15,434.4200,9.9800,+2.35,4594912,425.5900,434.7100,425.3000
2024/07/12,424.4400,5.6600,+1.35,4834635,420.2300,427.4500,419.7000
2024/07/11,418.7800,4.9900,+1.21,4073570,413.9900,419.2000,412.0000
2024/07/10,413.7900,3.2700,+0.80,3791805,410.8100,413.9600,409.4000
2024/07/09,410.5200,1.4400,+0.35,2990262,409.4200,413.7100,408.6400
2024/07/08,409.0800,2.0900,-0.51,3559529,411.2700,413.7855,408.0000
2024/07/05,411.1700,5.4000,+1.33,5153464,406.2400,411.4000,405.0300
2024/07/03,405.7700,1.3300,-0.33,1970259,407.1600,407.1600,404.2200
2024/07/02,407.1000,1.9100,+0.47,3221572,404.0200,407.3900,403.9200
2024/07/01,405.1900,1.6100,-0.40,2976899,408.0900,409.6700,403.8200
2024/06/28,406.8000,1.1500,-0.28,6820908,408.2500,410.0500,405.7900
2024/06/27,407.9500,2.3100,-0.56,3220281,410.2600,410.2600,406.3400
2024/06/26,410.2600,0.7100,-0.17,3335507,410.0200,410.6800,407.2500
2024/06/25,410.9700,3.0100,-0.73,3883522,414.0000,414.2500,409.6200
2024/06/24,413.9800,4.3600,+1.06,4935716,410.7000,417.0000,410.0000
2024/06/21,409.6200,0.4700,+0.11,9012935,409.8200,410.4673,407.6800
2024/06/20,409.1500,1.2000,+0.29,4845563,407.2500,411.0000,404.0500
2024/06/18,407.9500,0.6300,+0.15,4006848,406.7450,408.5000,405.2800
2024/06/17,407.3200,1.7800,+0.44,3408255,405.1800,407.8150,403.5501
2024/06/14,405.5400,0.3800,-0.09,2772449,404.9000,406.3400,403.3300
2024/06/13,405.9200,2.8500,-0.70,4566105,407.6300,408.0000,403.5711
2024/06/12,408.7700,0.2700,+0.07,3554031,411.0900,411.8910,407.1600
2024/06/11,408.5000,2.3100,-0.56,3610600,408.8800,408.9100,406.1100
2024/06/10,410.8100,2.9100,-0.70,2668443,413.3400,413.9400,409.2700
2024/06/07,413.7200,2.6400,+0.64,2943072,411.2800,415.8800,409.8451
2024/06/06,411.0800,1.2300,+0.30,3447914,410.4200,411.2400,407.3800
2024/06/05,409.8500,0.3200,+0.08,2643906,410.1000,410.2750,405.7700
2024/06/04,409.5300,5.2600,-1.27,4157980,414.8500,415.8900,406.4401
2024/06/03,414.7900,0.3900,+0.09,4905810,414.8900,416.7200,408.7800
2024/05/31,414.4000,5.7900,+1.42,5197520,408.0900,415.3800,406.8800
2024/05/30,408.6100,4.5200,+1.12,2907090,403.7700,409.0400,402.7701
2024/05/29,404.0900,0.1900,+0.05,3428787,403.0000,405.8700,401.5800
2024/05/28,403.9000,3.5100,-0.86,3321863,408.2400,408.2400,401.8700
2024/05/24,407.4100,1.5300,+0.38,2068921,406.9000,407.9599,405.5000
2024/05/23,405.8800,8.1100,-1.96,3398121,413.2500,413.2500,404.8700
2024/05/22,413.9900,0.3800,-0.09,2673507,414.9500,417.2600,412.9600
2024/05/21,414.3700,1.3700,+0.33,2740759,413.5900,415.7000,412.5600
2024/05/20,413.0000,3.9400,-0.94,3292715,417.0400,417.2800,412.6150
2024/05/17,416.9400,3.8200,+0.92,2990028,413.9800,417.3300,413.7000
2024/05/16,413.1200,0.3600,+0.09,3550693,413.8000,416.3400,412.9100
2024/05/15,412.7600,2.5200,+0.61,2857594,410.5100,413.4000,410.1000
2024/05/14,410.2400,0.9800,-0.24,2674407,410.4500,411.5592,408.1700
2024/05/13,411.2200,0.8300,-0.20,2711154,414.0600,414.2996,410.1900
2024/05/10,412.0500,3.2300,+0.79,3087837,409.8500,412.3800,409.2000
2024/05/09,408.8200,2.4500,+0.60,2358862,406.2500,408.8700,405.4600
2024/05/08,406.3700,0.2300,+0.06,2399639,406.4700,407.2290,403.7500
2024/05/07,406.1400,1.2200,+0.30,3085702,406.9300,407.2600,403.6105
2024/05/06,404.9200,4.0500,+1.01,3920908,403.9600,405.1500,399.2600
2024/05/03,400.8700,0.2700,+0.07,4130994,404.5000,404.5000,399.2100
2024/05/02,400.6000,2.0200,+0.51,2679740,401.0000,401.5600,397.8800
2024/05/01,398.5800,1.8500,+0.47,2606198,396.6100,402.3200,396.3500
2024/04/30,396.7300,4.2300,-1.05,3074765,400.5800,400.6000,396.3700
2024/04/29,400.9600,1.1400,-0.28,2365421,402.6600,404.8700,400.0800
2024/04/26,402.1000,2.8100,-0.69,3025406,403.9200,404.7500,401.4100
2024/04/25,404.9100,1.0400,-0.26,2676009,404.8500,406.1400,400.3500
2024/04/24,405.9500,2.7900,-0.68,2508495,407.1000,407.6200,403.8800
2024/04/23,408.7400,0.0400,-0.01,2288595,410.2500,410.7200,405.6400
2024/04/22,408.7800,3.7000,+0.91,2981614,406.8400,411.3500,406.2500
2024/04/19,405.0800,5.1900,+1.30,3999913,401.0400,405.5700,400.1700
2024/04/18,399.8900,2.1500,+0.54,2672415,399.7000,402.9900,399.1000
2024/04/17,397.7400,0.8200,+0.21,2466391,398.9400,399.2800,395.6610
2024/04/16,396.9200,3.3400,-0.83,3438078,400.9700,401.2500,396.5000
2024/04/15,400.2600,3.0000,-0.74,3004477,406.9900,409.0554,399.8600
2024/04/12,403.2600,4.3500,-1.07,3469707,405.0000,407.2100,401.4400
2024/04/11,407.6100,1.5000,-0.37,2891952,408.4000,411.1499,404.0531
2024/04/10,409.1100,5.5800,-1.35,3125230,412.7400,413.5600,407.5300
2024/04/09,414.6900,1.2800,-0.31,2234137,416.5800,417.3200,412.1200
2024/04/08,415.9700,2.6500,-0.63,2486651,418.3200,418.5700,415.6250
2024/04/05,418.6200,3.3000,+0.79,2739587,416.5600,419.2700,415.4100
2024/04/04,415.3200,4.9200,-1.17,3802994,423.8400,424.5200,414.5500
2024/04/03,420.2400,1.3200,+0.32,2742174,419.0000,421.9099,418.5200
2024/04/02,418.9200,1.2800,-0.30,3175139,419.7500,421.0100,418.0850
2024/04/01,420.2000,0.3200,-0.08,2718872,421.4900,421.6600,417.8100
2024/03/28,420.5200,3.5900,+0.86,4378770,417.8000,421.4400,415.8500
2024/03/27,416.9300,5.3600,+1.30,2929158,413.6500,417.2100,413.4000
2024/03/26,411.5700,1.6500,+0.40,2936406,410.0000,412.6600,408.6001
2024/03/25,409.9200,1.6800,-0.41,2808910,410.6700,411.0650,408.9244
2024/03/22,411.6000,2.1800,-0.53,3000546,413.0000,414.3500,411.4000
2024/03/21,413.7800,2.3300,-0.56,3402874,416.7000,417.8250,413.5100
2024/03/20,416.1100,4.3500,+1.06,2935528,412.0200,416.3100,411.5500
2024/03/19,411.7600,3.3500,+0.82,2804025,409.0800,412.1900,408.0900
2024/03/18,408.4100,0.2800,+0.07,3778561,408.7000,410.5999,406.0000
2024/03/15,408.1300,1.4000,+0.34,7557843,404.2700,408.4600,402.5000
2024/03/14,406.7300,1.4000,-0.34,3739644,409.0800,409.0800,403.3400
2024/03/13,408.1300,3.1500,+0.78,3586358,405.3000,409.0000,404.1500
2024/03/12,404.9800,0.2200,+0.05,2620804,406.7800,407.2000,404.1000
2024/03/11,404.7600,1.6100,+0.40,2438383,403.3000,405.0100,402.7406
2024/03/08,403.1500,0.7600,+0.19,3417859,401.0800,403.3600,400.0100
2024/03/07,402.3900,1.5700,-0.39,4187608,406.1100,406.4000,399.5699
2024/03/06,403.9600,3.2200,+0.80,3842562,402.1800,407.4400,401.6950
2024/03/05,400.7400,2.6500,-0.66,4714395,402.5500,403.3279,398.7800
2024/03/04,403.3900,3.7200,-0.91,4183800,405.0000,405.9500,401.4300
2024/03/01,407.1100,2.2900,-0.56,3284244,409.4800,410.3900,405.4500
2024/02/29,409.4000,2.7400,-0.66,4849104,413.1000,413.7900,408.3800
2024/02/28,412.1400,3.2300,+0.79,4069203,408.5000,414.6650,407.7126
2024/02/27,408.9100,0.2300,-0.06,4610892,409.2100,409.9625,401.7100
2024/02/26,409.1400,8.0800,-1.94,7446190,422.0000,430.0000,408.8468
2024/02/23,417.2200,2.0600,+0.50,4025164,417.6800,420.5600,416.5200
2024/02/22,415.1600,5.9100,+1.44,3697494,411.3000,416.2600,411.0000
2024/02/21,409.2500,2.1000,+0.52,2720475,408.2600,409.4800,406.7000
2024/02/20,407.1500,1.1600,+0.29,3534163,406.4700,411.1100,406.0600
2024/02/16,405.9900,2.5400,+0.63,3533386,404.4400,406.7400,402.5900
2024/02/15,403.4500,4.7700,+1.20,3076698,399.1400,404.2699,398.3000
2024/02/14,398.6800,3.8800,+0.98,2670953,395.1500,398.8600,393.5477
2024/02/13,394.8000,2.9100,-0.73,3459672,397.1800,399.7050,392.1000
2024/02/12,397.7100,0.6500,-0.16,2820408,398.6500,399.4800,396.1900
2024/02/09,398.3600,0.8700,+0.22,2510146,397.3100,398.3600,395.8200
2024/02/08,397.4900,0.1700,-0.04,3359311,397.2200,398.6500,394.8500
2024/02/07,397.6600,3.9200,+1.00,3429024,394.6000,399.1500,394.3600
2024/02/06,393.7400,2.9800,+0.76,2574602,390.2900,393.9300,390.0000
2024/02/05,390.7600,0.0100,+0,3653265,389.9500,393.3700,389.2850
2024/02/02,390.7500,4.3100,+1.12,3808499,386.6800,392.0700,386.4400
2024/02/01,386.4400,2.7000,+0.70,2949959,384.0000,386.5500,381.4750
2024/01/31,383.7400,3.4100,-0.88,3857684,386.5300,387.9200,383.5500
2024/01/30,387.1500,3.9700,+1.04,3094226,383.2400,387.6400,380.0800
2024/01/29,383.1800,2.2200,-0.58,3799251,385.4900,385.7000,379.1700
2024/01/26,385.4000,4.5500,+1.19,3624361,381.0500,385.7300,380.0000
2024/01/25,380.8500,4.2600,+1.13,4059189,379.2400,380.9900,377.8900
2024/01/24,376.5900,4.4500,+1.20,4594038,372.5300,377.7900,372.0300
2024/01/23,372.1400,4.0800,+1.11,2900467,368.0200,372.4200,367.7050
2024/01/22,368.0600,1.0700,+0.29,3558313,368.0500,369.2700,366.5300
2024/01/19,366.9900,4.6100,+1.27,4092548,362.2500,368.3100,361.0200
2024/01/18,362.3800,3.0900,+0.86,3008442,359.2500,362.6400,358.3000
2024/01/17,359.2900,1.8100,-0.50,2551707,359.0100,362.5300,357.9800
2024/01/16,361.1000,2.5200,-0.69,3047780,362.9400,363.6000,359.8900
2024/01/12,363.6200,0.2800,+0.08,2623907,366.5100,366.8500,362.5672
2024/01/11,363.3400,4.5800,-1.24,3579713,367.8100,367.8900,362.1300
2024/01/10,367.9200,1.0200,+0.28,2448737,366.2600,368.8300,365.7500
2024/01/09,366.9000,1.2800,-0.35,2999607,368.0000,368.0000,364.7700
2024/01/08,368.1800,2.5900,+0.71,3454065,366.0100,368.3000,364.2000
2024/01/05,365.5900,1.9100,+0.53,2965666,364.8300,366.3008,364.1900
2024/01/04,363.6800,3.0700,-0.84,4144302,367.4100,369.3700,363.4100
2024/01/03,366.7500,4.2900,+1.18,4322822,362.0800,367.8500,361.0710
2024/01/02,362.4600,5.8000,+1.63,4740903,356.3200,362.5700,355.9400
2023/12/29,356.6600,0.9100,-0.25,3270014,357.5600,357.8600,355.3100
2023/12/28,357.5700,0.6200,+0.17,2742792,357.4800,358.6800,356.7250
2023/12/27,356.9500,0.1200,+0.03,2478787,355.9300,357.0800,355.5000
2023/12/26,356.8300,0.3600,+0.10,1965105,356.9000,357.7700,356.0800
2023/12/22,356.4700,0.3300,+0.09,2333775,356.5000,358.2600,355.4063
2023/12/21,356.1400,0.7900,+0.22,2852723,356.0200,357.2000,353.6300
2023/12/20,355.3500,6.4500,-1.78,3930397,361.5200,361.6600,355.1200
2023/12/19,361.8000,2.1500,+0.60,3085367,360.1500,362.5500,359.0900
2023/12/18,359.6500,3.1500,+0.88,4527792,357.4200,361.1400,357.0000
2023/12/15,356.5000,1.6200,-0.45,8579201,357.6300,358.0000,354.2000
2023/12/14,358.1200,3.9100,-1.08,5516384,364.0500,364.0500,356.3800
2023/12/13,362.0300,2.0100,+0.56,3161868,360.1900,362.1500,359.0433
2023/12/12,360.0200,2.9600,+0.83,3193023,357.9000,360.4050,356.7600
2023/12/11,357.0600,3.9800,+1.13,3111595,355.0000,357.4900,354.2100
2023/12/08,353.0800,0.3800,+0.11,3289270,353.0000,353.6700,351.0200
2023/12/07,352.7000,0.3200,+0.09,2833348,352.0000,353.0200,350.8500
2023/12/06,352.3800,2.6500,-0.75,3040448,356.1500,357.4500,351.8900
2023/12/05,355.0300,1.6300,-0.46,3281046,355.2300,356.6000,352.2900
2023/12/04,356.6600,0.4100,-0.11,3054245,355.9100,357.8300,353.7900
2023/12/01,357.0700,2.9300,-0.81,4706958,359.9400,360.2400,355.3000
2023/11/30,360.0000,1.3100,+0.37,4607404,359.4500,360.4300,358.4200
2023/11/29,358.6900,1.3600,-0.38,3141450,360.9500,361.5200,358.3001
2023/11/28,360.0500,1.2900,-0.36,2958540,361.5500,362.1200,359.2100
2023/11/27,361.3400,1.3400,-0.37,2583674,362.6400,362.6400,359.5800
2023/11/24,362.6800,0.8800,+0.24,1281978,362.5100,363.1919,361.2400
2023/11/22,361.8000,0.8000,+0.22,2110602,361.7600,362.4600,360.0500
2023/11/21,361.0000,0.3300,-0.09,2919342,360.5800,363.0300,360.2500
2023/11/20,361.3300,2.4000,+0.67,3219051,359.3500,362.6100,358.1800
2023/11/17,358.9300,0.9300,-0.26,3260955,360.4700,360.5600,358.0700
2023/11/16,359.8600,3.0700,+0.86,2830358,357.7900,360.0000,357.2300
2023/11/15,356.7900,2.5400,+0.72,3577350,355.0200,357.3100,354.4822
2023/11/14,354.2500,4.2400,+1.21,3388316,352.5200,355.9500,351.2500
2023/11/13,350.0100,0.5500,-0.16,2196921,350.0900,350.6475,348.8100
2023/11/10,350.5600,2.3800,+0.68,3702339,349.6000,351.2000,348.6000
2023/11/09,348.1800,1.8800,+0.54,3054272,347.6400,350.1100,346.8816
2023/11/08,346.3000,0.1300,+0.04,2604356,346.8500,348.0000,344.6871
2023/11/07,346.1700,0.4600,-0.13,3063822,346.8100,346.9500,344.2950
2023/11/06,346.6300,5.1800,-1.47,5489338,354.0300,354.0300,344.0600
2023/11/03,351.8100,2.7900,+0.80,4410901,350.1700,354.3500,349.7900
2023/11/02,349.0200,5.2700,+1.53,3437737,346.3900,349.3850,344.5000
2023/11/01,343.7500,2.4200,+0.71,2790593,341.2100,345.3300,340.5800
2023/10/31,341.3300,3.9200,+1.16,3067894,337.9500,341.4900,337.5000
2023/10/30,337.4100,5.7000,+1.72,2635839,332.9600,338.3600,332.1750
2023/10/27,331.7100,4.4500,-1.32,3609115,336.1200,336.1900,330.5800
2023/10/26,336.1600,0.7400,-0.22,2687088,337.0700,338.3150,335.4600
2023/10/25,336.9000,1.7300,-0.51,2624711,338.5900,339.6200,336.5500
2023/10/24,338.6300,1.7900,+0.53,2356386,338.1800,339.8500,337.7700
2023/10/23,336.8400,0.9800,+0.29,2795170,334.0700,338.8800,333.4900
2023/10/20,335.8600,2.8000,-0.83,3472804,338.1500,340.0000,334.3500
2023/10/19,338.6600,2.2300,-0.65,2745685,340.3100,342.6900,338.4500
2023/10/18,340.8900,4.5000,-1.30,2978004,344.7200,344.8300,339.9600
2023/10/17,345.3900,0.8400,-0.24,2999308,346.1800,348.4091,344.1500
2023/10/16,346.2300,1.1400,+0.33,3120530,348.0000,349.9400,345.8300
2023/10/13,345.0900,0.5700,-0.16,2805970,346.0000,348.4400,343.8800
2023/10/12,345.6600,2.7700,-0.79,2678343,348.2100,348.6600,343.0200
2023/10/11,348.4300,0.1300,-0.04,2621414,349.3800,349.6000,344.9200
2023/10/10,348.5600,3.1100,+0.90,2859909,347.0000,349.5100,345.5000
2023/10/09,345.4500,0.8900,-0.26,2763106,344.2400,345.9000,342.8300
2023/10/06,346.3400,1.2800,+0.37,3176158,344.1000,348.7600,341.8600
2023/10/05,345.0600,1.3700,+0.40,3029114,343.7000,345.9400,342.3700
2023/10/04,343.6900,0.6500,+0.19,3245444,342.9200,344.0100,339.5100
2023/10/03,343.0400,5.0400,-1.45,3153221,347.3900,348.2441,342.1300
2023/10/02,348.0800,2.2200,-0.63,3529125,349.6400,350.0000,345.4100
2023/09/29,350.3000,6.7600,-1.89,4935674,357.3000,357.5000,348.5500
2023/09/28,357.0600,0.7200,-0.20,2734400,357.8000,359.4700,356.6700
2023/09/27,357.7800,1.6400,-0.46,3537042,360.0100,360.5200,354.2700
2023/09/26,359.4200,2.2900,-0.63,3070751,359.8000,360.7900,357.9500
2023/09/25,361.7100,1.5500,+0.43,2561880,359.0100,361.8900,357.2700
2023/09/22,360.1600,3.1200,-0.86,3970107,362.7800,363.4200,359.7600
2023/09/21,363.2800,3.5400,-0.97,3179013,366.5600,367.2000,362.9400
2023/09/20,366.8200,3.6600,-0.99,2272080,371.3300,371.3427,366.7300
2023/09/19,370.4800,0.0500,+0.01,2606955,371.6400,373.3400,368.4600
2023/09/18,370.4300,2.5700,+0.70,3131548,369.3300,371.3300,367.7850
2023/09/15,367.8600,1.6400,-0.44,11615119,368.5200,370.2000,367.5200
2023/09/14,369.5000,1.6800,+0.46,3677865,370.1000,370.2200,368.2600
2023/09/13,367.8200,0.0400,+0.01,3265928,369.3300,370.8400,365.9700
2023/09/12,367.7800,2.2600,+0.62,2901774,365.6500,370.4300,365.4700
2023/09/11,365.5200,2.3700,+0.65,2926680,364.8700,366.6100,364.5100
2023/09/08,363.1500,1.3500,+0.37,3022938,362.5200,364.8300,361.7700
2023/09/07,361.8000,0.1300,+0.04,3264576,360.9600,363.3000,360.8700
2023/09/06,361.6700,1.2000,+0.33,2656676,360.0200,362.8000,359.2570
2023/09/05,360.4700,1.9900,-0.55,2977246,363.8800,366.4700,360.0000
2023/09/01,362.4600,2.2600,+0.63,2638297,361.9999,363.3900,360.6000
2023/08/31,360.2000,0.8600,-0.24,2845092,362.1800,362.4700,359.2500
2023/08/30,361.0600,2.7700,+0.77,3063438,358.6300,362.6800,358.6000
2023/08/29,358.2900,2.7400,+0.77,2286942,355.0400,358.5900,354.0100
2023/08/28,355.5500,0.3800,-0.11,1729035,357.8900,358.4100,354.5300
2023/08/25,355.9300,1.6300,+0.46,2137549,354.9900,357.3500,352.9200
2023/08/24,354.3000,0.0400,+0.01,2526601,354.3500,357.2276,354.1300
2023/08/23,354.2600,3.6900,+1.05,2241066,351.6300,354.3200,351.5400
2023/08/22,350.5700,1.5200,-0.43,2366926,353.0100,353.4999,349.6601
2023/08/21,352.0900,0.4700,-0.13,2543100,354.0900,354.1800,349.6100
2023/08/18,352.5600,0.6300,-0.18,2870910,351.4700,354.3000,351.2500
2023/08/17,353.1900,0.9200,-0.26,2851173,354.0100,356.3000,351.8800
2023/08/16,354.1100,0.3900,-0.11,2196921,354.6000,358.7203,353.3800
2023/08/15,354.5000,3.9800,-1.11,2866087,357.0000,357.9200,353.6700
2023/08/14,358.4800,0.1300,+0.04,1991973,358.2500,358.9500,356.8100
2023/08/11,358.3500,1.3700,+0.38,2476339,356.2600,359.2512,353.2000
2023/08/10,356.9800,1.0400,-0.29,3099505,359.3600,362.3500,355.9200
2023/08/09,358.0200,5.7100,-1.57,4425837,364.2000,364.4300,356.0600
2023/08/08,363.7300,1.1500,+0.32,3430319,359.4200,364.2500,358.8500
2023/08/07,362.5800,12.5900,+3.60,5385741,355.7300,364.6300,355.1500
2023/08/04,349.9900,3.8200,-1.08,2843922,353.9900,355.1100,349.3900
2023/08/03,353.8100,2.6200,+0.75,2943675,350.2900,354.4700,349.4150
2023/08/02,351.1900,1.0700,-0.30,3088573,351.4500,352.8890,349.6900
2023/08/01,352.2600,0.3000,+0.09,2296703,352.0300,353.4200,351.2500
2023/07/31,351.9600,2.1500,+0.61,2622162,350.7300,352.3300,350.2100
2023/07/28,349.8100,0.5000,+0.14,2473823,349.9300,351.0000,348.3200
2023/07/27,349.3100,0.4900,-0.14,2712061,350.6900,351.2700,348.6000
2023/07/26,349.8000,2.2200,+0.64,2684530,347.5600,351.0900,347.5200
2023/07/25,347.5800,2.0500,-0.59,3016291,349.3200,349.6600,345.5400
2023/07/24,349.6300,3.8700,+1.12,3270037,346.7700,351.1900,346.2800
2023/07/21,345.7600,0.8500,-0.25,3302140,346.7550,347.6200,345.1000
2023/07/20,346.6100,4.1800,+1.22,3147635,343.0900,346.7900,342.8500
2023/07/19,342.4300,2.9100,-0.84,3037697,344.2100,345.3800,341.9900
2023/07/18,345.3400,1.0900,+0.32,2569008,344.0500,347.2500,343.5400
2023/07/17,344.2500,3.1600,+0.93,2361019,341.0900,345.7200,341.0900
2023/07/14,341.0900,2.4500,-0.71,2675172,344.9900,345.0000,340.5100
2023/07/13,343.5400,1.8100,-0.52,2833854,345.6000,346.2050,343.4500
2023/07/12,345.3500,1.9800,+0.58,2899407,345.2900,346.4400,344.3100
2023/07/11,343.3700,2.2400,+0.66,2755374,341.2300,343.8400,340.9250
2023/07/10,341.1300,0.2300,+0.07,2966941,340.4800,343.4800,339.8650
2023/07/07,340.9000,0.5600,-0.16,2942066,340.5200,344.0700,340.3850
2023/07/06,341.4600,0.1000,-0.03,2550399,339.7500,341.8000,338.9100
2023/07/05,341.5600,0.4400,-0.13,2875644,340.0500,341.8900,338.7000
2023/07/03,342.0000,1.0000,+0.29,2047440,340.7500,342.0800,338.4100
2023/06/30,341.0000,4.0900,+1.21,4522066,338.7800,342.5000,338.4000
2023/06/29,336.9100,2.7600,+0.83,2499138,334.2600,337.0100,334.1400
2023/06/28,334.1500,1.1900,-0.35,3216531,336.0500,336.4000,332.6100
2023/06/27,335.3400,1.2200,+0.37,2626698,334.3900,336.7300,334.3700
2023/06/26,334.1200,1.1300,-0.34,3221884,335.1700,335.8250,331.8400
2023/06/23,335.2500,1.7100,-0.51,4453846,335.1000,337.4700,334.1900
2023/06/22,336.9600,1.6500,-0.49,3304552,338.8400,338.8500,335.6600
2023/06/21,338.6100,0.0600,-0.02,4507761,337.3000,341.3500,336.3700
2023/06/20,338.6700,0.3600,+0.11,3752659,338.1500,339.2800,336.6212
2023/06/16,338.3100,1.5100,-0.44,8487204,341.0200,341.3000,337.6600
2023/06/15,339.8200,3.9200,+1.17,4116957,335.9700,341.6800,335.5400
2023/06/14,335.9000,0.4900,-0.15,5167308,337.2200,340.3800,334.0900
2023/06/13,336.3900,2.7900,+0.84,2953682,333.2200,336.6200,332.2000
2023/06/12,333.6000,1.6900,-0.50,2874530,335.1600,335.3450,332.2200
2023/06/09,335.2900,0.6600,-0.20,2619487,335.7600,337.5900,334.9150
2023/06/08,335.9500,0.5300,+0.16,2759715,335.4900,336.3200,334.1000
2023/06/07,335.4200,2.0100,+0.60,3730381,334.0100,335.8200,331.4300
2023/06/06,333.4100,4.8300,+1.47,3183994,329.0400,334.1600,328.6800
2023/06/05,328.5800,0.9000,-0.27,3092174,330.8900,329.5900,327.5700
2023/06/02,329.4800,6.3600,+1.97,3962988,325.1600,330.6700,324.4200
2023/06/01,323.1200,2.0400,+0.64,3377699,321.4200,323.2200,319.5300
2023/05/31,321.0800,1.1100,-0.34,6175417,321.1200,322.4100,319.3900
2023/05/30,322.1900,1.5900,+0.50,3232461,321.8600,322.4700,319.0000
2023/05/26,320.6000,1.5800,+0.50,3229873,320.4400,322.6300,319.6650
2023/05/25,319.0200,1.1800,-0.37,4251935,320.5600,320.5600,317.7100
2023/05/24,320.2000,2.9100,-0.90,3075393,322.7100,323.0000,319.5600
2023/05/23,323.1100,6.0200,-1.83,4031342,328.1900,329.2700,322.9700
2023/05/22,329.1300,1.2600,-0.38,2763422,330.7500,331.4900,328.3500
2023/05/19,330.3900,0.6300,+0.19,4323538,331.0000,333.9400,329.1200
2023/05/18,329.7600,2.3700,+0.72,2808329,326.8700,329.9800,325.8500
2023/05/17,327.3900,3.6400,+1.12,3047626,325.0200,328.2600,324.8200
2023/05/16,323.7500,0.2200,+0.07,2139996,322.4600,324.6900,322.3550
2023/05/15,323.5300,1.0400,+0.32,2191609,322.8900,323.8300,320.1300
2023/05/12,322.4900,0.1500,-0.05,1938264,323.8200,324.2422,320.5400
2023/05/11,322.6400,0.3500,-0.11,2549339,320.9950,322.9600,319.8050
2023/05/10,322.9900,1.8800,-0.58,2641134,326.0800,326.1600,320.1501
2023/05/09,324.8700,1.2700,-0.39,2285924,324.8700,326.8800,323.4800
2023/05/08,326.1400,2.2600,+0.70,3303393,328.2600,330.6900,325.7900
2023/05/05,323.8800,3.8800,+1.21,3876299,323.3600,325.1600,322.6200
2023/05/04,320.0000,3.2200,-1.00,3194768,323.4400,325.9900,317.4100
2023/05/03,323.2200,2.6400,-0.81,2660456,327.1300,328.0700,323.0600
2023/05/02,325.8600,4.3100,-1.31,3369713,330.1500,330.2500,322.7601
2023/05/01,330.1700,1.6200,+0.49,2465391,329.1600,331.8400,328.5700
2023/04/28,328.5500,2.3200,+0.71,2912387,325.4400,328.8100,325.1900
2023/04/27,326.2300,5.7000,+1.78,2951130,322.8600,326.9100,322.1100
2023/04/26,320.5300,3.8100,-1.17,2721238,323.3100,323.7400,319.0000
2023/04/25,324.3400,1.7100,-0.52,2554381,325.9900,327.1000,324.1100
2023/04/24,326.0500,1.7200,+0.53,2262391,324.4300,326.3950,324.3000
2023/04/21,324.3300,0.5100,+0.16,2405869,322.3600,324.8500,321.6100
2023/04/20,323.8200,0.7300,+0.23,2429179,322.2000,324.3693,321.3240
2023/04/19,323.0900,1.5400,-0.47,2410917,323.8500,324.5500,322.7600
2023/04/18,324.6300,0.8400,+0.26,3582623,324.9500,325.7242,322.4950
2023/04/17,323.7900,4.0500,+1.27,3426342,320.2000,323.9800,319.0000
2023/04/14,319.7400,1.6900,+0.53,2976417,318.8900,321.8800,318.1200
2023/04/13,318.0500,3.5000,+1.11,3325989,315.2700,318.8100,313.2600
2023/04/12,314.5500,0.8500,+0.27,2663461,315.9700,316.9200,313.7200
2023/04/11,313.7000,1.0800,+0.35,3109850,312.5600,315.9400,311.7700
2023/04/10,312.6200,0.1100,+0.04,2331743,311.4100,313.7000,310.3350
2023/04/06,312.5100,2.1200,+0.68,3132148,309.8200,313.2200,309.0500
2023/04/05,310.3900,1.3200,+0.43,2314853,307.8500,311.0700,307.8500
2023/04/04,309.0700,1.2400,-0.40,2740754,310.7600,311.0000,307.0700
2023/04/03,310.3100,1.5400,+0.50,4863537,309.2500,311.5000,308.2400
2023/03/31,308.7700,3.6900,+1.21,5022204,305.9000,308.8100,304.9877
2023/03/30,305.0800,0.2200,-0.07,2694985,307.0900,307.4700,302.5772
2023/03/29,305.3000,2.9800,+0.99,2651414,304.8000,305.3800,303.3600
2023/03/28,302.3200,0.1800,+0.06,2437683,301.9300,302.7200,300.5901
2023/03/27,302.1400,3.2200,+1.08,3835260,300.8800,303.2100,298.9700
2023/03/24,298.9200,0.5500,+0.18,3905988,294.6800,299.5000,293.3947
2023/03/23,298.3700,1.3600,-0.45,4016197,301.3900,302.0799,296.3000
2023/03/22,299.7300,4.1200,-1.36,3089313,303.7200,307.0500,299.6500
2023/03/21,303.8500,2.7900,+0.93,4725100,304.5600,305.6300,302.2500
2023/03/20,301.0600,7.5500,+2.57,6059923,295.5700,301.5100,295.0600
2023/03/17,293.5100,8.5000,-2.81,15611270,301.3000,301.3000,292.4200
2023/03/16,302.0100,4.1300,+1.39,6327578,296.3700,304.4300,295.3600
2023/03/15,297.8800,7.4500,-2.44,7165298,300.0200,300.5500,294.9000
2023/03/14,305.3300,2.4500,+0.81,5255174,306.9200,307.5500,301.6800
2023/03/13,302.8800,0.7500,-0.25,4993820,301.7500,306.5900,300.7600
2023/03/10,303.6300,1.1900,-0.39,5297790,302.9500,306.7200,301.9200
2023/03/09,304.8200,6.5500,-2.10,3934324,311.0000,313.1800,303.9388
2023/03/08,311.3700,0.2500,+0.08,2706760,310.7200,312.6750,309.2522
2023/03/07,311.1200,5.8500,-1.85,3610304,316.3900,316.5000,310.2300
2023/03/06,316.9700,4.5200,+1.45,4892345,312.8200,317.2900,312.4300
2023/03/03,312.4500,4.7000,+1.53,4493702,309.5600,312.6600,308.5000
2023/03/02,307.7500,3.1300,+1.03,3153781,303.6600,308.1000,301.4450
2023/03/01,304.6200,0.5600,-0.18,3400537,304.0200,305.6200,302.0800
2023/02/28,305.1800,0.5200,+0.17,4737739,304.8900,306.1500,303.4100
2023/02/27,304.6600,0.6400,+0.21,3652907,304.3700,305.7800,302.0100
2023/02/24,304.0200,0.9500,+0.31,3659339,300.4000,305.6200,300.0100
2023/02/23,303.0700,0.0900,-0.03,2739656,305.0100,305.5600,300.2500
2023/02/22,303.1600,0.4400,+0.15,2900326,303.2000,305.2750,301.7700
2023/02/21,302.7200,5.5200,-1.79,4131732,306.1700,307.3000,300.5000
2023/02/17,308.2400,0.0600,+0.02,2721407,307.1500,308.4100,305.4800
2023/02/16,308.1800,1.4500,-0.47,2803844,307.5800,310.2000,306.8700
2023/02/15,309.6300,1.1600,-0.37,2411819,309.9800,310.3700,308.2800
2023/02/14,310.7900,2.9500,-0.94,2908849,313.7800,314.1000,309.0400
2023/02/13,313.7400,3.8500,+1.24,3261952,310.3000,313.7400,309.6200
2023/02/10,309.8900,2.6800,+0.87,2811155,307.0800,309.9800,305.2800
2023/02/09,307.2100,1.2700,-0.41,3462603,310.1700,311.4200,306.9900
2023/02/08,308.4800,4.4900,-1.43,3370587,311.1200,313.4100,308.0100
2023/02/07,312.9700,4.5400,+1.47,3788007,307.3000,314.1500,306.6300
2023/02/06,308.4300,0.0800,-0.03,2980217,308.2500,308.8000,305.6000
2023/02/03,308.5100,3.3500,-1.07,5387548,311.0000,311.5500,305.9210
2023/02/02,311.8600,1.2900,+0.42,4430266,312.3500,312.6000,308.3000
2023/02/01,310.5700,0.9500,-0.30,3520304,309.6300,312.6700,306.3800
2023/01/31,311.5200,4.1900,+1.36,3655334,307.7400,311.8600,305.7900
2023/01/30,307.3300,1.8400,-0.60,3475781,307.6000,309.5115,306.8100
2023/01/27,309.1700,1.7800,-0.57,3034223,309.7900,311.7300,308.3400
2023/01/26,310.9500,0.9500,-0.30,2858754,312.9900,313.6800,309.5800
2023/01/25,311.9000,0.6000,+0.19,2300785,308.3300,312.5500,307.7100
2023/01/24,311.3000,0.8800,+0.28,2234333,309.3000,312.8300,307.5000
2023/01/23,310.4200,0.5500,+0.18,3088133,309.6300,312.7300,306.8501
2023/01/20,309.8700,4.6400,+1.52,3772210,305.2100,310.0100,304.3626
2023/01/19,305.2300,3.0700,-1.00,3615144,306.1200,307.2350,303.8600
2023/01/18,308.3000,6.5600,-2.08,3408726,315.0000,315.5400,307.7500
2023/01/17,314.8600,2.7800,-0.88,3479442,318.4000,318.5200,314.2500
2023/01/13,317.6400,1.2900,-0.40,2773650,317.4900,318.4200,315.7900
2023/01/12,318.9300,1.4400,-0.45,3075151,321.1500,321.3200,317.7200
2023/01/11,320.3700,4.0200,+1.27,3001242,318.5200,320.5700,316.6000
2023/01/10,316.3500,0.8200,+0.26,3050322,315.0000,316.8000,313.3400
2023/01/09,315.5300,3.1600,-0.99,4399047,319.0200,320.5000,314.7500
2023/01/06,318.6900,5.7900,+1.85,3648810,315.0000,320.1600,313.3800
2023/01/05,312.9000,1.6500,-0.52,3418149,313.5740,314.2300,310.0000
2023/01/04,314.5500,4.6400,+1.50,5122121,312.0000,316.8900,311.2500
2023/01/03,309.9100,1.0100,+0.33,3551418,310.0700,312.3850,307.3800
2022/12/30,308.9000,0.1600,-0.05,3298865,306.9500,309.0400,305.6212
2022/12/29,309.0600,5.6300,+1.86,2848063,305.9400,309.3800,305.2350
2022/12/28,303.4300,2.1200,-0.69,2628685,304.7700,307.4607,303.2600
2022/12/27,305.5500,0.9400,-0.31,2731731,306.4500,308.5750,304.6500
2022/12/23,306.4900,3.8000,+1.26,2460858,302.8800,306.5700,300.9250
2022/12/22,302.6900,5.1300,-1.67,3560763,306.1000,306.5000,297.6391
2022/12/21,307.8200,5.8200,+1.93,3265614,304.3800,308.5400,304.1600
2022/12/20,302.0000,1.9700,+0.66,3091869,300.0900,304.1900,297.0000
2022/12/19,300.0300,0.0300,+0.01,3842880,300.5100,301.4800,297.1500
2022/12/16,300.0000,1.9100,-0.63,8308365,299.0500,302.4700,297.7600
2022/12/15,301.9100,7.3800,-2.39,5107189,306.4300,306.9600,299.4450
2022/12/14,309.2900,3.0400,-0.97,4057911,312.7400,316.3596,308.4000
2022/12/13,312.3300,0.8800,+0.28,5043156,318.4000,318.9100,310.8200
2022/12/12,311.4500,5.0600,+1.65,4367987,307.5500,311.9100,305.4600
2022/12/09,306.3900,0.4000,+0.13,3327110,305.3200,308.3400,304.7100
2022/12/08,305.9900,0.1700,+0.06,2353269,306.0000,307.4899,305.0900
2022/12/07,305.8200,1.9600,-0.64,4132430,307.0700,309.3842,304.9150
2022/12/06,307.7800,2.7900,-0.90,3877585,309.9500,310.2900,306.3500
2022/12/05,310.5700,5.5800,-1.76,3836532,315.2200,315.6600,308.7300
2022/12/02,316.1500,0.3100,+0.10,3026517,313.4900,316.3800,312.7500
2022/12/01,315.8400,2.7600,-0.87,4354849,319.0000,319.5600,313.3000
2022/11/30,318.6000,3.4700,+1.10,7924360,315.1300,318.6000,308.7000
2022/11/29,315.1300,1.8600,+0.59,3742168,311.8900,315.2900,311.3500
2022/11/28,313.2700,4.1600,-1.31,4232097,316.2500,317.6400,312.3300
2022/11/25,317.4300,1.2500,+0.40,1844916,317.5200,319.1200,316.1800
2022/11/23,316.1800,0.4200,+0.13,2685619,315.3850,316.4292,314.0700
2022/11/22,315.7600,4.5600,+1.47,3172808,313.0000,316.5550,312.0500
2022/11/21,311.2000,0.4400,+0.14,2863030,310.8100,312.9000,308.5800
2022/11/18,310.7600,3.3200,+1.08,3397072,310.5500,311.2000,308.6150
2022/11/17,307.4400,1.3200,-0.43,3064676,305.7000,307.6200,304.1500
2022/11/16,308.7600,1.2200,-0.39,2971379,310.9300,311.5500,306.7400
2022/11/15,309.9800,1.0700,+0.35,4373585,313.6650,313.8900,307.1838
2022/11/14,308.9100,0.8100,-0.26,4639814,310.0000,311.8400,308.8400
2022/11/11,309.7200,6.5200,+2.15,6572828,305.5600,311.3300,302.6000
2022/11/10,303.2000,14.5500,+5.04,5695773,297.1100,303.5000,294.5400
2022/11/09,288.6500,3.9600,-1.35,2760166,291.9800,292.4000,288.0600
2022/11/08,292.6100,2.4200,+0.83,3563780,291.1100,294.7430,289.0100
2022/11/07,290.1900,2.7200,+0.95,3524850,290.9200,292.1000,288.6500
2022/11/04,287.4700,3.6200,+1.28,3709955,286.7700,289.2000,282.3800
2022/11/03,283.8500,5.6100,-1.94,3126390,286.0200,287.4700,283.4600
2022/11/02,289.4600,4.6700,-1.59,4274735,293.0400,298.2600,289.4200
2022/11/01,294.1300,0.9600,-0.33,3838233,298.4500,298.8700,293.0400
2022/10/31,295.0900,4.5400,-1.52,4627809,297.9800,298.8900,294.8500
2022/10/28,299.6300,9.7500,+3.36,4629639,292.7700,299.9800,291.4800
2022/10/27,289.8800,1.3600,+0.47,4275741,290.3100,294.0000,288.8500
2022/10/26,288.5200,0.7200,-0.25,3295328,289.7500,291.8000,287.6800
2022/10/25,289.2400,1.7600,+0.61,3175402,288.7650,289.8700,286.8800
2022/10/24,287.4800,4.9700,+1.76,3862212,284.1000,289.3400,283.9900
2022/10/21,282.5100,8.9800,+3.28,4996771,273.7600,282.9200,271.4600
2022/10/20,273.5300,4.8100,-1.73,3918510,278.0700,279.4399,273.0000
2022/10/19,278.3400,3.3300,-1.18,3215800,280.3300,282.3800,276.9677
2022/10/18,281.6700,4.6500,+1.68,4294758,282.7400,283.3600,279.2500
2022/10/17,277.0200,4.3500,+1.60,4455948,276.4800,278.5900,275.3000
2022/10/14,272.6700,3.1100,-1.13,4292818,277.5900,279.2200,271.9700
2022/10/13,275.7800,11.7800,+4.46,5485173,260.5800,276.7800,259.8500
2022/10/12,264.0000,3.3100,-1.24,3345004,267.3100,267.5200,263.9600
2022/10/11,267.3100,0.3800,+0.14,3443003,266.1000,270.9700,265.6100
2022/10/10,266.9300,2.1100,-0.78,3108090,269.8900,270.2150,265.8600
2022/10/07,269.0400,7.2700,-2.63,4273211,274.4400,274.4950,267.4800
2022/10/06,276.3100,3.0500,-1.09,3396390,278.2000,279.8500,275.9000
2022/10/05,279.3600,1.1300,-0.40,3351571,276.8700,280.8800,275.8400
2022/10/04,280.4900,7.6900,+2.82,4636293,277.4200,281.3000,276.6000
2022/10/03,272.8000,5.7800,+2.16,4903523,269.5200,274.5700,267.1600
2022/09/30,267.0200,2.5600,-0.95,6059434,269.2100,272.9400,266.6000
2022/09/29,269.5800,2.2000,-0.81,5211637,269.8900,272.1700,265.5900
2022/09/28,271.7800,6.3100,+2.38,5942582,265.6500,273.6000,264.9100
2022/09/27,265.4700,1.1500,+0.44,5768879,266.9900,267.9300,261.5500
2022/09/26,264.3200,3.4500,-1.29,4929897,265.8200,267.8400,263.3679
2022/09/23,267.7700,0.7400,-0.28,5176838,266.0100,268.1400,264.2400
2022/09/22,268.5100,2.2300,-0.82,4122179,271.0300,271.5000,268.2700
2022/09/21,270.7400,6.3900,-2.31,3956232,278.9000,278.9200,270.7200
2022/09/20,277.1300,1.8200,-0.65,3278187,277.1700,278.0400,274.6100
2022/09/19,278.9500,4.1400,+1.51,3292287,272.7900,279.1300,272.7200
2022/09/16,274.8100,1.8900,-0.68,7289900,275.3500,276.3750,273.2600
2022/09/15,276.7000,1.7200,-0.62,3279225,278.6900,281.2700,276.3600
2022/09/14,278.4200,0.1300,+0.05,3721356,279.0000,280.2050,275.6400
2022/09/13,278.2900,10.2200,-3.54,4586374,283.9900,285.1438,277.5000
2022/09/12,288.5100,2.7400,+0.96,3410683,286.7000,289.2406,286.0333
2022/09/09,285.7700,2.4300,+0.86,3128967,284.5350,287.0200,284.1300
2022/09/08,283.3400,2.3000,+0.82,3543267,278.5800,283.4000,277.2900
2022/09/07,281.0400,4.4500,+1.61,3511375,275.7400,281.7400,275.4200
2022/09/06,276.5900,1.0800,-0.39,4363702,278.0100,279.4900,275.3550
2022/09/02,277.6700,4.7600,-1.69,3796304,284.8400,285.4200,276.3650
2022/09/01,282.4300,1.6300,+0.58,3767438,279.9500,282.6800,277.3100
2022/08/31,280.8000,4.6200,-1.62,5007109,287.2500,288.0100,280.4400
2022/08/30,285.4200,2.0300,-0.71,3227458,288.7200,289.3200,284.7711
2022/08/29,287.4500,2.5100,-0.87,3101174,288.4000,289.8300,285.7500
2022/08/26,289.9600,8.1700,-2.74,5280739,299.4100,299.6300,289.6500
2022/08/25,298.1300,4.6100,+1.57,3465799,293.7100,298.4800,292.8323
2022/08/24,293.5200,3.8700,+1.34,3266775,290.0000,294.0000,289.4603
2022/08/23,289.6500,0.9600,+0.33,2596728,288.8500,291.6400,288.1500
2022/08/22,288.6900,8.5900,-2.89,4716455,294.0000,294.4700,287.8600
2022/08/19,297.2800,6.9900,-2.30,4617015,302.9500,303.2200,296.8100
2022/08/18,304.2700,0.0100,+0,2783620,304.4400,304.5700,301.5500
2022/08/17,304.2600,2.3900,-0.78,2963923,305.2200,306.8900,302.7400
2022/08/16,306.6500,3.8300,+1.26,3344335,304.9900,308.1500,303.7600
2022/08/15,302.8200,1.2700,+0.42,2929312,298.6400,303.7600,297.4000
2022/08/12,301.5500,5.0800,+1.71,3233809,297.9000,301.6900,297.0000
2022/08/11,296.4700,1.3600,+0.46,3146890,298.0000,299.0600,296.1200
2022/08/10,295.1100,2.3400,+0.80,3708840,296.4800,296.9300,294.1000
2022/08/09,292.7700,0.4300,+0.15,3873083,293.3500,297.5708,291.9300
2022/08/08,292.3400,0.2700,+0.09,3969779,294.8700,299.3300,292.2700
2022/08/05,292.0700,0.8400,-0.29,3397499,291.8700,294.1000,290.4250
2022/08/04,292.9100,2.0500,-0.70,3949668,294.7300,295.9800,292.6200
2022/08/03,294.9600,2.7900,+0.95,4062173,295.0500,295.8800,291.1000
2022/08/02,292.1700,3.6900,-1.25,3168448,294.8700,295.5300,291.9200
2022/08/01,295.8600,4.7400,-1.58,4196074,299.7000,299.7000,294.8300
2022/07/29,300.6000,6.7000,+2.28,6983576,297.4200,302.4000,295.4314
2022/07/28,293.9000,3.6000,+1.24,3991272,291.1800,294.0300,286.7700
2022/07/27,290.3000,4.9900,+1.75,3616585,287.6700,291.5600,285.7000
2022/07/26,285.3100,2.6800,-0.93,2513418,287.7900,288.7147,284.6546
2022/07/25,287.9900,2.0600,+0.72,3138226,287.2100,289.0650,285.1534
2022/07/22,285.9300,0.9200,-0.32,2877341,288.1000,289.4000,283.6150
2022/07/21,286.8500,0.8100,+0.28,3700275,287.0000,287.2400,282.0900
2022/07/20,286.0400,2.4900,+0.88,3879170,284.6400,286.4400,283.9000
2022/07/19,283.5500,7.2900,+2.64,3591904,279.0000,284.0800,278.1700
2022/07/18,276.2600,2.2200,-0.80,3274902,281.5000,281.5000,275.2100
2022/07/15,278.4800,4.0700,+1.48,4548506,277.5300,280.0000,276.0600
2022/07/14,274.4100,3.0600,-1.10,3889463,273.0000,275.3450,271.2000
2022/07/13,277.4700,0.1900,+0.07,4199491,275.3700,280.0900,274.4529
2022/07/12,277.2800,1.2300,-0.44,3033742,277.5700,282.1800,276.6550
2022/07/11,278.5100,2.3200,-0.83,2865411,279.3800,281.4563,277.8701
2022/07/08,280.8300,1.5500,+0.55,2985777,279.7900,282.6100,279.2500
2022/07/07,279.2800,3.6300,+1.32,3952851,277.5000,279.5900,277.1000
2022/07/06,275.6500,0.0400,-0.01,3034444,274.8400,277.5100,272.8700
2022/07/05,275.6900,1.8100,-0.65,3677878,274.2000,275.8600,271.3900
2022/07/01,277.5000,4.4800,+1.64,3668568,272.5000,278.4000,271.6300
2022/06/30,273.0200,0.4700,-0.17,4625535,270.5100,274.9200,268.6800
2022/06/29,273.4900,0.3700,-0.14,3010168,274.9500,275.9400,272.9700
2022/06/28,273.8600,4.5400,-1.63,4018337,280.5100,282.4500,273.6800
2022/06/27,278.4000,0.1200,+0.04,4136747,280.5300,282.0300,277.6100
2022/06/24,278.2800,10.7600,+4.02,6454976,268.9700,279.6700,268.5701
2022/06/23,267.5200,2.2700,-0.84,4732399,269.8500,270.7100,263.6800
2022/06/22,269.7900,1.9800,-0.73,4225967,267.3800,273.3950,267.3800
2022/06/21,271.7700,3.6900,+1.38,4907077,273.8500,273.9800,270.3400
2022/06/17,268.0800,0.4800,-0.18,11615422,268.3900,270.5000,265.6800
2022/06/16,268.5600,10.3700,-3.72,7212687,273.3900,273.4000,266.8800
2022/06/15,278.9300,1.2900,+0.46,5827037,281.1600,282.5000,273.8700
2022/06/14,277.6400,3.9200,-1.39,5850444,282.0900,283.9600,276.1014
2022/06/13,281.5600,10.1500,-3.48,7115907,285.4300,287.4347,280.1000
2022/06/10,291.7100,9.0900,-3.02,5884900,296.0800,298.0000,291.6100
2022/06/09,300.8000,7.9400,-2.57,3221154,308.1000,308.3800,300.5700
2022/06/08,308.7400,4.9100,-1.57,2878967,312.1600,312.8000,307.9300
2022/06/07,313.6500,1.5000,+0.48,2551711,310.5800,313.7900,309.3932
2022/06/06,312.1500,1.2100,+0.39,2981314,313.3800,315.7800,311.4800
2022/06/03,310.9400,4.0100,-1.27,2588108,312.5000,313.8000,310.3977
2022/06/02,314.9500,2.7400,+0.88,3120233,312.6500,315.0900,308.6100
2022/06/01,312.2100,3.7700,-1.19,3796508,316.0000,316.7901,309.6100
2022/05/31,315.9800,3.1300,-0.98,5704635,318.9800,318.9800,314.8000
2022/05/27,319.1100,6.6100,+2.12,4282883,314.7300,319.2400,314.1500
2022/05/26,312.5000,3.8600,+1.25,4474454,311.2700,314.3900,310.9800
2022/05/25,308.6400,0.5300,-0.17,3706343,308.5900,310.9900,305.9200
2022/05/24,309.1700,1.0300,-0.33,3661630,309.3900,310.3100,303.7500
2022/05/23,310.2000,6.1500,+2.02,4146033,307.3800,312.4400,306.6200
2022/05/20,304.0500,0.1000,-0.03,5522056,307.0500,307.4600,298.1100
2022/05/19,304.1500,2.4900,-0.81,4743746,303.9300,306.3144,301.2100
2022/05/18,306.6400,7.9600,-2.53,4427683,312.9400,314.1700,305.5700
2022/05/17,314.6000,5.3100,+1.72,4159134,315.2100,315.4400,312.1000
2022/05/16,309.2900,1.0700,-0.34,3700581,310.2800,311.9500,307.1300
2022/05/13,310.3600,2.3000,+0.75,3771567,311.2500,312.4700,307.9001
2022/05/12,308.0600,3.4800,-1.12,5683356,307.9500,309.0700,302.5500
2022/05/11,311.5400,0.9900,-0.32,4258661,313.1700,317.5500,311.0100
2022/05/10,312.5300,0.4300,-0.14,4801061,315.9600,318.1100,310.2400
2022/05/09,312.9600,5.9200,-1.86,4884887,315.3500,316.9200,311.5600
2022/05/06,318.8800,0.2000,+0.06,4200043,317.9900,320.3720,314.1900
2022/05/05,318.6800,8.1200,-2.48,5265994,325.8500,325.8500,315.1600
2022/05/04,326.8000,7.8100,+2.45,4272974,319.1000,327.2800,318.0000
2022/05/03,318.9900,0.8000,+0.25,3875789,319.4200,323.5800,317.6700
2022/05/02,318.1900,4.6400,-1.44,6799512,324.1100,324.3700,311.7400
2022/04/29,322.8300,8.4400,-2.55,5688391,330.1900,330.6400,320.5000
2022/04/28,331.2700,1.6900,+0.51,3847727,331.5300,332.0600,327.8300
2022/04/27,329.5800,1.0700,-0.32,3727514,330.6000,333.1350,328.4300
2022/04/26,330.6500,6.3000,-1.87,4595483,333.5300,337.3900,330.3600
2022/04/25,336.9500,1.3900,+0.41,5981550,332.3000,337.8500,328.5300
2022/04/22,335.5600,8.0400,-2.34,4971203,342.9400,343.2100,335.1100
2022/04/21,343.6000,5.2200,-1.50,4034682,350.8600,350.8600,342.9600
2022/04/20,348.8200,0.3200,+0.09,3711620,350.0000,350.5900,347.7000
2022/04/19,348.5000,1.8500,+0.53,3393483,347.0000,349.1300,345.8500
2022/04/18,346.6500,2.3200,+0.67,2518356,344.4500,347.1899,343.5850
2022/04/14,344.3300,1.8900,-0.55,3285526,346.1600,347.5600,344.1400
2022/04/13,346.2200,3.5200,-1.01,3436791,349.4600,350.7200,345.2450
2022/04/12,349.7400,2.2800,-0.65,3550367,352.2600,354.0000,348.3900
2022/04/11,352.0200,1.0800,-0.31,3129900,352.9800,354.3300,349.3400
2022/04/08,353.1000,6.5900,+1.90,4495358,348.9300,353.8500,347.7300
2022/04/07,346.5100,1.8000,+0.52,3817645,346.2200,347.6700,342.4000
2022/04/06,344.7100,0.0900,-0.03,4548141,341.1700,346.9700,340.5500
2022/04/05,344.8000,0.6300,-0.18,4254963,345.7700,349.4400,344.2800
2022/04/04,345.4300,6.4500,-1.83,5105149,352.0000,352.2350,344.3100
2022/04/01,351.8800,1.0300,-0.29,4126275,353.6500,354.5824,349.0200
2022/03/31,352.9100,4.7000,-1.31,6069877,359.0000,360.0000,352.3200
2022/03/30,357.6100,2.4900,+0.70,3913799,354.6600,357.8500,351.8400
2022/03/29,355.1200,4.4500,-1.24,5006916,361.3900,362.1000,352.5500
2022/03/28,359.5700,0.8100,+0.23,4175531,360.5900,361.3800,355.5300
2022/03/25,358.7600,6.3900,+1.81,4586000,353.9000,359.0100,353.6000
2022/03/24,352.3700,4.2100,+1.21,3947297,351.5000,352.5694,349.1300
2022/03/23,348.1600,1.7700,-0.51,5644792,349.1300,350.7900,346.2473
2022/03/22,349.9300,0.2700,+0.08,5774373,351.0100,354.9500,348.9000
2022/03/21,349.6600,7.2500,+2.12,6309619,344.9900,351.2100,344.3000
2022/03/18,342.4100,2.5600,-0.74,8898508,344.1200,346.8700,339.2700
2022/03/17,344.9700,8.8600,+2.64,7226002,337.0000,345.1300,336.2000
2022/03/16,336.1100,3.5600,+1.07,5929896,335.1100,337.3400,331.7117
2022/03/15,332.5500,2.5700,+0.78,6931564,332.7000,334.5800,329.3800
2022/03/14,329.9800,3.3800,+1.03,5968947,328.6500,333.4800,327.6498
2022/03/11,326.6000,1.3000,+0.40,5137990,326.5300,331.4899,326.2300
2022/03/10,325.3000,0.1000,-0.03,3845454,322.4900,325.7000,321.5800
2022/03/09,325.4000,6.8800,+2.16,5879917,326.5900,327.4700,322.5750
2022/03/08,318.5200,4.2000,-1.30,7911576,325.3000,327.2900,318.0300
2022/03/07,322.7200,2.6200,-0.81,5879300,325.6800,326.4400,320.3500
2022/03/04,325.3400,2.4000,-0.73,4906040,322.6600,325.6100,320.1200
2022/03/03,327.7400,4.1000,+1.27,4602678,326.6300,329.4700,323.8852
2022/03/02,323.6400,6.8000,+2.15,4507185,319.4800,325.7500,318.1200
2022/03/01,316.8400,4.6100,-1.43,6444105,320.2600,321.2000,313.5900
2022/02/28,321.4500,2.2100,+0.69,7988324,317.3500,322.0000,315.1900
2022/02/25,319.2400,10.9600,+3.56,7488725,311.1600,321.4300,310.7800
2022/02/24,308.2800,1.7100,-0.55,8836304,301.7800,308.8100,299.5100
2022/02/23,309.9900,4.1700,-1.33,5033311,316.0810,316.8000,309.3800
2022/02/22,314.1600,0.6400,-0.20,5105545,313.4400,315.4300,310.5500
2022/02/18,314.8000,1.2500,+0.40,4225597,313.8300,315.6767,313.0800
2022/02/17,313.5500,2.1000,-0.67,3633337,314.9800,315.4400,312.3000
2022/02/16,315.6500,0.5500,-0.17,3975085,315.0000,316.9000,314.2800
2022/02/15,316.2000,1.9200,+0.61,3682373,316.6400,317.9399,314.6901
2022/02/14,314.2800,4.8600,-1.52,8131182,319.6100,320.4300,312.1700
2022/02/11,319.1400,0.7100,-0.22,7497359,320.0100,323.1200,317.7400
2022/02/10,319.8500,2.5300,-0.78,7081291,320.9900,322.4600,318.4850
2022/02/09,322.3800,0.9400,+0.29,3997452,323.8000,325.6300,321.5400
2022/02/08,321.4400,4.9300,+1.56,6238744,318.2700,322.6500,316.0000
2022/02/07,316.5100,1.5200,+0.48,3129336,314.9100,318.2200,312.0600
2022/02/04,314.9900,0.2400,-0.08,3656465,315.8700,317.8387,312.7000
2022/02/03,315.2300,4.3700,-1.37,4152449,319.3300,319.6500,314.6100
2022/02/02,319.6000,5.6400,+1.80,4634781,313.5700,320.1604,313.0000
2022/02/01,313.9600,0.9400,+0.30,4348803,312.6400,314.6000,310.3100
2022/01/31,313.0200,0.1200,+0.04,5238867,312.0000,313.3000,307.8400
2022/01/28,312.9000,5.2300,+1.70,5241647,307.6800,313.2900,304.0681
2022/01/27,307.6700,1.5900,-0.51,5055361,311.7000,315.9200,305.3111
2022/01/26,309.2600,2.0700,+0.67,6127231,310.4000,313.3300,306.5700
2022/01/25,307.1900,3.4600,+1.14,6438259,301.8700,309.1300,294.8100
2022/01/24,303.7300,1.4900,-0.49,8529685,299.7000,304.7300,296.0850
2022/01/21,305.2200,5.7900,-1.86,6541385,309.9900,311.0200,304.1400
2022/01/20,311.0100,3.7400,-1.19,4409303,315.5800,317.1800,310.6800
2022/01/19,314.7500,5.5400,-1.73,6091800,321.3500,321.3500,314.5800
2022/01/18,320.2900,3.8400,-1.18,5769286,322.2200,323.2900,318.0700
2022/01/14,324.1300,2.8700,+0.89,4915639,318.8700,324.4050,316.5000
2022/01/13,321.2600,0.8700,+0.27,4279387,321.0000,323.4700,320.1000
2022/01/12,320.3900,0.5900,+0.18,3583291,320.6200,321.0500,317.2600
2022/01/11,319.8000,0.8700,+0.27,4249181,318.6100,320.0000,315.0400
2022/01/10,318.9300,0.8500,-0.27,5814171,321.4000,322.1000,315.1200
2022/01/07,319.7800,6.5600,+2.09,5622909,315.5600,320.2000,314.1400
2022/01/06,313.2200,3.3000,+1.06,5140613,312.9800,314.1100,310.2200
2022/01/05,309.9200,1.3900,+0.45,6892257,309.8700,314.4800,309.5000
2022/01/04,308.5300,7.7400,+2.57,6006382,301.6500,309.2100,301.6500
2022/01/03,300.7900,1.7900,+0.60,3571121,300.1000,301.3000,299.2000
2021/12/31,299.0000,0.9800,-0.33,2932996,299.9400,300.6900,298.8400
2021/12/30,299.9800,0.5200,+0.17,2301253,300.8800,301.6463,299.7400
2021/12/29,299.4600,1.1700,+0.39,2688431,299.2300,300.6500,298.8600
2021/12/28,298.2900,1.6200,+0.55,2575075,296.9600,299.7900,296.8000
2021/12/27,296.6700,2.1800,+0.74,2807616,295.2500,296.6900,294.4600
2021/12/23,294.4900,0.0800,+0.03,2899917,295.2200,296.7800,294.2100
2021/12/22,294.4100,1.1700,+0.40,2446396,292.8600,294.5700,291.7400
2021/12/21,293.2400,3.6300,+1.25,3931134,292.1400,295.4100,291.5000
2021/12/20,289.6100,4.0500,-1.38,5458419,290.7750,291.5800,287.5900
2021/12/17,293.6600,6.5100,-2.17,12772057,297.8500,298.0000,292.3501
2021/12/16,300.1700,5.5900,+1.90,6542554,296.8800,301.5800,295.1000
2021/12/15,294.5800,0.4500,-0.15,5603061,295.8199,296.5000,292.8133
2021/12/14,295.0300,5.0200,+1.73,5994765,289.6700,296.4100,289.6700
2021/12/13,290.0100,1.7800,+0.62,4888424,288.5000,291.5800,285.8400
2021/12/10,288.2300,3.7100,+1.30,4110315,285.4900,288.5000,284.2300
2021/12/09,284.5200,0.8000,+0.28,3446249,283.7700,284.9500,281.7800
2021/12/08,283.7200,1.2500,-0.44,3257877,284.9700,285.9700,282.2800
2021/12/07,284.9700,3.5900,+1.28,5767826,282.4200,285.4100,282.1200
2021/12/06,281.3800,3.9500,+1.42,5526940,278.7300,283.1678,278.7300
2021/12/03,277.4300,1.6600,-0.59,5925715,278.7100,279.9700,275.2700
2021/12/02,279.0900,4.0900,+1.49,4925721,276.6800,280.3700,275.2900
2021/12/01,275.0000,1.6900,-0.61,5171164,279.5400,281.7200,274.7900
2021/11/30,276.6900,5.4300,-1.92,9928918,279.9400,280.2000,275.8900
2021/11/29,282.1200,0.9700,-0.34,5392385,284.0000,284.9800,281.4200
2021/11/26,283.0900,4.1900,-1.46,4440721,280.2800,284.7100,279.7600
2021/11/24,287.2800,1.2800,-0.44,4924413,287.4400,288.3150,286.0900
2021/11/23,288.5600,3.5900,+1.26,4490739,285.1500,288.7300,285.0500
2021/11/22,284.9700,4.9800,+1.78,5036934,280.7300,286.4400,280.0100
2021/11/19,279.9900,0.6400,-0.23,4542009,280.9600,280.9700,278.0100
2021/11/18,280.6300,0.9600,-0.34,3338256,281.1000,281.7500,279.2500
2021/11/17,281.5900,1.7700,-0.62,3741007,283.1200,283.1200,280.9000
2021/11/16,283.3600,1.3100,-0.46,4260345,284.4700,285.1600,283.1200
2021/11/15,284.6700,1.3200,-0.46,3219074,286.6000,286.9900,284.2400
2021/11/12,285.9900,1.3400,+0.47,2918259,284.8800,286.1000,283.8000
2021/11/11,284.6500,0.6700,-0.23,2861553,286.5000,287.0700,284.2450
2021/11/10,285.3200,1.0300,-0.36,3422235,286.4900,287.2400,284.5200
2021/11/09,286.3500,2.4500,-0.85,3588005,288.7900,288.9900,285.3000
2021/11/08,288.8000,0.9200,+0.32,4723236,290.0000,295.6500,288.6100
2021/11/05,287.8800,0.1900,+0.07,3584224,288.8300,290.7000,286.8200
2021/11/04,287.6900,1.0300,-0.36,3427470,289.1300,289.1300,285.2500
2021/11/03,288.7200,0.7900,+0.27,2775591,287.2100,288.8800,286.1300
2021/11/02,287.9300,1.6900,+0.59,3838375,286.6100,288.5000,285.2200
2021/11/01,286.2400,0.7700,-0.27,2889973,288.0500,288.4200,285.6200
2021/10/29,287.0100,2.7100,-0.94,4421265,288.8100,290.0000,286.7400
2021/10/28,289.7200,1.9400,+0.67,3308755,288.2100,289.8600,287.2000
2021/10/27,287.7800,3.0700,-1.06,3692629,290.8500,290.9450,287.6400
2021/10/26,290.8500,0.5900,+0.20,3884790,290.6500,292.2200,290.3000
2021/10/25,290.2600,1.0200,+0.35,3143636,289.7000,290.4700,287.6000
2021/10/22,289.2400,2.4200,+0.84,3407466,287.6600,289.8000,286.2400
2021/10/21,286.8200,0.6700,-0.23,2488982,286.9900,287.2800,285.2500
2021/10/20,287.4900,2.6600,+0.93,3148731,284.3400,287.7000,284.3200
2021/10/19,284.8300,2.2400,+0.79,2685424,283.6000,285.1500,283.0501
2021/10/18,282.5900,1.6200,-0.57,3552083,282.8300,283.5100,281.5700
2021/10/15,284.2100,2.5700,+0.91,4315875,283.9400,284.9700,282.2700
2021/10/14,281.6400,3.7400,+1.35,3647106,280.8100,282.3800,279.3000
2021/10/13,277.9000,0.7200,-0.26,3312002,278.4700,279.4100,275.5500
2021/10/12,278.6200,2.3100,-0.82,3771281,281.4600,281.5200,278.2150
2021/10/11,280.9300,3.2100,-1.13,2908483,284.4300,285.6100,280.8000
2021/10/08,284.1400,1.1900,+0.42,2300367,282.5900,284.7200,281.7100
2021/10/07,282.9500,2.7300,+0.97,3795242,282.1400,284.9900,282.1400
2021/10/06,280.2200,2.1700,+0.78,3867578,276.2800,280.3931,274.6101
2021/10/05,278.0500,4.4100,+1.61,5070203,273.8600,279.6700,273.2000
2021/10/04,273.6400,2.0700,-0.75,4308740,274.6800,276.9600,273.0500
2021/10/01,275.7100,2.7700,+1.01,3951758,273.0200,277.5100,272.2200
2021/09/30,272.9400,4.3500,-1.57,5189361,278.3700,278.3700,272.8400
2021/09/29,277.2900,0.5000,+0.18,2952031,277.0300,278.7800,275.9500
2021/09/28,276.7900,2.9300,-1.05,4959925,279.1400,281.3800,275.8200
2021/09/27,279.7200,1.8500,+0.67,3359132,279.7700,280.6250,278.1200
2021/09/24,277.8700,0.2500,-0.09,3109731,278.3000,279.1300,277.4100
2021/09/23,278.1200,4.0500,+1.48,4732436,275.1500,279.7000,275.0100
2021/09/22,274.0700,0.8900,+0.33,5019165,276.2800,276.6100,273.6700
2021/09/21,273.1800,1.0200,-0.37,4649584,276.0300,276.2200,272.5900
2021/09/20,274.2000,2.5600,-0.92,7645544,273.0500,274.9100,271.3600
2021/09/17,276.7600,0.7500,-0.27,15864326,277.6400,281.0000,275.4200
2021/09/16,277.5100,0.6700,-0.24,4211260,278.9600,279.2100,276.2100
2021/09/15,278.1800,0.9800,+0.35,3884425,277.6000,279.0600,276.6700
2021/09/14,277.2000,2.7200,-0.97,5283679,280.5400,280.7800,276.3600
2021/09/13,279.9200,2.3200,+0.84,4602220,278.3600,280.8400,277.8200
2021/09/10,277.6000,1.0100,-0.36,4554095,279.9700,279.9700,277.4900
2021/09/09,278.6100,0.7300,-0.26,3684442,278.9100,280.1100,278.3700
2021/09/08,279.3400,0.4400,+0.16,4647350,278.1800,279.9500,277.5900
2021/09/07,278.9000,2.9900,-1.06,4866579,281.9100,281.9100,278.7300
2021/09/03,281.8900,3.1600,-1.11,4497446,284.3000,284.8200,281.7100
2021/09/02,285.0500,0.2100,-0.07,3969981,285.3500,286.4400,284.2100
2021/09/01,285.2600,0.5100,-0.18,3326024,286.5900,287.1400,284.8500
2021/08/31,285.7700,0.1100,+0.04,6498911,285.2800,286.3300,284.7600
2021/08/30,285.6600,0.9400,-0.33,3505799,286.3000,287.0400,285.0200
2021/08/27,286.6000,1.3300,+0.47,3485834,285.6200,286.7100,285.1210
2021/08/26,285.2700,2.0300,-0.71,3342019,288.1600,288.1700,284.9850
2021/08/25,287.3000,1.2800,+0.45,2975425,286.2000,288.5600,285.2200
2021/08/24,286.0200,0.4000,+0.14,3187411,286.0100,286.5800,284.1800
2021/08/23,285.6200,0.3500,+0.12,2957033,287.3800,287.3800,285.3900
2021/08/20,285.2700,0.1400,+0.05,2846685,284.9600,285.9200,283.9500
2021/08/19,285.1300,1.2300,-0.43,3394084,284.9600,287.1550,283.9800
2021/08/18,286.3600,2.7400,-0.95,3882015,289.0000,290.0700,285.9500
2021/08/17,289.1000,0.3500,-0.12,3626986,288.5300,290.7700,287.6000
2021/08/16,289.4500,1.5600,+0.54,3564606,287.0000,289.4900,285.2100
2021/08/13,287.8900,2.3500,-0.81,3115822,290.6100,291.0500,287.1200
2021/08/12,290.2400,1.0400,-0.36,3171022,291.8100,291.8100,288.9300
2021/08/11,291.2800,2.3400,+0.81,3475795,289.4500,291.8200,288.8300
2021/08/10,288.9400,1.7100,+0.60,3134725,287.0100,289.0600,286.0000
2021/08/09,287.2300,1.6000,+0.56,3678930,287.8600,288.7300,286.0610
2021/08/06,285.6300,5.4200,+1.93,4838296,281.8200,285.8300,281.5000
2021/08/05,280.2100,1.4300,+0.51,3585736,280.1600,282.0000,278.3300
2021/08/04,278.7800,3.0200,-1.07,3026158,280.1700,280.9200,278.6400
2021/08/03,281.8000,3.6600,+1.32,3631865,279.0500,282.5100,276.7700
2021/08/02,278.1400,0.1500,-0.05,3098942,279.3100,281.9800,277.7300
2021/07/30,278.2900,1.4700,-0.53,3608251,280.0100,281.0800,277.6000
2021/07/29,279.7600,1.6600,+0.60,3545503,279.2900,281.2400,279.0800
2021/07/28,278.1000,2.6800,-0.95,3795143,280.8000,280.9800,277.6000
2021/07/27,280.7800,1.9800,+0.71,3390459,278.0700,281.0900,276.9100
2021/07/26,278.8000,0.3100,+0.11,2424999,277.7800,280.2500,277.7800
2021/07/23,278.4900,0.7900,+0.28,3218484,279.0500,279.9200,277.7400
2021/07/22,277.7000,2.1800,-0.78,2566626,278.5900,279.2700,277.4200
2021/07/21,279.8800,2.9900,+1.08,3437714,277.6400,280.9199,277.6300
2021/07/20,276.8900,4.2300,+1.55,4738502,272.6600,277.8050,272.0000
2021/07/19,272.6600,5.2400,-1.89,5235001,274.2100,275.5000,270.7300
2021/07/16,277.9000,1.8200,-0.65,3437180,280.9300,280.9300,277.2200
2021/07/15,279.7200,1.4100,+0.51,3276235,277.1300,280.6400,277.0900
2021/07/14,278.3100,0.9000,-0.32,4108516,279.0700,280.7599,277.7700
2021/07/13,279.2100,0.9000,-0.32,3140661,280.1100,280.4100,278.3600
2021/07/12,280.1100,0.3800,-0.14,4283827,279.0500,282.2241,278.2735
2021/07/09,280.4900,6.3900,+2.33,4897655,276.0300,280.8800,275.7400
2021/07/08,274.1000,5.1400,-1.84,5371245,276.9900,277.7400,273.1600
2021/07/07,279.2400,1.9200,+0.69,4413063,275.9900,279.6900,275.8000
2021/07/06,277.3200,1.8000,-0.64,4402866,278.2800,278.2800,275.0950
2021/07/02,279.1200,1.0500,-0.37,3683408,281.4100,281.4100,278.5700
2021/07/01,280.1700,2.2500,+0.81,3648864,278.2000,280.3000,277.5500
2021/06/30,277.9200,1.7100,+0.62,4477624,275.8900,278.4400,275.6600
2021/06/29,276.2100,0.4000,-0.14,4472125,276.6900,277.9750,275.2450
2021/06/28,276.6100,1.7700,-0.64,4026852,278.8200,279.0600,275.6000
2021/06/25,278.3800,2.8900,+1.05,5578532,276.3700,279.3100,275.3500
2021/06/24,275.4900,0.8300,+0.30,5458502,275.0000,276.5765,274.0500
2021/06/23,274.6600,2.2600,-0.82,4539789,276.8900,277.0000,274.5500
2021/06/22,276.9200,0.1800,-0.06,5225694,277.5700,277.7100,275.9300
2021/06/21,277.1000,3.0600,+1.12,5486192,275.6200,278.8450,275.4279
2021/06/18,274.0400,4.6500,-1.67,12567921,276.5000,276.9800,272.4550
2021/06/17,278.6900,4.4200,-1.56,7136848,284.2900,284.5000,277.5600
2021/06/16,283.1100,0.8300,-0.29,5629240,283.7300,284.8000,281.0800
2021/06/15,283.9400,0.4100,+0.14,3760903,284.4600,284.9650,282.6500
2021/06/14,283.5300,3.2900,-1.15,6102270,286.6600,286.8500,281.5156
2021/06/11,286.8200,1.9100,+0.67,3524361,285.4500,287.3600,285.0200
2021/06/10,284.9100,3.6700,-1.27,4044608,289.8800,290.8100,284.6800
2021/06/09,288.5800,0.6100,-0.21,3502842,288.8800,289.0900,287.0500
2021/06/08,289.1900,0.2700,-0.09,5036621,289.1800,289.9000,285.7000
2021/06/07,289.4600,3.0600,-1.05,4442470,292.5600,292.5800,288.8400
2021/06/04,292.5200,0.5500,+0.19,3273412,292.9100,293.0800,291.4500
2021/06/03,291.9700,1.9500,+0.67,4099941,288.3600,293.2720,288.2800
2021/06/02,290.0200,0.1800,+0.06,3517430,290.8500,290.9000,289.2200
2021/06/01,289.8400,0.4000,+0.14,3335983,291.5200,292.0700,288.8100
2021/05/28,289.4400,0.1400,+0.05,4522664,289.6800,290.4600,288.2300
2021/05/27,289.3000,1.9700,+0.69,6610596,288.5700,289.9900,286.5700
2021/05/26,287.3300,0.1300,+0.05,4756875,289.6400,289.6400,285.7500
2021/05/25,287.2000,2.5300,-0.87,4754083,290.1900,291.6000,287.1100
2021/05/24,289.7300,1.9900,+0.69,3947879,289.1100,290.4100,287.9100
2021/05/21,287.7400,1.0100,+0.35,4232598,287.1200,289.3500,286.7500
2021/05/20,286.7300,0.5100,+0.18,4143635,288.4100,289.1350,285.9000
2021/05/19,286.2200,1.3700,-0.48,5272133,284.1100,286.5600,282.5700
2021/05/18,287.5900,1.6300,-0.56,4361282,290.2000,290.3100,287.2400
2021/05/17,289.2200,1.4600,-0.50,3885487,289.9900,290.4700,288.0700
2021/05/14,290.6800,3.7800,+1.32,4263393,288.6700,291.3750,288.6700
2021/05/13,286.9000,3.9900,+1.41,5246624,282.9100,288.3700,282.8500
2021/05/12,282.9100,2.7200,-0.95,5313010,285.4600,286.1200,282.5500
2021/05/11,285.6300,6.7000,-2.29,6814899,289.8400,290.5100,284.2900
2021/05/10,292.3300,1.4000,+0.48,4542731,292.3450,295.0830,292.0700
2021/05/07,290.9300,1.2200,+0.42,6101832,289.9700,291.0700,287.7700
2021/05/06,289.7100,6.9500,+2.46,5965549,284.6900,290.0000,284.0500
2021/05/05,282.7600,2.5000,+0.89,4348131,282.5200,284.2400,282.1200
2021/05/04,280.2600,1.0800,+0.39,4467147,278.5400,280.8000,276.7800
2021/05/03,279.1800,4.2300,+1.54,5185658,278.5500,281.1200,277.6700
2021/04/30,274.9500,2.6500,-0.95,5213541,276.2900,277.4100,274.2100
2021/04/29,277.6000,4.6500,+1.70,4543724,274.4700,277.7900,274.3500
2021/04/28,272.9500,0.7000,-0.26,3176106,273.5400,273.9600,272.1300
2021/04/27,273.6500,2.7900,+1.03,3176319,271.0700,274.1600,270.0500
2021/04/26,270.8600,1.1200,-0.41,3577632,272.2800,273.9800,270.6300
2021/04/23,271.9800,2.4700,+0.92,3684487,269.8600,272.6906,269.5600
2021/04/22,269.5100,2.7000,-0.99,3734218,272.0400,272.0800,268.7800
2021/04/21,272.2100,4.3200,+1.61,3897511,267.8000,272.4600,267.7500
2021/04/20,267.8900,2.3900,-0.88,3741695,268.5300,269.3100,266.8010
2021/04/19,270.2800,1.8300,-0.67,4235932,272.3000,272.9200,268.8475
2021/04/16,272.1100,2.9700,+1.10,4710925,270.4700,272.9700,270.1100
2021/04/15,269.1400,1.6100,+0.60,3921101,268.0600,269.2800,266.3943
2021/04/14,267.5300,0.4300,+0.16,3124048,267.3100,268.4400,267.1500
2021/04/13,267.1000,0.8300,-0.31,3558493,267.4200,268.2000,266.0500
2021/04/12,267.9300,1.9200,+0.72,4294469,266.5300,268.3400,266.5300
2021/04/09,266.0100,2.5000,+0.95,6054022,264.2200,266.2400,263.3500
2021/04/08,263.5100,0.1100,-0.04,3113946,262.7200,263.9300,261.9110
2021/04/07,263.6200,0.5600,+0.21,3585586,262.9900,264.3400,262.4003
2021/04/06,263.0600,0.4000,+0.15,3069093,262.8600,263.3400,261.9400
2021/04/05,262.6600,4.4600,+1.73,5050565,260.0200,263.3500,260.0000
2021/04/01,258.2000,2.7300,+1.07,5573842,255.7400,258.4700,254.8000
2021/03/31,255.4700,2.7200,-1.05,6580741,256.8600,257.6800,255.1700
2021/03/30,258.1900,0.6300,-0.24,3879346,259.9400,261.0000,257.2400
2021/03/29,258.8200,2.0500,+0.80,6643130,253.9300,260.0500,253.3000
2021/03/26,256.7700,6.0200,+2.40,5801970,252.7500,257.3900,252.4200
2021/03/25,250.7500,1.1200,+0.45,5505215,249.3800,251.5300,246.7900
2021/03/24,249.6300,1.3200,+0.53,4167843,249.5500,251.8900,248.5000
2021/03/23,248.3100,2.0500,-0.82,4624233,250.2000,251.1700,247.7100
2021/03/22,250.3600,0.6300,-0.25,5370835,250.6000,251.6700,248.8600
2021/03/19,250.9900,1.4700,-0.58,16649846,252.3100,252.5000,248.5200
2021/03/18,252.4600,0.4600,+0.18,5558018,253.7600,255.6400,251.3800
2021/03/17,252.0000,0.5000,+0.20,6775745,252.0200,254.2800,250.6601
2021/03/16,251.5000,3.1100,-1.22,6720786,254.5300,254.5300,249.8200
2021/03/15,254.6100,5.4100,-2.08,6979049,260.3100,260.4400,253.5200
2021/03/12,260.0200,0.8900,-0.34,4498086,262.4000,264.6500,259.6700
2021/03/11,260.9100,3.0800,-1.17,5921549,264.2200,264.8000,260.4199
2021/03/10,263.9900,4.9700,+1.92,8945700,260.3000,267.5000,259.6400
2021/03/09,259.0200,1.4100,+0.55,8276597,258.5500,262.9400,255.6100
2021/03/08,257.6100,4.4600,+1.76,7135779,255.6000,260.2300,253.7300
2021/03/05,253.1500,7.6700,+3.12,6401890,248.8900,253.4500,247.3250
2021/03/04,245.4800,6.0700,-2.41,7843543,251.0800,252.5500,243.2300
2021/03/03,251.5500,2.3300,+0.93,6093204,249.7300,254.8100,249.2900
2021/03/02,249.2200,0.0100,+0,4686124,249.1200,251.3400,248.3700
2021/03/01,249.2100,8.7000,+3.62,6334166,246.8600,250.5500,246.0900
2021/02/26,240.5100,3.1800,-1.30,8087759,245.1500,245.1500,240.2500
2021/02/25,243.6900,4.7600,-1.92,6459817,248.0700,250.5600,242.9270
2021/02/24,248.4500,2.9200,+1.19,5106898,245.1500,249.5500,245.1500
2021/02/23,245.5300,0.5600,+0.23,5455367,245.5600,246.5700,243.2900
2021/02/22,244.9700,3.1200,+1.29,4013145,240.8900,245.9801,240.8000
2021/02/19,241.8500,1.6500,-0.68,4254656,244.2000,244.9500,241.3600
2021/02/18,243.5000,1.7500,-0.71,4049896,244.7300,245.4900,241.6700
2021/02/17,245.2500,0.0300,-0.01,4323241,244.1400,246.1900,244.0000
2021/02/16,245.2800,2.8200,+1.16,4726101,244.1400,247.2600,242.8200
2021/02/12,242.4600,2.7000,+1.13,3422107,238.0700,242.7600,238.0300
2021/02/11,239.7600,0.1600,-0.07,2909640,239.3600,240.4400,238.8800
2021/02/10,239.9200,0.0100,+0,3825592,241.4300,241.5200,239.0400
2021/02/09,239.9100,2.4900,+1.05,4774458,237.0700,240.7800,235.6600
2021/02/08,237.4200,2.2600,+0.96,3329703,236.0000,237.5600,235.3500
2021/02/05,235.1600,0.6100,-0.26,3812966,236.9800,236.9800,234.8300
2021/02/04,235.7700,3.0900,+1.33,4452386,232.8400,235.9050,232.4100
2021/02/03,232.6800,0.4400,+0.19,3807540,232.4000,233.1600,231.2800
2021/02/02,232.2400,2.9200,+1.27,5302328,231.2100,233.4300,230.6650
2021/02/01,229.3200,1.4500,+0.64,4068409,229.9699,230.5000,228.0400
2021/01/29,227.8700,3.0800,-1.33,6388092,229.4500,229.9700,227.2100
2021/01/28,230.9500,3.5900,+1.58,5943918,229.7600,233.5100,228.1600
2021/01/27,227.3600,4.2100,-1.82,8230374,230.0000,230.0000,226.1000
2021/01/26,231.5700,1.4400,-0.62,3945915,233.0000,233.5000,231.3300
2021/01/25,233.0100,0.0900,+0.04,5098897,231.6700,233.5200,230.4500
2021/01/22,232.9200,1.2400,-0.53,4465090,232.5000,233.8300,232.2100
2021/01/21,234.1600,0.6000,-0.26,4319793,235.2200,236.2000,234.0800
2021/01/20,234.7600,0.2100,+0.09,4876514,234.0000,235.2000,233.2400
2021/01/19,234.5500,1.0600,+0.45,5503127,234.6400,236.2400,231.7000
2021/01/15,233.4900,1.5300,-0.65,5226415,234.1000,234.5900,231.9100
2021/01/14,235.0200,0.5100,+0.22,4530181,234.7900,235.7000,233.8372
2021/01/13,234.5100,1.4800,+0.64,3828413,232.0000,234.9500,231.7100
2021/01/12,233.0300,0.4000,-0.17,5618722,233.3100,233.9800,231.7000
2021/01/11,233.4300,0.6000,-0.26,3882330,231.2200,233.9200,231.0200
2021/01/08,234.0300,1.1500,+0.49,4850601,233.5400,234.6000,231.7200
2021/01/07,232.8800,2.6100,+1.13,4693848,232.7800,233.9643,231.3300
2021/01/06,230.2700,2.8000,+1.23,9012829,229.4900,232.6800,227.5500
2021/01/05,227.4700,0.9800,-0.43,5531573,228.2100,230.1000,226.8470
2021/01/04,228.4500,3.4200,-1.47,7405706,231.7300,231.8700,226.8500
2020/12/31,231.8700,2.2200,+0.97,4228870,229.2800,232.2800,228.8900
2020/12/30,229.6500,0.0800,+0.03,3257957,229.5400,230.5850,229.0800
2020/12/29,229.5700,1.1600,+0.51,3800358,230.5000,231.1000,229.1000
2020/12/28,228.4100,1.8800,+0.83,3507318,228.0900,230.1500,227.3600
2020/12/24,226.5300,2.2900,+1.02,2386994,224.6000,227.1250,224.2100
2020/12/23,224.2400,2.3600,+1.06,4984149,222.6300,224.9100,222.6100
2020/12/22,221.8800,1.6100,-0.72,6165628,223.5800,223.7500,221.7600
2020/12/21,223.4900,0.0600,+0.03,7376589,222.0200,224.2000,221.2600
2020/12/18,223.4300,1.2500,-0.56,20672799,224.7900,225.2000,221.6800
2020/12/17,224.6800,2.7700,+1.25,7390467,222.5100,225.0200,221.6673
2020/12/16,221.9100,2.4700,-1.10,7994869,225.4800,225.4800,221.8200
2020/12/15,224.3800,1.5300,+0.69,5169074,224.8300,225.8600,222.7300
2020/12/14,222.8500,3.5400,-1.56,6545455,227.6800,228.0600,222.3600
2020/12/11,226.3900,0.9600,-0.42,4028353,225.2000,226.7300,224.5950
2020/12/10,227.3500,0.1600,-0.07,4567434,226.4500,227.8700,225.7280
2020/12/09,227.5100,0.6800,-0.30,4874314,228.5700,228.9000,226.6350
2020/12/08,228.1900,1.0500,-0.46,4590686,227.4600,228.7350,226.6100
2020/12/07,229.2400,2.1100,-0.91,4743430,231.2600,231.2600,228.1000
2020/12/04,231.3500,0.3300,+0.14,4753002,230.2400,231.8900,230.2400
2020/12/03,231.0200,0.6000,+0.26,4699041,230.0000,231.5000,228.8700
2020/12/02,230.4200,0.7400,+0.32,4681526,229.8000,230.5900,228.3100
2020/12/01,229.6800,0.7700,+0.34,4442626,230.2300,231.9800,229.3400
2020/11/30,228.9100,2.6400,-1.14,5989549,231.1900,231.2900,228.1650
2020/11/27,231.5500,1.5800,-0.68,1935806,233.1000,234.1700,230.4500
2020/11/25,233.1300,0.7900,-0.34,3249877,233.9200,234.0000,232.0104
2020/11/24,233.9200,4.3800,+1.91,4714771,232.4500,234.9900,231.2400
2020/11/23,229.5400,2.5300,+1.11,3632543,229.7700,230.5000,228.0442
2020/11/20,227.0100,2.5200,-1.10,4028442,228.7800,229.7200,226.7710
2020/11/19,229.5300,0.5400,-0.23,4623632,229.6700,229.9700,227.6154
2020/11/18,230.0700,3.0900,-1.33,4741785,233.5700,234.4760,230.0000
2020/11/17,233.1600,0.0600,+0.03,5040020,231.9300,234.9700,230.0100
2020/11/16,233.1000,5.6800,+2.50,5768612,230.5800,233.4600,229.8600
2020/11/13,227.4200,2.7000,+1.20,4790845,226.5000,228.1450,225.2900
2020/11/12,224.7200,2.6500,-1.17,5111764,225.0100,225.8800,223.1800
2020/11/11,227.3700,1.1100,-0.49,4789221,228.5000,228.9800,225.4701
2020/11/10,228.4800,6.9800,+3.15,7059371,221.8200,228.6100,220.9400
2020/11/09,221.5000,12.6500,+6.06,11343436,221.9700,225.2300,218.0100
2020/11/06,208.8500,1.4000,+0.67,4324663,208.4500,210.2600,207.5875
2020/11/05,207.4500,1.2800,+0.62,5940982,208.6900,210.8600,206.9700
2020/11/04,206.1700,0.4600,-0.22,5978686,206.5900,210.1500,204.7800
2020/11/03,206.6300,2.3200,+1.14,5472813,206.9300,209.8007,206.3600
2020/11/02,204.3100,2.4100,+1.19,5940592,204.8400,206.1800,203.0600
2020/10/30,201.9000,0.3900,+0.19,5755622,200.5100,202.2710,198.7000
2020/10/29,201.5100,0.8100,+0.40,5227943,200.0300,202.9550,197.8100
2020/10/28,200.7000,6.1800,-2.99,7538290,202.6800,203.8800,199.7900
2020/10/27,206.8800,1.6100,-0.77,3039192,208.0000,208.4800,206.5800
2020/10/26,208.4900,4.2200,-1.98,4717982,209.6400,210.2600,207.0000
2020/10/23,212.7100,1.1000,+0.52,2831432,212.4300,213.8700,211.7300
2020/10/22,211.6100,1.4300,+0.68,2949963,209.6300,211.7800,209.2300
2020/10/21,210.1800,0.1200,+0.06,3196330,208.9700,211.3800,208.6103
2020/10/20,210.0600,1.0700,+0.51,3888817,209.6300,211.4500,209.4100
2020/10/19,208.9900,2.9200,-1.38,3413786,212.1600,212.3200,208.2000
2020/10/16,211.9100,0.2600,+0.12,3630992,211.8400,213.8253,211.8100
2020/10/15,211.6500,0.7400,+0.35,3063809,209.2700,211.9900,208.2200
2020/10/14,210.9100,1.4000,-0.66,5026903,212.0200,212.3500,210.5400
2020/10/13,212.3100,4.1000,-1.89,4850195,215.7600,216.3800,212.0000
2020/10/12,216.4100,0.7300,+0.34,3903098,216.7400,217.4300,215.1200
2020/10/09,215.6800,0.5300,+0.25,3091717,215.8800,216.2924,214.1600
2020/10/08,215.1500,1.8600,+0.87,3612138,214.3900,215.6900,213.4400
2020/10/07,213.2900,3.0300,+1.44,3759814,212.3300,214.6700,211.3600
2020/10/06,210.2600,2.1000,-0.99,5315644,212.6500,213.4800,209.6500
2020/10/05,212.3600,1.1800,+0.56,3649194,213.0900,213.9000,212.0500
2020/10/02,211.1800,0.8400,-0.40,4421401,209.8400,213.6800,209.5300
2020/10/01,212.0200,0.9200,-0.43,4758944,214.3000,214.3850,210.6200
2020/09/30,212.9400,2.5000,+1.19,5822458,211.1100,213.7000,210.7522
2020/09/29,210.4400,3.1000,-1.45,4037925,213.5900,213.5900,210.2400
2020/09/28,213.5400,3.0900,+1.47,5043931,213.2200,215.4700,212.0206
2020/09/25,210.4500,1.7300,+0.83,3563345,207.0000,211.1100,206.8200
2020/09/24,208.7200,0.8900,-0.42,3963496,209.1400,210.2300,206.5800
2020/09/23,209.6100,4.5500,-2.12,4424597,213.9400,214.8800,209.3800
2020/09/22,214.1600,1.1400,+0.54,5291711,212.5400,214.7500,211.7000
2020/09/21,213.0200,5.1900,-2.38,8342537,214.0000,215.4500,208.7300
2020/09/18,218.2100,0.1600,+0.07,11864010,219.0800,221.0100,217.8300
2020/09/17,218.0500,1.5400,-0.70,6942515,218.4600,218.6800,216.5000
2020/09/16,219.5900,0.6500,+0.30,5663404,220.2800,222.2600,219.1900
2020/09/15,218.9400,1.0000,-0.45,3864321,220.0800,221.5700,218.4500
2020/09/14,219.9400,2.0100,+0.92,4070857,219.0000,221.3200,218.3000
2020/09/11,217.9300,0.1300,+0.06,3437465,218.0000,219.2650,216.9200
2020/09/10,217.8000,1.8300,-0.83,3838665,220.5400,220.6800,217.1500
2020/09/09,219.6300,1.8300,+0.84,5418297,218.9500,221.6200,218.5200
2020/09/08,217.8000,0.5200,-0.24,7001501,217.2800,219.1900,215.3393
2020/09/04,218.3200,0.1700,+0.08,6042649,219.9500,221.4800,215.0600
2020/09/03,218.1500,3.5300,-1.59,7095354,222.0000,223.2399,216.4300
2020/09/02,221.6800,3.1300,+1.43,5495005,218.1300,222.0900,218.1300
2020/09/01,218.5500,0.5100,+0.23,4134939,216.9200,218.5900,216.6200
2020/08/31,218.0400,0.5100,-0.23,6134606,218.6200,219.4500,217.6500
2020/08/28,218.5500,1.6800,+0.77,4291213,217.5100,218.8100,215.7297
2020/08/27,216.8700,2.2100,+1.03,4814583,214.9900,217.9800,214.7600
2020/08/26,214.6600,1.3100,+0.61,4640785,212.9800,215.8300,212.3000
2020/08/25,213.3500,0.7400,+0.35,3676863,213.5600,214.0000,212.8500
2020/08/24,212.6100,5.1800,+2.50,5040022,209.2300,213.3000,208.9100
2020/08/21,207.4300,1.3100,+0.64,4786825,205.5200,208.4000,205.5200
2020/08/20,206.1200,1.0900,-0.53,4134384,205.1700,206.7900,204.5100
2020/08/19,207.2100,1.1200,-0.54,5831268,209.1900,210.2100,206.6600
2020/08/18,208.3300,1.5500,+0.75,3501913,206.9500,209.7600,206.8000
2020/08/17,206.7800,4.1800,-1.98,5486419,210.0500,210.8200,206.3400
2020/08/14,210.9600,1.0200,-0.48,3444703,211.0400,211.9700,210.2500
2020/08/13,211.9800,1.2600,-0.59,4537189,212.9300,213.3300,211.6600
2020/08/12,213.2400,0.5800,+0.27,4792657,213.1000,214.3900,212.3100
2020/08/11,212.6600,0.0800,+0.04,5689794,214.7400,215.6000,212.2400
2020/08/10,212.5800,3.1000,+1.48,6635745,211.3400,212.9200,209.4000
2020/08/07,209.4800,4.4600,+2.18,6191783,204.2000,209.7500,204.0000
2020/08/06,205.0200,1.4000,+0.69,3387477,203.0000,205.3900,202.7000
2020/08/05,203.6200,3.3800,+1.69,5269199,201.4400,204.6900,201.0000
2020/08/04,200.2400,0.9800,+0.49,3839089,198.9700,200.3100,198.1100
2020/08/03,199.2600,3.4800,+1.78,6253519,197.2800,200.6800,196.0000
2020/07/31,195.7800,1.4800,+0.76,5943185,195.0600,196.0000,193.3300
2020/07/30,194.3000,2.1100,-1.07,4834570,193.4300,194.5700,192.2500
2020/07/29,196.4100,2.2900,+1.18,4069954,194.0300,196.6700,193.7300
2020/07/28,194.1200,1.9800,+1.03,4412796,190.9000,194.4600,190.6100
2020/07/27,192.1400,2.3800,-1.22,4312003,193.8300,193.9900,191.7700
2020/07/24,194.5200,1.2700,+0.66,5143693,193.2500,196.2800,193.0500
2020/07/23,193.2500,1.1500,+0.60,6039644,191.7100,193.3900,191.4800
2020/07/22,192.1000,0.1700,-0.09,4184472,191.7800,192.2400,190.6300
2020/07/21,192.2700,1.7900,+0.94,5257941,190.4000,193.4500,190.4000
2020/07/20,190.4800,0.2800,-0.15,4092175,190.0200,191.2300,189.4800
2020/07/17,190.7600,0.2500,-0.13,5187529,191.7700,192.1200,190.4686
2020/07/16,191.0100,0.4500,+0.24,4773368,188.3200,191.9300,188.3200
2020/07/15,190.5600,0.8500,+0.45,7558957,192.6400,193.0500,188.7500
2020/07/14,189.7100,5.5800,+3.03,14687111,182.4200,190.0800,182.4200
2020/07/13,184.1300,1.2300,+0.67,7888833,183.8100,185.8200,183.3100
2020/07/10,182.9000,4.1000,+2.29,5487025,178.2600,182.9600,178.0900
2020/07/09,178.8000,2.4000,-1.32,5424922,181.7900,181.8800,177.7700
2020/07/08,181.2000,0.0500,+0.03,5557679,180.4200,182.3119,179.7700
2020/07/07,181.1500,1.5700,-0.86,4956616,182.0200,182.4900,180.6000
2020/07/06,182.7200,3.8900,+2.18,6449353,183.1000,183.5200,181.5900
2020/07/02,178.8300,0.8400,+0.47,5165918,180.4500,180.9400,178.2400
2020/07/01,177.9900,0.5200,-0.29,4623976,178.4100,180.4500,177.3400
2020/06/30,178.5100,1.3200,+0.74,6766502,176.7500,179.1200,176.5100
2020/06/29,177.1900,1.8200,+1.04,5222730,175.9000,177.2200,175.3300
2020/06/26,175.3700,3.4800,-1.95,14776382,176.7100,178.7000,174.6300
2020/06/25,178.8500,1.3200,+0.74,6385076,176.5800,179.7195,176.0600
2020/06/24,177.5300,3.4800,-1.92,8086306,179.6100,179.6500,177.2600
2020/06/23,181.0100,0.8400,+0.47,6382428,181.8700,182.3900,180.4000
2020/06/22,180.1700,0.4500,+0.25,5822331,179.5500,181.8000,178.8700
2020/06/19,179.7200,1.0100,-0.56,8765108,183.5000,183.8800,179.0100
2020/06/18,180.7300,0.1300,-0.07,4924460,179.9000,181.3600,179.0400
2020/06/17,180.8600,1.4400,-0.79,6458205,183.0300,183.1500,180.1100
2020/06/16,182.3000,0.7500,+0.41,9414597,186.5500,186.7000,179.7500
2020/06/15,181.5500,0.3400,+0.19,8111656,177.0000,181.7699,176.0500
2020/06/12,181.2100,3.1900,+1.79,9479915,184.0200,184.0200,178.2200
2020/06/11,178.0200,13.4900,-7.04,15387904,185.0000,186.9296,177.9300
2020/06/10,191.5100,4.5600,-2.33,7351508,195.8500,196.3400,191.3700
2020/06/09,196.0700,5.4900,-2.72,7735857,197.1500,198.7900,195.8300
2020/06/08,201.5600,0.9000,+0.45,6706518,202.3400,203.3300,199.5600
2020/06/05,200.6600,8.6100,+4.48,10400938,197.8800,201.4900,196.2200
2020/06/04,192.0500,1.2300,+0.64,5818236,190.4100,192.1100,189.6900
2020/06/03,190.8200,4.8800,+2.62,6710121,188.7500,191.6200,187.8100
2020/06/02,185.9400,2.1000,+1.14,5806026,183.9900,186.4400,183.9900
2020/06/01,183.8400,1.7400,-0.94,5722581,185.5300,185.7100,183.1850
2020/05/29,185.5800,0.4800,+0.26,10631071,183.0800,185.8700,182.5300
2020/05/28,185.1000,0.6700,-0.36,6315543,187.2400,187.2800,183.9200
2020/05/27,185.7700,5.4300,+3.01,7416421,184.6650,185.9800,183.8000
2020/05/26,180.3400,5.4100,+3.09,7110034,179.9900,181.6900,178.6800
2020/05/22,174.9300,0.0100,-0.01,3589844,174.8600,175.1200,173.2100
2020/05/21,174.9400,1.0800,-0.61,4062440,175.7400,176.6500,174.4700
2020/05/20,176.0200,3.5300,+2.05,5459007,174.6100,176.8700,174.2900
2020/05/19,172.4900,2.9700,-1.69,5580754,174.1200,174.8700,172.3400
2020/05/18,175.4600,6.2100,+3.67,7463845,174.0000,176.8700,172.3091
2020/05/15,169.2500,1.6800,-0.98,5941213,169.8200,170.6600,168.5200
2020/05/14,170.9300,0.3600,+0.21,7016473,168.8000,171.4000,167.0401
2020/05/13,170.5700,2.2400,-1.30,10262672,172.0000,172.6100,169.4400
2020/05/12,172.8100,1.8300,-1.05,6483703,175.2000,175.7149,172.7300
2020/05/11,174.6400,2.1900,-1.24,9239404,175.2300,175.9600,173.6100
2020/05/08,176.8300,3.3500,+1.93,5798965,176.7100,177.2600,174.2800
2020/05/07,173.4800,1.1000,+0.64,6702275,173.4000,175.3800,173.0500
2020/05/06,172.3800,3.6500,-2.07,9016047,176.9400,177.0400,172.3400
2020/05/05,176.0300,1.9200,-1.08,9019874,180.0450,180.2300,175.9300
2020/05/04,177.9500,4.7200,-2.58,9455779,179.7800,180.3600,176.3401
2020/05/01,182.6700,4.6900,-2.50,7516538,185.2100,185.8900,181.6400
2020/04/30,187.3600,2.2500,-1.19,8224394,188.3000,189.8700,186.7100
2020/04/29,189.6100,2.4900,+1.33,7654591,190.6400,192.6800,188.9300
2020/04/28,187.1200,0.3400,-0.18,6679292,190.5400,191.0000,187.0000
2020/04/27,187.4600,0.9400,+0.50,6625074,187.7800,189.3700,186.3500
2020/04/24,186.5200,0.8900,+0.48,5206780,187.0800,187.2800,184.4200
2020/04/23,185.6300,0.9500,-0.51,6214098,186.9900,187.3500,184.5000
2020/04/22,186.5800,3.1000,+1.69,5473376,186.4600,187.3700,185.3400
2020/04/21,183.4800,5.2700,-2.79,5886829,184.1700,185.7800,183.2800
2020/04/20,188.7500,2.4500,-1.28,6475978,188.7200,189.3500,187.3000
2020/04/17,191.2000,3.2400,+1.72,8275774,192.8900,192.9000,189.0200
2020/04/16,187.9600,0.6100,-0.32,6257017,188.9000,188.9900,185.8000
2020/04/15,188.5700,4.3700,-2.26,6143064,188.5600,189.5900,187.4700
2020/04/14,192.9400,4.1700,+2.21,7033292,193.3200,194.1600,190.8200
2020/04/13,188.7700,5.0700,-2.62,7897317,193.8500,193.8500,186.0800
2020/04/09,193.8400,2.8300,+1.48,10525209,194.0000,197.2300,191.4500
2020/04/08,191.0100,5.7600,+3.11,6112986,187.5500,191.4200,185.1400
2020/04/07,185.2500,0.0100,+0.01,8151274,191.9900,192.0000,184.9000
2020/04/06,185.2400,6.9000,+3.87,9943688,184.6100,186.4100,180.4900
2020/04/03,178.3400,1.3900,-0.77,6645402,178.5900,180.2200,175.4400
2020/04/02,179.7300,3.7800,+2.15,7276305,175.0000,180.3100,174.2250
2020/04/01,175.9500,6.8800,-3.76,8684977,176.1800,178.6700,174.1900
2020/03/31,182.8300,0.3500,-0.19,8999502,182.0500,186.1700,180.5700
2020/03/30,183.1800,3.5200,+1.96,7674376,180.0400,184.1100,178.0000
2020/03/27,179.6600,4.2400,-2.31,10264577,178.5000,184.2400,176.7200
2020/03/26,183.9000,3.4300,+1.90,14145128,181.2900,184.9600,179.5900
2020/03/25,180.4700,2.2700,+1.27,13856492,180.0100,189.0700,175.1700
2020/03/24,178.2000,16.0700,+9.91,14093996,170.9100,179.1400,169.5300
2020/03/23,162.1300,7.9300,-4.66,16512831,165.3000,166.6900,159.5000
2020/03/20,170.0600,4.6200,-2.64,15218821,176.3000,177.1800,167.2945
2020/03/19,174.6800,2.2400,+1.30,12492309,170.2100,176.1800,166.0000
2020/03/18,172.4400,15.1600,-8.08,16682838,177.2900,181.3900,167.0000
2020/03/17,187.6000,9.8300,+5.53,15081851,181.8800,187.8100,177.0000
2020/03/16,177.7700,18.6300,-9.49,14171802,174.0000,188.3800,173.6200
2020/03/13,196.4000,20.4300,+11.61,14867020,187.4500,196.5000,178.4100
2020/03/12,175.9700,18.6700,-9.59,22303501,183.6000,187.6699,175.0000
2020/03/11,194.6400,8.0900,-3.99,9586080,197.3200,198.1300,192.8700
2020/03/10,202.7300,9.6000,+4.97,10931656,201.3500,202.8600,195.0517
2020/03/09,193.1300,12.8500,-6.24,13986192,195.0000,198.4790,192.2600
2020/03/06,205.9800,2.9800,-1.43,9443910,203.4800,207.4100,202.3500
2020/03/05,208.9600,8.9000,-4.09,8114450,212.5500,212.7500,207.0100
2020/03/04,217.8600,9.0500,+4.33,7409199,212.1400,218.3400,209.2600
2020/03/03,208.8100,8.8200,-4.05,10717122,217.3900,218.1500,206.2000
2020/03/02,217.6300,11.2900,+5.47,10408117,207.2500,218.8000,204.4339
2020/02/28,206.3400,1.3300,-0.64,15149589,201.9200,206.4400,199.6800
2020/02/27,207.6700,8.3900,-3.88,10945542,212.9000,214.3800,207.2800
2020/02/26,216.0600,1.9900,-0.91,6907568,219.6500,220.6300,215.9400
2020/02/25,218.0500,3.6400,-1.64,8560131,222.2000,223.2400,216.7600
2020/02/24,221.6900,7.6400,-3.33,7933733,221.3100,223.9400,220.2700
2020/02/21,229.3300,1.1600,+0.51,4702108,227.5300,230.0700,226.9800
2020/02/20,228.1700,1.0700,-0.47,3549133,229.7600,229.7900,227.1500
2020/02/19,229.2400,2.4700,+1.09,3189102,227.6800,229.7100,226.9300
2020/02/18,226.7700,0.0300,-0.01,3153466,226.3900,227.3800,225.2700
2020/02/14,226.8000,0.3300,+0.15,2506699,226.4900,227.1400,225.5200
2020/02/13,226.4700,0.9700,-0.43,2838906,226.5300,227.4000,226.1000
2020/02/12,227.4400,0.1100,+0.05,3786174,227.6000,228.8400,226.9100
2020/02/11,227.3300,0.2200,+0.10,2918511,228.5900,228.5900,227.0200
2020/02/10,227.1100,0.2700,-0.12,2945177,227.1700,227.7503,225.1300
2020/02/07,227.3800,2.2300,-0.97,2886854,228.0700,228.6200,226.6700
2020/02/06,229.6100,0.9600,+0.42,2801166,229.5600,230.0800,228.5300
2020/02/05,228.6500,3.5700,+1.59,3364133,226.9100,228.6800,226.7500
2020/02/04,225.0800,1.6100,+0.72,3643707,226.1500,226.9400,224.7900
2020/02/03,223.4700,0.9600,-0.43,3525322,225.4800,226.3200,223.0000
2020/01/31,224.4300,3.4500,-1.51,3948507,226.4900,226.9700,223.4300
2020/01/30,227.8800,3.3800,+1.51,3355343,223.1100,228.0800,222.4800
2020/01/29,224.5000,0.4700,+0.21,2311394,224.7500,226.4000,224.3100
2020/01/28,224.0300,1.5800,+0.71,3613154,223.4400,225.3500,223.1600
2020/01/27,222.4500,4.4100,-1.94,5455063,223.7000,223.9000,221.1100
2020/01/24,226.8600,2.5200,-1.10,4024035,229.4000,229.4100,226.0400
2020/01/23,229.3800,0.1600,-0.07,4750042,229.4300,229.7700,227.3492
2020/01/22,229.5400,0.9100,+0.40,3164373,229.0000,230.3800,228.4100
2020/01/21,228.6300,1.5700,-0.68,5842158,229.8500,231.1300,227.9500
2020/01/17,230.2000,0.4700,+0.20,6603956,230.1300,231.6100,229.5500
2020/01/16,229.7300,1.3800,+0.60,3037238,229.3400,230.0300,228.5200
2020/01/15,228.3500,1.1800,+0.52,2664870,226.8000,228.6400,226.7800
2020/01/14,227.1700,1.2800,-0.56,3356233,227.8500,228.3899,226.8800
2020/01/13,228.4500,1.8300,+0.81,3287976,227.0500,228.4700,226.1251
2020/01/10,226.6200,2.0300,-0.89,2573152,228.5000,228.5308,226.5900
2020/01/09,228.6500,2.6600,+1.18,3497724,226.9200,228.8500,226.9200
2020/01/08,225.9900,0.0700,+0.03,3782033,226.0300,227.8400,225.8700
2020/01/07,225.9200,1.0700,-0.47,3530280,227.2600,227.2600,225.4400
2020/01/06,226.9900,0.8100,+0.36,4263359,224.9900,227.1300,224.7000
2020/01/03,226.1800,2.2100,-0.97,3024008,225.6900,227.4300,225.4800
2020/01/02,228.3900,1.8900,+0.83,3767253,227.5100,228.3900,226.7100
2019/12/31,226.5000,0.7400,+0.33,3145359,226.1600,226.7200,225.1400
2019/12/30,225.7600,0.3800,-0.17,2769821,226.1400,226.6000,224.6700
2019/12/27,226.1400,0.3100,-0.14,2769665,226.8600,226.9700,225.5700
2019/12/26,226.4500,0.9800,+0.43,1725982,225.9200,226.5100,225.6400
2019/12/24,225.4700,0.0100,-0,961133,225.2400,225.6500,224.8800
2019/12/23,225.4800,0.8300,-0.37,3504201,226.6100,226.6700,224.9300
2019/12/20,226.3100,1.1000,+0.49,11574294,226.2400,227.8000,225.5600
2019/12/19,225.2100,0.2000,+0.09,4967692,224.6600,225.6600,224.1600
2019/12/18,225.0100,2.0400,-0.90,5963388,227.0600,227.2000,224.8900
2019/12/17,227.0500,0.2000,+0.09,4867651,227.2700,228.2300,226.5500
2019/12/16,226.8500,1.4800,+0.66,4280417,226.7700,227.8100,226.2900
2019/12/13,225.3700,0.5500,-0.24,3160709,225.9200,226.5000,223.9600
2019/12/12,225.9200,3.3500,+1.51,5124306,222.8800,226.5200,222.5300
2019/12/11,222.5700,1.3100,+0.59,3547432,221.2100,222.6500,221.0100
2019/12/10,221.2600,0.1200,-0.05,2690874,222.0700,222.0700,220.2100
2019/12/09,221.3800,1.2300,-0.55,2616647,222.7100,223.3000,221.1900
2019/12/06,222.6100,3.0100,+1.37,3447861,221.6400,223.0000,221.3300
2019/12/05,219.6000,1.2000,+0.55,2319936,218.9900,219.7500,218.0500
2019/12/04,218.4000,0.3200,+0.15,2667728,217.9500,218.8828,217.5400
2019/12/03,218.0800,2.2500,-1.02,4501807,218.8200,218.9000,216.3952
2019/12/02,220.3300,0.0300,+0.01,3888736,220.6000,221.3800,220.1101
2019/11/29,220.3000,0.2000,-0.09,2256461,220.5000,220.5800,219.8250
2019/11/27,220.5000,1.6000,+0.73,3947243,219.2500,220.5900,218.4800
2019/11/26,218.9000,0.1600,-0.07,3718712,219.1100,219.2000,217.7200
2019/11/25,219.0600,1.1000,+0.50,3650331,218.7400,219.3900,218.2600
2019/11/22,217.9600,1.3300,+0.61,2393303,216.9600,217.9900,216.8000
2019/11/21,216.6300,0.8500,-0.39,3707678,217.3000,217.7050,216.3000
2019/11/20,217.4800,1.5500,-0.71,4966467,218.0100,218.3700,216.0100
2019/11/19,219.0300,0.3200,-0.15,3378196,219.9300,220.0000,218.7827
2019/11/18,219.3500,0.3900,-0.18,3894984,219.9500,220.0500,218.3880
2019/11/15,219.7400,0.3800,+0.17,3477460,220.1800,220.4300,218.7400
2019/11/14,219.3600,0.4100,-0.19,2831807,219.7700,219.8700,217.9100
2019/11/13,219.7700,1.1200,-0.51,3190818,219.7200,220.2700,218.6100
2019/11/12,220.8900,0.0400,+0.02,2657678,220.9800,222.1900,220.5400
2019/11/11,220.8500,0.4600,-0.21,2380511,220.2000,221.0913,219.8700
2019/11/08,221.3100,1.4300,-0.64,3347189,222.7500,223.0000,219.8900
2019/11/07,222.7400,0.7400,+0.33,4396330,222.8100,223.3700,221.6700
2019/11/06,222.0000,1.1200,+0.51,3664010,221.0900,222.0300,220.1100
2019/11/05,220.8800,2.9000,+1.33,5321850,218.6900,221.6800,218.4300
2019/11/04,217.9800,2.1500,+1.00,4157127,217.7700,218.6200,216.9827
2019/11/01,215.8300,3.2500,+1.53,4778977,213.5500,216.6300,213.4000
2019/10/31,212.5800,0.6700,-0.31,4305999,213.0100,213.7100,211.5400
2019/10/30,213.2500,0.2400,+0.11,3298217,212.9900,213.4300,211.6700
2019/10/29,213.0100,0.1500,+0.07,2630512,212.3800,213.1700,211.6100
2019/10/28,212.8600,1.0600,+0.50,3521940,212.3100,213.3400,212.1400
2019/10/25,211.8000,1.5400,+0.73,2539457,209.8700,212.3300,209.7500
2019/10/24,210.2600,0.7000,-0.33,3147560,211.1600,211.3200,209.7200
2019/10/23,210.9600,0.3400,+0.16,2415596,210.5000,211.0100,209.5400
2019/10/22,210.6200,0.8700,-0.41,2720621,211.0300,211.9700,210.4700
2019/10/21,211.4900,2.7300,+1.31,3337638,210.0000,211.5400,209.7600
2019/10/18,208.7600,0.1400,+0.07,3581579,208.4500,209.6200,208.2000
2019/10/17,208.6200,0.6700,-0.32,3576676,209.2600,209.9800,208.5100
2019/10/16,209.2900,0.0900,-0.04,3233940,208.3700,209.9700,208.3700
2019/10/15,209.3800,1.4700,+0.71,3055578,207.7300,210.1500,207.5700
2019/10/14,207.9100,0.1700,-0.08,1903109,208.0100,208.0700,206.9300
2019/10/11,208.0800,1.2200,+0.59,4408767,208.9700,210.0800,207.7300
2019/10/10,206.8600,0.1700,+0.08,2979733,206.3700,208.1900,206.0800
2019/10/09,206.6900,2.6000,+1.27,3210433,204.9400,207.2300,204.7300
2019/10/08,204.0900,3.1500,-1.52,4187853,205.6200,206.1400,203.9300
2019/10/07,207.2400,0.8400,-0.40,2720630,207.3600,209.6000,206.1900
2019/10/04,208.0800,3.1000,+1.51,3572235,205.0900,208.2800,205.0500
2019/10/03,204.9800,1.8800,+0.93,4308064,202.6500,205.0900,201.3300
2019/10/02,203.1000,3.6100,-1.75,5939951,206.0900,206.0900,202.3800
2019/10/01,206.7100,1.3100,-0.63,3512543,208.9400,209.6600,206.4400
2019/09/30,208.0200,0.5700,+0.27,3167632,207.7700,208.7000,207.5340
2019/09/27,207.4500,0.5500,+0.27,2843689,207.7300,208.6400,206.5400
2019/09/26,206.9000,1.2100,-0.58,2823123,208.1900,208.1900,206.3500
2019/09/25,208.1100,1.7100,+0.83,3291982,206.5000,209.4400,206.2300
2019/09/24,206.4000,1.5600,-0.75,3710573,208.1700,208.8900,205.7400
2019/09/23,207.9600,0.1600,-0.08,3076510,207.0200,208.5300,206.4000
2019/09/20,208.1200,1.1000,-0.53,10704251,210.3700,210.3700,207.2700
2019/09/19,209.2200,1.6800,-0.80,2736437,210.7800,211.4400,208.9000
2019/09/18,210.9000,0.7500,+0.36,2734580,209.8900,211.3200,209.1200
2019/09/17,210.1500,0.1800,-0.09,3863004,210.3500,211.1600,208.6800
2019/09/16,210.3300,3.2800,-1.54,3472741,212.0600,212.1000,209.9400
2019/09/13,213.6100,2.2400,+1.06,4244903,212.2400,214.5800,212.2200
2019/09/12,211.3700,0.4600,+0.22,4599340,211.0000,212.6800,210.7200
2019/09/11,210.9100,2.6000,+1.25,4439914,208.2700,210.9300,207.5250
2019/09/10,208.3100,1.6900,+0.82,3878591,207.3100,208.3100,206.1300
2019/09/09,206.6200,1.8900,+0.92,4565146,205.5100,207.8000,205.2000
2019/09/06,204.7300,0.4900,+0.24,3409358,204.4400,205.1500,203.8617
2019/09/05,204.2400,2.0500,+1.01,3969863,204.1300,206.2200,203.7700
2019/09/04,202.1900,1.2900,+0.64,3209056,202.7300,202.9400,201.3000
2019/09/03,200.9000,2.5100,-1.23,3637136,201.1900,201.8300,200.1900
2019/08/30,203.4100,0.2100,+0.10,3632301,204.0200,204.3509,202.7300
2019/08/29,203.2000,2.7500,+1.37,3328295,201.7100,203.8000,201.6600
2019/08/28,200.4500,2.1000,+1.06,3405503,198.0200,200.5700,197.5300
2019/08/27,198.3500,1.8500,-0.92,3069044,200.7600,201.3000,198.0400
2019/08/26,200.2000,3.0400,+1.54,3094943,198.7000,200.2000,197.4400
2019/08/23,197.1600,3.8500,-1.92,5948735,200.1900,200.9200,195.9600
2019/08/22,201.0100,1.7700,+0.89,3214384,199.8000,201.8697,199.8000
2019/08/21,199.2400,1.0900,+0.55,3532077,199.0100,199.7700,198.7101
2019/08/20,198.1500,2.7900,-1.39,4043522,200.2700,200.2850,198.0200
2019/08/19,200.9400,1.2200,+0.61,4216714,202.7200,203.1000,200.3800
2019/08/16,199.7200,1.4100,+0.71,4796046,200.5000,200.8800,198.5500
2019/08/15,198.3100,2.5000,+1.28,4644724,197.0800,199.0411,196.3800
2019/08/14,195.8100,2.9700,-1.49,5839062,195.7800,197.2500,195.6100
2019/08/13,198.7800,1.5800,+0.80,3914758,197.4600,201.0000,196.5000
2019/08/12,197.2000,1.8500,-0.93,3194483,197.6100,199.4700,196.9100
2019/08/09,199.0500,1.4700,-0.73,4334639,200.1900,200.5500,197.6700
2019/08/08,200.5200,2.3100,+1.17,4143445,199.9300,200.8700,198.1200
2019/08/07,198.2100,2.3400,-1.17,5326559,198.5600,199.2957,195.4000
2019/08/06,200.5500,2.8200,+1.43,5500809,199.6100,200.9300,197.9000
2019/08/05,197.7300,4.9400,-2.44,7621861,199.9000,201.1000,197.1600
2019/08/02,202.6700,0.9600,+0.48,5696980,201.7900,204.4300,199.4200
2019/08/01,201.7100,3.7200,-1.81,4829521,205.6300,206.9800,201.4900
2019/07/31,205.4300,2.3800,-1.15,4634512,207.8000,209.5000,205.3000
2019/07/30,207.8100,0.8000,-0.38,1977839,207.8900,208.3600,206.8600
2019/07/29,208.6100,1.2900,-0.61,2834084,210.0000,210.0000,208.4200
2019/07/26,209.9000,2.0000,+0.96,3654607,207.8200,210.0300,206.7500
2019/07/25,207.9000,0.0700,-0.03,3022205,208.3700,208.3700,206.5300
2019/07/24,207.9700,1.5100,+0.73,3105425,205.7400,208.0100,205.6300
2019/07/23,206.4600,1.6200,+0.79,3086415,205.5100,206.6300,204.9200
2019/07/22,204.8400,1.1300,-0.55,3086088,205.3400,206.1600,204.3600
2019/07/19,205.9700,2.0100,-0.97,3513524,208.1100,208.2500,205.6500
2019/07/18,207.9800,0.5300,+0.26,3612161,207.5200,209.0942,207.1200
2019/07/17,207.4500,5.4300,-2.55,4325198,212.5200,212.9600,207.4100
2019/07/16,212.8800,0.6600,-0.31,2709343,214.2900,215.0400,212.7800
2019/07/15,213.5400,0.5600,-0.26,2715629,214.4400,214.4400,212.8200
2019/07/12,214.1000,0.9300,+0.44,2360685,213.2000,214.1900,212.5100
2019/07/11,213.1700,0.8600,-0.40,3119597,214.3100,214.5499,212.9800
2019/07/10,214.0300,0.7200,-0.34,3704992,215.2100,216.5800,213.7700
2019/07/09,214.7500,0.3800,-0.18,2687024,213.0200,214.9200,212.9700
2019/07/08,215.1300,0.1200,-0.06,2978431,214.0000,215.8000,213.9100
2019/07/05,215.2500,0.0900,+0.04,3324183,215.1300,215.7700,213.9000
2019/07/03,215.1600,0.6200,+0.29,2489136,215.0000,215.2500,212.6600
2019/07/02,214.5400,0.0800,-0.04,3054355,214.3800,215.5900,213.4000
2019/07/01,214.6200,1.4500,+0.68,3467241,214.2500,215.2100,213.2100
2019/06/28,213.1700,1.1500,+0.54,7472388,213.0000,213.3300,211.3200
2019/06/27,212.0200,3.5100,+1.68,4182800,208.9700,212.5400,208.8100
2019/06/26,208.5100,0.4400,+0.21,3937817,208.2800,210.0000,208.2100
2019/06/25,208.0700,1.2200,+0.59,3727362,207.4100,208.4800,206.8001
2019/06/24,206.8500,0.6400,+0.31,3164398,206.3900,207.5900,205.9600
2019/06/21,206.2100,1.8300,-0.88,5994485,208.4300,208.7200,206.0300
2019/06/20,208.0400,1.2900,+0.62,3836861,208.5100,208.7500,206.0414
2019/06/19,206.7500,0.7400,+0.36,3320746,206.3600,208.3100,206.1400
2019/06/18,206.0100,2.5300,+1.24,3670723,204.4700,206.4624,203.9800
2019/06/17,203.4800,1.6800,-0.82,2819964,205.8500,205.8500,203.1600
2019/06/14,205.1600,0.1700,+0.08,2512373,204.8700,205.8450,203.8500
2019/06/13,204.9900,0.4200,+0.21,2257756,204.4600,205.7599,204.3000
2019/06/12,204.5700,2.0600,-1.00,2835868,206.2000,206.6000,203.9200
2019/06/11,206.6300,0.5300,-0.26,2545954,208.5000,208.9900,206.0000
2019/06/10,207.1600,1.3500,+0.66,2865546,207.1200,208.0800,206.4600
2019/06/07,205.8100,1.0400,+0.51,2672721,204.9500,206.5400,204.8000
2019/06/06,204.7700,1.4700,+0.72,3005213,202.9000,205.3900,202.5400
2019/06/05,203.3000,1.7100,+0.85,3210940,202.3800,203.3500,200.9100
2019/06/04,201.5900,3.0300,+1.53,4112641,200.6300,201.6500,199.5700
2019/06/03,198.5600,1.1400,+0.58,3979035,197.6200,198.9200,196.8900
2019/05/31,197.4200,2.3200,-1.16,3685173,198.3200,198.8300,197.0750
2019/05/30,199.7400,1.2200,+0.61,3646258,199.0600,200.2113,198.7600
2019/05/29,198.5200,1.1800,-0.59,4625776,198.9500,199.4900,197.3400
2019/05/28,199.7000,1.9900,-0.99,6914939,202.0500,202.4100,199.5200
2019/05/24,201.6900,0.3900,+0.19,3314493,202.1200,202.1200,200.7900
2019/05/23,201.3000,1.3000,-0.64,4737449,200.8000,202.1800,199.3200
2019/05/22,202.6000,0.7600,-0.37,2776131,202.7200,203.4900,201.7000
2019/05/21,203.3600,0.6300,+0.31,2664427,203.1600,203.9874,202.5000
2019/05/20,202.7300,0.5400,-0.27,2645277,202.6400,203.1800,201.7500
2019/05/17,203.2700,1.3600,-0.66,4614709,203.0000,205.4600,202.4500
2019/05/16,204.6300,1.6500,+0.81,3074219,203.9000,206.6600,203.9000
2019/05/15,202.9800,0.7100,-0.35,4024275,202.7900,204.1300,201.3900
2019/05/14,203.6900,1.3200,-0.64,4005193,205.6700,206.8150,203.4500
2019/05/13,205.0100,4.0100,-1.92,5186169,204.9600,205.9100,204.3000
2019/05/10,209.0200,0.4600,+0.22,4075724,207.8900,209.2900,204.3050
2019/05/09,208.5600,0.7300,-0.35,4251265,207.3400,208.9200,204.3900
2019/05/08,209.2900,0.1400,-0.07,3838173,208.2600,211.7200,207.6000
2019/05/07,209.4300,3.7300,-1.75,5266714,211.3400,211.6000,207.4100
2019/05/06,213.1600,5.4400,-2.49,5657206,214.6850,215.5100,211.5410
2019/05/03,218.6000,2.6700,+1.24,3382560,217.1400,219.1600,216.8700
2019/05/02,215.9300,0.7800,-0.36,2646680,217.1900,217.7000,215.1700
2019/05/01,216.7100,0.0000,0,3769217,217.2200,218.7900,216.4900
2019/04/30,216.7100,0.1300,+0.06,3611084,217.3200,217.3200,214.7000
2019/04/29,216.5800,2.3600,+1.10,3467613,214.9200,217.2200,214.6000
2019/04/26,214.2200,2.2700,+1.07,3155383,211.8500,214.2200,211.8100
2019/04/25,211.9500,1.3800,+0.66,3152140,209.6200,212.6700,209.3400
2019/04/24,210.5700,1.0400,-0.49,3208500,211.5500,212.0200,210.2343
2019/04/23,211.6100,2.1200,+1.01,3475441,209.5000,211.8800,208.8900
2019/04/22,209.4900,0.5000,-0.24,1929247,209.5000,210.3700,208.8800
2019/04/18,209.9900,0.3800,-0.18,2590894,210.9600,211.4300,209.7300
2019/04/17,210.3700,1.4300,-0.68,2883009,212.3900,212.4900,209.6800
2019/04/16,211.8000,2.0600,+0.98,2644777,210.1500,211.8400,210.0000
2019/04/15,209.7400,0.8200,-0.39,2587520,210.5200,210.5500,207.7600
2019/04/12,210.5600,3.8900,+1.88,4778873,208.0800,211.6738,207.5800
2019/04/11,206.6700,2.1500,+1.05,2988267,204.7600,207.0900,204.2700
2019/04/10,204.5200,0.4000,-0.20,2632155,205.1200,205.2300,203.6000
2019/04/09,204.9200,0.3300,-0.16,2589728,204.8400,204.9700,203.5900
2019/04/08,205.2500,0.0800,-0.04,2623984,205.1400,205.6400,203.9700
2019/04/05,205.3300,1.2300,+0.60,3363457,204.1200,205.5300,203.1000
2019/04/04,204.1000,0.4300,+0.21,2436542,203.2600,204.9399,202.7900
2019/04/03,203.6700,0.2100,-0.10,2864486,205.4600,205.7000,202.9000
2019/04/02,203.8800,1.1200,-0.55,2599673,204.9100,205.4300,203.5900
2019/04/01,205.0000,4.1100,+2.05,4671599,202.1600,205.3000,202.0000
2019/03/29,200.8900,0.2300,+0.11,4619762,201.3400,201.7000,200.0300
2019/03/28,200.6600,1.4500,+0.73,3233554,199.4000,200.7500,198.4000
2019/03/27,199.2100,1.4100,-0.70,3619181,200.7200,201.2000,198.2300
2019/03/26,200.6200,1.1800,+0.59,3737812,200.8300,201.3200,198.7000
2019/03/25,199.4400,1.1100,-0.55,4113063,200.8300,201.9800,198.2000
2019/03/22,200.5500,3.8800,-1.90,5872384,203.2800,204.0100,200.0600
2019/03/21,204.4300,1.1600,+0.57,4182517,202.9200,204.7000,201.9100
2019/03/20,203.2700,1.8800,-0.92,4053218,205.4300,205.4500,202.9800
2019/03/19,205.1500,1.5300,-0.74,3881533,207.7500,207.7500,204.5600
2019/03/18,206.6800,2.3700,+1.16,3964622,204.6700,206.9500,204.6700
2019/03/15,204.3100,0.9300,+0.46,7738851,204.0800,206.1600,203.8600
2019/03/14,203.3800,0.6800,-0.33,3084157,203.2600,204.3600,202.6800
2019/03/13,204.0600,1.5600,+0.77,3693597,203.0000,205.3600,202.6600
2019/03/12,202.5000,0.4100,+0.20,3756148,202.6600,203.7300,202.2300
2019/03/11,202.0900,3.3900,+1.71,3999269,199.6200,202.3000,199.4700
2019/03/08,198.7000,0.6000,-0.30,3755208,197.9100,198.9400,197.0300
2019/03/07,199.3000,1.3700,-0.68,5105747,200.5800,200.5800,197.9900
2019/03/06,200.6700,0.8000,-0.40,3216616,201.6100,202.3000,200.5700
2019/03/05,201.4700,0.3400,-0.17,5268386,201.7600,202.0000,200.5800
2019/03/04,201.8100,1.3200,-0.65,4640638,203.0900,204.8700,200.5800
2019/03/01,203.1300,1.8300,+0.91,3529468,203.1500,203.8400,201.8400
2019/02/28,201.3000,0.9900,-0.49,3618960,202.6800,202.9400,201.1100
2019/02/27,202.2900,0.3900,+0.19,4247246,201.7200,202.3000,201.2500
