일자,종가,대비,등락률,거래량,시가,고가,저가
2026/09/17,92.8000,1.9000,+2.09,1124135,92.6200,93.1000,91.6000
2026/09/16,90.9000,0.3100,-0.34,2117568,92.5500,92.9299,89.7400
2026/09/15,91.2100,2.0500,-2.20,2265610,93.7500,94.4000,91.0100
2026/09/14,93.2600,3.4200,-3.54,3467234,93.1000,94.4300,91.9700
2026/09/11,96.6800,0.7400,-0.76,2137932,98.0500,98.2700,96.3700
2026/09/10,97.4200,2.9900,-2.98,2130575,98.3300,99.6000,97.2600
2026/09/09,100.4100,1.5600,-1.53,1706311,101.7700,102.3000,99.3400
2026/09/08,101.9700,1.2300,+1.22,2217616,102.4950,104.1200,101.5040
2026/09/04,100.7400,0.1200,+0.12,1557488,99.5400,101.5400,99.5200
2026/09/03,100.6200,4.2400,+4.40,3228929,98.9900,101.5300,98.6900
2026/09/02,96.3800,0.1200,+0.12,2526572,96.0000,98.3700,95.1300
2026/09/01,96.2600,2.5000,-2.53,2211270,96.0000,97.4200,94.6900
2026/08/31,98.7600,1.2500,-1.25,3130768,99.6000,99.9000,97.5300
2026/08/28,100.0100,6.3200,-5.94,4191833,105.7400,106.4650,99.5301
2026/08/27,106.3300,1.0300,-0.96,2321850,108.1300,108.9650,105.1400
2026/08/26,107.3600,0.4000,+0.37,3879773,107.0600,111.5400,106.9100
2026/08/25,106.9600,4.6900,+4.59,3725494,103.5000,107.7700,102.7500
2026/08/24,102.2700,0.2400,-0.23,2202076,102.2700,103.7300,100.2900
2026/08/21,102.5100,6.9200,+7.24,3941705,97.7800,102.8200,97.4700
2026/08/20,95.5900,2.3900,-2.44,2106471,97.0000,97.3500,94.1000
2026/08/19,97.9800,1.9500,+2.03,1928709,97.8000,98.7700,96.6600
2026/08/18,96.0300,2.5500,-2.59,2585760,96.4200,97.2500,93.9100
2026/08/17,98.5800,0.8400,+0.86,2518045,97.8700,100.6500,97.0100
2026/08/14,97.7400,0.0100,-0.01,2170859,97.4000,99.7400,97.4000
2026/08/13,97.7500,1.2800,-1.29,2396061,98.5000,99.9500,97.5000
2026/08/12,99.0300,0.3000,+0.30,2591454,99.6000,100.1400,97.7100
2026/08/11,98.7300,1.4200,+1.46,1901235,98.2100,99.5800,97.7500
2026/08/10,97.3100,0.0800,-0.08,1993348,98.3300,99.0800,96.7550
2026/08/07,97.3900,3.7700,+4.03,3220143,96.1700,97.8900,94.8000
2026/08/06,93.6200,0.6500,-0.69,2441456,93.6100,96.4000,92.7000
2026/08/05,94.2700,1.1800,+1.27,3532816,94.4900,95.9000,93.8000
2026/08/04,93.0900,3.3700,+3.76,3996801,91.0600,94.8200,91.0000
2026/08/03,89.7200,3.3400,+3.87,2908861,85.5950,89.9100,85.0200
2026/07/31,86.3800,1.8500,-2.10,5599296,90.6300,91.4100,83.9300
2026/07/30,88.2300,3.6600,+4.33,4177495,86.7900,88.3800,86.1500
2026/07/29,84.5700,2.3900,-2.75,3146839,86.6000,86.9500,83.5000
2026/07/28,86.9600,2.3900,-2.67,3306600,87.2400,87.7700,84.5200
2026/07/27,89.3500,1.4900,+1.70,3087621,90.5500,91.7500,87.7500
2026/07/24,87.8600,1.4700,-1.65,3828858,89.3500,89.4700,86.3070
2026/07/23,89.3300,1.0400,-1.15,3233306,88.8800,90.4800,88.0700
2026/07/22,90.3700,1.6900,+1.91,4151612,90.3500,92.0600,89.8550
2026/07/21,88.6800,3.8300,+4.51,4981796,86.4800,88.8600,85.8900
2026/07/20,84.8500,0.7700,-0.90,4973558,85.4200,85.6800,84.3600
2026/07/17,85.6200,1.7400,-1.99,5202663,85.9500,86.7300,83.1500
2026/07/16,87.3600,3.6200,-3.98,5089055,89.4800,89.5200,86.4350
2026/07/15,90.9800,0.5900,-0.64,3769955,92.5700,93.1900,89.3200
2026/07/14,91.5700,1.3700,+1.52,4234663,91.8000,93.0000,91.1650
2026/07/13,90.2000,5.7900,-6.03,6235567,94.4000,95.2420,89.2200
2026/07/10,95.9900,0.2500,+0.26,2322210,96.5000,97.7400,95.0700
2026/07/09,95.7400,1.0100,+1.07,2161358,95.5000,96.7500,95.1600
2026/07/08,94.7300,0.0600,+0.06,2546648,93.0300,94.9399,91.6000
2026/07/07,94.6700,2.8300,-2.90,3416709,95.4800,96.0600,92.9200
2026/07/06,97.5000,0.9600,+0.99,2787528,97.1100,100.1900,97.1100
2026/07/02,96.5400,0.8500,-0.87,3810881,98.7500,101.8700,94.7900
2026/07/01,97.3900,4.4700,-4.39,4063114,101.1700,104.2000,96.8200
2026/06/30,101.8600,1.6100,-1.56,3267973,102.6300,103.4700,99.8000
2026/06/29,103.4700,1.0200,-0.98,2418567,104.5100,104.9000,101.3300
2026/06/26,104.4900,0.9100,+0.88,2349908,102.5200,106.6300,101.7000
2026/06/25,103.5800,3.0600,-2.87,3044247,106.9300,108.1200,102.1742
2026/06/24,106.6400,2.2500,-2.07,2882662,107.5800,108.5600,104.5100
2026/06/23,108.8900,1.8200,+1.70,3840118,103.7900,111.4900,103.6200
2026/06/22,107.0700,0.5800,+0.54,2635295,106.1600,108.5200,104.2900
2026/06/18,106.4900,0.8200,+0.78,3099515,107.2400,109.5573,105.8200
2026/06/17,105.6700,2.2100,-2.05,2541305,108.7500,109.6300,105.5250
2026/06/16,107.8800,0.8600,+0.80,2575579,107.0600,110.3700,105.7741
2026/06/15,107.0200,6.0600,+6.00,3353769,105.0000,107.9500,104.4900
2026/06/12,100.9600,1.9900,+2.01,2551131,99.9900,101.9700,99.3800
2026/06/11,98.9700,3.9400,+4.15,4725154,96.2600,99.6500,94.5500
2026/06/10,95.0300,7.2400,-7.08,6960904,99.9300,101.5750,93.8300
2026/06/09,102.2700,3.1700,-3.01,4456769,105.9400,106.8728,98.5700
2026/06/08,105.4400,2.0000,+1.93,2159051,106.7900,107.0400,104.6650
2026/06/05,103.4400,10.5800,-9.28,3894346,112.2800,112.5000,102.4450
2026/06/04,114.0200,0.5400,-0.47,2163906,113.8800,114.8500,112.3991
2026/06/03,114.5600,5.9500,-4.94,3928600,119.5700,120.6550,112.5500
2026/06/02,120.5100,7.9200,+7.03,4817033,112.8300,122.3000,112.2000
2026/06/01,112.5900,0.1100,-0.10,2661156,110.8300,114.3648,109.1120
2026/05/29,112.7000,2.0700,+1.87,3036100,111.0000,113.8000,108.6400
2026/05/28,110.6300,3.1900,+2.97,2986475,106.3300,111.3200,105.5600
2026/05/27,107.4400,0.7300,-0.67,2061001,107.5000,109.1700,105.8100
2026/05/26,108.1700,3.4200,+3.26,3000039,107.3900,108.9600,105.3757
2026/05/22,104.7500,0.5800,-0.55,2558170,105.6600,106.3799,103.6800
2026/05/21,105.3300,1.3100,+1.26,2922113,104.4400,106.8950,102.4600
2026/05/20,104.0200,0.5000,+0.48,2547831,105.0900,106.1500,103.3000
2026/05/19,103.5200,1.6200,-1.54,3440428,103.5000,104.7850,101.9500
2026/05/18,105.1400,2.3700,-2.20,3297754,107.3800,108.6000,103.4250
2026/05/15,107.5100,5.0000,-4.44,3080320,109.5600,110.0000,107.2500
2026/05/14,112.5100,2.8800,-2.50,3165671,114.9900,115.1750,110.1200
2026/05/13,115.3900,1.5400,-1.32,3366196,115.7700,116.7500,112.0200
2026/05/12,116.9300,3.2100,-2.67,3892490,117.5000,118.4500,112.3500
2026/05/11,120.1400,3.3900,+2.90,3158235,114.2300,121.5400,113.2000
2026/05/08,116.7500,1.9600,-1.65,2182425,120.2600,120.4350,116.0500
2026/05/07,118.7100,5.0500,-4.08,3121503,123.4200,124.0000,118.0300
2026/05/06,123.7600,9.3000,+8.13,3845557,117.6000,124.5700,116.5000
2026/05/05,114.4600,3.8000,-3.21,5412083,122.2100,124.7199,113.3000
2026/05/04,118.2600,2.3400,-1.94,3292253,120.5000,122.3500,118.0900
2026/05/01,120.6000,2.4400,-1.98,2168704,121.9000,122.3900,117.8971
2026/04/30,123.0400,8.7500,+7.66,3007742,115.7600,123.1400,115.7600
2026/04/29,114.2900,2.0200,-1.74,2273785,116.5400,116.9200,111.8569
2026/04/28,116.3100,6.8000,-5.52,3167642,119.9700,121.7900,115.4800
2026/04/27,123.1100,0.9600,+0.79,1982652,122.0000,124.8050,120.3000
2026/04/24,122.1500,1.7000,-1.37,2285748,125.4000,125.6000,121.9100
2026/04/23,123.8500,2.6200,-2.07,4424183,129.1400,131.2099,121.7500
2026/04/22,126.4700,9.8600,+8.46,3840034,118.9100,126.5950,118.1000
2026/04/21,116.6100,7.0100,-5.67,3814815,124.0000,124.5000,116.4500
2026/04/20,123.6200,2.9600,+2.45,2992734,120.1200,123.6850,117.6800
2026/04/17,120.6600,0.3900,+0.32,4220501,121.0200,123.6900,117.6100
2026/04/16,120.2700,1.1600,+0.97,3387124,121.0900,122.7500,119.5901
2026/04/15,119.1100,3.0500,+2.63,3124284,116.4300,121.3400,115.2000
2026/04/14,116.0600,0.6400,-0.55,3463795,119.5000,119.5000,114.7382
2026/04/13,116.7000,0.6600,+0.57,2664919,115.0000,116.7100,113.5600
2026/04/10,116.0400,0.5000,+0.43,2134480,116.8200,119.1475,115.9000
2026/04/09,115.5400,0.3600,-0.31,2210531,115.2000,116.6100,112.8300
2026/04/08,115.9000,5.6700,+5.14,3500649,116.0000,119.8000,114.9501
2026/04/07,110.2300,0.2500,-0.23,1808392,109.5700,111.1000,107.7700
2026/04/06,110.4800,2.0900,-1.86,1722145,112.3100,114.3600,109.3301
2026/04/02,112.5700,1.4400,+1.30,2348601,106.7450,112.7400,106.0100
2026/04/01,111.1300,2.5200,+2.32,2879863,111.5000,114.4600,110.7394
2026/03/31,108.6100,5.7700,+5.61,3989457,104.7800,109.2300,104.0500
2026/03/30,102.8400,1.0800,-1.04,2722012,104.5400,106.2895,101.2787
2026/03/27,103.9200,0.7500,-0.72,3182799,102.7700,105.6800,101.3800
2026/03/26,104.6700,4.3500,-3.99,2541344,107.5200,108.6000,104.2950
2026/03/25,109.0200,0.9800,+0.91,2516782,110.3100,112.1300,108.7006
2026/03/24,108.0400,2.4700,+2.34,2914466,104.4200,108.2800,102.8910
2026/03/23,105.5700,4.0200,+3.96,3932331,102.5000,106.6900,102.0000
2026/03/20,101.5500,5.0500,-4.74,5443239,106.3700,106.8800,100.1100
2026/03/19,106.6000,2.8000,-2.56,3958142,105.0000,107.4000,101.8200
2026/03/18,109.4000,2.1200,-1.90,2682194,111.2000,111.5000,108.8200
2026/03/17,111.5200,1.2100,+1.10,2562561,110.2300,114.0500,109.7200
2026/03/16,110.3100,2.3900,+2.21,3507179,108.6700,111.9800,107.7100
2026/03/13,107.9200,7.3800,-6.40,6618891,115.7500,116.4100,105.0000
2026/03/12,115.3000,0.0900,-0.08,4007694,116.2300,116.8100,110.8055
2026/03/11,115.3900,4.6900,-3.91,3474337,119.1800,120.0500,114.3100
2026/03/10,120.0800,3.9400,+3.39,5357011,116.5000,122.3000,116.5000
2026/03/09,116.1400,6.4600,+5.89,3306787,107.1800,116.4100,106.4400
2026/03/06,109.6800,4.5600,-3.99,4112248,111.4000,114.6000,108.6600
2026/03/05,114.2400,6.0000,-4.99,3894208,118.0500,119.2250,111.0500
2026/03/04,120.2400,2.4500,+2.08,2855086,119.5100,121.2300,114.8100
2026/03/03,117.7900,7.9500,-6.32,5520604,118.0000,119.5300,112.5835
2026/03/02,125.7400,7.3400,+6.20,4348746,118.8400,126.1300,116.8700
2026/02/27,118.4000,0.2200,+0.19,2115854,116.2000,119.1720,116.0000
2026/02/26,118.1800,1.5400,-1.29,3628749,118.3900,119.3800,114.5700
2026/02/25,119.7200,1.3600,-1.12,3431516,122.5500,124.3000,119.4500
2026/02/24,121.0800,2.3300,+1.96,3468149,118.7400,122.2500,115.4000
2026/02/23,118.7500,2.6000,-2.14,2771322,122.0000,122.7390,117.2300
2026/02/20,121.3500,2.3200,+1.95,4784602,118.8900,123.3196,117.9000
2026/02/19,119.0300,2.5300,+2.17,2938280,115.5300,119.7800,114.2700
2026/02/18,116.5000,3.5600,+3.15,2693816,114.5000,118.2200,113.7000
2026/02/17,112.9400,0.0400,+0.04,3724336,110.7500,114.2900,107.9200
2026/02/13,112.9000,3.4900,-3.00,5975218,113.2500,115.1650,109.8000
2026/02/12,116.3900,2.7900,-2.34,3956797,119.0000,120.5300,115.6000
2026/02/11,119.1800,1.0900,+0.92,3330560,121.5800,121.7560,115.0000
2026/02/10,118.0900,2.5900,-2.15,3481768,120.2800,120.9800,117.5600
2026/02/09,120.6800,7.0500,+6.20,3616592,114.2700,120.8400,114.2200
2026/02/06,113.6300,4.3500,+3.98,4496741,112.3400,114.0700,110.8201
2026/02/05,109.2800,5.5400,-4.82,5926970,111.0000,114.7700,109.0000
2026/02/04,114.8200,11.3300,-8.98,9143021,125.2900,125.6000,110.1850
2026/02/03,126.1500,5.9400,+4.94,5320433,125.5300,128.1450,122.5500
2026/02/02,120.2100,3.1800,-2.58,5398567,122.1900,126.1100,119.3000
2026/01/30,123.3900,10.2800,-7.69,7236792,128.5000,130.2300,121.5400
2026/01/29,133.6700,0.4200,-0.31,7212379,135.2400,135.2400,126.0000
2026/01/28,134.0900,8.1200,+6.45,6208112,128.0100,134.1300,126.5600
2026/01/27,125.9700,4.7100,+3.88,4366973,122.1300,127.1400,120.4009
2026/01/26,121.2600,2.7800,-2.24,4825709,126.8800,128.4000,120.2900
2026/01/23,124.0400,2.1700,+1.78,3401473,122.9100,124.1116,120.6100
2026/01/22,121.8700,0.4600,-0.38,4021619,124.7300,126.4700,120.5100
2026/01/21,122.3300,6.5300,+5.64,5503282,119.6500,122.4200,117.1500
2026/01/20,115.8000,0.6400,-0.55,4188744,115.2700,118.2900,114.5200
2026/01/16,116.4400,3.6000,+3.19,5628679,114.5700,118.5400,113.3000
2026/01/15,112.8400,2.0500,+1.85,3812998,111.0500,114.3900,109.8000
2026/01/14,110.7900,1.8700,+1.72,3400914,108.9600,111.8600,106.8700
2026/01/13,108.9200,0.8700,-0.79,3802876,111.1100,111.4700,108.3800
2026/01/12,109.7900,2.2300,+2.07,3813999,108.5000,111.1200,107.0800
2026/01/09,107.5600,1.8000,+1.70,6850001,109.5800,114.4500,106.1200
2026/01/08,105.7600,1.8200,+1.75,4966561,104.4700,106.2150,102.8300
2026/01/07,103.9400,1.8500,+1.81,3965537,102.3000,104.1500,101.0000
2026/01/06,102.0900,1.9200,+1.92,3797914,101.1500,102.8100,99.1600
2026/01/05,100.1700,1.6100,+1.63,4887163,100.1700,100.8900,96.4270
2026/01/02,98.5600,7.0700,+7.73,4768223,93.0000,99.0800,92.8200
2025/12/31,91.4900,0.1200,+0.13,1598154,91.1300,92.7000,90.8904
2025/12/30,91.3700,1.4700,-1.58,2140704,93.3000,93.6416,91.2300
2025/12/29,92.8400,0.0000,0,2005456,91.6700,95.6650,91.6100
2025/12/26,92.8400,0.5000,-0.54,1322931,93.9200,94.3000,92.5000
2025/12/24,93.3400,0.0700,-0.07,1151162,93.0800,94.2800,92.6500
2025/12/23,93.4100,1.7000,+1.85,2167277,91.7100,95.1000,91.7100
2025/12/22,91.7100,1.7200,+1.91,3302609,91.9900,94.8800,90.9200
2025/12/19,89.9900,2.4100,+2.75,6289361,88.2600,91.6800,87.9400
2025/12/18,87.5800,2.7300,+3.22,2785827,86.4600,88.4500,86.1300
2025/12/17,84.8500,2.2000,-2.53,3535365,88.2100,88.2400,84.2900
2025/12/16,87.0500,2.7300,-3.04,3986422,88.9600,89.9400,86.7400
2025/12/15,89.7800,1.7100,-1.87,3856830,92.4200,93.4900,89.4400
2025/12/12,91.4900,4.2500,-4.44,5592264,95.1500,95.9800,88.7900
2025/12/11,95.7400,1.9800,+2.11,3263136,93.1900,96.5700,92.2600
2025/12/10,93.7600,0.4000,+0.43,3792473,93.0200,93.8400,89.0100
2025/12/09,93.3600,2.4600,+2.71,3192823,90.0000,93.8800,89.7576
2025/12/08,90.9000,0.3700,-0.41,2608272,91.6600,92.6900,90.6600
2025/12/05,91.2700,2.8200,-3.00,4654509,95.0000,95.0000,90.6600
2025/12/04,94.0900,4.6400,+5.19,4184952,89.2800,94.5300,89.2800
2025/12/03,89.4500,1.2200,+1.38,1890604,88.1000,90.0400,86.4000
2025/12/02,88.2300,0.7000,+0.80,2540308,88.1000,90.3900,87.6207
2025/12/01,87.5300,0.8100,-0.92,2507810,87.1400,88.6900,86.3800
2025/11/28,88.3400,0.2994,-0.34,1751213,88.8291,89.1385,87.8609
2025/11/26,88.6394,1.4572,+1.67,2930451,88.6394,89.4878,87.5316
2025/11/25,87.1822,4.0023,+4.81,5838404,83.8387,87.5017,82.2717
2025/11/24,83.1799,3.8925,+4.91,3930667,79.5369,83.3197,79.0080
2025/11/21,79.2874,2.5351,-3.10,7163714,81.6429,81.8425,77.5508
2025/11/20,81.8225,4.2519,-4.94,6304981,87.3818,89.6960,81.5531
2025/11/19,86.0744,2.9344,+3.53,6254196,84.0383,87.8909,83.4394
2025/11/18,83.1400,0.2695,+0.33,5065555,81.6628,84.1081,81.1463
2025/11/17,82.8705,1.7267,-2.04,3946011,83.6690,84.7569,81.7177
2025/11/14,84.5972,1.2177,-1.42,4902672,83.2199,86.1941,82.0371
2025/11/13,85.8149,6.5773,-7.12,4781057,91.6886,92.1028,85.5254
2025/11/12,92.3922,0.0499,+0.05,2742279,92.8513,93.8394,90.5458
2025/11/11,92.3423,1.7167,-1.83,3307355,92.7615,93.2506,90.4160
2025/11/10,94.0590,1.9762,+2.15,4882760,96.0552,96.7738,93.3204
2025/11/07,92.0828,2.0161,+2.24,6604994,88.0306,92.3523,86.2449
2025/11/06,90.0667,4.9904,-5.25,7123135,94.1688,94.4882,89.2483
2025/11/05,95.0571,1.7067,-1.76,4937992,94.8175,97.7120,92.8214
2025/11/04,96.7638,3.8925,-3.87,5015364,97.1331,98.5204,95.3665
2025/11/03,100.6563,1.3574,-1.33,4814561,103.0816,103.4509,100.1772
2025/10/31,102.0137,2.5052,-2.40,5701985,105.7665,106.5350,100.5565
2025/10/30,104.5189,1.9462,-1.83,4583999,105.6118,106.9940,103.4709
2025/10/29,106.4651,0.2396,-0.22,8387235,103.9599,109.4494,103.9100
2025/10/28,106.7047,20.2511,+23.42,24755583,100.3369,109.9434,97.8118
2025/10/27,86.4536,1.5071,-1.71,4123984,87.4317,88.8091,84.1231
2025/10/24,87.9607,1.8265,+2.12,4044492,86.8329,89.0187,86.1043
2025/10/23,86.1342,2.7547,+3.30,4545028,84.6172,86.9139,83.4294
2025/10/22,83.3795,0.7685,+0.93,5330303,82.1319,84.4774,80.5976
2025/10/21,82.6110,3.1240,-3.64,5880826,84.1381,84.1580,80.3753
2025/10/20,85.7350,0.6887,-0.80,3765740,87.4817,87.5266,84.6271
2025/10/17,86.4237,4.5313,-4.98,6146888,87.6214,89.3580,84.8367
2025/10/16,90.9550,2.3255,-2.49,4930872,94.0690,95.7857,90.2284
2025/10/15,93.2805,0.2695,+0.29,6187030,95.8156,97.6022,90.1077
2025/10/14,93.0110,1.0380,+1.13,7785475,89.5277,95.7957,87.1124
2025/10/13,91.9730,5.4894,+6.35,6834333,89.8271,94.1788,89.5577
2025/10/10,86.4836,0.0798,-0.09,7204139,87.2371,91.4041,86.1841
2025/10/09,86.5634,0.5190,+0.60,3927986,86.9826,87.7012,85.6053
2025/10/08,86.0444,0.2396,-0.28,3559008,87.0026,88.3101,84.9765
2025/10/07,86.2840,1.1379,+1.34,4010917,86.0045,88.8590,84.3577
2025/10/06,85.1461,1.1378,+1.35,6027299,86.2141,88.4797,84.9815
2025/10/03,84.0083,0.0300,-0.04,3535326,84.4375,85.8348,83.3696
2025/10/02,84.0383,0.7087,+0.85,3307027,84.1281,85.5903,82.5611
2025/10/01,83.3296,0.3693,-0.44,3969146,82.9304,84.2479,82.2318
2025/09/30,83.6989,0.5989,-0.71,4502769,83.4893,84.4375,82.3715
2025/09/29,84.2978,1.1178,-1.31,3548707,87.0625,87.5016,83.7688
2025/09/26,85.4156,0.0799,-0.09,3420771,85.4955,87.8310,84.6172
2025/09/25,85.4955,2.5651,+3.09,6964050,80.2456,86.2889,79.1477
2025/09/24,82.9304,3.7927,-4.37,6375866,87.6114,88.9588,82.7907
2025/09/23,86.7231,0.5789,+0.67,4666412,86.5435,88.2801,84.9665
2025/09/22,86.1442,0.1297,+0.15,6041463,86.6333,86.9793,82.7907
2025/09/19,86.0145,3.5632,+4.32,7997929,82.8406,86.6732,82.2417
2025/09/18,82.4513,0.7984,+0.98,4382809,82.5412,83.1400,81.1838
2025/09/17,81.6529,1.5770,+1.97,3901063,81.6928,82.1819,80.1557
2025/09/16,80.0759,6.0783,-7.06,7908460,86.1642,86.1642,79.5569
2025/09/15,86.1542,8.1942,+10.51,10222488,78.3293,86.2041,78.0698
2025/09/12,77.9600,1.7766,-2.23,3658168,79.3273,79.5968,77.3761
2025/09/11,79.7366,0.4192,+0.53,3708291,79.2475,81.2337,78.5389
2025/09/10,79.3174,2.0760,+2.69,4666099,78.0199,81.4183,77.8402
2025/09/09,77.2414,0.1498,+0.19,3721700,77.8103,79.3872,76.8621
2025/09/08,77.0916,1.3873,+1.83,2474273,76.6126,77.3212,74.8460
2025/09/05,75.7043,0.4591,-0.60,2485957,76.8820,77.6396,74.4867
2025/09/04,76.1634,0.8584,-1.11,2199082,76.7822,77.8103,75.5845
2025/09/03,77.0218,1.7467,+2.32,3625247,75.8540,77.5208,75.2751
2025/09/02,75.2751,1.9663,-2.55,4960271,74.2671,75.5437,73.0594
2025/08/29,77.2414,1.2376,-1.58,6998781,80.8344,82.8605,76.1235
2025/08/28,78.4790,3.3436,+4.45,3997559,75.3849,79.2675,75.3250
2025/08/27,75.1354,1.2276,-1.61,1865813,76.3032,76.3032,74.9485
2025/08/26,76.3630,1.5370,+2.05,2842505,74.6863,77.1715,74.5066
2025/08/25,74.8260,0.0599,+0.08,2867380,75.0156,75.8141,74.3070
2025/08/22,74.7661,3.4733,+4.87,4592855,73.4986,75.4348,72.6053
2025/08/21,71.2928,0.9582,+1.36,3038720,70.6540,71.3776,70.3346
2025/08/20,70.3346,3.3436,-4.54,8121869,72.5204,72.9496,68.8275
2025/08/19,73.6782,2.9943,-3.91,4170412,76.3331,76.6725,73.1492
2025/08/18,76.6725,1.2177,+1.61,2663953,75.2751,76.8022,74.6563
2025/08/15,75.4548,0.0499,+0.07,2668253,75.1554,75.4648,73.2191
2025/08/14,75.4049,0.0499,-0.07,3008547,75.3550,76.9968,75.0356
2025/08/13,75.4548,2.8246,-3.61,5351585,78.3392,78.8083,73.4586
2025/08/12,78.2794,0.7586,+0.98,3094302,77.5108,78.7185,76.8122
2025/08/11,77.5208,0.7485,+0.97,3302547,76.3630,78.0348,74.5964
2025/08/08,76.7723,0.5490,+0.72,3776250,76.6026,78.5588,76.5527
2025/08/07,76.2233,0.1797,-0.24,3338364,76.7323,76.7323,74.9858
2025/08/06,76.4030,1.9563,+2.63,4460474,75.2951,77.4110,74.6963
2025/08/05,74.4467,0.6687,-0.89,4333236,75.4548,76.4229,73.5385
2025/08/04,75.1154,2.3255,+3.19,3444837,73.3688,75.2352,72.8598
2025/08/01,72.7899,1.9962,-2.67,6073450,72.7700,73.4836,70.6841
2025/07/31,74.7861,2.8146,-3.63,7936773,79.7964,79.9012,73.7181
2025/07/30,77.6007,0.9382,-1.19,4385306,77.6606,78.8982,76.6525
2025/07/29,78.5389,0.4491,-0.57,3721421,79.0179,80.1657,78.0298
2025/07/28,78.9880,0.4591,-0.58,3541696,79.7266,79.7465,77.7504
2025/07/25,79.4471,0.3194,-0.40,3515465,79.3772,79.7665,77.5607
2025/07/24,79.7665,0.7685,+0.97,3702795,78.9980,79.9062,78.7185
2025/07/23,78.9980,1.2476,+1.60,4918434,77.3511,79.7465,77.2913
2025/07/22,77.7504,0.8184,+1.06,5335969,76.4529,78.2095,75.3051
2025/07/21,76.9320,1.8863,-2.39,5136302,79.1377,79.1976,76.0636
2025/07/18,78.8183,1.0579,+1.36,4642289,78.3792,79.8962,77.2314
2025/07/17,77.7604,1.7167,+2.26,5395168,75.8540,78.3592,75.2682
2025/07/16,76.0437,0.3893,+0.51,4397078,76.1235,76.6026,74.3669
2025/07/15,75.6544,0.6587,+0.88,6080051,75.9039,76.4130,73.4886
2025/07/14,74.9957,2.4353,+3.36,6289285,72.1711,75.2652,71.8617
2025/07/11,72.5604,1.8764,+2.65,4041481,70.5143,72.7101,70.2847
2025/07/10,70.6840,0.7286,-1.02,6346097,71.7320,71.7320,69.1870
2025/07/09,71.4126,0.3892,-0.54,4130846,71.5872,72.3458,70.5742
2025/07/08,71.8018,3.2438,-4.32,6434407,74.4567,75.0148,70.2548
2025/07/07,75.0456,1.7367,+2.37,5697068,72.5005,75.0655,71.5224
2025/07/03,73.3089,1.7865,+2.50,2779319,71.8617,73.3588,71.1032
2025/07/02,71.5224,0.0099,-0.01,4895441,71.3227,72.1711,70.5442
2025/07/01,71.5323,2.5551,-3.45,6187046,73.4287,73.7980,71.1231
2025/06/30,74.0874,0.9581,+1.31,4113652,73.8579,74.2771,72.3608
2025/06/27,73.1293,1.1877,-1.60,8022875,74.5765,75.2751,72.2260
2025/06/26,74.3170,3.0242,+4.24,7838348,72.5105,74.8649,71.6821
2025/06/25,71.2928,0.9083,-1.26,3960771,71.9615,72.5304,70.9535
2025/06/24,72.2011,2.6150,+3.76,5813647,69.9753,72.6501,69.8256
2025/06/23,69.5861,1.4472,+2.12,5096177,67.5300,70.4444,67.4702
2025/06/20,68.1389,1.3973,-2.01,5518262,69.7458,69.8356,67.6299
2025/06/18,69.5362,0.4192,+0.61,4398536,69.2168,70.1650,68.7277
2025/06/17,69.1170,0.1098,-0.16,4253325,69.6410,69.7857,68.4283
2025/06/16,69.2268,2.6948,+4.05,11202725,68.6679,71.1730,68.1389
2025/06/13,66.5320,0.5190,+0.79,5093027,65.4141,66.6717,64.7155
2025/06/12,66.0130,0.1896,-0.29,4447683,65.3742,67.1208,65.3093
2025/06/11,66.2026,2.4952,+3.92,7943527,64.3861,67.2793,64.0693
2025/06/10,63.7074,3.0741,-4.60,10677965,66.5020,66.6617,62.4698
2025/06/09,66.7815,6.4775,+10.74,16051890,63.0786,67.9892,63.0487
2025/06/06,60.3040,0.3893,+0.65,3335332,59.9147,60.4237,59.1362
2025/06/05,59.9147,0.0798,+0.13,3430653,59.8548,60.2366,58.9865
2025/06/04,59.8349,0.2695,+0.45,3317533,59.2260,59.9546,58.9865
2025/06/03,59.5654,1.4971,+2.58,5829851,60.5934,60.8529,58.7969
2025/06/02,58.0683,0.3493,-0.60,3481851,58.6871,59.1063,58.0683
2025/05/30,58.4176,0.6188,-1.05,5423694,58.3178,58.8068,57.5193
2025/05/29,59.0364,1.2576,-2.09,7208476,60.7730,61.0646,58.3976
2025/05/28,60.2940,0.0599,-0.10,7445556,60.2640,61.1324,59.9646
2025/05/27,60.3539,1.7766,+3.03,13953366,60.5335,62.1504,59.6951
2025/05/23,58.5773,5.8687,+11.13,13366982,55.9573,58.6372,55.0042
2025/05/22,52.7086,0.6388,+1.23,3175755,51.8003,53.1976,51.6007
2025/05/21,52.0698,0.2296,-0.44,3076198,52.0199,53.1178,51.7405
2025/05/20,52.2994,1.2177,+2.38,3047067,51.6007,52.5090,51.3609
2025/05/19,51.0817,0.0898,-0.18,3041190,50.2034,51.2414,49.9367
2025/05/16,51.1715,0.3194,-0.62,4554604,51.3612,51.5608,50.6026
2025/05/15,51.4909,1.7067,-3.21,5924688,52.6686,52.8084,51.0019
2025/05/14,53.1976,1.3374,+2.58,4829195,51.9600,53.3773,51.7205
2025/05/13,51.8602,0.7985,+1.56,4576791,51.0019,52.3792,50.9919
2025/05/12,51.0617,0.4291,+0.85,5127580,52.3493,52.4990,50.6049
2025/05/09,50.6326,1.4872,+3.03,5177951,49.3151,50.8422,48.7113
2025/05/08,49.1454,0.4991,-1.01,4575083,50.3132,50.8721,49.0556
2025/05/07,49.6445,1.5870,+3.30,5406203,47.9078,49.8740,47.7781
2025/05/06,48.0575,1.7366,+3.75,5754396,45.4026,48.3869,45.3328
2025/05/05,46.3209,0.5988,-1.28,2697394,46.6802,46.7101,45.6921
2025/05/02,46.9197,1.4971,+3.30,4147301,46.4107,47.6483,46.1612
2025/05/01,45.4226,0.3593,+0.80,4891389,45.9116,46.4356,44.4345
2025/04/30,45.0633,0.2695,-0.59,3507977,44.7339,45.3427,43.7458
2025/04/29,45.3328,0.0998,+0.22,2713383,45.2330,45.8917,44.7540
2025/04/28,45.2330,1.3275,+3.02,3316165,43.7658,45.3677,43.6545
2025/04/25,43.9055,0.0998,+0.23,2345634,43.3665,44.0951,43.1270
2025/04/24,43.8057,1.9163,+4.57,3179946,42.1489,43.8955,42.0191
2025/04/23,41.8894,1.7866,+4.46,4557661,41.5201,42.4982,41.2207
2025/04/22,40.1028,0.5689,+1.44,2585878,40.1128,40.6518,39.8134
2025/04/21,39.5339,1.5670,-3.81,3152006,41.1408,41.3305,38.9001
2025/04/17,41.1009,0.0998,-0.24,2261818,41.1608,41.6099,40.7516
2025/04/16,41.2007,0.4691,+1.15,3351533,40.3623,41.9692,40.3623
2025/04/15,40.7316,0.4991,-1.21,2426397,41.3005,41.8894,40.7117
2025/04/14,41.2307,0.4691,+1.15,3003554,41.8594,41.9593,40.4522
2025/04/11,40.7616,2.1559,+5.58,4799747,38.5159,41.3105,38.5159
2025/04/10,38.6057,1.3674,-3.42,4313972,38.7704,39.7635,37.6975
2025/04/09,39.9731,3.3636,+9.19,6852008,36.4199,40.9612,35.9608
2025/04/08,36.6095,0.4791,-1.29,4950129,38.7155,38.8952,35.9408
2025/04/07,37.0886,0.6687,-1.77,6251779,35.9309,39.1930,34.9328
2025/04/04,37.7573,3.0741,-7.53,9438425,39.5439,39.9332,36.3600
2025/04/03,40.8314,1.5570,-3.67,5642269,40.6418,41.7297,40.3523
2025/04/02,42.3884,0.6687,+1.60,2372321,40.9412,42.5481,40.9412
2025/04/01,41.7197,0.6388,+1.55,3076981,41.7696,42.2122,40.4222
2025/03/31,41.0809,0.6688,-1.60,4841966,40.4222,41.3105,40.3623
2025/03/28,41.7497,0.7984,-1.88,2486501,42.1988,43.1669,41.5401
2025/03/27,42.5481,0.6188,-1.43,2265185,42.8575,43.2418,42.1110
2025/03/26,43.1669,1.2277,-2.77,2646023,44.3646,44.5243,42.8875
2025/03/25,44.3946,1.2575,-2.75,2780388,45.4475,45.7819,43.9654
2025/03/24,45.6521,1.2076,+2.72,2393042,45.2729,46.1212,44.9735
2025/03/21,44.4445,0.3194,-0.71,2998952,44.5543,44.9335,43.9355
2025/03/20,44.7639,0.6588,+1.49,4199980,43.5761,45.7220,43.5761
2025/03/19,44.1051,1.0979,+2.55,3035595,43.4564,44.2548,43.3067
2025/03/18,43.0072,0.2396,-0.55,2394535,43.1170,43.3964,42.2986
2025/03/17,43.2468,0.8584,+2.03,2486310,42.4882,43.5961,42.4633
2025/03/14,42.3884,0.6587,+1.58,3959015,42.4583,43.0472,42.0790
2025/03/13,41.7297,0.7885,-1.85,3389021,42.2986,43.0271,41.3404
2025/03/12,42.5182,0.8684,+2.09,4796329,43.4364,43.7558,42.0690
2025/03/11,41.6498,1.0879,+2.68,4307808,40.6118,42.3984,40.2426
2025/03/10,40.5619,1.1878,-2.85,5802451,40.7815,41.3704,39.9232
2025/03/07,41.7497,0.2994,-0.71,4145778,42.2687,42.2687,40.6418
2025/03/06,42.0491,0.8583,-2.00,3658724,41.8694,43.3865,41.5620
2025/03/05,42.9074,1.0979,+2.63,3525386,42.4683,43.0571,41.8495
2025/03/04,41.8095,0.7785,+1.90,8647726,39.9631,42.6829,39.2345
2025/03/03,41.0310,2.9244,-6.65,5532941,44.5543,44.6640,40.6218
2025/02/28,43.9554,0.5589,+1.29,3141966,42.8176,43.9953,42.3199
2025/02/27,43.3965,1.2376,-2.77,5706131,45.5523,46.1562,43.1070
2025/02/26,44.6341,1.1278,+2.59,5090621,44.5842,45.4226,43.9854
2025/02/25,43.5063,0.3094,+0.72,4902880,43.2667,43.8257,42.7777
2025/02/24,43.1969,0.1996,-0.46,5589392,43.5262,44.0538,42.2786
2025/02/21,43.3965,3.0541,-6.57,7362364,46.3308,46.4007,42.9973
2025/02/20,46.4506,0.0100,-0.02,5184647,48.4068,48.7163,45.9865
2025/02/19,46.4606,1.3674,-2.86,5313596,46.8399,47.3788,45.8218
2025/02/18,47.8280,0.7286,+1.55,4697038,47.2092,47.9677,46.0314
2025/02/14,47.0994,1.8863,-3.85,5189508,49.1953,49.2703,46.6402
2025/02/13,48.9857,0.5490,-1.11,4548123,49.3650,49.8840,48.4268
2025/02/12,49.5347,0.2196,-0.44,3044188,49.1055,50.9120,48.8759
2025/02/11,49.7543,0.5090,-1.01,3212373,50.0437,50.4529,49.4049
2025/02/10,50.2633,0.4292,+0.86,2636620,50.4030,51.1516,50.0138
2025/02/07,49.8341,1.2276,+2.53,3554135,48.8061,50.6226,48.7063
2025/02/06,48.6065,1.6468,-3.28,3303310,50.6326,50.7523,48.0875
2025/02/05,50.2533,0.0299,+0.06,3541674,50.1535,50.8821,49.5047
2025/02/04,50.2234,2.8645,+6.05,3460528,48.3170,50.7124,48.3170
2025/02/03,47.3589,1.9861,-4.02,5054042,47.3489,48.4667,46.7900
2025/01/31,49.3450,0.8584,-1.71,3827351,50.6924,51.2313,48.5665
2025/01/30,50.2034,0.2296,+0.46,5241883,51.0118,51.5408,49.8740
2025/01/29,49.9738,1.4671,+3.02,5198646,48.6264,50.1535,48.4168
2025/01/28,48.5067,1.0880,+2.29,7259399,48.0076,48.5765,46.4456
2025/01/27,47.4187,8.4737,-15.16,14283977,51.2614,51.8103,47.2740
2025/01/24,55.8924,0.8584,-1.51,6109187,57.4395,58.2160,55.1040
2025/01/23,56.7508,0.5390,+0.96,4720264,56.1420,57.1201,55.3934
2025/01/22,56.2118,2.7547,+5.15,6881550,54.6049,57.1151,53.9861
2025/01/21,53.4571,1.9263,+3.74,4624875,52.0997,53.5170,51.9500
2025/01/17,51.5308,2.1159,+4.28,6249020,49.4249,52.4890,49.1155
2025/01/16,49.4149,0.1597,-0.32,3350036,50.1435,50.3631,48.6863
2025/01/15,49.5746,0.6088,+1.24,2371357,50.3731,50.3830,49.5646
2025/01/14,48.9658,0.2595,+0.53,2311451,49.2752,50.1834,48.9358
2025/01/13,48.7063,0.4391,-0.89,2931566,48.5466,49.6944,48.0876
2025/01/10,49.1454,2.1359,-4.17,3651435,50.8022,51.2813,48.9358
2025/01/08,51.2813,0.1996,-0.39,5211373,51.5209,51.5209,49.4548
2025/01/07,51.4809,3.2238,-5.89,4482416,55.4932,55.4932,51.2114
2025/01/06,54.7047,1.6867,+3.18,3876548,54.0759,56.0521,53.8464
2025/01/03,53.0180,0.9582,+1.84,3179842,52.6587,53.0379,51.6805
2025/01/02,52.0598,0.7685,+1.50,3779184,51.1715,52.6886,50.9120
2024/12/31,51.2913,0.0599,+0.12,2828497,51.5009,51.7005,50.7523
2024/12/30,51.2314,1.1578,-2.21,2077325,51.6706,52.3493,51.1017
2024/12/27,52.3892,0.0698,-0.13,1925197,52.2894,52.6487,51.3412
2024/12/26,52.4590,0.0599,-0.11,1249886,52.4790,52.8982,51.4210
2024/12/24,52.5189,0.5190,-0.98,1259567,53.2875,53.3174,51.7604
2024/12/23,53.0379,0.6986,+1.33,1849542,52.0299,53.1976,52.0299
2024/12/20,52.3393,0.4691,-0.89,3560590,51.6905,53.3274,51.5009
2024/12/19,52.8084,0.9781,+1.89,3672647,52.4990,53.1827,51.6606
2024/12/18,51.8303,1.4871,-2.79,3955160,53.5669,54.6648,51.5957
2024/12/17,53.3174,0.7685,-1.42,3689012,53.0479,53.5669,52.2495
2024/12/16,54.0859,0.0998,-0.18,3162932,53.9761,54.6149,53.1377
2024/12/13,54.1857,1.7067,-3.05,3758022,55.7228,56.1420,54.1558
2024/12/12,55.8924,1.8066,-3.13,4422329,56.8905,57.2698,55.2537
2024/12/11,57.6990,1.3874,+2.46,3123960,56.5612,57.7888,55.9423
2024/12/10,56.3116,1.0979,-1.91,5834248,56.8057,57.3896,55.6729
2024/12/09,57.4095,3.5332,-5.80,5470026,61.5516,61.7811,57.2199
2024/12/06,60.9427,0.0799,-0.13,3490160,61.3819,62.4299,60.5535
2024/12/05,61.0226,1.5271,+2.57,3696119,59.3857,61.3020,59.1362
2024/12/04,59.4955,0.2196,+0.37,2799946,59.9347,60.5934,58.6571
2024/12/03,59.2759,0.5589,+0.95,2754213,58.7170,59.5255,57.6291
2024/12/02,58.7170,0.6188,-1.04,3104232,59.9846,60.9327,58.0583
2024/11/29,59.3358,1.6368,+2.84,2819189,58.4775,60.4337,58.1880
2024/11/27,57.6990,0.6942,-1.19,2245345,58.5673,58.8068,57.5093
2024/11/26,58.3932,0.5080,+0.88,3049156,57.5067,58.6810,56.8891
2024/11/25,57.8852,1.9923,-3.33,3807373,60.2660,60.5449,57.6760
2024/11/22,59.8775,0.8168,-1.35,3888591,59.9273,60.2859,58.4154
2024/11/21,60.6943,3.3072,+5.76,6320211,58.5128,60.7441,57.7956
2024/11/20,57.3871,0.1494,+0.26,4457637,58.1442,59.0108,56.4707
2024/11/19,57.2377,1.5539,+2.79,4968083,55.9627,57.6162,55.3650
2024/11/18,55.6838,2.3011,+4.31,6883928,54.1497,57.0883,53.8509
2024/11/15,53.3827,0.4782,+0.90,10980324,52.3866,56.2515,51.5100
2024/11/14,52.9045,0.1295,+0.25,3426475,52.5459,53.8808,52.5061
2024/11/13,52.7750,1.4245,-2.63,5141224,55.4248,55.7834,52.1774
2024/11/12,54.1995,2.3210,+4.47,6307551,51.4004,54.4585,51.1314
2024/11/11,51.8785,0.4582,-0.88,3151758,52.5459,52.5459,50.7131
2024/11/08,52.3367,1.0360,-1.94,4066492,53.5421,53.9007,51.6395
2024/11/07,53.3727,2.3608,+4.63,5839599,51.5996,54.2692,51.0119
2024/11/06,51.0119,0.0498,-0.10,5944441,52.3965,52.3965,50.5836
2024/11/05,51.0617,0.1096,+0.22,2914588,51.3904,51.7789,50.7629
2024/11/04,50.9521,1.3448,-2.57,4605474,51.0418,51.5498,49.9660
2024/11/01,52.2969,0.2789,+0.54,4314836,52.8348,53.4604,52.0578
2024/10/31,52.0180,1.7532,-3.26,5008280,53.2133,53.4923,51.1115
2024/10/30,53.7712,0.7869,-1.44,2835619,54.3489,54.5183,53.3827
2024/10/29,54.5581,0.3985,-0.73,2483130,54.7872,55.2554,54.1497
2024/10/28,54.9566,1.3747,+2.57,4281894,53.0540,55.5343,52.8448
2024/10/25,53.5819,0.0598,-0.11,3523775,53.5919,54.6577,53.2532
2024/10/24,53.6417,0.2291,-0.43,4891449,54.6976,54.9964,52.9743
2024/10/23,53.8708,2.5899,-4.59,6320712,55.9726,56.0324,53.0938
2024/10/22,56.4607,1.2352,-2.14,4860347,56.9289,57.3822,55.0960
2024/10/21,57.6959,0.0997,-0.17,4569016,58.2737,58.4928,57.1982
2024/10/18,57.7956,1.3448,+2.38,6064886,56.7297,58.4231,55.9328
2024/10/17,56.4508,0.8866,+1.60,9280867,55.3351,57.3274,54.8370
2024/10/16,55.5642,4.0542,+7.87,10311049,53.1735,55.7535,52.8448
2024/10/15,51.5100,0.1693,-0.33,5027754,51.8387,52.2471,49.9267
2024/10/14,51.6793,0.5279,+1.03,3261132,51.1514,51.9582,50.8326
2024/10/11,51.1514,0.8567,+1.70,2638691,49.6970,51.4103,49.6970
2024/10/10,50.2947,0.0896,-0.18,2314217,49.9859,50.4839,49.7169
2024/10/09,50.3843,0.9962,-1.94,4203499,50.8127,50.8127,49.5376
2024/10/08,51.3805,0.1594,+0.31,3398264,50.0855,51.7191,50.0058
2024/10/07,51.2211,0.4184,-0.81,4505740,51.3008,52.1176,50.4341
2024/10/04,51.6395,1.8728,+3.76,6908146,49.9859,51.9981,49.3583
2024/10/03,49.7667,0.5180,+1.05,4956906,49.8066,49.9958,49.0993
2024/10/02,49.2487,0.7969,+1.64,3184658,48.5315,49.5675,48.3423
2024/10/01,48.4518,0.8766,+1.84,3689656,47.8840,48.7308,47.4557
2024/09/30,47.5752,0.2192,-0.46,5099750,47.7944,48.1430,47.2166
2024/09/27,47.7944,0.0797,-0.17,3198103,48.0534,48.4618,47.4308
2024/09/26,47.8741,0.4682,+0.99,6862277,48.1530,49.0894,47.4557
2024/09/25,47.4059,0.8168,+1.75,4677501,46.5193,47.9040,46.3600
2024/09/24,46.5891,0.7471,+1.63,4381299,47.1369,47.2963,46.1010
2024/09/23,45.8420,1.6138,+3.65,7787967,45.2642,46.6439,44.6964
2024/09/20,44.2282,3.3071,+8.08,10204848,43.3218,44.7761,43.0827
2024/09/19,40.9211,0.9663,+2.42,2470904,41.2996,41.4889,40.5426
2024/09/18,39.9548,0.1893,-0.47,2267996,40.1441,40.8912,39.6460
2024/09/17,40.1441,0.2889,-0.71,2955544,40.8912,41.0207,39.9847
2024/09/16,40.4330,0.2590,+0.64,2037453,40.3632,40.5924,39.7855
2024/09/13,40.1740,0.4084,-1.01,2954709,40.7617,40.9211,39.5253
2024/09/12,40.5824,0.7571,+1.90,4480553,40.2238,41.1303,40.0744
2024/09/11,39.8253,2.2711,+6.05,8517558,37.8032,40.1043,37.7160
2024/09/10,37.5542,0.6575,+1.78,2946842,37.0959,37.5641,36.7208
2024/09/09,36.8967,0.0797,+0.22,3614431,37.3450,37.6040,36.6975
2024/09/06,36.8170,1.1356,-2.99,4812377,37.6837,37.9227,35.7512
2024/09/05,37.9526,0.8965,-2.31,2443633,38.9985,39.0782,37.7683
2024/09/04,38.8491,1.0459,+2.77,5001246,37.7335,39.6660,37.7036
2024/09/03,37.8032,2.8788,-7.08,5457836,39.8453,40.0246,37.5342
2024/08/30,40.6820,0.5877,+1.47,2657217,40.2338,40.7119,39.9947
2024/08/29,40.0943,0.4582,-1.13,2460015,40.7717,40.8962,40.0644
2024/08/28,40.5525,1.1854,-2.84,2958215,41.0406,41.4490,40.2039
2024/08/27,41.7379,0.4283,-1.02,2446755,41.3395,42.3555,40.6968
2024/08/26,42.1662,0.2790,-0.66,4291369,43.3666,44.2731,41.9794
2024/08/23,42.4452,2.2413,+5.57,7597297,42.4850,43.3218,41.6881
2024/08/22,40.2039,1.0459,-2.54,3300489,41.3594,41.8574,40.0345
2024/08/21,41.2498,0.0299,+0.07,2308196,41.4690,41.7877,41.1203
2024/08/20,41.2199,0.1594,+0.39,2659375,41.0805,41.7379,40.7816
2024/08/19,41.0605,0.9562,+2.38,2778891,40.4429,41.5387,40.3732
2024/08/16,40.1043,0.5179,-1.27,3313239,40.3533,40.5027,39.6062
2024/08/15,40.6222,0.9264,+2.33,3654110,40.2736,40.9409,39.9548
2024/08/14,39.6958,0.6275,+1.61,3039805,39.6361,40.3234,39.4269
2024/08/13,39.0683,0.1295,+0.33,2849296,39.2974,39.2974,38.2514
2024/08/12,38.9388,0.4582,-1.16,4055904,39.7755,40.6322,38.2415
2024/08/09,39.3970,0.3985,+1.02,2895358,39.4468,39.6752,38.7993
2024/08/08,38.9985,1.0359,+2.73,4006141,38.5802,39.3572,37.7932
2024/08/07,37.9626,0.0697,-0.18,6599375,39.4867,40.3583,37.9327
2024/08/06,38.0323,1.2750,+3.47,7999148,37.4545,38.8342,36.4983
2024/08/05,36.7573,1.1256,-2.97,10643193,35.8607,37.3051,35.2929
2024/08/02,37.8829,2.9784,-7.29,9880895,39.8951,39.9050,37.6239
2024/08/01,40.8613,4.4527,-9.83,8543133,44.1784,44.2681,40.4629
2024/07/31,45.3140,1.2053,+2.73,6095247,44.8259,45.7922,43.4612
2024/07/30,44.1087,0.3586,-0.81,3092327,44.1286,44.6665,43.4762
2024/07/29,44.4673,0.5479,-1.22,2632500,44.9654,45.2742,43.9792
2024/07/26,45.0152,0.6077,+1.37,3127580,45.2543,45.5132,44.5072
2024/07/25,44.4075,1.9027,-4.11,5547063,45.5929,45.6726,43.4014
2024/07/24,46.3102,0.8666,-1.84,2285022,46.8082,47.2664,45.9515
2024/07/23,47.1768,0.2490,-0.53,2335453,47.1170,47.4756,46.3699
2024/07/22,47.4258,0.9762,+2.10,2866278,46.9477,47.6848,46.4596
2024/07/19,46.4496,0.1793,+0.39,2928084,45.9217,46.8979,45.6427
2024/07/18,46.2703,1.0161,-2.15,5214418,48.1430,48.1430,45.9720
2024/07/17,47.2864,3.8849,-7.59,6965838,50.3445,50.5039,46.7485
2024/07/16,51.1713,0.8467,-1.63,2059520,52.1375,52.2272,50.7031
2024/07/15,52.0180,0.6475,-1.23,1700559,51.9084,52.9992,51.7789
2024/07/12,52.6655,0.8467,-1.58,2209834,53.6417,53.6417,52.5559
2024/07/11,53.5122,0.0000,0,2618642,53.5122,54.0003,53.0042
2024/07/10,53.5122,4.7117,+9.66,5910863,49.9859,53.5919,49.8066
2024/07/09,48.8005,0.2590,+0.53,2010035,48.4618,49.7219,48.2028
2024/07/08,48.5415,1.1953,-2.40,3851004,49.6073,49.6372,48.0733
2024/07/05,49.7368,0.6276,-1.25,1850446,50.4640,50.5537,48.8901
2024/07/03,50.3644,0.8268,+1.67,1658003,50.1054,50.8924,49.8265
2024/07/02,49.5376,0.4881,-0.98,1934140,49.9859,50.2039,48.9200
2024/07/01,50.0257,1.0160,+2.07,2107115,49.4878,50.4839,49.2487
2024/06/28,49.0097,2.5501,-4.95,3786511,52.1076,52.1176,48.6212
2024/06/27,51.5598,1.2651,+2.52,2790218,50.7131,51.6395,50.3445
2024/06/26,50.2947,0.4483,+0.90,2192263,49.4181,50.5720,49.3683
2024/06/25,49.8464,0.3985,-0.79,2449759,50.0357,50.2946,48.9997
2024/06/24,50.2449,1.1256,-2.19,2756701,51.6594,52.0180,50.0656
2024/06/21,51.3705,0.6475,-1.24,2216168,51.7590,51.9483,50.4242
2024/06/20,52.0180,0.1793,-0.34,2806294,51.7988,52.4364,50.8386
2024/06/18,52.1973,1.1057,+2.16,2368345,50.8027,52.6057,50.7629
2024/06/17,51.0916,0.6076,-1.18,2652192,51.3008,51.8486,50.6931
2024/06/14,51.6992,1.0161,-1.93,2259816,52.3766,52.7950,51.5100
2024/06/13,52.7153,0.4782,+0.92,2906792,52.2770,53.5819,52.1574
2024/06/12,52.2371,1.6237,+3.21,3095743,51.4004,52.4364,50.9024
2024/06/11,50.6134,2.7792,-5.21,4464190,52.7452,52.7750,49.9660
2024/06/10,53.3926,0.1992,+0.37,2026507,53.2930,54.0302,53.0739
2024/06/07,53.1934,2.0620,-3.73,2177887,54.4685,54.7972,53.1835
2024/06/06,55.2554,1.1854,+2.19,2733863,54.0401,55.5123,53.8011
2024/06/05,54.0700,0.6574,+1.23,3619144,53.7214,54.6876,53.6915
2024/06/04,53.4126,0.4781,-0.89,4134215,53.0340,53.5620,51.5448
2024/06/03,53.8907,1.4046,-2.54,3394714,55.5144,55.8627,53.1835
2024/05/31,55.2953,0.7372,+1.35,4647715,54.6478,56.0224,54.4087
2024/05/30,54.5581,0.4283,+0.79,3521731,53.6417,55.5443,53.5022
2024/05/29,54.1298,0.2092,+0.39,3038874,53.3030,54.4386,52.4662
2024/05/28,53.9206,1.1356,+2.15,2716722,53.3030,54.7872,52.8647
2024/05/24,52.7850,1.2950,+2.52,2544854,51.7988,53.6915,51.5199
2024/05/23,51.4900,0.4483,-0.86,3579418,52.0379,52.3867,50.9820
2024/05/22,51.9383,1.5838,-2.96,3553964,53.2532,53.3727,51.6494
2024/05/21,53.5221,0.2690,-0.50,3595026,53.3528,54.7174,53.0938
2024/05/20,53.7911,0.9463,+1.79,4363495,53.7014,54.3290,53.0838
2024/05/17,52.8448,3.2076,+6.46,5705918,49.9161,53.1735,49.6672
2024/05/16,49.6372,0.1395,-0.28,2853935,49.6870,50.0456,49.1790
2024/05/15,49.7767,0.0100,-0.02,2100907,49.8863,50.4043,49.1790
2024/05/14,49.7867,0.9962,+2.04,2796771,48.9698,49.9660,48.8104
2024/05/13,48.7905,1.9226,-3.79,3799744,50.6533,50.6533,48.7208
2024/05/10,50.7131,1.3148,-2.53,2840306,52.5360,52.9643,50.3046
2024/05/09,52.0279,1.6635,+3.30,3005122,50.6632,52.0778,50.6234
2024/05/08,50.3644,1.1854,-2.30,3005753,50.9023,51.4502,49.7667
2024/05/07,51.5498,1.0160,+2.01,6559535,51.3307,52.5957,50.7927
2024/05/06,50.5338,2.3111,+4.79,4928909,48.5415,50.7529,48.5216
2024/05/03,48.2227,0.0100,-0.02,2233343,48.7507,48.9001,47.3362
2024/05/02,48.2327,1.4942,+3.20,3592250,46.8680,48.7507,46.7385
2024/05/01,46.7385,1.2850,+2.83,6510132,47.4856,48.0135,46.4496
2024/04/30,45.4535,3.7753,-7.67,8897625,47.9338,48.9499,44.9255
2024/04/29,49.2288,0.0697,+0.14,5530203,49.4679,50.4043,48.2327
2024/04/26,49.1591,0.1893,+0.39,3095359,49.1890,49.4579,48.1032
2024/04/25,48.9698,0.3984,+0.82,2038722,48.4419,49.5874,47.6948
2024/04/24,48.5714,0.0797,+0.16,2892671,48.5315,49.3284,47.9139
2024/04/23,48.4917,1.3846,+2.94,3713679,47.0174,48.7308,46.8281
2024/04/22,47.1071,0.8068,-1.68,4063405,47.3860,47.7745,46.4895
2024/04/19,47.9139,0.0698,-0.15,2211633,47.7247,48.7108,47.5354
2024/04/18,47.9837,0.2390,-0.50,2543423,48.2825,49.0894,47.6549
2024/04/17,48.2227,0.2191,+0.46,2676205,48.4020,49.4679,47.7944
2024/04/16,48.0036,0.1295,-0.27,4590342,47.5852,48.6112,46.0910
2024/04/15,48.1331,1.2651,-2.56,4673093,49.6073,50.5935,47.7147
2024/04/12,49.3982,0.8766,-1.74,8991202,50.9023,52.4364,48.9698
2024/04/11,50.2748,1.3050,+2.66,5904528,49.1192,50.7329,48.2526
2024/04/10,48.9698,1.2551,+2.63,4307538,47.1569,49.1591,46.8381
2024/04/09,47.7147,0.8467,-1.74,3440509,49.1790,49.3085,46.7584
2024/04/08,48.5614,0.4582,-0.93,4178139,49.0694,49.0694,47.0074
2024/04/05,49.0196,0.8467,+1.76,3328102,48.2426,49.8863,47.6151
2024/04/04,48.1729,1.4942,-3.01,6166153,49.3384,50.2349,48.0335
2024/04/03,49.6671,2.1715,+4.57,7535934,47.6749,49.7817,47.5553
2024/04/02,47.4956,0.9265,+1.99,4720013,46.0810,47.5055,45.5332
2024/04/01,46.5691,3.4167,+7.92,7577335,44.3279,46.7086,44.0539
2024/03/28,43.1524,0.6076,+1.43,4264111,42.5846,43.6206,42.4750
2024/03/27,42.5448,0.6077,+1.45,2071867,41.9571,42.5647,41.6383
2024/03/26,41.9371,0.1295,+0.31,2090162,42.0168,42.5448,41.1602
2024/03/25,41.8076,1.2153,-2.82,3637754,43.2520,44.0290,41.7678
2024/03/22,43.0229,0.5479,+1.29,2583266,42.4750,43.2620,42.1762
2024/03/21,42.4750,0.6574,+1.57,3042205,42.2758,42.8337,41.8375
2024/03/20,41.8176,0.8168,+1.99,2721500,40.7617,42.0666,40.6534
2024/03/19,41.0008,0.7869,-1.88,3411807,41.3992,41.4889,40.2039
2024/03/18,41.7877,0.8367,+2.04,4530639,41.2398,42.1364,40.7418
2024/03/15,40.9510,1.1555,+2.90,6728341,39.9250,41.5985,39.6261
2024/03/14,39.7955,0.3786,+0.96,5355505,39.1579,40.1690,38.8691
2024/03/13,39.4169,2.3808,-5.70,9227317,41.9371,42.5747,38.9786
2024/03/12,41.7977,1.1854,+2.92,3733002,40.8015,41.9869,40.5027
2024/03/11,40.6123,0.4582,-1.12,4049918,40.7219,41.1402,40.1441
2024/03/08,41.0705,2.8290,-6.44,6601820,44.1884,44.2980,40.5426
2024/03/07,43.8995,2.4305,+5.86,6206736,41.5387,43.9194,41.5088
2024/03/06,41.4690,0.7671,+1.88,3293601,41.0904,41.6981,41.0107
2024/03/05,40.7019,0.4383,-1.07,2616218,41.0307,41.8176,40.6222
2024/03/04,41.1402,0.6674,-1.60,4413681,42.0666,42.6245,41.0107
2024/03/01,41.8076,1.4344,+3.55,5355647,40.5226,42.4153,40.5027
2024/02/29,40.3732,0.2291,-0.56,4797819,40.9809,41.6383,40.0271
2024/02/28,40.6023,0.8667,-2.09,4440996,41.3395,41.3893,40.2138
2024/02/27,41.4690,0.7571,+1.86,6063804,40.8414,42.0965,40.6920
2024/02/26,40.7119,0.6774,+1.69,7217771,39.8851,41.1303,39.5826
2024/02/23,40.0345,0.8567,-2.10,5623545,40.6820,41.0307,39.8702
2024/02/22,40.8912,0.6774,-1.63,5461920,41.6682,42.4452,40.6820
2024/02/21,41.5686,0.2590,+0.63,7004062,40.5326,42.1364,40.2437
2024/02/20,41.3096,0.7072,-1.68,4887338,42.1264,42.5401,40.9012
2024/02/16,42.0168,0.1395,-0.33,3531300,42.3157,42.8934,41.9869
2024/02/15,42.1563,0.0697,+0.17,3223164,42.1862,42.8536,41.6483
2024/02/14,42.0866,0.3885,+0.93,3947940,42.0965,42.1862,41.0506
2024/02/13,41.6981,1.7731,-4.08,5963715,42.9831,43.1325,41.3893
2024/02/12,43.4712,0.4184,-0.95,4680015,43.5808,43.9792,42.9831
2024/02/09,43.8896,0.6574,-1.48,6888586,43.9294,44.8857,43.4911
2024/02/08,44.5470,3.3171,-6.93,12580305,47.2465,48.1480,44.3777
2024/02/07,47.8641,0.4283,+0.90,5452196,47.3162,48.1231,46.9378
2024/02/06,47.4358,0.6873,-1.43,4307926,48.3921,48.3921,47.3461
2024/02/05,48.1231,0.6973,-1.43,6652497,48.5216,48.5714,47.1370
2024/02/02,48.8204,1.5440,-3.07,5340135,50.1353,50.2050,48.4518
2024/02/01,50.3644,2.7991,+5.88,8884910,49.7169,51.1314,49.1691
2024/01/31,47.5653,0.1494,-0.31,3818321,47.8143,48.2576,47.2465
2024/01/30,47.7147,0.8069,+1.72,4718009,46.9078,48.0135,46.3699
2024/01/29,46.9078,0.7271,+1.57,3523410,46.0412,46.9975,45.1048
2024/01/26,46.1807,0.3786,+0.83,3265491,45.7523,46.4496,45.2941
2024/01/25,45.8021,1.4544,-3.08,4100586,47.6151,47.6250,45.3937
2024/01/24,47.2565,0.1196,+0.25,5287571,47.6051,48.6212,47.0573
2024/01/23,47.1369,1.1355,+2.47,4523989,45.9715,47.8940,45.8146
2024/01/22,46.0014,0.8068,-1.72,4706972,46.7883,47.1967,45.8451
2024/01/19,46.8082,0.8168,-1.72,6509063,47.6350,47.7645,45.6527
2024/01/18,47.6250,0.1096,-0.23,4251123,48.0932,48.3622,46.2803
2024/01/17,47.7346,1.0360,-2.12,9446893,47.8641,48.2047,46.6588
2024/01/16,48.7706,0.9563,-1.92,8836266,49.9361,50.8824,48.6511
2024/01/12,49.7269,3.2474,+6.99,17569508,48.5913,51.0219,48.4917
2024/01/11,46.4795,1.5042,+3.34,5148443,45.1546,46.5094,44.7263
2024/01/10,44.9753,0.4183,+0.94,5670441,45.3240,45.7324,44.7064
2024/01/09,44.5570,2.0122,+4.73,6517160,42.3057,44.9455,42.0268
2024/01/08,42.5448,0.4582,+1.09,3224912,42.3057,42.6544,41.7877
2024/01/05,42.0866,0.3884,-0.91,2599213,42.4651,42.9532,42.0318
2024/01/04,42.4750,1.1256,+2.72,6791793,41.3693,42.8934,41.0605
2024/01/03,41.3494,0.5280,-1.26,4107777,41.4092,42.1563,41.0107
2024/01/02,41.8774,1.0559,-2.46,4039998,42.8835,43.0130,41.5785
2023/12/29,42.9333,0.1993,+0.47,2630935,42.7938,43.4014,42.6942
2023/12/28,42.7340,0.7173,-1.65,4008768,43.1325,43.3716,42.6643
2023/12/27,43.4513,0.2689,-0.62,2201785,43.6704,44.0788,43.4014
2023/12/26,43.7202,0.2689,+0.62,2296385,43.7302,43.8497,43.1126
2023/12/22,43.4513,0.0199,-0.05,4018682,43.7202,44.3177,43.3815
2023/12/21,43.4712,0.9663,+2.27,4679982,42.5049,43.7401,42.4950
2023/12/20,42.5049,1.0958,-2.51,7657421,43.5907,43.6007,42.4750
2023/12/19,43.6007,2.5600,-5.55,11166059,46.3500,46.5592,43.1624
2023/12/18,46.1607,1.3746,+3.07,5475714,45.1945,46.7684,45.1945
2023/12/15,44.7861,1.2451,-2.70,5063641,46.1807,46.5791,44.5470
2023/12/14,46.0312,0.5578,+1.23,7951461,45.8719,46.3948,43.9394
2023/12/13,45.4734,0.2690,-0.59,6432348,45.8220,45.9814,44.3577
2023/12/12,45.7424,0.8567,+1.91,4886805,44.7861,45.7922,44.5072
2023/12/11,44.8857,0.0299,-0.07,4295479,44.9455,45.2493,44.4823
2023/12/08,44.9156,0.8667,+1.97,3760969,44.1784,45.0999,44.0689
2023/12/07,44.0489,0.6674,-1.49,4591411,44.7363,44.7761,43.8796
2023/12/06,44.7163,0.8268,-1.82,3597494,45.4933,45.9914,44.4275
2023/12/05,45.5431,0.2391,-0.52,3070025,45.7424,45.8719,45.0849
2023/12/04,45.7822,0.5578,+1.23,3992119,46.2703,46.3946,45.5332
2023/12/01,45.2244,0.5180,-1.13,5061068,45.5431,46.5791,45.0799
2023/11/30,45.7424,1.7233,+3.91,4944453,43.9792,45.9117,43.8796
2023/11/29,44.0191,0.9484,-2.11,5092914,45.0550,45.1546,43.8597
2023/11/28,44.9675,0.1988,-0.44,4179503,45.2160,45.3353,44.4704
2023/11/27,45.1663,0.2983,+0.66,4106329,44.6294,45.4447,44.4505
2023/11/24,44.8680,0.1292,+0.29,1882897,45.0470,45.4546,44.6394
2023/11/22,44.7388,0.2287,+0.51,3369542,44.5698,44.8929,43.7048
2023/11/21,44.5101,0.5767,-1.28,5141483,45.0371,45.5639,43.8937
2023/11/20,45.0868,0.7457,+1.68,3915088,44.4505,45.1812,44.3014
2023/11/17,44.3411,0.6561,+1.50,5249931,43.9932,44.7289,43.7347
2023/11/16,43.6850,0.7656,+1.78,4706672,42.8001,43.9633,42.7852
2023/11/15,42.9194,0.8948,-2.04,4263377,43.8639,43.9832,42.7106
2023/11/14,43.8142,0.3380,+0.78,4875753,43.7148,43.9086,42.4522
2023/11/13,43.4762,1.2229,+2.89,5779099,42.2633,44.0926,42.2633
2023/11/10,42.2533,0.2784,+0.66,4190039,42.0744,42.5715,41.3983
2023/11/09,41.9749,1.7597,+4.38,5906159,40.7024,42.4770,40.5731
2023/11/08,40.2152,0.7059,-1.73,5010186,40.8515,41.1398,39.8424
2023/11/07,40.9211,0.3480,+0.86,4627412,40.2649,41.2790,39.4199
2023/11/06,40.5731,1.1334,-2.72,4018385,42.0147,42.0843,40.4737
2023/11/03,41.7065,0.8848,-2.08,5545129,42.6013,42.7703,41.5176
2023/11/02,42.5913,1.7796,+4.36,7367867,41.2293,42.8598,41.1199
2023/11/01,40.8117,0.1392,+0.34,5143127,41.2194,41.4480,40.0860
2023/10/31,40.6725,3.0323,+8.06,13224260,39.5491,41.2691,38.7736
2023/10/30,37.6402,0.0696,-0.18,4896963,38.0280,38.4754,36.9244
2023/10/27,37.7098,0.4176,-1.10,3527930,38.3859,38.6046,37.5905
2023/10/26,38.1274,0.8948,-2.29,6359772,38.7736,39.0421,37.2127
2023/10/25,39.0222,0.4375,+1.13,4671578,39.0321,39.5392,38.5052
2023/10/24,38.5847,0.5368,+1.41,4802726,38.3163,39.2011,37.9584
2023/10/23,38.0479,0.0796,+0.21,2836244,37.5607,38.4455,36.8449
2023/10/20,37.9683,0.1492,-0.39,4759212,38.3660,38.5847,37.2774
2023/10/19,38.1175,0.4673,+1.24,6173418,37.4613,38.7836,36.6958
2023/10/18,37.6502,0.1989,+0.53,4237678,37.6701,38.1572,37.1829
2023/10/17,37.4513,1.4813,+4.12,7065512,35.8606,38.0081,35.7712
2023/10/16,35.9700,0.2287,-0.63,3964221,36.3876,36.5963,35.5922
2023/10/13,36.1987,0.2287,+0.64,5358379,36.1987,36.5466,35.5624
2023/10/12,35.9700,1.0340,-2.79,4530579,37.2227,37.2525,35.5823
2023/10/11,37.0040,0.5269,-1.40,5314544,37.4613,37.5060,36.1291
2023/10/10,37.5309,0.3878,+1.04,4313587,37.2823,38.0976,37.2724
2023/10/09,37.1431,0.3182,-0.85,4253079,37.6999,37.6999,35.9352
2023/10/06,37.4613,0.5468,+1.48,5151266,37.0835,37.9683,36.6862
2023/10/05,36.9145,0.9644,+2.68,5821197,35.6021,37.1730,35.6021
2023/10/04,35.9501,0.9147,-2.48,9009418,36.5267,36.5267,34.9758
2023/10/03,36.8648,0.4871,-1.30,5608995,37.1233,37.9286,36.7057
2023/10/02,37.3519,2.0580,-5.22,11350544,39.4199,39.5491,36.8449
2023/09/29,39.4099,1.5013,-3.67,8463737,40.8614,40.9807,39.2906
2023/09/28,40.9112,0.7954,+1.98,7548806,40.6924,41.9203,40.4737
2023/09/27,40.1158,0.2684,-0.66,5255635,40.6725,41.2094,39.3204
2023/09/26,40.3842,0.8650,-2.10,4767667,40.9708,41.3486,40.1366
2023/09/25,41.2492,1.5013,+3.78,8607336,39.9368,41.5872,39.8175
2023/09/22,39.7479,1.2029,+3.12,5603969,39.0122,40.3047,39.0122
2023/09/21,38.5450,0.7257,-1.85,3693325,38.8134,39.0818,38.0479
2023/09/20,39.2707,0.3579,+0.92,3724199,38.7736,40.0561,38.7736
2023/09/19,38.9128,1.2626,-3.14,6191537,40.4141,40.6228,38.5947
2023/09/18,40.1754,0.1093,+0.27,5236479,40.1953,40.2947,39.4795
2023/09/15,40.0661,0.4076,+1.03,9184976,39.8971,41.4082,39.8474
2023/09/14,39.6585,0.9545,+2.47,8340333,39.3701,39.7778,38.7637
2023/09/13,38.7040,0.7854,+2.07,5605431,38.2467,39.2210,38.0777
2023/09/12,37.9186,0.6462,+1.73,3605007,37.2028,38.4008,37.1829
2023/09/11,37.2724,0.4375,+1.19,3848729,36.8250,37.4117,36.6958
2023/09/08,36.8349,0.0498,-0.14,1795524,37.1829,37.3519,36.5466
2023/09/07,36.8847,0.2585,+0.71,2784648,36.2683,37.0661,36.2285
2023/09/06,36.6262,0.2982,-0.81,2564909,36.8051,37.1431,36.0992
2023/09/05,36.9244,0.2088,-0.56,4628932,36.5168,37.2028,35.6916
2023/09/01,37.1332,0.3480,+0.95,3370322,37.1531,37.6651,36.9145
2023/08/31,36.7852,0.0596,+0.16,3743259,36.9344,37.1233,36.3279
2023/08/30,36.7256,0.4275,+1.18,3199358,36.4770,37.1829,36.2384
2023/08/29,36.2981,0.0895,-0.25,2811842,36.3577,36.6162,36.0247
2023/08/28,36.3876,0.2188,+0.60,3050693,36.1688,36.5665,35.9799
2023/08/25,36.1688,0.6462,+1.82,4116143,35.7811,36.3130,34.9460
2023/08/24,35.5226,0.2287,-0.64,2886965,35.7314,36.0644,35.3735
2023/08/23,35.7513,0.2386,-0.66,4783213,35.7314,36.2683,35.6220
2023/08/22,35.9899,0.1491,+0.42,3300892,35.9899,36.0694,35.4630
2023/08/21,35.8408,1.3720,+3.98,7349863,34.8963,35.9998,34.7471
2023/08/18,34.4688,0.6463,+1.91,3912147,33.4646,34.6577,33.4348
2023/08/17,33.8225,0.0398,-0.12,2808788,34.1407,34.2898,33.7529
2023/08/16,33.8623,0.1690,+0.50,2846449,33.7231,34.4290,33.6734
2023/08/15,33.6933,0.9047,-2.61,2780228,34.4191,34.4986,33.6088
2023/08/14,34.5980,0.0000,0,2571070,34.4588,34.9857,33.9667
2023/08/11,34.5980,0.6065,+1.78,3733931,33.8027,34.8863,33.7629
2023/08/10,33.9915,0.0696,-0.20,3945118,34.3793,34.6825,33.7132
2023/08/09,34.0611,0.2584,+0.76,2832899,34.0313,34.2948,33.7927
2023/08/08,33.8027,0.0696,+0.21,3045814,33.1664,33.8822,32.7001
2023/08/07,33.7331,0.4275,+1.28,3030687,33.5442,34.3097,33.4795
2023/08/04,33.3056,0.2187,-0.65,3789243,33.4646,33.9319,32.9974
2023/08/03,33.5243,0.4971,+1.51,5532433,33.2757,33.8126,32.7289
2023/08/02,33.0272,1.3123,-3.82,12005265,33.1365,33.3652,31.3967
2023/08/01,34.3395,0.6164,-1.76,4595774,34.6477,34.6676,33.9717
2023/07/31,34.9559,1.1831,+3.50,5516573,34.1804,35.0305,33.8623
2023/07/28,33.7728,0.9842,+3.00,2813241,32.9079,33.7828,32.9079
2023/07/27,32.7886,0.7556,-2.25,3375552,33.7629,33.8524,32.7389
2023/07/26,33.5442,0.2088,+0.63,4071983,33.4845,33.6734,32.5997
2023/07/25,33.3354,0.5568,+1.70,4511128,32.8979,33.7203,32.5798
2023/07/24,32.7786,0.3281,+1.01,3636361,32.3810,33.1614,32.2815
2023/07/21,32.4505,0.2188,-0.67,3906488,32.8085,32.9178,32.1821
2023/07/20,32.6693,0.0596,-0.18,2798090,32.5599,33.0570,32.3927
2023/07/19,32.7289,0.0199,-0.06,3674737,33.0769,33.2863,32.2418
2023/07/18,32.7488,1.3024,+4.14,6094193,31.5160,32.8383,31.4066
2023/07/17,31.4464,0.0895,+0.29,2612999,31.2575,31.6104,30.9990
2023/07/14,31.3569,0.7954,-2.47,2506960,32.1821,32.1821,31.1979
2023/07/13,32.1523,0.8848,+2.83,5249423,31.6452,32.5599,31.5657
2023/07/12,31.2675,0.2387,+0.77,2879637,31.2675,31.6950,31.2287
2023/07/11,31.0288,0.8550,+2.83,3321854,30.1937,31.0786,30.1540
2023/07/10,30.1738,0.7556,+2.57,2935937,29.3288,30.2434,29.2095
2023/07/07,29.4182,0.2982,+1.02,2991711,29.1995,29.8308,29.1200
2023/07/06,29.1200,1.2030,-3.97,4964023,30.1042,30.2733,29.0032
2023/07/05,30.3230,0.2386,-0.78,4047874,30.4224,30.5616,29.9253
2023/07/03,30.5616,0.5865,-1.88,2186178,31.0487,31.1760,30.2733
2023/06/30,31.1481,0.4473,+1.46,4115352,30.8101,31.2376,30.7206
2023/06/29,30.7008,0.8550,+2.86,5469095,29.8955,30.9195,29.8358
2023/06/28,29.8458,0.4375,+1.49,3754175,29.3785,30.0033,29.0802
2023/06/27,29.4083,0.3281,-1.10,4229155,29.8656,29.9452,29.1448
2023/06/26,29.7364,0.0100,+0.03,3927360,29.6767,30.1142,29.5574
2023/06/23,29.7264,0.9644,-3.14,4749542,30.2534,30.3031,29.7066
2023/06/22,30.6908,0.4772,-1.53,3564877,30.7206,30.9990,30.4224
2023/06/21,31.1680,0.5966,-1.88,4056454,31.5558,31.6552,31.1432
2023/06/20,31.7646,0.1889,+0.60,4631600,31.7944,32.0926,31.2116
2023/06/16,31.5757,0.1194,+0.38,4322218,31.5458,31.8043,31.2973
2023/06/15,31.4563,0.4275,+1.38,4903015,30.7505,31.7447,30.7306
2023/06/14,31.0288,0.3679,-1.17,6603536,31.8143,31.8143,30.6809
2023/06/13,31.3967,0.3679,-1.16,8704785,32.0728,32.8065,31.0392
2023/06/12,31.7646,1.1831,+3.87,7393613,30.4423,31.8093,30.4025
2023/06/09,30.5815,0.1492,+0.49,2566639,30.4025,30.6809,29.7868
2023/06/08,30.4323,0.7953,+2.68,4723156,29.7563,30.8052,29.5873
2023/06/07,29.6370,0.7854,-2.58,4888412,30.5218,30.8698,29.5475
2023/06/06,30.4224,0.2883,-0.94,3837917,30.4522,30.6262,29.7687
2023/06/05,30.7107,0.8053,+2.69,5306563,29.9651,31.2625,30.1838
2023/06/02,29.9054,0.2187,-0.73,7329248,30.5119,30.8001,29.7165
2023/06/01,30.1241,2.4457,+8.84,19474621,27.8275,30.8350,27.8275
2023/05/31,27.6784,1.1632,+4.39,6252813,26.2368,27.8524,25.9982
2023/05/30,26.5152,0.6761,-2.49,3375893,27.0521,27.1217,26.0827
2023/05/26,27.1913,0.3976,-1.44,3872428,27.8375,27.8772,26.7637
2023/05/25,27.5889,0.0994,-0.36,5566920,27.6188,28.1854,27.3354
2023/05/24,27.6883,0.4673,-1.66,4947930,27.8971,28.1059,27.3702
2023/05/23,28.1556,0.3678,+1.32,3806708,27.4796,28.4042,27.3603
2023/05/22,27.7878,1.0241,+3.83,5037502,26.7339,28.4439,26.7339
2023/05/19,26.7637,0.3580,-1.32,2311444,27.2807,27.3752,26.6743
2023/05/18,27.1217,0.0000,0,2469070,27.0222,27.1664,26.6246
2023/05/17,27.1217,0.2287,+0.85,2821433,27.1415,27.3962,26.8333
2023/05/16,26.8930,0.5170,-1.89,4741510,27.1714,27.6088,26.6246
2023/05/15,27.4100,0.1392,-0.51,2163200,27.7182,27.8449,27.3702
2023/05/12,27.5492,0.0099,-0.04,2731396,27.5690,27.8424,27.1714
2023/05/11,27.5591,0.8948,-3.14,2853028,28.0562,28.5135,27.3603
2023/05/10,28.4539,0.0994,+0.35,3687160,28.5831,28.8913,28.0284
2023/05/09,28.3545,1.0439,+3.82,3977650,27.3304,28.4688,27.1614
2023/05/08,27.3106,0.0894,-0.33,2863173,27.6188,27.7579,27.2260
2023/05/05,27.4000,0.9445,+3.57,2807176,26.7439,27.5492,26.7439
2023/05/04,26.4555,0.2088,-0.78,3334565,26.5649,26.7637,26.3611
2023/05/03,26.6643,0.0994,-0.37,4156350,26.7637,27.1763,26.5251
2023/05/02,26.7637,0.8153,-2.96,4797447,27.3404,27.5939,26.5003
2023/05/01,27.5790,0.2486,+0.91,6015661,27.3106,27.9866,27.2410
2023/04/28,27.3304,0.8749,+3.31,6853591,26.7538,27.5144,25.5707
2023/04/27,26.4555,0.3678,+1.41,4209115,26.3661,26.6991,26.1871
2023/04/26,26.0877,0.1392,+0.54,4634003,25.9783,26.9676,25.8789
2023/04/25,25.9485,0.5667,+2.23,3601126,25.3520,26.0380,25.2725
2023/04/24,25.3818,0.0398,+0.16,1811704,25.2327,25.5608,25.2066
2023/04/21,25.3420,0.0696,-0.27,2362327,25.3122,25.5807,25.0686
2023/04/20,25.4116,0.0000,0,3764205,25.1134,25.4514,24.9643
2023/04/19,25.4116,0.4275,-1.65,2740099,25.5111,25.6602,25.2725
2023/04/18,25.8391,0.0498,-0.19,3256264,25.9485,26.0479,25.4116
2023/04/17,25.8889,0.1590,-0.61,2434706,26.1871,26.2666,25.6900
2023/04/14,26.0479,0.1889,-0.72,2918115,26.1175,26.3362,25.6204
2023/04/13,26.2368,1.0538,+4.18,4482460,25.3619,26.5550,25.3619
2023/04/12,25.1830,0.0100,+0.04,3255451,25.4315,25.5011,25.0338
2023/04/11,25.1730,0.0596,+0.24,3745328,25.3122,25.3918,24.9692
2023/04/10,25.1134,0.0100,+0.04,2082182,24.9543,25.1730,24.7555
2023/04/06,25.1034,0.1491,+0.60,2151571,24.8549,25.1233,24.4970
2023/04/05,24.9543,0.2983,-1.18,3491741,25.2029,25.7198,24.8549
2023/04/04,25.2526,0.7854,-3.02,4881600,25.9584,26.0877,24.9444
2023/04/03,26.0380,0.0199,+0.08,3449321,26.4854,26.5152,25.8441
2023/03/31,26.0181,0.0696,-0.27,4056305,26.1076,26.2567,25.7795
2023/03/30,26.0877,0.3579,+1.39,2834064,25.9087,26.2368,25.7198
2023/03/29,25.7298,0.5667,+2.25,3608508,25.5608,26.0479,25.2526
2023/03/28,25.1631,0.6860,+2.80,2361238,24.5169,25.1730,24.5020
2023/03/27,24.4771,0.5766,+2.41,3852499,24.5069,24.5915,24.2484
2023/03/24,23.9005,0.3479,-1.43,3679943,23.8309,24.0247,23.5923
2023/03/23,24.2484,0.2088,-0.85,3937820,24.6063,25.1581,24.0049
2023/03/22,24.4572,0.7954,-3.15,2446530,25.2526,25.3122,24.4373
2023/03/21,25.2526,0.5270,+2.13,3708223,25.0537,25.4017,24.8201
2023/03/20,24.7256,0.0696,-0.28,3510916,24.9941,25.0935,24.5765
2023/03/17,24.7952,0.3280,+1.34,3858371,24.2981,24.8648,24.0794
2023/03/16,24.4672,0.2585,+1.07,4202573,24.0397,24.8449,23.7116
2023/03/15,24.2087,1.1333,-4.47,7627104,24.4672,24.5815,23.5525
2023/03/14,25.3420,0.1193,+0.47,4062736,25.5409,25.7348,25.0885
2023/03/13,25.2227,0.0796,-0.31,5687477,24.8549,26.0678,24.5268
2023/03/10,25.3023,0.8450,-3.23,6181413,25.9883,26.1374,25.1681
2023/03/09,26.1473,0.1491,+0.57,6461999,26.0579,26.3362,25.6055
2023/03/08,25.9982,0.1989,-0.76,5080404,26.0678,26.3561,25.6801
2023/03/07,26.1971,0.9146,-3.37,6598272,26.8433,26.9586,25.9734
2023/03/06,27.1117,1.0340,-3.67,4207220,27.9369,28.0363,27.0719
2023/03/03,28.1457,0.4772,+1.72,3721028,27.9170,28.4141,27.7182
2023/03/02,27.6685,0.0795,-0.29,2865831,27.4895,27.8574,27.2807
2023/03/01,27.7480,0.5667,+2.08,3703266,27.2211,27.8474,27.1714
2023/02/28,27.1813,0.4176,-1.51,4396989,27.6883,27.7878,27.1515
2023/02/27,27.5989,0.4673,+1.72,3394950,27.1913,27.7579,27.0222
2023/02/24,27.1316,0.1988,+0.74,3230906,26.7240,27.2559,26.4953
2023/02/23,26.9328,0.0397,-0.15,2582551,27.3006,27.3106,26.6991
2023/02/22,26.9725,0.0100,-0.04,4490727,27.0024,27.2211,26.3164
2023/02/21,26.9825,1.6404,-5.73,6533034,28.2252,28.5036,26.9725
2023/02/17,28.6229,0.0398,+0.14,4150732,28.3047,28.6477,27.8872
2023/02/16,28.5831,0.8650,-2.94,4883669,29.0305,29.4083,28.5632
2023/02/15,29.4481,0.4574,+1.58,3984241,28.6328,29.5573,28.5724
2023/02/14,28.9907,0.2386,+0.83,4510853,28.5334,29.1747,28.1755
2023/02/13,28.7521,0.2884,-0.99,4123202,29.0206,29.0902,28.3545
2023/02/10,29.0405,0.6860,+2.42,6161136,28.7124,29.4779,28.5434
2023/02/09,28.3545,1.1931,+4.39,8962885,28.7323,29.3685,27.8474
2023/02/08,27.1614,0.4375,-1.59,4170546,27.5790,27.7977,27.1167
2023/02/07,27.5989,0.4872,+1.80,3766463,27.0620,27.6983,26.9130
2023/02/06,27.1117,0.4872,-1.77,3847001,27.3603,27.5392,26.9526
2023/02/03,27.5989,0.7058,-2.49,5893550,27.9568,28.5036,27.4204
2023/02/02,28.3047,0.1889,-0.66,6779934,28.6726,29.1940,27.9518
2023/02/01,28.4936,0.6462,+2.32,6902818,27.7977,28.8516,27.5840
2023/01/31,27.8474,0.1988,+0.72,5434885,27.6486,27.9866,27.3304
2023/01/30,27.6486,0.1790,+0.65,6165231,27.1714,28.0711,27.0620
2023/01/27,27.4696,0.6363,+2.37,7659280,26.7439,28.0065,26.6942
2023/01/26,26.8333,0.3480,-1.28,3815456,27.5094,27.5790,26.6643
2023/01/25,27.1813,0.3778,+1.41,3774988,26.4456,27.2956,26.4257
2023/01/24,26.8035,0.0895,+0.34,3121556,26.6842,26.8333,25.9485
2023/01/23,26.7140,0.5667,+2.17,3569694,26.1473,26.7140,25.9584
2023/01/20,26.1473,0.9743,+3.87,7350140,25.2526,26.6743,25.2029
2023/01/19,25.1730,0.7058,+2.88,3226723,24.3280,25.2327,24.2484
2023/01/18,24.4672,0.8053,-3.19,4980369,25.5309,25.5309,24.4572
2023/01/17,25.2725,0.0695,-0.27,2947223,25.4613,25.5111,25.1482
2023/01/13,25.3420,0.1293,-0.51,2988870,25.1631,25.4216,24.9145
2023/01/12,25.4713,0.2386,+0.95,3465597,25.3520,25.5309,24.8847
2023/01/11,25.2327,0.0497,+0.20,4266276,25.3321,25.4415,24.8449
2023/01/10,25.1830,0.4375,+1.77,3448823,24.7654,25.2029,24.5964
2023/01/09,24.7455,0.4474,+1.84,5569966,24.6063,25.2625,24.3976
2023/01/06,24.2981,1.5708,+6.91,6360286,22.9858,24.4274,22.9560
2023/01/05,22.7273,0.3380,+1.51,3599073,22.3396,22.8267,22.0314
2023/01/04,22.3893,0.4175,-1.83,4376788,22.7273,22.8566,22.2700
2023/01/03,22.8068,0.2684,+1.19,5772166,22.5881,23.1250,22.4390
2022/12/30,22.5384,0.0795,+0.35,2989698,22.3595,22.5832,22.2054
2022/12/29,22.4589,0.1193,+0.53,3118834,22.4589,22.7373,22.2998
2022/12/28,22.3396,0.3380,-1.49,3195127,22.6776,22.7671,22.1606
2022/12/27,22.6776,0.3877,+1.74,4394223,22.2600,22.9212,22.1706
2022/12/23,22.2899,0.3977,+1.82,4171987,22.0214,22.3694,21.9021
2022/12/22,21.8922,0.0895,-0.41,4113622,21.7928,22.0705,21.3851
2022/12/21,21.9817,0.3381,+1.56,4536135,22.0214,22.0612,21.5144
2022/12/20,21.6436,0.3579,+1.68,4485709,21.2957,21.7331,21.0968
2022/12/19,21.2857,0.2983,-1.38,4338613,21.5840,21.7132,21.1217
2022/12/16,21.5840,0.0100,+0.05,5199359,21.3255,21.7431,21.2360
2022/12/15,21.5740,0.4375,-1.99,3522574,21.6834,21.8325,21.4945
2022/12/14,22.0115,0.0298,-0.14,3568611,21.9817,22.2899,21.7629
2022/12/13,22.0413,0.0398,-0.18,4388562,22.6577,22.7472,21.8723
2022/12/12,22.0811,0.5369,+2.49,4363226,21.3553,22.1407,21.3156
2022/12/09,21.5442,0.1690,-0.78,3195241,21.6933,22.0214,21.5243
2022/12/08,21.7132,0.3082,+1.44,5877861,22.0214,22.1805,21.5879
2022/12/07,21.4050,0.2486,-1.15,7046750,21.5243,21.8127,21.2062
2022/12/06,21.6536,0.8649,-3.84,5488931,22.4688,22.5384,21.5243
2022/12/05,22.5185,1.1135,-4.71,4525546,23.6519,23.7712,22.5036
2022/12/02,23.6320,0.0000,0,3653994,23.3934,23.8706,23.2244
2022/12/01,23.6320,0.6065,-2.50,3798114,24.3876,24.5964,23.5724
2022/11/30,24.2385,1.0638,+4.59,4124973,23.5127,24.2584,23.2542
2022/11/29,23.1747,0.3280,+1.44,2784231,23.0057,23.3636,22.8068
2022/11/28,22.8467,1.1191,-4.67,4704043,23.6291,23.6291,22.8467
2022/11/25,23.9658,0.0000,0,1526483,24.1440,24.1440,23.7380
2022/11/23,23.9658,0.2971,+1.26,2304015,23.7281,24.0549,23.5399
2022/11/22,23.6687,0.8121,+3.55,3870412,23.2032,23.7578,22.9953
2022/11/21,22.8566,0.7527,-3.19,5656613,23.0943,23.2527,22.3516
2022/11/18,23.6093,0.1783,+0.76,3997516,23.2825,23.6291,22.9953
2022/11/17,23.4310,0.3268,-1.38,4114666,23.4112,23.5399,23.0943
2022/11/16,23.7578,0.7527,-3.07,3227543,24.3025,24.5006,23.6885
2022/11/15,24.5105,0.4556,+1.89,4665162,24.4213,24.8967,24.0896
2022/11/14,24.0549,0.1486,-0.61,3773099,24.0846,24.2431,23.6786
2022/11/11,24.2035,0.3863,+1.62,5779426,24.0945,24.8076,23.9856
2022/11/10,23.8172,0.6239,+2.69,6330333,24.2332,24.3718,23.3023
2022/11/09,23.1933,1.0399,-4.29,5401220,23.9460,24.1737,23.0943
2022/11/08,24.2332,0.6239,+2.64,4513657,23.6885,24.4659,23.4508
2022/11/07,23.6093,1.0300,+4.56,6086990,23.0349,23.7746,22.7477
2022/11/04,22.5793,0.3070,-1.34,7722702,23.5102,23.7578,22.1188
2022/11/03,22.8863,0.0297,+0.13,4257197,22.6189,23.5399,22.5942
2022/11/02,22.8566,0.5447,-2.33,5185777,23.4409,23.8866,22.8071
2022/11/01,23.4013,0.0891,-0.38,4408824,24.1143,24.3124,23.3468
2022/10/31,23.4904,0.5150,-2.15,7313174,23.7182,23.9658,22.8269
2022/10/28,24.0054,0.3169,+1.34,8177243,23.7776,24.1886,22.9259
2022/10/27,23.6885,1.0497,-4.24,8935881,25.4315,25.6889,23.6588
2022/10/26,24.7382,0.4258,+1.75,6926682,24.3421,24.9858,24.2629
2022/10/25,24.3124,0.6734,+2.85,6123294,23.6489,24.4263,23.5498
2022/10/24,23.6390,0.0694,+0.29,5921486,23.4805,23.7182,22.9755
2022/10/21,23.5696,0.5941,+2.59,6025757,22.9259,23.6489,22.7279
2022/10/20,22.9755,0.4061,+1.80,7446513,22.5496,23.4805,22.4308
2022/10/19,22.5694,0.4754,-2.06,6900234,23.1834,23.1834,22.4753
2022/10/18,23.0448,0.6140,+2.74,10739159,22.7972,23.2537,22.3615
2022/10/17,22.4308,1.3469,+6.39,12679350,21.6583,22.8269,21.5989
2022/10/14,21.0839,1.0795,-4.87,16291156,22.2426,22.3813,20.8166
2022/10/13,22.1634,0.0792,+0.36,18679233,21.5890,22.5001,21.3711
2022/10/12,22.0842,3.4859,-13.63,48401742,22.2129,22.4902,21.2127
2022/10/11,25.5701,0.4258,+1.69,6067641,25.2631,26.1247,24.7580
2022/10/10,25.1443,1.2973,-4.91,6067184,26.5703,26.7535,25.1195
2022/10/07,26.4416,0.1188,-0.45,3888240,26.4515,27.1546,26.2287
2022/10/06,26.5604,1.0002,-3.63,4217760,27.2536,27.6003,26.5406
2022/10/05,27.5606,0.1387,-0.50,3790531,27.3329,27.7649,26.7189
2022/10/04,27.6993,0.4556,+1.67,5776469,28.0756,28.1548,27.3329
2022/10/03,27.2437,0.9903,+3.77,5014218,26.9962,27.8181,26.9169
2022/09/30,26.2534,0.4259,-1.60,5564501,26.3921,27.3230,25.9761
2022/09/29,26.6793,0.3565,-1.32,3379414,27.0061,27.0358,26.3475
2022/09/28,27.0358,0.8715,+3.33,6448175,26.3525,27.2903,25.9564
2022/09/27,26.1643,1.2874,+5.18,7898311,25.5800,26.5208,25.3621
2022/09/26,24.8769,0.1683,-0.67,5911668,24.8175,25.6988,24.7283
2022/09/23,25.0452,1.7034,-6.37,8943550,26.0851,26.0950,24.4213
2022/09/22,26.7486,0.4357,-1.60,4571591,27.3824,27.6102,26.4911
2022/09/21,27.1843,0.9408,-3.35,5077245,28.2440,28.3232,27.0952
2022/09/20,28.1251,0.0990,+0.35,5709570,27.7191,28.7292,27.2883
2022/09/19,28.0261,0.3466,+1.25,3538405,26.9367,28.2539,26.8872
2022/09/16,27.6795,0.9408,-3.29,9305587,27.9964,28.1548,27.0853
2022/09/15,28.6203,1.5548,-5.15,7276828,29.7195,30.1008,28.2737
2022/09/14,30.1751,0.6833,+2.32,6499668,29.4918,30.5613,29.3432
2022/09/13,29.4918,0.5050,-1.68,6477084,28.9075,30.1157,28.7688
2022/09/12,29.9968,0.0792,+0.26,4073592,30.2147,30.3434,29.3828
2022/09/09,29.9176,0.0198,+0.07,7511914,30.4623,30.9872,29.5710
2022/09/08,29.8978,0.7625,+2.62,6738500,29.0560,30.3933,28.9966
2022/09/07,29.1353,0.7428,+2.62,5701958,28.2341,29.4026,27.8526
2022/09/06,28.3925,0.1486,-0.52,13609564,29.3234,30.4474,28.0459
2022/09/02,28.5411,0.2674,+0.95,6718900,28.7391,29.1947,27.9766
2022/09/01,28.2737,0.5942,-2.06,8075381,28.3727,28.5807,27.6201
2022/08/31,28.8679,0.5248,-1.79,9119289,28.6203,29.6255,28.3331
2022/08/30,29.3927,0.5347,+1.85,14179414,28.9570,29.6601,27.7587
2022/08/29,28.8580,2.4560,+9.30,16932628,26.2534,29.2442,26.1346
2022/08/26,26.4020,0.5843,-2.17,4818695,26.9863,27.0556,26.0554
2022/08/25,26.9863,0.2377,+0.89,8906518,26.8971,27.6795,26.2732
2022/08/24,26.7486,3.4364,+14.74,16685701,24.6194,27.0655,24.4609
2022/08/23,23.3122,0.8913,+3.98,4001426,22.7972,23.4805,22.7180
2022/08/22,22.4209,0.0991,+0.44,4567615,22.0347,22.5397,21.7574
2022/08/19,22.3218,1.9510,-8.04,7548885,23.7974,23.8271,22.1882
2022/08/18,24.2728,0.0198,+0.08,3475419,24.5105,24.5402,23.8866
2022/08/17,24.2530,1.0398,-4.11,4847199,25.1938,25.8177,24.1638
2022/08/16,25.2928,0.4952,+2.00,4714635,24.9759,25.4112,24.4807
2022/08/15,24.7976,0.4160,-1.65,3776800,24.4213,24.9115,24.1638
2022/08/12,25.2136,0.1189,+0.47,3317782,25.0254,25.2637,24.5649
2022/08/11,25.0947,0.1387,-0.55,3582507,25.2829,25.8771,25.0749
2022/08/10,25.2334,0.3763,+1.51,3156469,25.5107,25.5107,24.4708
2022/08/09,24.8571,0.7823,-3.05,3700143,25.5998,25.7879,24.5303
2022/08/08,25.6394,0.1188,+0.47,4398634,25.8870,26.3425,25.4711
2022/08/05,25.5206,0.8616,+3.49,3538817,24.1638,25.6393,24.0846
2022/08/04,24.6590,0.2377,+0.97,3451962,24.4015,24.7778,24.1441
2022/08/03,24.4213,0.5051,-2.03,4009427,25.3819,25.4315,24.0747
2022/08/02,24.9264,0.3466,+1.41,4987618,24.3520,25.2829,24.3322
2022/08/01,24.5798,0.9408,-3.69,3964738,25.1542,25.3720,24.4213
2022/07/29,25.5206,0.2278,+0.90,4798284,25.3522,25.6295,24.9066
2022/07/28,25.2928,0.3961,+1.59,5615078,25.2631,25.5008,24.3916
2022/07/27,24.8967,2.0005,+8.74,12275674,23.6687,25.2185,23.5796
2022/07/26,22.8962,0.1584,+0.70,8317861,22.7972,23.2428,22.4209
2022/07/25,22.7378,0.4259,+1.91,3591237,22.5595,22.7477,21.8762
2022/07/22,22.3119,0.8022,-3.47,5013657,23.2329,23.4904,22.1337
2022/07/21,23.1141,0.5051,-2.14,3853741,23.1933,23.3815,22.5645
2022/07/20,23.6192,0.1684,+0.72,5310563,23.4805,23.8321,23.2538
2022/07/19,23.4508,1.0299,+4.59,5186986,22.6586,23.5498,22.5298
2022/07/18,22.4209,0.2476,+1.12,3869684,22.6189,22.9557,22.2921
2022/07/15,22.1733,0.2476,+1.13,5062736,22.5793,22.7279,21.5742
2022/07/14,21.9257,0.6734,+3.17,6431345,20.8364,22.0842,20.5195
2022/07/13,21.2523,0.1089,+0.52,2815333,20.6680,21.6583,20.6680
2022/07/12,21.1434,0.4159,-1.93,3877874,21.1632,21.5444,20.7868
2022/07/11,21.5593,0.4952,-2.25,3595501,21.6979,22.0348,21.2721
2022/07/08,22.0545,0.0000,0,3496044,22.0446,22.4159,21.6732
2022/07/07,22.0545,1.3667,+6.61,4957820,21.3513,22.2674,21.3216
2022/07/06,20.6878,0.1288,-0.62,5659130,21.1434,21.4936,20.1530
2022/07/05,20.8166,0.7922,-3.67,5112603,20.9651,21.0443,20.3511
2022/07/01,21.6088,0.7922,+3.81,5264272,20.6482,21.8861,20.4997
2022/06/30,20.8166,0.7328,-3.40,5366207,21.1137,21.1632,20.1431
2022/06/29,21.5494,0.8220,-3.67,3800137,22.5199,22.6922,21.4702
2022/06/28,22.3714,0.3664,-1.61,6153789,23.1537,23.2726,22.0952
2022/06/27,22.7378,0.4556,+2.04,4669830,22.6090,23.2825,22.4209
2022/06/24,22.2822,1.3369,+6.38,7946565,21.2820,22.9021,21.1971
2022/06/23,20.9453,0.0297,-0.14,5139614,20.9849,21.2127,20.2224
2022/06/22,20.9750,0.7229,-3.33,5439282,20.7967,21.1632,20.2746
2022/06/21,21.6979,1.2280,+6.00,5601653,21.2424,22.1337,21.0245
2022/06/17,20.4699,0.5942,-2.82,6822265,20.9948,21.3464,20.3511
2022/06/16,21.0641,1.2280,-5.51,8333575,21.6286,21.9158,20.6730
2022/06/15,22.2921,0.2376,+1.08,8119183,22.5496,22.7675,21.5296
2022/06/14,22.0545,0.9111,-3.97,7785340,22.9755,23.0547,21.8168
2022/06/13,22.9656,2.3173,-9.17,8829860,24.0054,24.0846,22.7576
2022/06/10,25.2829,0.6140,-2.37,5851273,25.2532,25.6493,24.9066
2022/06/09,25.8969,1.1488,-4.25,4726614,26.6396,26.7288,25.8672
2022/06/08,27.0457,0.3070,+1.15,11475863,27.1942,28.0063,26.5010
2022/06/07,26.7387,2.0104,+8.13,20715071,24.3916,27.6231,24.3718
2022/06/06,24.7283,0.0297,-0.12,3500618,25.0452,25.0650,24.4362
2022/06/03,24.7580,0.4655,-1.85,3898917,25.0353,25.1046,24.4906
2022/06/02,25.2235,1.1785,+4.90,8040088,24.0549,25.9415,24.0450
2022/06/01,24.0450,0.1882,-0.78,4640982,24.3520,24.7481,23.6885
2022/05/31,24.2332,0.7625,-3.05,6915368,25.4017,25.7286,23.9658
2022/05/27,24.9957,0.5546,+2.27,5050251,24.6095,25.1443,24.4510
2022/05/26,24.4411,0.5942,+2.49,4800893,23.8271,24.6293,23.7182
2022/05/25,23.8469,0.3565,+1.52,4726702,23.4112,23.9955,23.2428
2022/05/24,23.4904,0.3962,-1.66,4598535,23.6489,23.7875,23.0250
2022/05/23,23.8866,0.6537,+2.81,4728849,23.4805,23.8866,23.0745
2022/05/20,23.2329,0.3466,+1.51,6910114,23.3716,23.5796,22.6387
2022/05/19,22.8863,0.1683,+0.74,6008750,22.3813,23.4459,22.3417
2022/05/18,22.7180,0.6239,-2.67,7295579,23.2924,23.7083,22.2921
2022/05/17,23.3419,1.0102,+4.52,7525859,22.9755,23.5003,22.4308
2022/05/16,22.3317,0.5347,+2.45,8656796,21.9554,22.8764,21.6682
2022/05/13,21.7970,1.4063,+6.90,10479021,20.9552,22.6090,20.9552
2022/05/12,20.3907,0.1882,-0.91,9334527,20.1332,21.2226,19.8213
2022/05/11,20.5789,0.7328,-3.44,7760183,21.5791,22.1634,20.5195
2022/05/10,21.3117,0.4951,+2.38,8010408,21.4900,22.0842,20.7769
2022/05/09,20.8166,2.7927,-11.83,13285434,22.9358,22.9358,20.5195
2022/05/06,23.6093,0.6338,-2.61,10823847,24.2332,24.2629,22.7378
2022/05/05,24.2431,1.8816,-7.20,15068351,26.2138,27.3425,23.8469
2022/05/04,26.1247,0.6239,+2.45,7531466,25.6889,26.4020,24.7877
2022/05/03,25.5008,0.2971,+1.18,6387932,25.2235,26.0108,25.2235
2022/05/02,25.2037,0.3565,-1.39,6349039,25.0749,25.4216,24.4312
2022/04/29,25.5602,0.5744,-2.20,6701106,26.2237,26.8872,25.3918
2022/04/28,26.1346,0.1585,+0.61,7038491,25.9365,26.3079,24.9660
2022/04/27,25.9761,0.1288,-0.49,6584311,26.3921,26.6297,25.7583
2022/04/26,26.1049,0.6239,-2.33,8190619,26.9863,27.2536,25.9563
2022/04/25,26.7288,0.7427,-2.70,9914707,26.3822,27.0506,25.6692
2022/04/22,27.4715,0.5447,-1.94,9238922,27.9766,28.7678,26.9268
2022/04/21,28.0162,3.2284,-10.33,11907982,31.2248,31.2644,27.7092
2022/04/20,31.2446,1.3171,+4.40,7854104,29.9374,31.4625,29.0610
2022/04/19,29.9275,0.3763,-1.24,5099966,30.3732,30.4326,29.6205
2022/04/18,30.3038,0.7923,-2.55,6254373,31.1060,31.3140,30.0567
2022/04/14,31.0961,0.1882,-0.60,6007702,31.2744,31.5021,30.7396
2022/04/13,31.2843,0.6339,+2.07,10197075,31.3635,32.1755,31.0664
2022/04/12,30.6504,0.3169,+1.04,8482984,30.9624,31.6110,30.3831
2022/04/11,30.3335,0.3169,+1.06,8442684,30.5613,31.1159,29.5908
2022/04/08,30.0166,0.2773,-0.92,7247486,30.2543,30.4799,29.5363
2022/04/07,30.2939,2.3272,+8.32,16085105,28.2242,30.6717,28.1945
2022/04/06,27.9667,0.0990,-0.35,6951417,28.0360,28.2737,27.2437
2022/04/05,28.0657,0.0891,-0.32,8166147,28.7193,29.9176,27.9964
2022/04/04,28.1548,0.5942,-2.07,5024038,29.0956,29.2640,27.8800
2022/04/01,28.7490,0.0694,-0.24,7629642,29.2046,30.1058,28.4618
2022/03/31,28.8184,1.0201,+3.67,13277752,28.4222,29.7047,28.3232
2022/03/30,27.7983,0.5546,+2.04,6800182,27.6300,28.8481,27.5705
2022/03/29,27.2437,0.5645,-2.03,7409020,26.9466,27.6597,25.9019
2022/03/28,27.8082,0.6734,-2.36,6107861,28.0558,28.2044,27.2735
2022/03/25,28.4816,0.2377,-0.83,5695193,28.8283,29.1848,28.1301
2022/03/24,28.7193,0.0396,-0.14,6166508,28.8283,29.1055,28.2341
2022/03/23,28.7589,0.1486,-0.51,8854292,29.3333,30.1949,28.6946
2022/03/22,28.9075,0.0792,-0.27,8786711,29.0659,29.2140,28.2836
2022/03/21,28.9867,1.8618,+6.86,18086497,27.4913,29.7493,27.4022
2022/03/18,27.1249,0.2674,+1.00,9798470,26.8773,27.3626,26.2237
2022/03/17,26.8575,2.2975,+9.35,15682142,24.8967,26.9367,24.8571
2022/03/16,24.5600,0.1980,-0.80,10209081,25.1641,25.5701,23.3518
2022/03/15,24.7580,0.7527,-2.95,12913673,24.7580,25.1146,23.7776
2022/03/14,25.5107,1.3369,-4.98,13356210,26.2831,26.3227,24.9809
2022/03/11,26.8476,0.4060,-1.49,10060266,27.0754,27.6894,26.5505
2022/03/10,27.2536,0.4654,+1.74,15349079,26.7783,27.9073,26.3425
2022/03/09,26.7882,1.7430,+6.96,19787454,24.4609,27.3675,24.1638
2022/03/08,25.0452,1.2874,+5.42,16652312,24.1638,26.0256,23.6291
2022/03/07,23.7578,0.5051,+2.17,11121959,24.3025,24.9957,23.5944
2022/03/04,23.2527,1.0597,-4.36,12702080,22.9854,23.5300,22.0743
2022/03/03,24.3124,0.5150,-2.07,6509430,25.2631,25.4017,23.9460
2022/03/02,24.8274,0.6140,+2.54,7899175,24.5600,24.9858,24.1391
2022/03/01,24.2134,0.1287,-0.53,9747110,24.7580,24.8472,23.8073
2022/02/28,24.3421,1.7529,+7.76,14437792,23.2626,24.4906,23.1537
2022/02/25,22.5892,0.5446,+2.47,8555762,22.0049,22.5991,21.5395
2022/02/24,22.0446,1.7133,+8.43,15074934,20.1035,22.5546,20.0243
2022/02/23,20.3313,0.1684,-0.82,4599783,20.7868,21.0740,20.3115
2022/02/22,20.4997,0.4754,+2.37,3987923,19.9550,20.7423,19.8658
2022/02/18,20.0243,0.8121,-3.90,3976812,20.6482,20.9651,19.9946
2022/02/17,20.8364,0.4852,-2.28,3848768,21.1731,21.3909,20.7274
2022/02/16,21.3216,0.4358,-2.00,4088583,21.7277,22.0446,21.2473
2022/02/15,21.7574,0.2377,+1.10,3831575,21.5593,21.9653,21.3711
2022/02/14,21.5197,0.5150,-2.34,4220386,21.9257,22.2525,21.4306
2022/02/11,22.0347,0.1485,-0.67,5616705,21.6286,22.3813,21.5593
2022/02/10,22.1832,0.3763,-1.67,11343186,22.0743,23.5746,21.9356
2022/02/09,22.5595,2.9115,+14.82,12679344,20.9948,22.5595,20.9156
2022/02/08,19.6480,0.0990,-0.50,5084008,19.6183,19.7371,19.1627
2022/02/07,19.7470,0.0495,+0.25,3615825,19.5291,20.0144,19.4499
2022/02/04,19.6975,0.7626,+4.03,4292417,18.8656,19.7173,18.8557
2022/02/03,18.9349,0.6933,-3.53,4068705,19.3014,19.4103,18.8755
2022/02/02,19.6282,0.4159,-2.07,5990907,20.4303,20.6878,19.4895
2022/02/01,20.0441,0.8022,+4.17,6790797,19.4895,20.3263,19.0344
2022/01/31,19.2419,0.3862,+2.05,5722846,18.8557,19.2915,18.4002
2022/01/28,18.8557,0.6140,+3.37,7279634,18.2219,18.8854,17.8555
2022/01/27,18.2417,0.8517,-4.46,7661289,19.2816,19.6481,18.1130
2022/01/26,19.0934,0.7229,-3.65,6516603,20.3115,20.4699,18.9944
2022/01/25,19.8163,0.0396,-0.20,7776477,19.4301,20.0342,18.8953
2022/01/24,19.8559,0.1090,-0.55,9164629,18.7369,19.9451,18.3507
2022/01/21,19.9649,1.2280,-5.79,8821382,20.6383,21.0146,19.7866
2022/01/20,21.1929,0.4159,-1.92,4625199,21.9554,22.3615,21.1632
2022/01/19,21.6088,0.2377,+1.11,6995031,21.7871,22.1931,21.0988
2022/01/18,21.3711,0.9606,-4.30,5788842,22.2822,22.3030,21.3216
2022/01/14,22.3317,0.4358,-1.91,4977390,22.4803,22.8269,21.7970
2022/01/13,22.7675,0.8418,-3.57,4495187,23.7875,24.1044,22.6718
2022/01/12,23.6093,0.3268,+1.40,9083048,23.7677,24.3966,23.3072
2022/01/11,23.2825,0.2575,+1.12,4821579,23.1240,23.4657,22.4803
2022/01/10,23.0250,0.4159,-1.77,4892848,23.1240,23.1735,22.4357
2022/01/07,23.4409,0.9408,+4.18,6624142,22.8863,23.5761,22.2228
2022/01/06,22.5001,1.4459,-6.04,10357983,24.3916,24.5600,22.4110
2022/01/05,23.9460,0.5348,+2.28,16341226,24.7184,26.2831,23.8766
2022/01/04,23.4112,0.9210,+4.10,7247321,22.6883,23.7083,22.5694
2022/01/03,22.4902,0.8913,+4.13,5291426,22.3912,23.1785,22.2030
2021/12/31,21.5989,0.0099,+0.05,2616372,21.5692,21.7772,21.3711
2021/12/30,21.5890,0.2278,-1.04,3508472,21.7871,22.0148,21.4999
2021/12/29,21.8168,0.1683,-0.77,2798620,21.9851,22.3317,21.5989
2021/12/28,21.9851,0.8220,-3.60,3319160,22.7774,22.9854,21.8960
2021/12/27,22.8071,0.8022,+3.65,3581725,22.1535,22.8170,21.9851
2021/12/23,22.0049,0.0297,+0.14,2316903,22.1535,22.2674,21.9257
2021/12/22,21.9752,0.0595,-0.27,3583975,21.9851,22.1337,21.6583
2021/12/21,22.0347,1.4657,+7.13,5394299,20.9453,22.0842,20.8265
2021/12/20,20.5690,0.3763,-1.80,6134342,20.3412,20.6284,19.8262
2021/12/17,20.9453,0.5744,-2.67,5708164,20.8958,21.7078,20.8067
2021/12/16,21.5197,0.4159,-1.90,4535951,22.3912,22.7412,21.4157
2021/12/15,21.9356,0.9705,+4.63,6998953,20.8067,22.0644,20.4006
2021/12/14,20.9651,0.2476,-1.17,3680917,20.8562,21.3513,20.7670
2021/12/13,21.2127,0.5249,-2.41,4110157,21.7871,22.0644,21.0938
2021/12/10,21.7376,0.6338,-2.83,4827521,22.5397,22.5645,21.7029
2021/12/09,22.3714,0.6536,-2.84,4404342,22.9259,23.1042,22.1287
2021/12/08,23.0250,0.1386,-0.60,3277893,23.3617,23.6097,22.9061
2021/12/07,23.1636,1.2676,+5.79,5195021,22.7378,23.3715,22.5991
2021/12/06,21.8960,0.1584,+0.73,5946436,21.5296,22.0049,20.7373
2021/12/03,21.7376,1.1586,-5.06,5899192,22.8962,23.4012,21.4504
2021/12/02,22.8962,0.7031,+3.17,4957535,22.1832,22.9755,21.9554
2021/12/01,22.1931,0.7626,-3.32,5564104,23.4706,23.6291,22.1832
2021/11/30,22.9557,1.7825,-7.21,9034142,24.4015,24.6392,22.5793
2021/11/29,24.7382,0.9536,+4.01,4471761,24.3619,24.8670,24.0549
2021/11/26,23.7846,1.1458,-4.60,4932024,23.7550,24.0118,23.1130
2021/11/24,24.9304,0.2173,-0.86,2836127,24.9403,25.1280,24.6143
2021/11/23,25.1477,0.7902,+3.24,6797540,24.8909,25.8589,24.8415
2021/11/22,24.3575,0.6223,-2.49,6599673,25.1378,25.2169,24.3279
2021/11/19,24.9798,1.3334,-5.07,7855879,25.6712,25.8391,24.8712
2021/11/18,26.3132,0.4543,+1.76,4036908,25.8786,26.4170,25.6416
2021/11/17,25.8589,0.1383,-0.53,4290670,25.8885,26.6194,25.5626
2021/11/16,25.9972,0.8000,-2.99,4398130,26.8170,26.9454,25.8194
2021/11/15,26.7972,0.4346,-1.60,3471283,27.3109,27.6171,26.4713
2021/11/12,27.2318,0.0197,+0.07,3351339,26.9454,27.6269,26.6194
2021/11/11,27.2121,1.1754,+4.51,5344287,26.2737,27.7257,26.1256
2021/11/10,26.0367,1.3433,-4.91,6478984,27.0738,27.6467,25.8293
2021/11/09,27.3800,0.3655,-1.32,5434996,27.6862,27.7850,26.6688
2021/11/08,27.7455,1.0865,+4.08,9122486,27.1034,28.1406,26.6787
2021/11/05,26.6590,0.1580,-0.59,3685769,26.8763,26.9652,26.0861
2021/11/04,26.8170,0.0395,-0.15,6530978,27.1726,27.3109,26.3923
2021/11/03,26.8565,2.0940,+8.46,12021332,25.3058,27.2615,25.1774
2021/11/02,24.7625,0.0691,-0.28,3775935,24.6934,24.7724,24.1057
2021/11/01,24.8316,0.8297,+3.46,4917100,24.2785,25.0391,24.1797
2021/10/29,24.0019,1.1557,-4.59,11881607,24.3230,24.8514,23.1229
2021/10/28,25.1576,0.0198,+0.08,5531262,24.8218,25.2860,24.5897
2021/10/27,25.1378,1.3631,-5.14,7031986,25.1675,26.7528,24.6934
2021/10/26,26.5009,0.3259,+1.25,4182972,26.1453,26.7479,25.6416
2021/10/25,26.1750,0.5630,+2.20,4746267,25.8688,26.6985,25.8490
2021/10/22,25.6120,0.0889,-0.35,5006534,25.6613,25.9873,24.8810
2021/10/21,25.7009,0.8395,-3.16,5054634,26.3725,26.5404,25.6021
2021/10/20,26.5404,0.2469,+0.94,5648849,26.0466,26.5898,25.4934
2021/10/19,26.2935,0.1482,+0.57,8092131,26.6886,27.0837,25.9182
2021/10/18,26.1453,1.4618,+5.92,14494651,25.7799,26.8038,25.5428
2021/10/15,24.6835,0.2963,-1.19,6609683,25.1872,25.2465,24.3724
2021/10/14,24.9798,0.3457,-1.37,9348455,25.3848,25.5132,24.5551
2021/10/13,25.3255,1.1359,+4.70,15217366,24.0019,25.5626,23.6365
2021/10/12,24.1896,2.9237,+13.75,15824554,21.3647,24.2341,21.2067
2021/10/11,21.2659,0.2173,+1.03,5030226,21.3351,21.5721,20.9005
2021/10/08,21.0486,1.0865,-4.91,5397850,22.2635,22.5105,21.0091
2021/10/07,22.1351,0.7309,+3.41,4821737,21.6709,22.3426,21.3845
2021/10/06,21.4042,0.3062,-1.41,6254538,21.1375,21.6018,20.7029
2021/10/05,21.7104,0.1284,+0.59,5110902,21.7302,22.1773,21.3845
2021/10/04,21.5820,0.2568,-1.18,10764187,22.3030,22.9451,21.4141
2021/10/01,21.8388,0.3753,+1.75,6751247,21.5820,21.9178,20.9103
2021/09/30,21.4635,1.1359,+5.59,13859223,20.4757,21.8684,20.1992
2021/09/29,20.3276,0.3951,-1.91,4516656,20.7819,20.8906,20.0905
2021/09/28,20.7227,0.0297,+0.14,8728435,20.9696,21.4832,20.3868
2021/09/27,20.6930,0.8692,+4.38,10709071,20.0214,20.8165,19.7349
2021/09/24,19.8238,1.2051,-5.73,11096785,20.6041,20.7325,19.6658
2021/09/23,21.0289,0.2766,+1.33,7995255,21.0486,21.1375,20.2979
2021/09/22,20.7523,0.0691,-0.33,7244825,21.2067,21.7795,20.7474
2021/09/21,20.8214,0.2272,-1.08,7888678,21.4240,21.7400,20.7325
2021/09/20,21.0486,1.1359,-5.12,14036494,21.2165,21.4333,20.3770
2021/09/17,22.1845,1.5508,-6.53,14716348,23.5673,24.0415,21.9475
2021/09/16,23.7353,0.6914,-2.83,8683925,24.1797,24.2193,23.5723
2021/09/15,24.4267,0.4050,+1.69,13026779,24.5748,25.0292,23.9427
2021/09/14,24.0217,0.1383,-0.57,14503485,24.4168,24.6934,23.3599
2021/09/13,24.1600,0.0296,+0.12,28562732,25.3255,26.2441,23.9921
2021/09/10,24.1304,1.4619,+6.45,23163889,22.8364,24.7724,22.4413
2021/09/09,22.6685,0.0988,+0.44,8490415,22.4216,22.8809,21.7410
2021/09/08,22.5697,0.0099,-0.04,13358586,22.8364,22.8364,21.4042
2021/09/07,22.5796,1.2544,+5.88,14199623,21.4733,22.7772,21.3548
2021/09/03,21.3252,0.8593,+4.20,14927274,20.9103,22.1055,20.6486
2021/09/02,20.4659,1.5409,+8.14,14243997,19.2509,20.4856,19.2213
2021/09/01,18.9250,0.6322,+3.46,6756014,18.4212,19.0139,18.3412
2021/08/31,18.2928,0.6222,+3.52,3990563,17.8385,18.4015,17.7298
2021/08/30,17.6706,0.0889,+0.51,2248134,17.7891,17.9076,17.5125
2021/08/27,17.5817,0.6914,+4.09,3046660,16.9495,17.8829,16.9495
2021/08/26,16.8903,0.0889,-0.52,2228026,16.9396,17.2014,16.7816
2021/08/25,16.9792,0.0593,+0.35,1920292,16.9693,17.2162,16.8112
2021/08/24,16.9199,0.3062,+1.84,3121974,16.8014,17.0878,16.6769
2021/08/23,16.6137,0.7013,+4.41,3744114,16.2384,16.8211,16.2384
2021/08/20,15.9124,0.4741,+3.07,4208209,15.4087,16.0556,15.1815
2021/08/19,15.4383,0.4247,-2.68,5900541,15.5963,15.7149,15.1518
2021/08/18,15.8630,0.0099,-0.06,3440964,15.7840,16.1495,15.6951
2021/08/17,15.8729,0.3852,-2.37,2836380,16.1198,16.2452,15.7445
2021/08/16,16.2581,0.2963,-1.79,3264249,16.2285,16.3668,15.9025
2021/08/13,16.5544,0.4248,-2.50,1849853,16.9396,17.0878,16.5248
2021/08/12,16.9792,0.2173,-1.26,1339297,17.0779,17.3051,16.8409
2021/08/11,17.1965,0.1679,-0.97,2311817,17.3743,17.4236,16.9495
2021/08/10,17.3644,0.5630,+3.35,3506997,16.8903,17.5125,16.7816
2021/08/09,16.8014,0.2370,-1.39,1996839,16.9100,17.0384,16.7026
2021/08/06,17.0384,0.2568,+1.53,2290403,16.9001,17.1174,16.6532
2021/08/05,16.7816,0.1185,+0.71,2403420,16.6532,17.1520,16.5939
2021/08/04,16.6631,0.4543,-2.65,3449450,17.0384,17.1372,16.6433
2021/08/03,17.1174,0.0988,-0.57,3492606,17.1965,17.2755,16.8310
2021/08/02,17.2162,0.3655,-2.08,3121919,17.9076,18.1941,17.1471
2021/07/30,17.5817,0.2469,-1.38,2819556,17.6607,17.7448,17.3841
2021/07/29,17.8286,0.3655,+2.09,2766503,17.7002,18.1728,17.4434
2021/07/28,17.4631,0.6321,+3.76,4500221,16.8903,17.8879,16.8310
2021/07/27,16.8310,0.3259,-1.90,3221456,17.0384,17.0779,16.6581
2021/07/26,17.1569,0.2864,+1.70,2888672,16.9594,17.4138,16.8705
2021/07/23,16.8705,0.1877,-1.10,2257518,17.1273,17.2360,16.8261
2021/07/22,17.0582,0.0197,-0.12,1798705,17.1471,17.1866,16.8014
2021/07/21,17.0779,0.5432,+3.29,2930118,16.7520,17.2656,16.6927
2021/07/20,16.5347,0.2865,+1.76,3679678,16.1692,16.6525,15.9519
2021/07/19,16.2482,0.3754,-2.26,5428820,16.0507,16.2482,15.8038
2021/07/16,16.6236,0.5432,-3.16,5394948,17.2952,17.3644,16.4063
2021/07/15,17.1668,0.1284,-0.74,7744445,17.1767,17.5669,16.8014
2021/07/14,17.2952,0.2371,-1.35,3181741,17.6311,17.9965,17.1718
2021/07/13,17.5323,0.2766,-1.55,4250754,17.6706,17.8237,17.4434
2021/07/12,17.8089,0.2963,-1.64,3128797,18.0064,18.0558,17.7002
2021/07/09,18.1052,0.2371,+1.33,3673657,17.9471,18.3620,17.7693
2021/07/08,17.8681,0.6618,-3.57,4882666,17.9866,18.1625,17.6114
2021/07/07,18.5299,0.0198,+0.11,2898036,18.6386,18.9941,18.1249
2021/07/06,18.5101,0.4050,-2.14,3347294,18.9744,18.9941,18.2632
2021/07/02,18.9151,0.2272,-1.19,2834805,19.1423,19.4090,18.3916
2021/07/01,19.1423,0.1976,+1.04,4103439,19.2707,19.4979,18.4706
2021/06/30,18.9447,0.0395,+0.21,2765045,18.9250,19.1472,18.6731
2021/06/29,18.9052,0.1087,-0.57,1764349,19.0139,19.1818,18.8262
2021/06/28,19.0139,0.6914,-3.51,2762252,19.7498,19.7498,18.9843
2021/06/25,19.7053,0.0790,-0.40,2711995,19.9819,20.2486,19.5917
2021/06/24,19.7843,0.3259,+1.67,2401979,19.5670,19.8979,19.4090
2021/06/23,19.4584,0.0987,-0.50,3402374,19.6559,20.0708,19.3201
2021/06/22,19.5571,0.3160,+1.64,4412624,19.1621,19.6362,18.8559
2021/06/21,19.2411,0.6519,+3.51,6125211,18.6287,19.2806,18.1842
2021/06/18,18.5892,0.4741,-2.49,5446969,18.5398,18.9941,18.3620
2021/06/17,19.0633,0.9680,-4.83,5932917,19.4485,19.7547,18.5595
2021/06/16,20.0313,0.0988,+0.50,4302452,19.6954,20.2881,19.6954
2021/06/15,19.9325,0.9087,+4.78,6023824,19.0830,20.0708,18.9349
2021/06/14,19.0238,2.1137,-10.00,16718227,20.8214,20.9005,18.6682
2021/06/11,21.1375,0.2272,-1.06,2862388,21.5227,21.6808,21.1227
2021/06/10,21.3647,0.2766,+1.31,3195075,21.2462,21.5721,20.9103
2021/06/09,21.0881,0.1877,-0.88,3432115,21.2857,21.4338,21.0387
2021/06/08,21.2758,0.0494,-0.23,3376377,21.3647,21.5030,20.9597
2021/06/07,21.3252,0.1679,+0.79,5763235,21.1276,21.5820,21.0190
2021/06/04,21.1573,0.4346,+2.10,4387363,21.0091,21.2017,20.5548
2021/06/03,20.7227,0.1383,-0.66,3482714,20.2387,21.0091,20.2239
2021/06/02,20.8610,0.0197,-0.09,4196976,20.8906,21.0190,20.4856
2021/06/01,20.8807,1.1556,+5.86,10224567,19.9029,21.2314,19.8930
2021/05/28,19.7251,0.5926,-2.92,4966872,20.5449,20.6140,19.5670
2021/05/27,20.3177,0.8988,+4.63,6607863,19.5868,20.5830,19.3794
2021/05/26,19.4189,0.3655,+1.92,4272022,19.2114,19.6609,19.1225
2021/05/25,19.0534,0.0395,+0.21,2660413,18.9941,19.2806,18.8855
2021/05/24,19.0139,0.2173,-1.13,2521472,19.3003,19.3300,18.9843
2021/05/21,19.2312,0.1975,-1.02,3108877,19.6855,19.7843,19.1836
2021/05/20,19.4287,0.3654,+1.92,2992686,19.0633,19.5078,18.8361
2021/05/19,19.0633,0.7111,-3.60,6339716,19.2509,19.3300,18.7917
2021/05/18,19.7744,0.3260,-1.62,3930562,20.1893,20.2881,19.7251
2021/05/17,20.1004,0.6815,+3.51,6028943,19.4287,20.1300,19.3102
2021/05/14,19.4189,0.9581,+5.19,3444631,18.7670,19.5670,18.7373
2021/05/13,18.4608,0.5531,-2.91,6240655,18.7373,19.1719,17.9471
2021/05/12,19.0139,0.3852,-1.99,4247681,19.4090,19.5571,18.8954
2021/05/11,19.3991,0.0099,-0.05,5840266,18.5892,19.4781,18.1447
2021/05/10,19.4090,0.4247,-2.14,6997325,19.7646,20.0214,19.1028
2021/05/07,19.8337,1.8964,+10.57,11023964,17.9175,20.0016,17.6311
2021/05/06,17.9373,0.7605,-4.07,6518960,18.7768,18.8460,17.8681
2021/05/05,18.6978,0.7408,+4.13,10243347,18.3225,19.1522,18.1348
2021/05/04,17.9570,0.3161,-1.73,4794107,18.1644,18.2138,17.5125
2021/05/03,18.2731,1.6693,+10.05,7914904,16.8112,18.5101,16.7619
2021/04/30,16.6038,0.2272,-1.35,3664423,16.6927,16.9298,16.5544
2021/04/29,16.8310,0.2272,-1.33,3618688,17.1668,17.2360,16.6532
2021/04/28,17.0582,0.5038,+3.04,4726026,16.3865,17.2113,16.2976
2021/04/27,16.5544,0.2864,+1.76,2307278,16.3766,16.5841,16.2285
2021/04/26,16.2680,0.0593,+0.37,2733721,16.3371,16.6532,16.1495
2021/04/23,16.2087,0.2864,+1.80,3362689,16.0112,16.2581,15.8828
2021/04/22,15.9223,0.3556,-2.18,4090489,16.4260,16.4507,15.8145
2021/04/21,16.2779,0.4939,+3.13,7933111,15.6260,16.3569,15.5766
2021/04/20,15.7840,0.2272,-1.42,5122990,15.7840,15.8334,15.3000
2021/04/19,16.0112,0.1975,-1.22,4468444,16.2482,16.3964,15.7445
2021/04/16,16.2087,0.1778,-1.09,3480263,16.4063,16.4655,15.8531
2021/04/15,16.3865,0.0296,+0.18,3360635,16.6927,16.7421,16.2186
2021/04/14,16.3569,0.2272,-1.37,3422117,16.7026,16.8606,16.3371
2021/04/13,16.5841,0.0395,+0.24,2904848,16.5446,16.7174,16.3851
2021/04/12,16.5446,0.4543,-2.67,6109289,16.9298,16.9989,16.1775
2021/04/09,16.9989,0.4247,-2.44,3010644,17.4335,17.5027,16.9841
2021/04/08,17.4236,0.3160,+1.85,3488095,16.9890,17.4878,16.9890
2021/04/07,17.1076,0.4247,-2.42,3676641,17.4533,17.5817,16.8705
2021/04/06,17.5323,0.5729,-3.16,5263730,18.1743,18.3225,17.3743
2021/04/05,18.1052,1.0668,+6.26,7122182,17.2656,18.2731,17.0950
2021/04/01,17.0384,0.6321,+3.85,5151288,16.8112,17.3150,16.5050
2021/03/31,16.4063,0.5532,+3.49,8433437,16.2482,17.0137,16.1297
2021/03/30,15.8531,0.4445,-2.73,8181695,16.0803,16.1495,15.5568
2021/03/29,16.2976,0.1482,-0.90,7063525,16.5050,16.5050,15.3988
2021/03/26,16.4458,0.0889,-0.54,5495981,16.8705,17.0088,16.0260
2021/03/25,16.5347,0.0296,-0.18,5653155,16.1396,16.5939,15.7840
2021/03/24,16.5643,0.0000,0,4878562,16.7816,16.9792,16.4952
2021/03/23,16.5643,0.8198,-4.72,7587192,17.2261,17.2853,16.4112
2021/03/22,17.3841,0.1679,-0.96,3780971,17.7595,18.0064,17.3446
2021/03/19,17.5520,0.0593,-0.34,6601541,17.5520,17.7595,17.0200
2021/03/18,17.6113,1.4322,-7.52,7675213,18.8855,19.1127,17.4730
2021/03/17,19.0435,0.5729,+3.10,12634944,18.6978,19.0682,18.2039
2021/03/16,18.4706,0.0790,+0.43,14948338,18.4805,19.4682,17.9471
2021/03/15,18.3916,1.3631,+8.00,7641028,17.2854,18.4212,17.1668
2021/03/12,17.0285,0.7210,+4.42,4630640,16.2482,17.0631,16.0606
2021/03/11,16.3075,0.4050,+2.55,3728443,16.1396,16.4853,16.0013
2021/03/10,15.9025,0.3457,+2.22,2970438,15.6753,15.9717,15.4976
2021/03/09,15.5568,0.3161,+2.07,5915757,15.3790,15.8680,15.3494
2021/03/08,15.2407,0.3655,-2.34,3917528,15.8630,16.0853,15.2309
2021/03/05,15.6062,0.4642,-2.89,9858598,16.3766,16.4260,14.3222
2021/03/04,16.0704,1.0865,-6.33,8892806,16.6335,16.9890,15.6111
2021/03/03,17.1569,0.0987,+0.58,8330676,17.2360,17.7693,16.9248
2021/03/02,17.0582,1.2446,+7.87,13108712,15.8038,17.3743,15.7642
2021/03/01,15.8136,0.3457,+2.23,7414324,15.8630,15.9322,15.5371
2021/02/26,15.4679,0.7408,-4.57,5271043,15.9618,16.1297,15.2625
2021/02/25,16.2087,0.2469,+1.55,7000972,16.1495,16.5643,15.9618
2021/02/24,15.9618,0.1383,+0.87,4078765,15.5469,16.0704,15.4383
2021/02/23,15.8235,0.2963,-1.84,5939760,15.8235,15.9815,14.8703
2021/02/22,16.1198,0.2766,-1.69,5598983,16.2581,16.6038,16.0457
2021/02/19,16.3964,0.6124,+3.88,5865384,15.9914,16.5643,15.8136
2021/02/18,15.7840,0.7704,-4.65,5955302,16.6730,16.6730,15.7741
2021/02/17,16.5544,0.1778,-1.06,7116016,16.9594,16.9693,16.0507
2021/02/16,16.7322,1.1556,+7.42,8627028,16.3371,16.8508,16.2087
2021/02/12,15.5766,0.1087,+0.70,5102887,15.3988,15.7494,15.1321
2021/02/11,15.4679,0.7705,-4.74,8361841,16.2779,16.3964,15.1518
2021/02/10,16.2384,1.2841,+8.59,12205642,15.8926,16.5446,15.3296
2021/02/09,14.9543,0.3753,+2.57,8925977,14.6777,15.3000,14.6777
2021/02/08,14.5790,0.7507,+5.43,6711520,14.1839,14.7469,13.9863
2021/02/05,13.8283,0.5433,+4.09,7049681,13.5023,14.0357,13.2752
2021/02/04,13.2850,0.2173,-1.61,4750140,13.5122,13.5369,12.9417
2021/02/03,13.5023,0.0000,0,5081455,13.4925,13.8283,13.2060
2021/02/02,13.5023,0.9483,-6.56,9966277,14.2135,14.6283,13.3739
2021/02/01,14.4506,2.1829,+17.79,23488058,12.4455,14.9741,12.3319
2021/01/29,12.2677,0.3654,-2.89,6128810,12.6331,12.9134,12.2084
2021/01/28,12.6331,0.1679,+1.35,4701997,12.4257,12.6726,12.3566
2021/01/27,12.4652,0.3161,-2.47,6587164,12.6134,12.8010,12.1590
2021/01/26,12.7813,0.2074,+1.65,3970285,12.8504,13.1300,12.6924
2021/01/25,12.5739,0.3556,+2.91,5137428,12.2677,12.6430,12.1491
2021/01/22,12.2183,0.0395,-0.32,4032015,12.0899,12.3171,12.0109
2021/01/21,12.2578,0.2173,-1.74,3608341,12.4948,12.5739,12.0602
2021/01/20,12.4751,0.2864,-2.24,5818467,12.9294,13.0282,12.2775
2021/01/19,12.7615,0.0395,-0.31,7235020,12.8801,12.9887,12.3467
2021/01/15,12.8010,0.8692,-6.36,9789302,13.5912,13.5912,12.6726
2021/01/14,13.6702,0.1580,+1.17,4117699,13.6307,13.8727,13.3147
2021/01/13,13.5122,0.0889,-0.65,2846144,13.6011,13.6900,13.1764
2021/01/12,13.6011,0.4149,-2.96,4119362,14.0357,14.1444,13.5517
2021/01/11,14.0160,0.1185,-0.84,2093232,13.6801,14.1542,13.5814
2021/01/08,14.1345,0.3654,-2.52,3026262,14.4802,14.5888,13.9172
2021/01/07,14.4999,0.2568,+1.80,4013565,14.3814,14.6876,14.2135
2021/01/06,14.2431,0.1482,-1.03,5502670,14.4308,14.6777,14.1740
2021/01/05,14.3913,1.1655,+8.81,8666731,13.2949,14.5098,13.2850
2021/01/04,13.2258,0.0098,-0.07,6875158,13.2949,13.5023,13.0183
2020/12/31,13.2356,0.0098,+0.07,3353845,13.2060,13.3048,13.0579
2020/12/30,13.2258,0.1086,-0.81,3936264,13.3344,13.4480,13.1764
2020/12/29,13.3344,0.1482,-1.10,2773398,13.5320,13.5715,13.1221
2020/12/28,13.4826,0.1186,+0.89,3428502,13.6307,13.9863,13.4036
2020/12/24,13.3640,0.0297,-0.22,1542999,13.6209,13.6307,13.2554
2020/12/23,13.3937,0.4050,+3.12,5873520,13.0776,13.8974,12.9393
2020/12/22,12.9887,0.0889,-0.68,2602454,13.1270,13.2998,12.8109
2020/12/21,13.0776,0.1087,-0.82,3223604,12.7813,13.1072,12.7023
2020/12/18,13.1863,0.2173,+1.68,4653605,13.0677,13.4628,12.9393
2020/12/17,12.9690,0.3555,-2.67,6434425,13.1270,13.2949,12.4553
2020/12/16,13.3245,0.4445,-3.23,3930504,13.5814,13.7690,13.1467
2020/12/15,13.7690,0.6519,+4.97,7436667,13.3640,13.9122,13.0121
2020/12/14,13.1171,0.0494,-0.38,10060526,13.3838,14.2382,13.1072
2020/12/11,13.1665,0.8593,+6.98,13168338,12.3467,13.3542,12.0800
2020/12/10,12.3072,0.8890,+7.79,7287410,11.4676,12.3961,11.3589
2020/12/09,11.4182,0.5828,-4.86,3993931,12.0306,12.0800,11.3540
2020/12/08,12.0010,0.0000,0,5669934,12.1689,12.2973,11.7639
2020/12/07,12.0010,1.0668,+9.76,11759922,11.4380,12.4948,11.2404
2020/12/04,10.9342,0.9680,+9.71,5281594,10.0156,10.9441,10.0156
2020/12/03,9.9662,0.0988,-0.98,2021870,10.1638,10.3811,9.9366
2020/12/02,10.0650,0.2667,+2.72,1428694,9.7391,10.0848,9.6600
2020/12/01,9.7983,0.0988,-1.00,2911562,10.0650,10.0848,9.6996
2020/11/30,9.8971,0.1087,-1.09,2034872,10.0255,10.0551,9.7687
2020/11/27,10.0058,0.0406,+0.41,719369,10.0551,10.1835,9.9860
2020/11/25,9.9652,0.1865,-1.84,1462922,10.1517,10.1713,9.9652
2020/11/24,10.1517,0.4124,+4.23,2268013,9.8081,10.1811,9.7393
2020/11/23,9.7393,0.0295,-0.30,1483121,9.8179,9.8572,9.6804
2020/11/20,9.7688,0.0785,+0.81,2079179,9.6903,9.7786,9.5528
2020/11/19,9.6903,0.1866,+1.96,1352612,9.4743,9.7246,9.4350
2020/11/18,9.5037,0.0393,+0.42,1719980,9.5234,9.6706,9.4252
2020/11/17,9.4644,0.0687,+0.73,1775894,9.3761,9.5724,9.1503
2020/11/16,9.3957,0.0687,-0.73,2593640,9.5528,9.6608,9.3810
2020/11/13,9.4644,0.0196,+0.21,1649074,9.4841,9.6510,9.3712
2020/11/12,9.4448,0.5007,-5.03,2077698,9.9553,10.0437,9.4203
2020/11/11,9.9455,0.4811,+5.08,3301147,9.5234,10.1321,9.5234
2020/11/10,9.4644,0.1178,+1.26,2077856,9.4055,9.5234,9.3093
2020/11/09,9.3466,0.1963,+2.15,2673065,9.4154,9.5528,9.3245
2020/11/06,9.1503,0.0688,+0.76,1965759,9.1306,9.3024,9.0717
2020/11/05,9.0815,0.1767,+1.98,4072864,8.9048,9.2779,8.9048
2020/11/04,8.9048,0.6382,-6.69,4830450,9.4644,9.6215,8.8459
2020/11/03,9.5430,0.1669,+1.78,2422326,9.5430,9.6755,9.4546
2020/11/02,9.3761,0.0393,+0.42,1677741,9.3761,9.4743,9.3319
2020/10/30,9.3368,0.0589,-0.63,1360725,9.3859,9.4252,9.1895
2020/10/29,9.3957,0.1767,+1.92,2019486,9.1797,9.4350,9.1405
2020/10/28,9.2190,0.1964,-2.09,2082058,9.2092,9.3123,9.1699
2020/10/27,9.4154,0.0000,0,1671138,9.3368,9.4988,9.3172
2020/10/26,9.4154,0.1472,-1.54,1308406,9.4350,9.5135,9.3172
2020/10/23,9.5626,0.0589,-0.61,1104298,9.7197,9.7492,9.4350
2020/10/22,9.6215,0.1374,+1.45,1870808,9.5037,9.6795,9.4448
2020/10/21,9.4841,0.0197,+0.21,1223736,9.4644,9.6510,9.4252
2020/10/20,9.4644,0.2552,+2.77,1555858,9.2779,9.4939,9.2583
2020/10/19,9.2092,0.1178,+1.30,1170763,9.1306,9.4006,9.1110
2020/10/16,9.0914,0.0883,-0.96,1318041,9.2092,9.2386,9.0815
2020/10/15,9.1797,0.1473,-1.58,1450585,9.1797,9.2681,9.0717
2020/10/14,9.3270,0.0589,+0.64,1548146,9.2779,9.4595,9.2092
2020/10/13,9.2681,0.1865,-1.97,1707884,9.4644,9.5332,9.2288
2020/10/12,9.4546,0.0982,-1.03,1169868,9.5823,9.6019,9.3074
2020/10/09,9.5528,0.0393,+0.41,1974897,9.5234,9.5921,9.4154
2020/10/08,9.5135,0.0688,-0.72,1430334,9.6412,9.6510,9.4841
2020/10/07,9.5823,0.1473,+1.56,1928806,9.5430,9.6215,9.3564
2020/10/06,9.4350,0.2749,-2.83,2195921,9.7197,9.7443,9.4350
2020/10/05,9.7099,0.1375,+1.44,1208722,9.6215,9.7786,9.6019
2020/10/02,9.5724,0.0982,-1.02,3893906,9.5626,9.6412,9.3663
2020/10/01,9.6706,0.2455,-2.48,2092549,9.9161,9.9357,9.6313
2020/09/30,9.9161,0.0785,-0.79,1307949,10.0044,10.1124,9.8768
2020/09/29,9.9946,0.0687,+0.69,1435331,9.9062,10.0486,9.8572
2020/09/28,9.9259,0.0786,+0.80,1491666,9.8866,9.9848,9.8081
2020/09/25,9.8473,0.0393,-0.40,1595632,9.8277,9.9062,9.7295
2020/09/24,9.8866,0.0393,-0.40,3266256,9.8572,10.0339,9.7590
2020/09/23,9.9259,0.5301,-5.07,1968661,10.4560,10.4659,9.9062
2020/09/22,10.4560,0.1963,+1.91,1534571,10.3088,10.4904,10.2842
2020/09/21,10.2597,0.0294,-0.29,2058360,10.1124,10.3775,10.0044
2020/09/18,10.2891,0.3731,-3.50,3214817,10.6819,10.6819,10.2401
2020/09/17,10.6622,0.2749,-2.51,1608545,10.8291,10.8684,10.6328
2020/09/16,10.9371,0.0393,-0.36,1598526,11.1629,11.1629,10.8733
2020/09/15,10.9764,0.0982,-0.89,1574070,11.2317,11.3200,10.9175
2020/09/14,11.0746,0.3338,+3.11,2067795,10.8488,11.1433,10.7997
2020/09/11,10.7408,0.2357,+2.24,1588318,10.5346,10.8488,10.5150
2020/09/10,10.5051,0.1866,-1.75,1437771,10.7310,10.7997,10.4855
2020/09/09,10.6917,0.3338,+3.22,1602513,10.5444,10.7555,10.5051
2020/09/08,10.3579,0.3141,-2.94,1565185,10.2695,10.6475,10.2106
2020/09/04,10.6720,0.0099,-0.09,1842609,10.6917,10.8291,10.5248
2020/09/03,10.6819,0.3927,-3.55,2662644,11.0451,11.1924,10.6426
2020/09/02,11.0746,0.2651,-2.34,1854157,11.3200,11.3789,10.9960
2020/09/01,11.3397,0.0196,-0.17,1560916,11.4182,11.4771,11.1629
2020/08/31,11.3593,0.1178,-1.03,2000470,11.4477,11.5557,11.3495
2020/08/28,11.4771,0.3534,+3.18,2877680,11.2906,11.5851,11.1777
2020/08/27,11.1237,0.1768,+1.62,2293397,10.9469,11.2120,10.8779
2020/08/26,10.9469,0.0785,+0.72,1880053,10.8979,10.9666,10.6720
2020/08/25,10.8684,0.4222,+4.04,3465051,10.4659,11.0059,10.4659
2020/08/24,10.4462,0.0883,+0.85,1292235,10.3775,10.5051,10.3088
2020/08/21,10.3579,0.4025,-3.74,2780802,10.8291,10.9764,10.3186
2020/08/20,10.7604,0.3534,+3.40,2297388,10.4070,10.7899,10.3579
2020/08/19,10.4070,0.2062,+2.02,1672744,10.2401,10.5051,10.2401
2020/08/18,10.2008,0.0000,0,1490947,10.2597,10.2695,10.1124
2020/08/17,10.2008,0.0393,-0.38,1888495,10.3186,10.3431,10.1222
2020/08/14,10.2401,0.0392,-0.38,1017331,10.2793,10.2990,10.1566
2020/08/13,10.2793,0.0098,+0.10,1225741,10.2695,10.4266,10.2204
2020/08/12,10.2695,0.3043,+3.05,1870546,10.1321,10.3983,10.1222
2020/08/11,9.9652,0.1767,-1.74,2000066,10.1615,10.2793,9.9455
2020/08/10,10.1419,0.0392,-0.39,1301539,10.2008,10.2891,10.0535
2020/08/07,10.1811,0.0589,+0.58,1778317,10.0928,10.2187,10.0044
2020/08/06,10.1222,0.0786,-0.77,2400102,10.2401,10.2695,10.0339
2020/08/05,10.2008,0.0589,-0.57,3329206,10.3284,10.4806,10.0928
2020/08/04,10.2597,0.2160,+2.15,2929137,10.0437,10.2793,9.9652
2020/08/03,10.0437,0.0687,+0.69,2681631,10.0339,10.0928,9.8670
2020/07/31,9.9750,0.0982,-0.97,4944115,10.0732,10.1321,9.9161
2020/07/30,10.0732,0.2552,-2.47,5157937,10.1517,10.2302,9.8964
2020/07/29,10.3284,1.4334,-12.19,13235684,11.5360,11.5557,10.0339
2020/07/28,11.7618,0.1473,-1.24,2420348,11.8796,11.9582,11.7226
2020/07/27,11.9091,0.2160,+1.85,2455043,11.7913,12.0122,11.7913
2020/07/24,11.6931,0.0884,-0.75,1618333,11.7226,11.7913,11.6342
2020/07/23,11.7815,0.0295,+0.25,2911734,11.7815,12.0662,11.6538
2020/07/22,11.7520,0.2847,+2.48,3331099,11.5949,11.9287,11.5164
2020/07/21,11.4673,0.2749,-2.34,2433502,11.8306,11.9189,11.4477
2020/07/20,11.7422,0.0884,+0.76,4771048,11.7913,12.1055,11.6146
2020/07/17,11.6538,0.5596,+5.04,5214415,11.2513,11.7422,11.1040
2020/07/16,11.0942,0.2553,-2.25,2472244,11.2906,11.4231,11.0893
2020/07/15,11.3495,0.6676,+6.25,4365195,10.7997,11.3495,10.6720
2020/07/14,10.6819,0.2259,+2.16,2717387,10.5248,10.8586,10.4116
2020/07/13,10.4560,0.1964,-1.84,1899058,10.7113,10.8488,10.4462
2020/07/10,10.6524,0.2356,+2.26,1430441,10.3971,10.6622,10.3971
2020/07/09,10.4168,0.1963,-1.85,2683348,10.6230,10.6720,10.3088
2020/07/08,10.6131,0.0196,+0.19,2062727,10.6033,10.7899,10.5542
2020/07/07,10.5935,0.4124,+4.05,3003310,10.1419,10.6328,10.0928
2020/07/06,10.1811,0.2454,+2.47,3372724,10.0437,10.4610,10.0437
2020/07/02,9.9357,0.0393,-0.39,1427143,10.0732,10.1861,9.9308
2020/07/01,9.9750,0.0883,-0.88,1825778,10.0535,10.1566,9.8032
2020/06/30,10.0633,0.1571,+1.59,1447953,9.8473,10.1026,9.7688
2020/06/29,9.9062,0.2061,+2.12,1922811,9.9455,10.0192,9.7295
2020/06/26,9.7001,0.0491,-0.50,1856190,9.7884,9.7884,9.4841
2020/06/25,9.7492,0.2455,+2.58,2570874,9.5332,9.7884,9.4743
2020/06/24,9.5037,0.3829,-3.87,2959936,9.6313,9.8179,9.4694
2020/06/23,9.8866,0.0295,-0.30,2651321,9.9946,10.0437,9.8179
2020/06/22,9.9161,0.2061,-2.04,1804673,10.1321,10.1321,9.8572
2020/06/19,10.1222,0.0197,-0.19,4365987,10.2990,10.3382,9.7835
2020/06/18,10.1419,0.2062,+2.08,1545096,9.8473,10.2057,9.8375
2020/06/17,9.9357,0.0196,-0.20,1970526,9.9455,10.2106,9.9161
2020/06/16,9.9553,0.0589,+0.60,2148066,10.1321,10.1615,9.7884
2020/06/15,9.8964,0.1178,-1.18,1856821,9.6903,10.0584,9.6068
2020/06/12,10.0142,0.3632,+3.76,7158717,9.7197,10.1615,9.6215
2020/06/11,9.6510,0.6087,-5.93,2779850,9.9946,10.0928,9.6215
2020/06/10,10.2597,0.2945,-2.79,1497954,10.6033,10.6033,10.1910
2020/06/09,10.5542,0.3141,+3.07,2470254,10.0633,10.5935,9.9553
2020/06/08,10.2401,0.1669,+1.66,1891815,10.1811,10.2990,10.0192
2020/06/05,10.0732,0.0196,-0.19,2407058,10.2990,10.3677,10.0339
2020/06/04,10.0928,0.3240,-3.11,1971116,10.3186,10.4070,10.0486
2020/06/03,10.4168,0.2258,-2.12,1931971,10.6917,10.6917,10.3284
2020/06/02,10.6426,0.1473,+1.40,1945726,10.5346,10.6819,10.4168
2020/06/01,10.4953,0.1767,-1.66,1869427,10.6720,10.7800,10.4119
2020/05/29,10.6720,0.3141,+3.03,2254476,10.3677,10.7015,10.3088
2020/05/28,10.3579,0.0883,-0.85,1639141,10.4560,10.5346,10.2499
2020/05/27,10.4462,0.3436,+3.40,2838424,10.2008,10.4659,9.9652
2020/05/26,10.1026,0.3338,+3.42,2240306,9.9161,10.1026,9.8719
2020/05/22,9.7688,0.0785,+0.81,1268098,9.6019,9.7933,9.5626
2020/05/21,9.6903,0.1963,-1.99,1425519,9.9455,9.9799,9.6068
2020/05/20,9.8866,0.2749,+2.86,3002087,9.7884,9.9161,9.6510
2020/05/19,9.6117,0.0098,-0.10,3427256,9.6215,9.7983,9.5332
2020/05/18,9.6215,0.0393,-0.41,2974248,9.9652,10.0142,9.6019
2020/05/15,9.6608,0.0491,+0.51,3494373,9.8179,9.8768,9.6117
2020/05/14,9.6117,0.4615,-4.58,5109033,9.9161,9.9329,9.5626
2020/05/13,10.0732,0.3828,-3.66,3354433,10.5346,10.5837,9.9848
2020/05/12,10.4560,0.0197,-0.19,3627138,10.4560,10.6819,10.4266
2020/05/11,10.4757,0.0687,-0.65,2493824,10.4659,10.6622,10.4168
2020/05/08,10.5444,0.1473,+1.42,2969990,10.6033,10.6622,10.4168
2020/05/07,10.3971,0.0295,-0.28,3207771,10.5640,10.7211,10.3579
2020/05/06,10.4266,0.3338,-3.10,2724994,10.7899,10.8488,10.4119
