일자,종가,대비,등락률,거래량,시가,고가,저가
2026/09/17,329.9400,6.1100,+1.89,1116657,337.7500,353.9600,329.5200
2026/09/16,323.8300,7.0200,+2.22,1708712,320.2000,329.9600,318.0000
2026/09/15,316.8100,0.7300,+0.23,1582505,317.6900,324.8900,313.6000
2026/09/14,316.0800,30.4700,-8.79,2384548,323.1500,325.2100,313.0000
2026/09/11,346.5500,21.3300,+6.56,2558130,329.0500,353.0000,324.1000
2026/09/10,325.2200,8.3800,-2.51,1302093,324.9200,335.9000,322.0700
2026/09/09,333.6000,3.6300,+1.10,2872463,333.5000,346.7200,331.6400
2026/09/08,329.9700,17.6200,+5.64,2984235,318.3650,336.5750,317.3100
2026/09/04,312.3500,2.5100,+0.81,2168762,316.3000,318.4100,308.3000
2026/09/03,309.8400,32.0700,+11.55,3897482,282.6400,314.0900,280.7000
2026/09/02,277.7700,14.8200,-5.07,3252639,291.2400,291.7500,273.8000
2026/09/01,292.5900,6.8100,-2.27,1438652,293.8800,296.9800,287.5000
2026/08/31,299.4000,0.7000,+0.23,1272249,299.7100,302.0800,296.4201
2026/08/28,298.7000,18.6800,-5.89,1851392,315.0000,316.0000,298.5300
2026/08/27,317.3800,10.0600,+3.27,1899407,316.5550,325.8200,313.6044
2026/08/26,307.3200,0.4600,+0.15,1523292,305.2050,313.1100,303.1936
2026/08/25,306.8600,12.2900,+4.17,1752126,303.8300,307.3400,298.4550
2026/08/24,294.5700,1.9800,-0.67,1652714,298.6300,299.0000,284.5500
2026/08/21,296.5500,5.4500,-1.80,1681227,304.6000,305.9999,292.6400
2026/08/20,302.0000,0.6400,+0.21,1565494,301.0000,304.1600,294.5600
2026/08/19,301.3600,9.2300,-2.97,2695270,311.9900,314.2600,292.5000
2026/08/18,310.5900,29.8100,-8.76,3315417,330.3700,331.1250,308.5200
2026/08/17,340.4000,5.3500,+1.60,2164005,337.5800,346.2399,335.6300
2026/08/14,335.0500,12.5800,-3.62,2443356,349.6300,353.3050,333.4300
2026/08/13,347.6300,8.1700,+2.41,3511362,336.7450,365.5200,335.0100
2026/08/12,339.4600,29.0800,+9.37,3418982,320.0800,339.7413,318.6300
2026/08/11,310.3800,4.2100,-1.34,2243738,319.0000,319.0800,309.5000
2026/08/10,314.5900,3.2400,-1.02,2298384,320.0000,329.3700,314.4700
2026/08/07,317.8300,3.3000,+1.05,3329338,315.0000,319.4800,305.7501
2026/08/06,314.5300,48.2300,-13.30,8762867,311.0000,325.7550,307.0000
2026/08/05,362.7600,8.3900,-2.26,1813541,369.9700,378.9900,361.6200
2026/08/04,371.1500,29.2400,+8.55,3078079,355.2100,374.5900,344.3500
2026/08/03,341.9100,10.4700,+3.16,2383574,321.4800,345.4400,312.5900
2026/07/31,331.4400,21.1500,-6.00,3420438,364.5250,374.5000,330.1300
2026/07/30,352.5900,24.1600,+7.36,3645256,346.9500,357.9700,344.2500
2026/07/29,328.4300,21.7700,-6.22,4209336,350.9900,351.5000,317.6101
2026/07/28,350.2000,31.9600,+10.04,7884039,328.0000,350.9100,317.1200
2026/07/27,318.2400,12.9600,+4.25,4979568,306.8200,323.5500,289.2600
2026/07/24,305.2800,29.4700,-8.80,2394596,332.2000,332.2000,303.7187
2026/07/23,334.7500,0.7500,-0.22,2268587,334.2700,349.3100,331.6400
2026/07/22,335.5000,4.0900,-1.20,1345515,331.1400,341.6600,331.1400
2026/07/21,339.5900,32.2500,+10.49,3143794,317.0500,342.1300,312.4600
2026/07/20,307.3400,6.0000,+1.99,1616625,306.0400,316.9000,304.5000
2026/07/17,301.3400,2.5200,-0.83,2117686,293.0000,308.8300,282.2100
2026/07/16,303.8600,30.9100,-9.23,2916289,328.4600,329.3600,300.8000
2026/07/15,334.7700,10.2600,-2.97,1865960,349.7000,350.9000,322.5000
2026/07/14,345.0300,0.1500,-0.04,1256103,353.7400,353.8200,342.0000
2026/07/13,345.1800,14.6700,-4.08,1339474,350.3000,364.0100,339.1400
2026/07/10,359.8500,5.0700,+1.43,1169707,353.9800,361.6372,347.3700
2026/07/09,354.7800,5.9600,-1.65,1488427,373.7300,378.0000,353.8150
2026/07/08,360.7400,15.6800,+4.54,1325073,340.0000,361.1500,340.0000
2026/07/07,345.0600,5.1400,-1.47,1689797,339.9000,349.6200,330.1750
2026/07/06,350.2000,13.9900,+4.16,1506659,340.0000,359.7700,339.1700
2026/07/02,336.2100,25.4100,-7.03,2135007,354.0000,362.5300,328.5000
2026/07/01,361.6200,3.1800,-0.87,1312845,348.0100,362.7800,336.6800
2026/06/30,364.8000,21.5500,+6.28,1770239,345.3400,365.6700,343.1800
2026/06/29,343.2500,5.7200,+1.69,1925469,339.7750,344.3600,322.2500
2026/06/26,337.5300,23.8700,-6.60,1432414,351.3900,353.0800,336.5400
2026/06/25,361.4000,0.8400,-0.23,2519150,374.1650,374.1650,349.0000
2026/06/24,362.2400,11.0400,+3.14,2720381,351.0000,376.5400,347.5700
2026/06/23,351.2000,25.6400,-6.80,1914774,353.7000,357.5400,346.5200
2026/06/22,376.8400,4.2900,+1.15,1927671,372.4400,378.3770,359.4000
2026/06/18,372.5500,7.8200,-2.06,2079654,391.3200,393.5600,372.0600
2026/06/17,380.3700,1.6400,-0.43,1197176,389.2300,392.4700,377.4500
2026/06/16,382.0100,21.4400,-5.31,1279607,403.0000,405.6233,381.3600
2026/06/15,403.4500,10.3300,+2.63,1546930,408.0000,414.1300,393.7300
2026/06/12,393.1200,7.2600,+1.88,1169881,387.5300,398.4800,380.0000
2026/06/11,385.8600,22.9400,+6.32,1733306,365.9250,387.5900,362.4900
2026/06/10,362.9200,8.9400,-2.40,1272058,362.8500,381.0000,358.5050
2026/06/09,371.8600,14.6400,-3.79,2384164,385.0000,391.5000,344.9000
2026/06/08,386.5000,14.7900,+3.98,2233413,389.9000,389.9000,374.0200
2026/06/05,371.7100,53.6500,-12.61,3570234,412.0600,412.9400,367.0000
2026/06/04,425.3600,32.7800,-7.16,2889578,419.7000,427.1500,401.0800
2026/06/03,458.1400,14.2600,-3.02,2285551,465.6500,469.4600,441.4900
2026/06/02,472.4000,45.8500,+10.75,4081201,440.0700,474.0250,437.5000
2026/06/01,426.5500,41.1600,+10.68,3449902,385.3400,427.9600,381.8500
2026/05/29,385.3900,34.3700,+9.79,3152164,357.8400,387.4250,351.5200
2026/05/28,351.0200,6.6800,-1.87,2503619,356.1100,361.0900,340.0000
2026/05/27,357.7000,13.1400,-3.54,2065794,370.5100,371.0800,354.0600
2026/05/26,370.8400,3.4700,+0.94,2166494,381.0450,381.0450,366.6100
2026/05/22,367.3700,12.6000,+3.55,1753825,360.6000,368.8300,346.0000
2026/05/21,354.7700,8.2900,+2.39,1416519,342.1600,354.7700,342.0000
2026/05/20,346.4800,7.3500,+2.17,1718544,347.4100,358.1500,344.0000
2026/05/19,339.1300,3.5400,-1.03,2213754,333.7400,347.9145,324.5000
2026/05/18,342.6700,15.8800,-4.43,2161762,357.0000,361.3500,333.1100
2026/05/15,358.5500,23.0400,-6.04,1904064,367.5300,367.5300,357.5521
2026/05/14,381.5900,9.0400,+2.43,1535711,369.5000,382.5900,365.0000
2026/05/13,372.5500,1.5200,-0.41,1775965,380.2500,380.2500,358.8500
2026/05/12,374.0700,6.9200,-1.82,1871480,374.8000,377.2300,358.5110
2026/05/11,380.9900,5.4400,+1.45,1970528,374.7100,391.3950,370.5400
2026/05/08,375.5500,9.6600,-2.51,2539866,389.3600,394.9999,373.5300
2026/05/07,385.2100,28.6600,-6.92,3171314,411.0000,411.0000,375.0000
2026/05/06,413.8700,3.7900,-0.91,2265396,428.0000,429.3100,398.2200
2026/05/05,417.6600,3.0700,-0.73,1823294,424.8000,435.0000,416.0000
2026/05/04,420.7300,1.8000,+0.43,1740858,423.4400,426.4000,407.7200
2026/05/01,418.9300,9.3400,+2.28,2339581,407.0000,426.5500,401.0000
2026/04/30,409.5900,33.0500,+8.78,3392385,394.8600,411.2300,383.5550
2026/04/29,376.5400,15.0000,+4.15,3156063,372.4900,377.0050,358.7300
2026/04/28,361.5400,60.6700,-14.37,5606972,356.5050,392.6999,350.0100
2026/04/27,422.2100,12.0000,+2.93,3390161,421.1500,423.2500,400.0100
2026/04/24,410.2100,18.6100,+4.75,2031158,405.0000,420.6250,403.0000
2026/04/23,391.6000,10.1400,-2.52,1873683,400.9000,412.4600,388.9700
2026/04/22,401.7400,1.2900,-0.32,1570856,409.7300,411.3000,400.5300
2026/04/21,403.0300,1.9100,+0.48,2181965,405.0000,407.6790,394.2000
2026/04/20,401.1200,5.1100,+1.29,1648501,399.0000,404.9500,390.1600
2026/04/17,396.0100,13.6900,+3.58,1964768,388.4200,399.3600,387.0000
2026/04/16,382.3200,0.3800,+0.10,2406816,375.9900,387.9500,370.4500
2026/04/15,381.9400,2.4100,-0.63,2422469,382.6100,393.0000,375.0000
2026/04/14,384.3500,18.8900,+5.17,3608857,374.9000,392.1200,368.0900
2026/04/13,365.4600,14.1500,+4.03,2763423,349.0000,368.8800,345.0000
2026/04/10,351.3100,22.9800,+7.00,3336348,336.7350,354.7500,335.3700
2026/04/09,328.3300,7.6300,+2.38,1562176,320.7600,328.5800,313.6800
2026/04/08,320.7000,23.3600,+7.86,2627024,316.8900,320.8800,304.3500
2026/04/07,297.3400,5.0400,+1.72,1518110,293.7950,303.9900,286.6490
2026/04/06,292.3000,2.5400,-0.86,1318116,295.1450,301.0800,286.1500
2026/04/02,294.8400,6.1100,+2.12,1659774,275.0000,296.0700,271.5000
2026/04/01,288.7300,7.0500,+2.50,1871169,288.9150,296.7800,285.3900
2026/03/31,281.6800,24.4100,+9.49,2257473,261.2100,282.9200,258.0600
2026/03/30,257.2700,22.9500,-8.19,2149471,281.0200,282.4000,253.1100
2026/03/27,280.2200,6.8400,+2.50,1351421,270.6600,281.9400,269.6800
2026/03/26,273.3800,28.8400,-9.54,1805354,292.7600,294.7400,272.5000
2026/03/25,302.2200,0.7000,+0.23,1867852,306.1300,309.3800,299.2000
2026/03/24,301.5200,14.5400,+5.07,2027715,284.8600,301.5300,281.4500
2026/03/23,286.9800,17.8800,+6.64,2119049,273.7100,292.9992,273.0400
2026/03/20,269.1000,15.2000,-5.35,1754281,283.2600,283.8000,265.5100
2026/03/19,284.3000,10.7200,+3.92,1417696,268.9700,285.0000,264.1700
2026/03/18,273.5800,8.3700,-2.97,1370457,281.3000,287.1045,273.5500
2026/03/17,281.9500,11.4200,+4.22,1584041,270.6200,284.7500,269.0200
2026/03/16,270.5300,7.0700,+2.68,1620166,270.9100,278.9800,269.0200
2026/03/13,263.4600,1.4300,-0.54,1129393,264.0000,271.7300,262.1300
2026/03/12,264.8900,0.9100,-0.34,1293216,260.6900,269.9800,257.2500
2026/03/11,265.8000,3.4000,-1.26,1427076,267.2200,272.8800,263.7501
2026/03/10,269.2000,1.2500,+0.47,1715338,268.8400,278.0000,265.8500
2026/03/09,267.9500,18.4300,+7.39,2731390,245.1300,268.1500,244.5101
2026/03/06,249.5200,16.3100,-6.14,1930263,258.7000,265.8450,249.0200
2026/03/05,265.8300,4.8100,-1.78,1564921,275.5500,275.5500,257.5900
2026/03/04,270.6400,13.6900,+5.33,1932756,261.3000,274.6700,257.6900
2026/03/03,256.9500,10.0300,-3.76,2021267,254.6300,262.5000,250.0000
2026/03/02,266.9800,10.6500,-3.84,2541312,266.5900,275.9500,261.2751
2026/02/27,277.6300,1.5300,-0.55,2215890,276.9900,278.1900,270.4642
2026/02/26,279.1600,14.8200,-5.04,3262244,297.0500,299.2800,272.9500
2026/02/25,293.9800,2.3700,-0.80,2107690,299.3600,305.0000,293.5601
2026/02/24,296.3500,0.3300,-0.11,1529431,299.6000,307.0999,292.9700
2026/02/23,296.6800,3.9900,+1.36,1574203,288.5400,299.2400,285.5000
2026/02/20,292.6900,1.3600,+0.47,1835886,290.1500,300.6500,287.0000
2026/02/19,291.3300,0.0700,-0.02,1883543,285.9400,292.0100,279.2500
2026/02/18,291.4000,4.7400,+1.65,1811252,286.3000,301.6800,286.3000
2026/02/17,286.6600,6.0000,+2.14,1718971,276.3400,290.7700,271.0000
2026/02/13,280.6600,5.8700,+2.14,2122657,279.2800,284.6800,272.0000
2026/02/12,274.7900,20.8900,-7.07,3632863,295.1100,295.1500,274.2500
2026/02/11,295.6800,2.2500,-0.76,2931983,307.4600,309.0000,282.3350
2026/02/10,297.9300,21.2800,-6.67,2779941,323.9200,325.0100,296.8700
2026/02/09,319.2100,11.6800,+3.80,2427850,304.6200,322.3500,301.5014
2026/02/06,307.5300,12.6400,+4.29,3582131,305.1250,317.0000,304.3600
2026/02/05,294.8900,19.0300,+6.90,5244081,276.5000,303.0000,272.7201
2026/02/04,275.8600,21.5900,-7.26,4322549,290.0000,290.6500,266.5000
2026/02/03,297.4500,12.3400,+4.33,2692788,291.6100,300.2500,282.0000
2026/02/02,285.1100,4.1200,+1.47,4479234,285.1800,294.8800,278.4700
2026/01/30,280.9900,19.0100,-6.34,4525461,295.2300,307.9990,279.0000
2026/01/29,300.0000,45.2300,-13.10,8841884,332.0400,334.3100,285.6600
2026/01/28,345.2300,12.0600,+3.62,5297922,343.5000,352.2000,330.1000
2026/01/27,333.1700,24.9200,+8.08,3443440,312.9600,337.0600,312.9000
2026/01/26,308.2500,5.1600,+1.70,2591184,303.0900,311.7300,297.4300
2026/01/23,303.0900,12.1600,+4.18,3282473,290.9800,304.7800,276.6700
2026/01/22,290.9300,18.8300,-6.08,5785021,300.9200,304.0000,273.9900
2026/01/21,309.7600,1.0000,-0.32,2637762,310.8200,319.4000,296.5600
2026/01/20,310.7600,2.8400,-0.91,1673567,303.8350,319.9900,301.8200
2026/01/16,313.6000,0.0700,+0.02,1946930,313.4500,316.4599,299.3800
2026/01/15,313.5300,3.4900,+1.13,2004346,313.5000,322.7200,307.0000
2026/01/14,310.0400,18.5200,-5.64,2649174,325.6900,327.0000,304.5400
2026/01/13,328.5600,13.8600,+4.40,2567414,317.0200,333.7800,313.0900
2026/01/12,314.7000,12.4000,+4.10,1598919,299.8000,315.6900,297.2000
2026/01/09,302.3000,13.7000,+4.75,2225781,293.4500,305.3400,289.0000
2026/01/08,288.6000,17.2700,-5.65,3048034,310.5500,312.3000,281.2201
2026/01/07,305.8700,0.8700,+0.29,1689662,299.5550,311.2000,296.5600
2026/01/06,305.0000,11.7600,+4.01,3074268,286.7400,305.7500,272.6835
2026/01/05,293.2400,9.1600,-3.03,2729978,307.3400,310.5300,286.8400
2026/01/02,302.4000,6.7900,+2.30,2083345,298.1000,312.7999,297.4550
2025/12/31,295.6100,3.7900,-1.27,1165287,299.4000,304.0100,295.2800
2025/12/30,299.4000,3.8200,-1.26,1120511,303.2500,306.9400,299.1000
2025/12/29,303.2200,0.3400,-0.11,1541086,296.0000,308.5300,293.0800
2025/12/26,303.5600,5.0300,-1.63,998932,311.6100,311.6100,302.2500
2025/12/24,308.5900,5.1300,+1.69,649016,304.0100,312.6100,302.1500
2025/12/23,303.4600,3.4000,-1.11,1199981,302.3000,309.7400,301.7000
2025/12/22,306.8600,14.5700,+4.98,1961012,301.6200,306.8600,293.6000
2025/12/19,292.2900,21.3700,+7.89,3770427,275.3500,293.8700,274.4500
2025/12/18,270.9200,4.9100,-1.78,3234673,289.5900,291.9043,266.0600
2025/12/17,275.8300,13.0400,-4.51,5056801,293.2900,296.3000,266.0000
2025/12/16,288.8700,14.1100,-4.66,2893634,297.5700,305.4000,286.2500
2025/12/15,302.9800,3.5200,-1.15,2553665,311.0000,311.6000,299.0000
2025/12/12,306.5000,44.9100,-12.78,4856290,342.2850,342.2850,304.0100
2025/12/11,351.4100,2.7500,+0.79,2890387,341.5300,351.8300,327.0000
2025/12/10,348.6600,6.6300,+1.94,1749996,342.0000,353.3750,333.7900
2025/12/09,342.0300,1.2700,+0.37,1355966,337.1500,344.7500,332.3815
2025/12/08,340.7600,15.6700,+4.82,2489400,335.0000,343.0000,332.1500
2025/12/05,325.0900,2.3000,+0.71,1395690,324.4100,327.9500,320.6200
2025/12/04,322.7900,14.3800,+4.66,1932482,307.0000,326.0000,304.0001
2025/12/03,308.4100,4.1200,+1.35,2026271,305.0000,314.7900,297.3500
2025/12/02,304.2900,14.0800,-4.42,3611786,321.9200,335.0000,303.2300
2025/12/01,318.3700,26.0400,-7.56,3141975,336.2900,337.0000,316.7250
2025/11/28,344.4100,12.1700,+3.66,1528244,333.1250,344.7800,331.0000
2025/11/26,332.2400,4.4900,+1.37,2588967,322.0500,336.3100,315.0000
2025/11/25,327.7500,5.2100,+1.62,3196298,323.5700,331.2000,316.5000
2025/11/24,322.5400,42.4800,+15.17,5153915,284.3000,324.0199,282.6800
2025/11/21,280.0600,2.2200,-0.79,5335029,278.2300,284.5500,263.0810
2025/11/20,282.2800,30.2000,-9.66,4564057,330.5000,330.5000,278.8520
2025/11/19,312.4800,12.5600,+4.19,3295670,301.6800,328.4959,301.6800
2025/11/18,299.9200,9.4500,-3.05,3095225,304.4700,312.8700,297.5000
2025/11/17,309.3700,1.5100,-0.49,3016891,306.9000,324.8000,304.0800
2025/11/14,310.8800,18.1300,+6.19,4941831,277.6000,311.2350,275.7700
2025/11/13,292.7500,41.8200,-12.50,6005198,327.4400,327.4400,283.0000
2025/11/12,334.5700,2.7100,+0.82,1653298,336.3600,338.5800,329.0000
2025/11/11,331.8600,12.7500,-3.70,1845617,340.5000,340.5000,327.6900
2025/11/10,344.6100,22.5100,+6.99,2310940,340.6800,346.2000,335.0000
2025/11/07,322.1000,18.6600,-5.48,4986181,329.8200,331.0000,303.4950
2025/11/06,340.7600,11.8500,-3.36,2579955,353.0000,361.7690,332.8000
2025/11/05,352.6100,16.8200,+5.01,2762849,335.0000,363.4000,332.7100
2025/11/04,335.7900,13.2200,-3.79,2064711,331.6650,348.6789,330.2000
2025/11/03,349.0100,4.5300,+1.32,1865875,346.2600,350.4100,333.6400
2025/10/31,344.4800,4.3500,+1.28,2799068,349.0100,360.9899,333.2500
2025/10/30,340.1300,2.3600,+0.70,2788426,332.4100,348.9200,329.2400
2025/10/29,337.7700,11.3200,+3.47,4002670,340.0000,349.9000,332.1249
2025/10/28,326.4500,24.6300,+8.16,7721738,346.0100,355.5000,314.5600
2025/10/27,301.8200,5.2000,+1.75,5348170,306.6900,314.2899,301.6900
2025/10/24,296.6200,13.8900,+4.91,2865748,295.0100,300.7500,292.0000
2025/10/23,282.7300,11.8400,+4.37,1950690,270.0000,284.3900,269.9300
2025/10/22,270.8900,6.2000,+2.34,3146761,273.5100,279.6950,262.0000
2025/10/21,264.6900,8.8100,-3.22,1833990,272.4200,274.7000,261.4800
2025/10/20,273.5000,2.9600,-1.07,2316967,284.0100,287.0000,268.6736
2025/10/17,276.4600,3.4000,-1.21,2367708,272.4600,286.4300,271.1400
2025/10/16,279.8600,9.9000,+3.67,4806718,290.3700,296.8504,276.3701
2025/10/15,269.9600,22.2100,+8.96,2802564,253.1900,271.6999,253.1900
2025/10/14,247.7500,13.3100,-5.10,3236847,247.9000,255.7900,238.2300
2025/10/13,261.0600,17.3400,+7.11,3289799,263.7600,270.1500,250.8300
2025/10/10,243.7200,16.0600,-6.18,2815634,262.0500,263.9000,243.7100
2025/10/09,259.7800,4.9000,+1.92,1490489,254.4000,260.5850,248.1606
2025/10/08,254.8800,17.0900,+7.19,3187216,238.9400,254.9900,238.6400
2025/10/07,237.7900,2.4500,+1.04,1863830,237.2200,243.0900,230.2400
2025/10/06,235.3400,1.6700,+0.71,3081738,240.4500,244.5800,233.8200
2025/10/03,233.6700,17.2400,-6.87,3695861,245.9900,249.0000,231.4400
2025/10/02,250.9100,0.7800,-0.31,1731397,257.0300,257.5800,246.4900
2025/10/01,251.6900,5.3100,+2.16,2093421,241.4600,252.3000,238.6700
2025/09/30,246.3800,0.4300,+0.17,1899099,247.5500,250.3000,239.5900
2025/09/29,245.9500,2.1600,+0.89,1900274,246.8900,251.4450,245.1200
2025/09/26,243.7900,0.8500,-0.35,2145285,245.2500,250.0000,237.9350
2025/09/25,244.6400,4.1800,+1.74,3831348,227.2400,247.5800,227.0000
2025/09/24,240.4600,17.1800,-6.67,3413406,255.9000,256.0750,239.7800
2025/09/23,257.6400,2.8500,+1.12,2545589,256.3300,261.8300,252.0000
2025/09/22,254.7900,1.8600,+0.74,2212585,252.6300,257.0000,249.2800
2025/09/19,252.9300,0.8900,+0.35,3756412,252.1600,255.2400,242.7825
2025/09/18,252.0400,4.3800,+1.77,2743022,253.0100,256.4700,246.1400
2025/09/17,247.6600,6.7300,-2.65,3272281,253.0300,254.2900,239.8001
2025/09/16,254.3900,5.4000,+2.17,2520978,249.0000,258.1600,248.2300
2025/09/15,248.9900,7.2200,+2.99,2747256,241.1200,250.7000,238.1300
2025/09/12,241.7700,3.9700,-1.62,2140387,245.4500,246.9900,237.7300
2025/09/11,245.7400,7.2900,-2.88,3175567,251.4000,252.1283,242.5682
2025/09/10,253.0300,8.9500,+3.67,3692037,252.6000,254.0000,242.1600
2025/09/09,244.0800,0.2500,-0.10,3151211,244.1200,250.1499,239.0200
2025/09/08,244.3300,1.6500,+0.68,4783486,246.5200,254.7000,244.1500
2025/09/05,242.6800,21.3400,+9.64,7696736,242.8400,257.4000,234.0800
2025/09/04,221.3400,9.4700,+4.47,3861633,211.2000,221.5900,210.6150
2025/09/03,211.8700,11.2400,+5.60,3827006,202.2450,212.3000,199.7800
2025/09/02,200.6300,5.8800,+3.02,3182370,187.8000,200.6400,183.6600
2025/08/29,194.7500,17.5800,-8.28,3939508,210.3600,211.0000,193.1700
2025/08/28,212.3300,10.2300,+5.06,3224548,203.5700,214.6300,203.4550
2025/08/27,202.1000,3.4800,+1.75,1764666,199.3600,202.1700,195.3402
2025/08/26,198.6200,5.7100,+2.96,1984082,192.0500,199.5500,192.0500
2025/08/25,192.9100,3.9900,+2.11,1909565,188.4800,193.9600,186.7500
2025/08/22,188.9200,7.5800,+4.18,2865754,181.2100,190.3299,179.0127
2025/08/21,181.3400,1.5600,-0.85,1357413,183.2900,184.0100,179.5000
2025/08/20,182.9000,1.8300,-0.99,3809948,181.0300,183.1250,173.2300
2025/08/19,184.7300,10.1500,-5.21,3648329,193.6700,193.8200,182.5000
2025/08/18,194.8800,0.6000,-0.31,1652930,194.7600,197.4933,191.3200
2025/08/15,195.4800,1.1600,-0.59,2430092,195.9200,196.2750,189.1604
2025/08/14,196.6400,7.5800,-3.71,4232648,199.6000,200.4999,192.1300
2025/08/13,204.2200,9.2300,-4.32,4069478,216.5400,218.8000,201.2100
2025/08/12,213.4500,8.8500,+4.33,2717680,206.0000,213.7250,205.5700
2025/08/11,204.6000,3.0600,-1.47,2754230,207.6500,211.7100,203.5700
2025/08/08,207.6600,6.4500,+3.21,3023769,202.2500,209.2384,201.7600
2025/08/07,201.2100,2.5800,+1.30,3050093,201.2000,205.5900,197.8000
2025/08/06,198.6300,2.1200,+1.08,2944642,194.9200,199.0900,191.6012
2025/08/05,196.5100,4.9400,-2.45,3714972,202.5000,205.2600,191.6000
2025/08/04,201.4500,6.7100,+3.45,2485267,199.0500,204.4734,195.8500
2025/08/01,194.7400,5.1200,-2.56,4545561,189.0750,198.6500,188.7800
2025/07/31,199.8600,2.5500,-1.26,4614206,209.1700,210.7100,198.7500
2025/07/30,202.4100,0.4100,+0.20,6618361,204.0000,214.4699,198.5900
2025/07/29,202.0000,28.6300,+16.51,14567314,186.5000,208.6599,183.1650
2025/07/28,173.3700,3.1500,+1.85,4777006,169.9000,173.7100,169.1900
2025/07/25,170.2200,6.2400,+3.81,2587247,165.8600,170.3800,164.5200
2025/07/24,163.9800,4.8100,-2.85,4169107,172.0500,173.6300,161.8439
2025/07/23,168.7900,11.8800,+7.57,4590500,158.3900,168.8500,158.1500
2025/07/22,156.9100,6.1100,-3.75,3844398,160.9700,160.9700,153.1101
2025/07/21,163.0200,2.9000,+1.81,3590514,157.4100,164.5100,154.6250
2025/07/18,160.1200,2.7700,-1.70,4124650,161.1900,162.2800,154.5400
2025/07/17,162.8900,2.7900,+1.74,2403877,159.7600,162.8900,157.9900
2025/07/16,160.1000,0.3900,-0.24,2447336,159.9000,161.7500,156.1500
2025/07/15,160.4900,1.7500,-1.08,3037123,165.4900,165.8300,158.7900
2025/07/14,162.2400,1.2100,+0.75,1910848,160.3450,162.9429,158.1100
2025/07/11,161.0300,2.2000,+1.39,2184139,157.2600,162.1400,156.5400
2025/07/10,158.8300,2.0700,-1.29,3546540,162.6200,163.0500,152.9207
2025/07/09,160.9000,5.2000,+3.34,3371695,156.8000,163.9500,155.4100
2025/07/08,155.7000,1.7000,+1.10,2984987,156.0900,157.9900,152.4300
2025/07/07,154.0000,5.2600,-3.30,3497512,157.2700,159.0000,153.6600
2025/07/03,159.2600,4.3600,+2.81,2227845,154.8800,160.6300,154.3300
2025/07/02,154.9000,5.9900,+4.02,4136780,149.3600,155.3100,147.0000
2025/07/01,148.9100,7.2000,-4.61,4771548,154.9000,155.4990,144.2700
2025/06/30,156.1100,3.4400,+2.25,2805278,154.4000,157.3500,152.3500
2025/06/27,152.6700,2.5200,+1.68,4106613,150.1500,155.3450,149.6886
2025/06/26,150.1500,1.1100,+0.74,3011391,150.3900,152.9800,149.5000
2025/06/25,149.0400,5.2000,+3.62,4852614,145.5700,152.2300,145.5300
2025/06/24,143.8400,7.5000,+5.50,3335399,137.9950,143.9800,136.0325
2025/06/23,136.3400,1.1100,+0.82,3218230,133.9300,136.5300,130.6800
2025/06/20,135.2300,1.0200,-0.75,2591121,138.3200,139.2300,133.7300
2025/06/18,136.2500,4.0700,+3.08,3944873,134.3000,139.8900,133.3600
2025/06/17,132.1800,3.9400,+3.07,3006432,128.3600,134.8700,128.2400
2025/06/16,128.2400,2.9100,+2.32,3085524,127.8300,132.7000,127.2000
2025/06/13,125.3300,5.4000,-4.13,2718348,127.0000,129.5600,124.7191
2025/06/12,130.7300,3.0400,+2.38,4018716,126.3450,131.7000,125.7600
2025/06/11,127.6900,6.1800,+5.09,5465208,122.9100,129.5200,122.0300
2025/06/10,121.5100,1.1400,-0.93,4322628,123.0000,126.2500,117.2800
2025/06/09,122.6500,1.9200,+1.59,2914734,122.9700,123.4900,118.6000
2025/06/06,120.7300,1.4200,+1.19,2464866,121.0250,122.3800,118.2500
2025/06/05,119.3100,0.5900,-0.49,2915279,120.3200,122.2300,118.5200
2025/06/04,119.9000,1.3600,-1.12,2411507,121.4400,122.8100,118.1400
2025/06/03,121.2600,4.6200,+3.96,3284538,118.2300,121.5750,116.9501
2025/06/02,116.6400,1.2600,+1.09,3027284,114.9600,116.8800,112.7400
2025/05/30,115.3800,0.9900,-0.85,4391311,114.2800,115.7100,110.5401
2025/05/29,116.3700,1.7500,-1.48,3654874,118.8100,119.0050,114.9200
2025/05/28,118.1200,0.7600,-0.64,2934429,118.7400,119.3500,114.7100
2025/05/27,118.8800,0.5900,-0.49,3520939,123.9900,124.6680,117.3401
2025/05/23,119.4700,1.1500,+0.97,2909152,116.3900,121.2800,115.3800
2025/05/22,118.3200,4.2900,+3.76,4071927,113.7500,120.0400,113.7500
2025/05/21,114.0300,1.3700,+1.22,4790821,112.6600,117.5000,111.7600
2025/05/20,112.6600,1.0600,+0.95,3209264,110.6000,113.4000,109.8985
2025/05/19,111.6000,1.6500,-1.46,2919774,110.2000,112.5200,109.0900
2025/05/16,113.2500,1.7600,+1.58,2373437,111.6000,113.2900,110.2901
2025/05/15,111.4900,1.9600,-1.73,2890254,110.9600,112.7600,108.9600
2025/05/14,113.4500,3.5800,+3.26,5633020,113.5000,116.1000,110.3700
2025/05/13,109.8700,9.5500,+9.52,6400470,100.6600,110.7500,100.6600
2025/05/12,100.3200,7.2700,+7.81,5604724,99.6900,100.5900,95.6700
2025/05/09,93.0500,3.2800,-3.40,2693325,97.3700,98.4900,92.3000
2025/05/08,96.3300,0.2200,-0.23,3038184,99.0000,99.6800,94.7000
2025/05/07,96.5500,1.3600,+1.43,2744418,94.4500,96.7500,92.7600
2025/05/06,95.1900,2.8300,+3.06,2756592,90.0000,95.8100,90.0000
2025/05/05,92.3600,1.7100,-1.82,2590520,92.7500,94.4300,91.6700
2025/05/02,94.0700,4.8600,+5.45,3329386,91.2300,96.6300,91.2200
2025/05/01,89.2100,3.8600,+4.52,5626401,90.2400,93.5200,89.0200
2025/04/30,85.3500,1.7000,-1.95,3420192,83.2950,85.7100,81.8800
2025/04/29,87.0500,0.7100,-0.81,3076163,87.5000,88.4500,86.1800
2025/04/28,87.7600,1.2900,-1.45,4187748,89.5400,91.2000,85.5500
2025/04/25,89.0500,3.0900,-3.35,6941618,90.0100,94.1900,88.1217
2025/04/24,92.1400,3.9500,+4.48,7728099,90.2300,95.2200,90.1000
2025/04/23,88.1900,5.4200,+6.55,4989481,88.5200,92.7500,87.1300
2025/04/22,82.7700,2.1800,+2.71,3337818,81.8300,85.6800,80.9800
2025/04/21,80.5900,3.4500,-4.11,3395277,82.4800,84.5300,78.8406
2025/04/17,84.0400,3.4800,+4.32,5283688,80.0100,86.1000,78.5400
2025/04/16,80.5600,2.0100,-2.43,4199081,79.0000,81.8800,77.8650
2025/04/15,82.5700,1.6900,+2.09,4168184,82.4800,85.3200,82.0500
2025/04/14,80.8800,1.7500,+2.21,4093324,84.1650,85.9500,78.9900
2025/04/11,79.1300,2.6500,+3.46,5847608,76.6200,81.4300,75.1500
2025/04/10,76.4800,5.5800,-6.80,4847638,79.1000,81.0150,75.2600
2025/04/09,82.0600,13.2100,+19.19,9582963,68.9900,85.3800,68.8300
2025/04/08,68.8500,1.5400,-2.19,7031883,75.9000,76.7900,67.5100
2025/04/07,70.3900,4.2400,+6.41,8582391,61.1600,75.0961,61.0700
2025/04/04,66.1500,3.0400,-4.39,9755590,64.2600,66.8400,58.0500
2025/04/03,69.1900,13.1600,-15.98,7388615,74.0700,76.4350,68.9300
2025/04/02,82.3500,3.2900,+4.16,3714691,77.5100,84.3150,77.1100
2025/04/01,79.0600,0.2500,+0.32,3882161,79.0300,80.4998,76.5600
2025/03/31,78.8100,3.8800,-4.69,5854152,76.1300,79.9300,75.5900
2025/03/28,82.6900,1.7000,-2.01,4019080,83.7800,86.5750,81.4400
2025/03/27,84.3900,3.2700,-3.73,4160117,85.6200,86.4000,81.9800
2025/03/26,87.6600,9.7100,-9.97,5586227,96.3200,96.4800,87.1090
2025/03/25,97.3700,2.6100,-2.61,3423000,100.0000,100.5000,94.5600
2025/03/24,99.9800,4.0300,+4.20,3018628,100.2550,101.5200,98.7800
2025/03/21,95.9500,0.3000,+0.31,2894022,94.4500,96.6300,91.6150
2025/03/20,95.6500,3.7300,+4.06,4341089,91.6100,98.6400,90.9300
2025/03/19,91.9200,4.4500,+5.09,3248486,87.4900,93.2013,86.1600
2025/03/18,87.4700,4.3100,-4.70,3287873,90.8800,91.0300,86.2300
2025/03/17,91.7800,0.2000,+0.22,2598564,91.5950,92.9500,89.0000
2025/03/14,91.5800,5.1700,+5.98,3685435,89.0800,92.4118,86.8800
2025/03/13,86.4100,3.1700,-3.54,3302277,89.0900,90.2000,85.4400
2025/03/12,89.5800,2.9900,+3.45,5888671,92.0550,92.6900,87.9500
2025/03/11,86.5900,5.4400,+6.70,4832378,81.8200,87.1500,80.8100
2025/03/10,81.1500,6.3800,-7.29,6342277,82.7500,84.6050,78.3300
2025/03/07,87.5300,5.9100,+7.24,6697364,82.3600,87.6600,80.2600
2025/03/06,81.6200,9.3300,-10.26,5910215,86.5000,87.1700,80.9800
2025/03/05,90.9500,0.7300,+0.81,4131781,91.1800,91.9000,87.9700
2025/03/04,90.2200,2.5800,-2.78,7223357,90.0100,93.4500,86.1800
2025/03/03,92.8000,14.2500,-13.31,8103083,108.1000,109.2800,90.6426
2025/02/28,107.0500,0.8200,-0.76,6518831,103.3100,108.5650,101.1825
2025/02/27,107.8700,3.8100,-3.41,5170025,116.3300,117.3700,106.6900
2025/02/26,111.6800,5.5700,+5.25,5174757,112.5000,115.4900,110.0000
2025/02/25,106.1100,4.7700,-4.30,5503022,106.5700,111.9820,102.2522
2025/02/24,110.8800,8.3700,-7.02,6429942,120.0000,121.4611,108.8800
2025/02/21,119.2500,5.7700,-4.62,4468563,128.3700,130.2100,118.6001
2025/02/20,125.0200,6.5600,-4.99,4618094,130.4200,130.8100,121.2700
2025/02/19,131.5800,0.7100,-0.54,2839846,131.0600,135.5400,128.0287
2025/02/18,132.2900,0.2300,+0.17,3555172,135.4500,137.8899,129.8391
2025/02/14,132.0600,2.2800,+1.76,2710546,128.8900,132.8900,123.8138
2025/02/13,129.7800,0.4600,+0.36,3855849,131.3350,135.2500,127.2100
2025/02/12,129.3200,2.7400,+2.16,3326666,124.0000,131.1600,122.2900
2025/02/11,126.5800,3.6500,-2.80,2682906,126.8500,128.4400,124.4500
2025/02/10,130.2300,0.5300,+0.41,3369346,125.0000,132.6900,124.0200
2025/02/07,129.7000,3.5200,-2.64,5205726,134.3500,140.0300,128.7800
2025/02/06,133.2200,10.4500,-7.27,9273246,136.0000,136.0050,127.0100
2025/02/05,143.6700,11.6900,+8.86,8512145,135.0500,144.2700,132.2520
2025/02/04,131.9800,11.1000,+9.18,5376001,122.6900,133.1499,120.5300
2025/02/03,120.8800,2.5900,-2.10,8356530,110.8000,126.1500,109.0000
2025/01/31,123.4700,9.3200,+8.16,11231864,118.0000,133.6650,116.6000
2025/01/30,114.1500,13.6600,+13.59,10280587,117.1000,117.6700,111.0000
2025/01/29,100.4900,6.0100,+6.36,8027958,98.2300,102.6100,97.8300
2025/01/28,94.4800,7.1200,+8.15,8526863,91.6500,95.2500,88.5700
2025/01/27,87.3600,34.3300,-28.21,17004711,105.6300,107.7300,86.1200
2025/01/24,121.6900,1.2300,-1.00,2410214,124.1500,126.0100,121.4200
2025/01/23,122.9200,0.3500,-0.28,2734477,121.0900,124.6050,120.4100
2025/01/22,123.2700,5.1700,+4.38,4909734,123.8100,131.2300,121.8600
2025/01/21,118.1000,4.8200,+4.25,3684567,119.3300,119.7700,114.3500
2025/01/17,113.2800,2.5600,+2.31,2650285,112.0000,114.1900,109.5000
2025/01/16,110.7200,3.2200,+3.00,3476874,109.8300,115.5200,109.8200
2025/01/15,107.5000,4.3900,+4.26,2911709,106.4750,108.2500,103.5000
2025/01/14,103.1100,2.6700,+2.66,2401274,102.5600,104.7700,101.4600
2025/01/13,100.4400,3.2000,-3.09,2711160,100.0000,102.1000,96.0743
2025/01/10,103.6400,1.1700,+1.14,3070214,101.9700,104.9220,99.1728
2025/01/08,102.4700,4.2000,+4.27,2648710,98.3000,103.4600,97.7064
2025/01/07,98.2700,0.4900,-0.50,2110923,98.7800,101.7200,96.7300
2025/01/06,98.7600,1.8400,+1.90,2004871,99.7550,101.0900,98.2400
2025/01/03,96.9200,3.8500,+4.14,1100988,94.0000,97.1800,93.9900
2025/01/02,93.0700,0.7700,+0.83,1352140,92.8300,94.6300,90.3100
2024/12/31,92.3000,1.5200,-1.62,1556086,93.9500,94.1817,91.5600
2024/12/30,93.8200,1.2800,-1.35,1099390,93.3300,95.4900,91.8700
2024/12/27,95.1000,3.1500,-3.21,1449275,97.0000,97.9450,94.1100
2024/12/26,98.2500,0.7200,+0.74,863443,97.5000,98.7000,96.6300
2024/12/24,97.5300,0.0100,+0.01,880978,98.0300,99.2600,96.8300
2024/12/23,97.5200,2.0700,+2.17,1512388,95.9000,98.7500,95.8000
2024/12/20,95.4500,2.4000,+2.58,2058954,90.2100,98.0500,89.5200
2024/12/19,93.0500,0.9400,+1.02,1701361,93.2500,95.9200,92.1200
2024/12/18,92.1100,5.7000,-5.83,2639157,99.4300,99.6000,91.5200
2024/12/17,97.8100,1.2000,-1.21,1561274,98.0100,100.4400,95.2200
2024/12/16,99.0100,0.1900,-0.19,2110642,99.9600,100.5111,97.6400
2024/12/13,99.2000,8.1900,+9.00,4118795,93.8700,99.3400,93.8700
2024/12/12,91.0100,1.0400,+1.16,1447212,89.2000,92.4300,88.5537
2024/12/11,89.9700,1.9700,+2.24,1299602,88.8800,90.8800,88.0800
2024/12/10,88.0000,2.4200,-2.68,1635089,91.1600,92.5194,87.8300
2024/12/09,90.4200,4.4400,-4.68,2126838,94.0300,94.1900,89.0900
2024/12/06,94.8600,2.7800,+3.02,2271641,92.4400,96.0000,91.9500
2024/12/05,92.0800,2.5500,+2.85,1573789,89.5500,92.5682,89.2800
2024/12/04,89.5300,0.1100,+0.12,1923773,90.3000,91.6400,88.0011
2024/12/03,89.4200,4.4600,+5.25,2324517,84.8800,89.5400,84.5100
2024/12/02,84.9600,0.2800,-0.33,1831407,85.9300,87.0800,84.9100
2024/11/29,85.2400,2.0800,+2.50,1006790,83.5700,85.3780,83.5700
2024/11/27,83.1600,3.5100,-4.05,3868549,86.3800,86.7100,81.2900
2024/11/26,86.6700,1.0700,+1.25,1610697,85.6000,86.9500,85.0550
2024/11/25,85.6000,3.5600,-3.99,2446610,90.4400,91.3200,84.7353
2024/11/22,89.1600,2.2800,-2.49,3258175,91.7300,91.7300,86.4400
2024/11/21,91.4400,4.4600,+5.13,3552144,88.5400,93.1500,88.5300
2024/11/20,86.9800,0.1600,+0.18,1758273,87.8000,88.6800,84.7100
2024/11/19,86.8200,2.8500,+3.39,2234151,83.5100,87.3200,83.3600
2024/11/18,83.9700,1.7900,+2.18,2776614,84.4000,86.4000,83.4096
2024/11/15,82.1800,1.7000,+2.11,3182154,78.7800,82.4400,77.7800
2024/11/14,80.4800,1.5700,-1.91,2331906,83.0000,83.1557,80.4800
2024/11/13,82.0500,2.0100,-2.39,2377820,83.8400,85.4099,81.9300
2024/11/12,84.0600,0.5700,-0.67,1794232,83.0900,84.3800,82.5600
2024/11/11,84.6300,1.2200,-1.42,2552542,87.1700,87.9900,83.3000
2024/11/08,85.8500,0.5200,+0.61,2269404,85.0700,86.3600,83.7000
2024/11/07,85.3300,4.3300,+5.35,3783934,81.7900,85.6700,79.8006
2024/11/06,81.0000,5.3700,+7.10,3327237,78.9600,81.0700,77.7750
2024/11/05,75.6300,3.3100,+4.58,2877285,73.9400,76.2800,73.5000
2024/11/04,72.3200,2.1000,+2.99,2401301,71.1500,73.1800,70.7200
2024/11/01,70.2200,1.8200,+2.66,2233184,68.4600,71.5600,68.2500
2024/10/31,68.4000,1.3800,-1.98,1541870,69.0900,69.6000,67.3000
2024/10/30,69.7800,0.1800,-0.26,2080797,69.5500,70.8100,67.6600
2024/10/29,69.9600,0.3400,-0.48,2089790,70.2000,70.3900,68.6400
2024/10/28,70.3000,0.9200,+1.33,2928855,70.1900,70.7200,69.1100
2024/10/25,69.3800,1.4400,+2.12,3806459,67.9600,70.0700,67.5100
2024/10/24,67.9400,10.4700,+18.22,7506089,62.7000,68.4400,62.6000
2024/10/23,57.4700,1.4700,+2.62,3585942,55.5000,57.7100,55.3001
2024/10/22,56.0000,0.6800,-1.20,2006234,56.3600,57.0800,55.6230
2024/10/21,56.6800,1.1400,-1.97,2340482,57.1900,57.6600,56.2600
2024/10/18,57.8200,0.3600,-0.62,1410291,58.4100,59.1300,57.7600
2024/10/17,58.1800,0.2400,-0.41,2143445,60.0500,60.2229,57.7600
2024/10/16,58.4200,2.6900,-4.40,2954195,61.7400,61.9800,58.1850
2024/10/15,61.1100,2.0500,-3.25,3359328,63.1500,64.0000,59.6500
2024/10/14,63.1600,0.1000,+0.16,2081400,64.1900,64.5550,62.6300
2024/10/11,63.0600,1.8100,+2.96,3898745,61.7200,63.8500,61.5700
2024/10/10,61.2500,3.1500,+5.42,2611005,57.5000,61.2700,57.1100
2024/10/09,58.1000,2.3900,+4.29,2876550,56.3000,58.8300,55.9297
2024/10/08,55.7100,1.3800,+2.54,1536228,54.9600,55.9700,54.5200
2024/10/07,54.3300,0.5000,+0.93,1153917,53.4200,54.7800,53.3700
2024/10/04,53.8300,2.3600,+4.59,1940525,52.7400,54.0600,52.2500
2024/10/03,51.4700,1.1200,+2.22,1463364,50.1200,51.5300,50.0300
2024/10/02,50.3500,0.7200,+1.45,1307003,49.4600,50.6200,48.9700
2024/10/01,49.6300,1.4900,-2.91,1791804,50.9400,51.0500,49.1944
2024/09/30,51.1200,0.0400,+0.08,1063998,50.3500,51.3300,50.1712
2024/09/27,51.0800,1.0100,-1.94,904623,52.0300,52.1300,50.6300
2024/09/26,52.0900,1.3700,+2.70,1618597,52.2100,53.5200,51.2300
2024/09/25,50.7200,0.7300,+1.46,1527823,49.9900,50.7900,49.9000
2024/09/24,49.9900,0.3600,+0.73,884964,49.8600,50.3960,48.9600
2024/09/23,49.6300,0.9000,+1.85,1040568,49.0000,49.6600,48.7700
2024/09/20,48.7300,0.9800,-1.97,1272484,49.1100,49.9000,48.1800
2024/09/19,49.7100,2.8800,+6.15,2550146,49.0900,49.7900,48.3600
2024/09/18,46.8300,0.1600,-0.34,1558513,47.1300,48.2799,46.6605
2024/09/17,46.9900,0.8500,+1.84,1120752,46.9000,47.6900,46.1400
2024/09/16,46.1400,0.2700,+0.59,1423592,45.0700,46.2100,44.4600
2024/09/13,45.8700,0.3200,+0.70,1121087,45.8100,46.2500,45.4300
2024/09/12,45.5500,0.2300,+0.51,1666187,45.3800,46.9200,45.0555
2024/09/11,45.3200,1.8300,+4.21,2713448,43.6400,45.3500,42.7604
2024/09/10,43.4900,0.9200,+2.16,2105086,42.5400,43.5700,41.7450
2024/09/09,42.5700,1.5400,+3.75,3216653,42.3600,44.0886,42.1950
2024/09/06,41.0300,4.8700,-10.61,5456749,45.4300,45.6500,40.6450
2024/09/05,45.9000,0.7500,-1.61,1659333,45.8900,47.0300,45.3950
2024/09/04,46.6500,0.2000,+0.43,2354156,45.6200,46.7600,45.0100
2024/09/03,46.4500,4.4700,-8.78,1484279,50.0000,50.1350,46.3400
2024/08/30,50.9200,0.3500,+0.69,1494525,51.1000,51.2500,49.5850
2024/08/29,50.5700,0.5700,+1.14,2288856,50.2100,52.1600,50.1350
2024/08/28,50.0000,0.3300,-0.66,2289948,50.0100,50.2700,48.5400
2024/08/27,50.3300,0.6700,-1.31,1787731,50.4200,51.5250,50.0200
2024/08/26,51.0000,2.1400,-4.03,1215770,53.0000,53.0100,50.9301
2024/08/23,53.1400,0.4900,+0.93,1422974,53.3600,54.5800,52.9700
2024/08/22,52.6500,1.0200,-1.90,1213629,53.9600,54.0700,52.6200
2024/08/21,53.6700,0.3600,-0.67,1481029,54.0500,54.1199,53.3450
2024/08/20,54.0300,0.1300,-0.24,1576175,54.5000,55.3400,54.0000
2024/08/19,54.1600,0.6200,-1.13,1704152,54.4200,54.8300,53.2500
2024/08/16,54.7800,1.2200,-2.18,1269744,55.5500,55.6900,54.3001
2024/08/15,56.0000,3.7300,+7.14,2210959,53.3000,56.6100,53.1800
2024/08/14,52.2700,1.0800,+2.11,1311658,52.1500,52.3600,50.8500
2024/08/13,51.1900,2.0100,+4.09,2043586,49.8800,51.6300,49.8300
2024/08/12,49.1800,1.4000,+2.93,2072845,48.0000,49.7900,47.8800
2024/08/09,47.7800,1.5400,+3.33,1409117,46.2500,47.7900,46.1000
2024/08/08,46.2400,1.7600,+3.96,2656225,45.5200,46.5150,44.1100
2024/08/07,44.4800,2.6000,-5.52,4231260,48.1900,48.5250,44.1100
2024/08/06,47.0800,0.2000,+0.43,1760499,47.1500,47.7500,45.4200
2024/08/05,46.8800,0.5900,+1.27,3461167,41.1000,48.3000,40.2500
2024/08/02,46.2900,4.1000,-8.14,4529083,47.5100,47.7000,45.5200
2024/08/01,50.3900,2.0500,-3.91,2825625,51.5800,54.1200,49.6300
2024/07/31,52.4400,3.5600,+7.28,3277611,51.8100,53.2000,51.7200
2024/07/30,48.8800,1.1200,-2.24,3597279,50.3700,51.3100,48.3401
2024/07/29,50.0000,2.6700,-5.07,3610421,53.0300,53.4100,49.8800
2024/07/26,52.6700,1.6000,+3.13,3249009,53.7200,54.5000,52.4400
2024/07/25,51.0700,2.3200,-4.35,6869241,55.8000,55.8800,50.3300
2024/07/24,53.3900,4.4900,-7.76,3996797,56.2900,56.6800,53.0600
2024/07/23,57.8800,0.9800,+1.72,1489265,56.7800,58.7000,56.6300
2024/07/22,56.9000,0.4000,+0.71,1791626,57.3800,58.0000,55.9300
2024/07/19,56.5000,0.1800,+0.32,1716630,56.1500,57.7450,55.9200
2024/07/18,56.3200,0.5200,-0.91,2872410,58.0000,58.0700,54.4900
2024/07/17,56.8400,6.4300,-10.16,4686262,61.1500,61.5000,56.2301
2024/07/16,63.2700,2.0400,+3.33,2385373,61.8100,63.4890,61.2900
2024/07/15,61.2300,1.8300,+3.08,2091097,59.9500,62.1700,59.7500
2024/07/12,59.4000,0.0800,-0.13,1201292,59.4000,60.7100,58.4400
2024/07/11,59.4800,1.9900,-3.24,2131506,61.8000,61.9400,58.0420
2024/07/10,61.4700,2.2100,+3.73,1879148,59.6200,62.0900,59.1000
2024/07/09,59.2600,0.0900,+0.15,1249847,59.6000,60.6496,59.1200
2024/07/08,59.1700,1.5500,+2.69,1448161,58.0000,60.5506,57.7900
2024/07/05,57.6200,0.9100,-1.55,1139992,58.7600,59.2900,57.5200
2024/07/03,58.5300,0.1400,-0.24,1014600,59.1100,59.7700,58.4400
2024/07/02,58.6700,0.8800,+1.52,1310879,56.9500,58.8600,56.9500
2024/07/01,57.7900,0.4600,+0.80,1213197,58.0000,58.2295,55.6500
2024/06/28,57.3300,0.1300,+0.23,1475991,57.3500,58.3693,56.4810
2024/06/27,57.2000,1.9000,+3.44,2211484,55.5200,57.2500,54.8600
2024/06/26,55.3000,0.5100,-0.91,2158046,55.5500,56.8255,55.0700
2024/06/25,55.8100,2.4300,+4.55,2132696,54.2000,55.8400,54.0000
2024/06/24,53.3800,2.5300,-4.53,2185210,55.3600,55.4900,53.3300
2024/06/21,55.9100,0.1100,+0.20,1937804,54.7400,55.9600,53.2200
2024/06/20,55.8000,3.2900,-5.57,3069491,59.1600,60.1461,55.8000
2024/06/18,59.0900,2.0700,+3.63,2541197,57.2000,60.1250,57.0700
2024/06/17,57.0200,1.3100,+2.35,2035732,56.9100,57.4650,55.1500
2024/06/14,55.7100,1.0600,-1.87,1714906,56.5700,56.5830,54.6000
2024/06/13,56.7700,1.8800,+3.43,1810919,55.8600,56.9000,55.2300
2024/06/12,54.8900,1.6600,+3.12,2598034,54.0600,55.3400,53.8900
2024/06/11,53.2300,1.3100,-2.40,1691114,54.0000,54.3700,52.9245
2024/06/10,54.5400,2.2900,+4.38,2135635,51.8800,54.8400,51.8800
2024/06/07,52.2500,0.2400,-0.46,2620022,52.0800,52.4750,50.8900
2024/06/06,52.4900,3.8800,-6.88,2139660,56.3700,56.4300,52.4800
2024/06/05,56.3700,3.6600,+6.94,2691478,53.8600,56.4700,53.0600
2024/06/04,52.7100,2.8600,-5.15,2533435,54.7400,54.8377,51.8900
2024/06/03,55.5700,0.3500,-0.63,1544465,56.8500,57.1200,54.6500
2024/05/31,55.9200,1.4800,-2.58,3843278,57.3300,57.4900,53.5800
2024/05/30,57.4000,1.8300,-3.09,1858389,59.2000,59.2300,56.8400
2024/05/29,59.2300,0.1800,-0.30,1627503,59.0200,59.7000,57.6800
2024/05/28,59.4100,0.6100,+1.04,2773114,60.9000,61.0600,58.7400
2024/05/24,58.8000,3.4300,+6.19,2630156,55.8000,58.9900,55.4000
2024/05/23,55.3700,1.4900,+2.77,3845267,55.7800,57.1300,54.9500
2024/05/22,53.8800,1.2400,+2.36,2939977,52.7900,54.2800,52.7900
2024/05/21,52.6400,0.0300,-0.06,1034733,52.3200,52.8300,51.9200
2024/05/20,52.6700,1.0900,+2.11,1708608,51.8500,52.8900,51.7101
2024/05/17,51.5800,0.8400,-1.60,1315146,52.8000,52.8000,51.4120
2024/05/16,52.4200,0.3600,+0.69,3265420,51.9200,53.0100,51.3100
2024/05/15,52.0600,4.0600,+8.46,4959070,50.6300,52.4601,49.4400
2024/05/14,48.0000,1.2200,+2.61,1992672,46.5200,48.3500,46.5200
2024/05/13,46.7800,1.7300,-3.57,1433580,49.0300,49.1200,46.7200
2024/05/10,48.5100,0.2300,+0.48,1128770,49.0800,49.4000,48.3100
2024/05/09,48.2800,1.0500,-2.13,1296637,49.4800,49.4800,47.9700
2024/05/08,49.3300,1.4600,+3.05,2252184,47.5200,49.6000,47.4600
2024/05/07,47.8700,0.9700,+2.07,1875692,47.0000,47.9700,46.8600
2024/05/06,46.9000,2.0400,+4.55,2858053,45.9700,47.1600,45.5700
2024/05/03,44.8600,0.8600,+1.95,2483102,44.7600,45.3700,44.1400
2024/05/02,44.0000,0.5700,+1.31,2983520,44.0100,44.2100,41.8700
2024/05/01,43.4300,0.1000,+0.23,2954629,42.7650,44.3000,41.8100
2024/04/30,43.3300,0.6900,-1.57,1920781,43.8800,44.5500,43.1100
2024/04/29,44.0200,0.5600,+1.29,1708915,43.6500,44.1900,42.1900
2024/04/26,43.4600,0.2100,+0.49,3271523,43.0100,43.6100,41.7100
2024/04/25,43.2500,0.8500,-1.93,4363367,44.2900,46.1000,41.8100
2024/04/24,44.1000,0.3400,+0.78,2623718,44.8900,45.9000,43.3600
2024/04/23,43.7600,0.7800,+1.81,4447407,43.8800,44.9900,43.5500
2024/04/22,42.9800,2.2500,+5.52,3067070,41.7900,43.2599,41.2100
2024/04/19,40.7300,3.0800,-7.03,5610173,42.8700,43.7800,40.3200
2024/04/18,43.8100,0.8100,-1.82,1739636,44.6200,45.3100,43.4000
2024/04/17,44.6200,1.0900,-2.38,1529764,45.7600,46.6210,44.3600
2024/04/16,45.7100,1.3600,+3.07,1442184,43.9000,45.8300,43.2800
2024/04/15,44.3500,0.3900,-0.87,1450058,45.3000,45.9200,44.1800
2024/04/12,44.7400,1.2800,-2.78,1691606,45.0000,45.6800,44.3300
2024/04/11,46.0200,0.0400,-0.09,1373882,46.3200,46.4400,45.3400
2024/04/10,46.0600,0.9900,-2.10,1542188,45.7500,47.1200,45.1800
2024/04/09,47.0500,2.3800,-4.81,2837866,49.4000,49.4300,46.0500
2024/04/08,49.4300,0.0400,+0.08,1590614,50.2500,50.5100,48.5500
2024/04/05,49.3900,1.3200,+2.75,1833756,48.5700,49.6100,48.1300
2024/04/04,48.0700,1.1900,-2.42,2926210,50.2000,51.1200,47.8600
2024/04/03,49.2600,2.3600,+5.03,2834855,46.4200,49.3100,46.4100
2024/04/02,46.9000,1.0000,+2.18,2597909,44.5600,47.0100,43.9400
2024/04/01,45.9000,0.9600,+2.14,970904,45.0900,46.1300,45.0600
2024/03/28,44.9400,0.6200,-1.36,1079607,45.2500,45.6900,44.7000
2024/03/27,45.5600,0.8100,-1.75,1500436,46.7700,47.1399,44.5050
2024/03/26,46.3700,0.0300,+0.06,1341118,46.7100,47.3500,46.2300
2024/03/25,46.3400,0.6900,-1.47,1096411,46.6800,47.4299,46.2900
2024/03/22,47.0300,0.0200,-0.04,1105805,46.4800,47.0700,45.8300
2024/03/21,47.0500,3.0000,+6.81,2599099,45.2500,47.2600,44.8600
2024/03/20,44.0500,1.0300,+2.39,2577262,43.0700,44.2200,42.6000
2024/03/19,43.0200,1.6700,-3.74,3035828,43.7800,43.7800,41.5000
2024/03/18,44.6900,0.7200,+1.64,1860329,44.6300,45.8800,44.5597
2024/03/15,43.9700,0.4500,-1.01,2484752,43.6200,44.4600,43.1200
2024/03/14,44.4200,0.6100,-1.35,1292465,44.8400,45.0600,43.6000
2024/03/13,45.0300,0.1700,-0.38,1886765,44.7000,45.5100,44.0400
2024/03/12,45.2000,1.5400,+3.53,2204040,44.3000,45.3450,44.2700
2024/03/11,43.6600,2.4400,-5.29,4280944,45.0200,45.4820,42.1000
2024/03/08,46.1000,1.2700,-2.68,2651344,47.8700,49.3550,46.0000
2024/03/07,47.3700,0.1700,+0.36,1914962,47.5700,48.4400,47.3300
2024/03/06,47.2000,1.4200,+3.10,1837263,46.7700,48.1300,46.4000
2024/03/05,45.7800,1.3700,-2.91,2497073,46.5000,47.1500,45.2423
2024/03/04,47.1500,1.8500,+4.08,3222173,45.3300,47.6000,45.3200
2024/03/01,45.3000,2.7700,+6.51,3657154,43.2700,46.3400,43.1800
2024/02/29,42.5300,1.3800,+3.35,1363402,41.9600,42.8700,41.7600
2024/02/28,41.1500,0.6100,-1.46,1134689,41.1900,41.6450,40.9700
2024/02/27,41.7600,0.0000,0,1216863,41.8100,42.4500,41.0900
2024/02/26,41.7600,1.3300,+3.29,1843123,41.0600,41.9800,40.6900
2024/02/23,40.4300,1.3400,-3.21,2175916,41.7000,41.8600,40.0220
2024/02/22,41.7700,4.5700,+12.28,4481133,39.2600,41.8000,38.8000
2024/02/21,37.2000,0.2600,-0.69,1679552,36.7600,37.3658,36.1100
2024/02/20,37.4600,2.0700,-5.24,2707276,39.0100,39.3025,37.1100
2024/02/16,39.5300,0.3400,-0.85,1850680,40.0000,40.2200,38.9300
2024/02/15,39.8700,0.7500,+1.92,2632141,39.3300,40.0000,38.5500
2024/02/14,39.1200,1.6200,+4.32,1574836,38.2900,39.3000,37.7330
2024/02/13,37.5000,0.7400,-1.94,2222982,36.4200,37.6700,36.0000
2024/02/12,38.2400,0.4200,-1.09,2401082,38.9500,39.1100,38.1750
2024/02/09,38.6600,1.1200,+2.98,2141903,38.0000,38.7100,37.2800
2024/02/08,37.5400,1.1800,+3.25,1862402,36.5800,37.8900,36.3900
2024/02/07,36.3600,0.1000,+0.28,1965231,36.2600,37.1000,36.1100
2024/02/06,36.2600,0.6700,-1.81,2716845,37.0400,37.5100,35.5600
2024/02/05,36.9300,0.8600,+2.38,2971708,36.0700,37.2700,36.0000
2024/02/02,36.0700,0.0500,-0.14,3711597,36.1000,36.4335,35.3700
2024/02/01,36.1200,1.7600,+5.12,4348169,34.7000,36.3400,34.5100
2024/01/31,34.3600,1.2700,+3.84,4479530,32.9300,35.2300,32.8000
2024/01/30,33.0900,0.5400,+1.66,4895439,34.4900,34.7200,32.5500
2024/01/29,32.5500,0.5600,+1.75,2649926,32.1000,32.6100,31.8200
2024/01/26,31.9900,0.2700,+0.85,2782477,31.6000,32.4300,31.5000
2024/01/25,31.7200,1.0600,+3.46,2168190,30.9900,32.3000,30.8400
2024/01/24,30.6600,0.0800,+0.26,1574613,31.2000,31.5100,30.5500
2024/01/23,30.5800,1.0600,-3.35,2010685,31.7900,31.9200,30.4000
2024/01/22,31.6400,0.7400,+2.39,2653284,31.8300,32.5400,31.1350
2024/01/19,30.9000,2.3100,+8.08,3630196,28.9100,31.2450,28.6900
2024/01/18,28.5900,1.0000,+3.62,1511803,28.1300,28.7200,27.8800
2024/01/17,27.5900,0.9200,-3.23,2991921,28.0000,28.1600,26.6200
2024/01/16,28.5100,0.2200,-0.77,1107968,28.5000,28.7750,28.0200
2024/01/12,28.7300,0.0200,+0.07,807055,28.7100,29.2150,28.5100
2024/01/11,28.7100,0.8100,-2.74,1512415,29.5200,29.8900,28.1500
2024/01/10,29.5200,0.7700,+2.68,2019077,28.9500,29.7300,28.8600
2024/01/09,28.7500,0.0800,-0.28,1501923,28.5000,28.9500,27.9400
2024/01/08,28.8300,0.9200,+3.30,1411937,28.0100,28.9450,27.8400
2024/01/05,27.9100,0.0100,-0.04,966897,27.9200,28.3200,27.8499
2024/01/04,27.9200,0.2500,-0.89,1074243,28.0100,28.4100,27.8600
2024/01/03,28.1700,0.1000,-0.35,1351089,27.9600,28.5400,27.6400
2024/01/02,28.2700,1.0100,-3.45,1465725,28.6400,28.9500,27.8700
2023/12/29,29.2800,0.3100,-1.05,727824,29.4800,29.8900,29.0300
2023/12/28,29.5900,0.1000,+0.34,1276903,29.5400,29.7400,29.2300
2023/12/27,29.4900,0.4600,-1.54,1625752,30.1500,30.3600,29.4400
2023/12/26,29.9500,0.1300,+0.44,1076230,30.1100,30.3400,29.8600
2023/12/22,29.8200,0.1400,+0.47,562222,29.8000,30.0200,29.5701
2023/12/21,29.6800,1.0000,+3.49,868945,29.1600,29.7550,29.0701
2023/12/20,28.6800,0.7000,-2.38,1000572,29.1100,29.6900,28.5600
2023/12/19,29.3800,0.0300,-0.10,985392,29.7500,29.7900,29.2800
2023/12/18,29.4100,0.0700,-0.24,1190061,29.6300,29.8100,29.0300
2023/12/15,29.4800,0.4500,+1.55,1838504,28.9500,29.5400,28.4400
2023/12/14,29.0300,0.8800,+3.13,1928012,28.5100,29.0895,27.7300
2023/12/13,28.1500,0.6700,+2.44,3049309,27.1400,28.7200,27.1100
2023/12/12,27.4800,0.2200,-0.79,1350821,27.7500,27.8500,27.1200
2023/12/11,27.7000,0.5100,+1.88,2169772,27.2000,28.1195,26.9000
2023/12/08,27.1900,0.5400,+2.03,1286692,26.5000,27.4240,26.4500
2023/12/07,26.6500,0.7800,+3.02,2238294,26.0000,27.4400,26.0000
2023/12/06,25.8700,1.2500,-4.61,1925506,27.5100,27.5800,25.8350
2023/12/05,27.1200,0.2600,+0.97,1595122,26.5700,27.2500,26.4100
2023/12/04,26.8600,0.2700,-1.00,1202223,26.8400,27.0400,26.3000
2023/12/01,27.1300,0.1700,+0.63,3061764,26.7700,27.6200,26.1500
2023/11/30,26.9600,0.3200,-1.17,1748414,27.7500,27.7500,26.6950
2023/11/29,27.2800,0.2900,+1.07,3082149,26.2200,28.2950,25.8900
2023/11/28,26.9900,0.0600,-0.22,1293808,27.0000,27.5597,26.7700
2023/11/27,27.0500,0.0700,-0.26,1302815,27.0200,27.3300,26.5600
2023/11/24,27.1200,0.5100,+1.92,410975,26.9000,27.2800,26.6900
2023/11/22,26.6100,0.2100,-0.78,1182492,26.9500,27.4200,26.3700
2023/11/21,26.8200,1.3100,-4.66,1912883,27.9800,27.9800,26.4400
2023/11/20,28.1300,0.0800,+0.29,1369588,28.2400,28.3900,27.5400
2023/11/17,28.0500,0.5500,+2.00,2192027,27.6800,28.3800,27.5900
2023/11/16,27.5000,0.2800,+1.03,1260030,27.1200,27.5500,27.0100
2023/11/15,27.2200,0.3400,+1.26,3026932,27.0000,27.9900,26.6400
2023/11/14,26.8800,1.2600,+4.92,1686307,26.4800,26.9000,26.2900
2023/11/13,25.6200,0.1400,+0.55,1003298,25.5100,26.0000,25.2100
2023/11/10,25.4800,1.0300,+4.21,1276438,24.6400,25.5300,24.6300
2023/11/09,24.4500,0.5100,-2.04,992859,25.0900,25.2700,24.3700
2023/11/08,24.9600,0.1600,+0.65,1265528,24.7000,25.2900,24.6400
2023/11/07,24.8000,0.0200,-0.08,1033091,24.7600,25.1300,24.3700
2023/11/06,24.8200,0.8400,-3.27,2031819,25.7100,26.0700,24.8000
2023/11/03,25.6600,0.8300,+3.34,1360746,25.0500,25.7000,25.0100
2023/11/02,24.8300,0.6900,+2.86,1891016,24.6300,25.1398,24.5600
2023/11/01,24.1400,0.7900,+3.38,1556921,23.4600,24.1500,23.4000
2023/10/31,23.3500,1.1000,+4.94,2238362,22.3300,23.5200,22.1100
2023/10/30,22.2500,0.1300,-0.58,2694529,22.8200,23.0000,21.8900
2023/10/27,22.3800,0.3000,-1.32,3017976,22.9300,23.3000,21.9100
2023/10/26,22.6800,2.6300,-10.39,7653051,24.2600,24.3000,20.8700
2023/10/25,25.3100,0.7000,-2.69,3629767,26.1500,26.1900,25.1100
2023/10/24,26.0100,0.3000,+1.17,2629271,25.8900,26.4500,25.5800
2023/10/23,25.7100,0.1000,-0.39,2369458,25.7400,26.2100,24.6800
2023/10/20,25.8100,0.2400,-0.92,1722986,25.9700,26.1700,25.3712
2023/10/19,26.0500,0.1400,-0.53,1383756,26.5900,26.6900,25.7200
2023/10/18,26.1900,1.0800,-3.96,1158396,27.0000,27.3300,26.1100
2023/10/17,27.2700,0.4500,+1.68,1582657,26.7800,27.2850,26.3300
2023/10/16,26.8200,0.9100,+3.51,2726904,27.3000,27.5800,26.4400
2023/10/13,25.9100,0.7900,-2.96,1315775,26.7500,26.8000,25.8300
2023/10/12,26.7000,0.2000,+0.75,1603041,26.5400,27.1700,26.2200
2023/10/11,26.5000,0.4500,+1.73,1691732,26.1600,26.9900,26.1600
2023/10/10,26.0500,0.6500,-2.43,1720685,26.7200,26.8400,25.9200
2023/10/09,26.7000,0.2800,+1.06,1866573,26.2100,26.9000,26.1400
2023/10/06,26.4200,0.6300,+2.44,3107129,25.5900,26.5990,25.4200
2023/10/05,25.7900,1.3700,+5.61,3082626,24.7200,25.8500,24.5000
2023/10/04,24.4200,0.7200,+3.04,2770470,23.7700,24.8500,23.7100
2023/10/03,23.7000,0.6700,-2.75,1902758,24.1000,24.4100,23.4905
2023/10/02,24.3700,0.1500,-0.61,1694835,24.5000,24.7400,24.2700
2023/09/29,24.5200,0.1000,+0.41,2531378,24.6600,25.2600,24.3400
2023/09/28,24.4200,1.1500,+4.94,1993170,23.3600,24.4300,23.3600
2023/09/27,23.2700,0.7000,+3.10,1222595,22.7800,23.5000,22.7800
2023/09/26,22.5700,0.4600,-2.00,1242217,22.8200,22.9150,22.2301
2023/09/25,23.0300,0.4800,+2.13,987736,22.3600,23.1500,22.3600
2023/09/22,22.5500,0.2500,+1.12,940425,22.4900,22.8800,22.4900
2023/09/21,22.3000,0.1800,-0.80,1396013,22.1900,22.5600,21.7300
2023/09/20,22.4800,0.2000,-0.88,999691,22.7700,23.1300,22.4400
2023/09/19,22.6800,0.0700,-0.31,1588262,22.7600,22.9400,22.3200
2023/09/18,22.7500,0.0400,-0.18,1174062,22.8700,23.0300,22.6783
2023/09/15,22.7900,0.7000,-2.98,1045151,23.3800,23.5100,22.6300
2023/09/14,23.4900,0.1100,+0.47,1485904,23.5500,23.7700,23.0510
2023/09/13,23.3800,0.7700,-3.19,1601972,24.1500,24.2900,23.2900
2023/09/12,24.1500,0.0500,+0.21,2033838,24.0800,24.4600,23.9200
2023/09/11,24.1000,0.7400,+3.17,1818811,23.7050,24.2900,23.6400
2023/09/08,23.3600,0.0900,+0.39,1463184,23.3000,23.4600,23.1300
2023/09/07,23.2700,0.1200,-0.51,1411195,23.2200,23.4800,23.0700
2023/09/06,23.3900,0.1700,-0.72,1248464,23.4100,23.6450,23.1700
2023/09/05,23.5600,0.0500,+0.21,1479151,23.5000,23.5600,22.7271
2023/09/01,23.5100,0.2000,+0.86,1502584,23.5000,23.8900,23.2200
2023/08/31,23.3100,0.7800,+3.46,1892700,22.5500,23.4350,22.5000
2023/08/30,22.5300,0.4100,-1.79,1442726,22.9200,23.0350,22.4100
2023/08/29,22.9400,0.2000,+0.88,2015012,22.6700,23.3450,22.3500
2023/08/28,22.7400,0.9300,+4.26,1813555,21.9300,22.9000,21.9200
2023/08/25,21.8100,0.3100,-1.40,1444244,22.0100,22.1900,21.4000
2023/08/24,22.1200,0.0100,+0.05,4179320,22.5200,23.1900,21.8900
2023/08/23,22.1100,0.6600,+3.08,2718459,21.5000,22.4390,21.2405
2023/08/22,21.4500,0.7700,+3.72,3225689,20.7900,21.5100,20.7600
2023/08/21,20.6800,0.1500,+0.73,1062038,20.5500,21.0200,20.5500
2023/08/18,20.5300,0.3000,-1.44,1595298,20.4600,20.6200,20.2200
2023/08/17,20.8300,0.2500,-1.19,1839527,21.3900,21.7900,20.5700
2023/08/16,21.0800,0.0800,+0.38,1175685,21.0600,21.3450,21.0390
2023/08/15,21.0000,0.3900,-1.82,1620558,21.3900,21.4050,20.6300
2023/08/14,21.3900,0.5000,+2.39,2124781,20.8300,21.6300,20.7700
2023/08/11,20.8900,0.0600,+0.29,879815,20.7200,21.0200,20.7100
2023/08/10,20.8300,0.0700,+0.34,1484391,21.0000,21.2264,20.7000
2023/08/09,20.7600,0.3800,-1.80,1319358,21.2500,21.2500,20.4000
2023/08/08,21.1400,0.4000,-1.86,1902526,21.2200,21.2700,20.6500
2023/08/07,21.5400,0.1900,+0.89,1366697,21.4700,21.6800,21.4200
2023/08/04,21.3500,0.3000,+1.43,2154322,21.1100,21.9350,21.1100
2023/08/03,21.0500,0.1700,+0.81,1762721,20.7500,21.2700,20.5600
2023/08/02,20.8800,0.5000,-2.34,4432432,20.3200,21.1500,20.3000
2023/08/01,21.3800,0.6000,-2.73,3206808,21.8200,22.6800,21.1900
2023/07/31,21.9800,1.2600,+6.08,3794603,20.9800,22.0100,20.9200
2023/07/28,20.7200,2.7100,+15.05,6286524,19.4099,21.4100,19.3150
2023/07/27,18.0100,1.5500,+9.42,5220248,20.5100,20.6600,17.7300
2023/07/26,16.4600,0.0600,-0.36,782855,16.3500,16.5800,16.2778
2023/07/25,16.5200,0.2800,+1.72,692113,16.2700,16.5600,16.2500
2023/07/24,16.2400,0.1800,+1.12,529202,16.0400,16.3100,15.9800
2023/07/21,16.0600,0.0100,+0.06,339174,16.2200,16.2200,16.0150
2023/07/20,16.0500,0.3800,-2.31,466724,16.3200,16.4500,15.8900
2023/07/19,16.4300,0.1000,+0.61,546478,16.3900,16.6000,16.2900
2023/07/18,16.3300,0.0800,+0.49,597160,16.2000,16.3700,15.9750
2023/07/17,16.2500,0.4100,+2.59,756590,15.8800,16.3600,15.8400
2023/07/14,15.8400,0.6200,-3.77,994605,16.5100,16.6100,15.6150
2023/07/13,16.4600,0.4700,+2.94,1097805,16.1100,16.5550,16.0500
2023/07/12,15.9900,0.1400,+0.88,1205201,16.0100,16.2450,15.9700
2023/07/11,15.8500,0.4800,+3.12,1226582,15.4700,15.8600,15.4500
2023/07/10,15.3700,0.3800,+2.54,926257,15.0500,15.3800,14.9200
2023/07/07,14.9900,0.4500,+3.09,993500,14.6400,15.1300,14.5900
2023/07/06,14.5400,0.3000,-2.02,635052,14.6900,14.7900,14.3700
2023/07/05,14.8400,0.2700,+1.85,713815,14.4600,14.8500,14.3850
2023/07/03,14.5700,0.0700,+0.48,195685,14.5000,14.6350,14.4300
2023/06/30,14.5000,0.1300,+0.90,636516,14.5200,14.5600,14.4400
2023/06/29,14.3700,0.1100,+0.77,348468,14.3400,14.4800,14.3100
2023/06/28,14.2600,0.0000,0,528245,14.1400,14.4000,14.1200
2023/06/27,14.2600,0.1200,+0.85,1358030,14.1000,14.2900,13.5050
2023/06/26,14.1400,0.1000,-0.70,502464,14.2600,14.4290,14.1400
2023/06/23,14.2400,0.4000,-2.73,566552,14.3900,14.4950,14.1650
2023/06/22,14.6400,0.0900,-0.61,684554,14.7700,14.9100,14.6300
2023/06/21,14.7300,0.0500,-0.34,801868,14.7000,14.8300,14.3450
2023/06/20,14.7800,0.5400,+3.79,1205209,14.3000,14.9700,14.2400
2023/06/16,14.2400,0.3800,+2.74,1193315,14.0000,14.2800,13.8250
2023/06/15,13.8600,0.2800,+2.06,1707541,13.5800,13.8600,13.5100
2023/06/14,13.5800,0.0300,+0.22,685366,13.5300,13.7150,13.4640
2023/06/13,13.5500,0.0900,+0.67,866476,13.6400,13.7600,13.5150
2023/06/12,13.4600,0.4300,+3.30,1145760,13.0800,13.5550,13.0150
2023/06/09,13.0300,0.1700,+1.32,1552294,12.8800,13.1900,12.8650
2023/06/08,12.8600,0.0100,-0.08,1070488,12.9300,12.9700,12.7800
2023/06/07,12.8700,0.3100,+2.47,1346894,12.7300,12.9000,12.6400
2023/06/06,12.5600,0.4700,-3.61,4125093,12.2300,12.7200,12.2200
2023/06/05,13.0300,0.0900,-0.69,312568,13.1300,13.1250,12.8600
2023/06/02,13.1200,0.2700,+2.10,484963,13.0100,13.2250,12.9100
2023/06/01,12.8500,0.1200,+0.94,660232,12.7300,12.9800,12.5400
2023/05/31,12.7300,0.1800,-1.39,612409,12.8500,12.8700,12.6100
2023/05/30,12.9100,0.0600,+0.47,845279,13.0100,13.1800,12.7550
2023/05/26,12.8500,1.2200,+10.49,1122713,11.7200,12.9650,11.7200
2023/05/25,11.6300,0.4300,+3.84,512846,11.2300,11.6600,11.2300
2023/05/24,11.2000,0.1800,-1.58,350236,11.2700,11.3400,11.1300
2023/05/23,11.3800,0.0400,-0.35,452222,11.3500,11.5800,11.3150
2023/05/22,11.4200,0.0000,0,152617,11.4500,11.5300,11.3250
2023/05/19,11.4200,0.0200,+0.18,249436,11.5200,11.5200,11.3800
2023/05/18,11.4000,0.1500,+1.33,228473,11.2900,11.4300,11.2400
2023/05/17,11.2500,0.1000,+0.90,332183,11.2300,11.3400,11.1400
2023/05/16,11.1500,0.1000,+0.90,274341,10.9600,11.3150,10.9600
2023/05/15,11.0500,0.1400,+1.28,361018,10.9700,11.0800,10.8500
2023/05/12,10.9100,0.0300,-0.27,474455,10.9800,11.1000,10.7700
2023/05/11,10.9400,0.0100,+0.09,275830,10.8700,10.9950,10.7900
2023/05/10,10.9300,0.0200,+0.18,594514,11.0300,11.0500,10.8700
2023/05/09,10.9100,0.2300,-2.06,580769,11.0100,11.0200,10.8050
2023/05/08,11.1400,0.1200,+1.09,321797,11.1000,11.2400,10.9700
2023/05/05,11.0200,0.3900,+3.67,513150,10.7500,11.0950,10.7500
2023/05/04,10.6300,0.1400,-1.30,522984,10.7200,10.8700,10.6300
2023/05/03,10.7700,0.1100,+1.03,573186,10.7000,10.9650,10.7000
2023/05/02,10.6600,0.0400,-0.37,1009043,10.6200,10.7050,10.5000
2023/05/01,10.7000,0.1600,-1.47,965884,10.8000,10.9600,10.6600
2023/04/28,10.8600,0.3900,-3.47,848625,11.1900,11.1900,10.7500
2023/04/27,11.2500,0.5100,-4.34,938196,11.9600,12.1000,11.2200
2023/04/26,11.7600,0.4100,+3.61,885862,11.3000,11.8500,11.2600
2023/04/25,11.3500,0.4200,-3.57,537716,11.6200,11.6695,11.3300
2023/04/24,11.7700,0.1200,-1.01,532788,11.9300,12.0100,11.7300
2023/04/21,11.8900,0.1000,-0.83,482067,11.9800,11.9900,11.7800
2023/04/20,11.9900,0.1600,-1.32,590644,12.0900,12.1500,11.9100
2023/04/19,12.1500,0.2500,-2.02,453575,12.2600,12.3200,12.1150
2023/04/18,12.4000,0.1400,-1.12,244050,12.5300,12.6500,12.3450
2023/04/17,12.5400,0.0400,+0.32,241898,12.4900,12.5798,12.4373
2023/04/14,12.5000,0.0400,-0.32,226630,12.5100,12.7400,12.4000
2023/04/13,12.5400,0.0700,+0.56,658300,12.4700,12.6250,12.3600
2023/04/12,12.4700,0.1600,+1.30,472074,12.4400,12.6400,12.3700
2023/04/11,12.3100,0.0600,+0.49,529422,12.3200,12.4200,12.2200
2023/04/10,12.2500,0.3000,+2.51,1236761,12.0100,12.2700,11.9400
2023/04/06,11.9500,0.2000,-1.65,772265,11.9700,12.1995,11.9200
2023/04/05,12.1500,0.2300,-1.86,378425,12.3600,12.4300,11.9700
2023/04/04,12.3800,0.2600,-2.06,484429,12.6000,12.6100,12.1950
2023/04/03,12.6400,0.2600,-2.02,530441,12.8400,13.0050,12.5800
2023/03/31,12.9000,0.2600,+2.06,423286,12.7100,12.9250,12.6850
2023/03/30,12.6400,0.0600,+0.48,314223,12.7000,12.8600,12.6400
2023/03/29,12.5800,0.2300,+1.86,793886,12.5000,12.6500,12.4200
2023/03/28,12.3500,0.1900,-1.52,315786,12.5000,12.5000,12.2300
2023/03/27,12.5400,0.1700,+1.37,324985,12.5100,12.6600,12.4100
2023/03/24,12.3700,0.0700,-0.56,215229,12.3400,12.3900,12.2350
2023/03/23,12.4400,0.1300,+1.06,328355,12.4400,12.6900,12.3700
2023/03/22,12.3100,0.1000,-0.81,259419,12.4000,12.5700,12.3100
2023/03/21,12.4100,0.1700,+1.39,212012,12.4000,12.6300,12.3200
2023/03/20,12.2400,0.2400,+2.00,232570,12.0500,12.3000,12.0200
2023/03/17,12.0000,0.1000,+0.84,372644,11.8400,12.0850,11.8100
2023/03/16,11.9000,0.0300,+0.25,614828,11.7300,12.0000,11.5300
2023/03/15,11.8700,0.5000,-4.04,700764,12.0800,12.0927,11.7400
2023/03/14,12.3700,0.0100,-0.08,894215,12.6100,12.8500,12.2300
2023/03/13,12.3800,0.1300,-1.04,648288,12.2700,12.7800,12.2100
2023/03/10,12.5100,0.3200,-2.49,575350,12.7800,12.8500,12.4050
2023/03/09,12.8300,0.3200,-2.43,254760,13.1300,13.2300,12.8100
2023/03/08,13.1500,0.1500,+1.15,712711,13.0600,13.2350,13.0200
2023/03/07,13.0000,0.0900,-0.69,291315,13.1100,13.1100,12.8250
2023/03/06,13.0900,0.1100,-0.83,303249,13.1500,13.2900,13.0450
2023/03/03,13.2000,0.1800,+1.38,260265,13.1300,13.3150,13.0700
2023/03/02,13.0200,0.0100,+0.08,352264,12.8500,13.1400,12.7800
2023/03/01,13.0100,0.0600,+0.46,281092,12.9500,13.1900,12.9300
2023/02/28,12.9500,0.1000,-0.77,592421,13.0400,13.0400,12.8500
2023/02/27,13.0500,0.0700,-0.53,274031,13.2500,13.2800,13.0425
2023/02/24,13.1200,0.0100,+0.08,365328,12.9100,13.1300,12.8305
2023/02/23,13.1100,0.1000,+0.77,331488,13.1000,13.2200,12.9000
2023/02/22,13.0100,0.0600,+0.46,944877,12.9700,13.0800,12.8100
2023/02/21,12.9500,0.2200,-1.67,543825,13.1000,13.2000,12.9150
2023/02/17,13.1700,0.2800,-2.08,470646,13.4400,13.4693,13.1100
2023/02/16,13.4500,0.2100,-1.54,321442,13.4600,13.6500,13.4100
2023/02/15,13.6600,0.0400,-0.29,422156,13.5800,13.8100,13.5600
2023/02/14,13.7000,0.1000,+0.74,747636,13.5600,13.7850,13.4200
2023/02/13,13.6000,0.2100,+1.57,505909,13.3800,13.7400,13.3300
2023/02/10,13.3900,0.1400,+1.06,316827,13.1700,13.4800,13.1700
2023/02/09,13.2500,0.1000,-0.75,300050,13.4900,13.5700,13.2250
2023/02/08,13.3500,0.0300,-0.22,243577,13.2800,13.4800,13.2500
2023/02/07,13.3800,0.1500,-1.11,398467,13.5400,13.5900,13.2500
2023/02/06,13.5300,0.1500,-1.10,470877,13.5000,13.6000,13.3950
2023/02/03,13.6800,0.0200,-0.15,542763,13.5200,13.9050,13.4400
2023/02/02,13.7000,0.2300,+1.71,952636,13.5300,13.9700,13.5300
2023/02/01,13.4700,0.1400,+1.05,482108,13.1200,13.5600,13.0900
2023/01/31,13.3300,0.5900,+4.63,547599,12.7900,13.3400,12.6700
2023/01/30,12.7400,0.4600,-3.48,670416,13.0200,13.0450,12.7200
2023/01/27,13.2000,0.0700,+0.53,554165,13.2000,13.4700,13.0800
2023/01/26,13.1300,0.0200,-0.15,998839,13.6300,14.2800,13.0200
2023/01/25,13.1500,0.0500,-0.38,670692,13.0400,13.2200,12.9700
2023/01/24,13.2000,0.0200,+0.15,373464,13.2700,13.3550,13.0900
2023/01/23,13.1800,0.2000,+1.54,328760,13.0100,13.2600,13.0036
2023/01/20,12.9800,0.2400,+1.88,244714,12.7900,13.0200,12.7000
2023/01/19,12.7400,0.0500,-0.39,581551,12.6300,12.8500,12.5188
2023/01/18,12.7900,0.2600,-1.99,562281,13.1000,13.2100,12.7800
2023/01/17,13.0500,0.0500,+0.38,587083,13.1000,13.1800,12.8700
2023/01/13,13.0000,0.3100,+2.44,502523,12.6200,13.0300,12.5500
2023/01/12,12.6900,0.2600,+2.09,364762,12.4900,12.8000,12.3800
2023/01/11,12.4300,0.3700,+3.07,516407,12.1000,12.4800,12.0700
2023/01/10,12.0600,0.3200,+2.73,583548,11.7500,12.0800,11.7000
2023/01/09,11.7400,0.3600,+3.16,297863,11.4800,11.8200,11.4700
2023/01/06,11.3800,0.3900,+3.55,269440,11.0900,11.4500,11.0500
2023/01/05,10.9900,0.3200,-2.83,418552,11.2000,11.2900,10.9900
2023/01/04,11.3100,0.0400,-0.35,308410,11.4800,11.7500,11.2750
2023/01/03,11.3500,0.0800,+0.71,374733,11.3200,11.5200,11.2800
2022/12/30,11.2700,0.1400,+1.26,310064,11.0000,11.3050,10.9400
2022/12/29,11.1300,0.3900,+3.63,332206,10.8400,11.1900,10.8000
2022/12/28,10.7400,0.1000,-0.92,337772,10.8100,11.0300,10.7300
2022/12/27,10.8400,0.0200,-0.18,268889,10.8300,10.9700,10.8000
2022/12/23,10.8600,0.0200,+0.18,108123,10.8100,10.9100,10.7200
2022/12/22,10.8400,0.2600,-2.34,316494,10.9400,10.9851,10.5700
2022/12/21,11.1000,0.1900,+1.74,240421,11.0000,11.2800,11.0000
2022/12/20,10.9100,0.0800,+0.74,241610,10.7700,10.9800,10.7600
2022/12/19,10.8300,0.2000,-1.81,212938,11.0300,11.1300,10.7850
2022/12/16,11.0300,0.1200,+1.10,488023,10.7900,11.1000,10.7100
2022/12/15,10.9100,0.4900,-4.30,282360,11.2200,11.2600,10.8950
2022/12/14,11.4000,0.0100,+0.09,385179,11.4200,11.5450,11.2400
2022/12/13,11.3900,0.4900,+4.50,420736,11.2000,11.4150,11.1800
2022/12/12,10.9000,0.0800,-0.73,428957,11.0100,11.0700,10.8700
2022/12/09,10.9800,0.0900,-0.81,252558,11.0100,11.1400,10.9400
2022/12/08,11.0700,0.2700,+2.50,200721,10.8000,11.1400,10.8000
2022/12/07,10.8000,0.0300,+0.28,234246,10.6900,10.8100,10.5800
2022/12/06,10.7700,0.0700,-0.65,362016,10.8700,10.8700,10.6500
2022/12/05,10.8400,0.3700,-3.30,366502,11.1400,11.2500,10.8000
2022/12/02,11.2100,0.0300,-0.27,498994,11.0700,11.3500,11.0700
2022/12/01,11.2400,0.0800,+0.72,458550,11.2400,11.3400,11.1650
2022/11/30,11.1600,0.3100,+2.86,304785,10.8500,11.1800,10.7900
2022/11/29,10.8500,0.1100,-1.00,369776,10.9800,11.0250,10.7650
2022/11/28,10.9600,0.2900,-2.58,437143,11.0900,11.0900,10.9450
2022/11/25,11.2500,0.0700,+0.63,131163,11.1800,11.3000,11.1450
2022/11/23,11.1800,0.0000,0,275350,11.1800,11.2100,10.9900
2022/11/22,11.1800,0.1100,+0.99,394699,11.0900,11.1800,10.9800
2022/11/21,11.0700,0.1300,-1.16,250743,11.2100,11.2800,11.0600
2022/11/18,11.2000,0.0100,-0.09,277836,11.3200,11.3200,11.0500
2022/11/17,11.2100,0.2300,-2.01,369415,11.2600,11.2700,11.0900
2022/11/16,11.4400,0.0500,+0.44,472606,11.3400,11.4500,11.1026
2022/11/15,11.3900,0.0500,-0.44,419105,11.6400,11.7800,11.3600
2022/11/14,11.4400,0.0100,-0.09,558431,11.4000,11.8000,11.3200
2022/11/11,11.4500,0.1700,+1.51,400517,11.4100,11.7200,11.4100
2022/11/10,11.2800,0.3900,+3.58,380393,11.4500,11.4500,11.1600
2022/11/09,10.8900,0.1000,-0.91,275777,10.9200,11.0500,10.7600
2022/11/08,10.9900,0.2600,+2.42,443642,10.7500,11.0900,10.7000
2022/11/07,10.7300,0.0900,+0.85,260650,10.6400,10.8400,10.4745
2022/11/04,10.6400,0.1800,+1.72,349892,10.6900,10.9000,10.5095
2022/11/03,10.4600,0.2600,-2.43,487865,10.5800,10.6100,10.3300
2022/11/02,10.7200,0.3500,-3.16,495011,11.0100,11.1500,10.7200
2022/11/01,11.0700,0.1100,+1.00,563960,11.2100,11.2550,10.9200
2022/10/31,10.9600,0.1000,-0.90,704809,10.9900,11.1600,10.8500
2022/10/28,11.0600,0.2900,+2.69,952027,10.8500,11.2750,10.8300
2022/10/27,10.7700,0.1100,-1.01,953717,11.0200,11.0898,10.7200
2022/10/26,10.8800,0.1800,-1.63,996632,11.2300,11.6000,10.8700
2022/10/25,11.0600,1.5600,+16.42,1611408,10.9100,11.6800,10.8600
2022/10/24,9.5000,0.2500,+2.70,505024,9.3000,9.5850,9.2200
2022/10/21,9.2500,0.1100,+1.20,361940,9.1000,9.2900,9.0700
2022/10/20,9.1400,0.0500,-0.54,324246,9.1900,9.4300,9.1150
2022/10/19,9.1900,0.0700,-0.76,646812,9.2200,9.3100,9.1400
2022/10/18,9.2600,0.2200,+2.43,516170,9.2600,9.5300,9.2000
2022/10/17,9.0400,0.4100,+4.75,505193,8.8100,9.1300,8.8100
2022/10/14,8.6300,0.2300,-2.60,211481,8.9600,8.9600,8.5650
2022/10/13,8.8600,0.2200,+2.55,234434,8.4300,8.9200,8.3400
2022/10/12,8.6400,0.0900,+1.05,278361,8.5500,8.6750,8.4600
2022/10/11,8.5500,0.1800,-2.06,477527,8.7000,8.8400,8.4650
2022/10/10,8.7300,0.2600,-2.89,388283,9.0500,9.0500,8.7000
2022/10/07,8.9900,0.0800,-0.88,304923,8.8800,9.0000,8.8200
2022/10/06,9.0700,0.0400,-0.44,462927,9.0500,9.1900,8.9800
2022/10/05,9.1100,0.0100,-0.11,604676,9.0000,9.1450,8.9250
2022/10/04,9.1200,0.4200,+4.83,467283,8.9200,9.1900,8.9200
2022/10/03,8.7000,0.2900,+3.45,521693,8.5300,8.7650,8.4600
2022/09/30,8.4100,0.0600,-0.71,411360,8.4400,8.6300,8.3312
2022/09/29,8.4700,0.1900,-2.19,387751,8.5300,8.5600,8.3900
2022/09/28,8.6600,0.3000,+3.59,645352,8.3600,8.7200,8.3500
2022/09/27,8.3600,0.0800,+0.97,499320,8.3600,8.5400,8.2600
2022/09/26,8.2800,0.2700,-3.16,391266,8.4800,8.6600,8.2100
2022/09/23,8.5500,0.3000,-3.39,250579,8.6800,8.7291,8.4500
2022/09/22,8.8500,0.1300,-1.45,412097,9.0200,9.0200,8.7000
2022/09/21,8.9800,0.1800,-1.97,403152,9.2300,9.2300,8.9300
2022/09/20,9.1600,0.3300,-3.48,177876,9.2900,9.3300,9.0900
2022/09/19,9.4900,0.0400,+0.42,227603,9.2800,9.5200,9.2800
2022/09/16,9.4500,0.3100,-3.18,369099,9.5800,9.6200,9.3450
2022/09/15,9.7600,0.1500,-1.51,187629,9.8900,9.9400,9.7100
2022/09/14,9.9100,0.0300,+0.30,330109,9.9000,10.0000,9.7300
2022/09/13,9.8800,0.5000,-4.82,269300,10.1200,10.1500,9.8700
2022/09/12,10.3800,0.2200,+2.17,237623,10.2300,10.4450,10.2300
2022/09/09,10.1600,0.2100,+2.11,518414,9.9800,10.2050,9.9000
2022/09/08,9.9500,0.0000,0,419309,9.8700,9.9900,9.7300
2022/09/07,9.9500,0.2400,+2.47,255589,9.6500,9.9850,9.6100
2022/09/06,9.7100,0.1400,-1.42,233722,9.9200,9.9850,9.6700
2022/09/02,9.8500,0.0900,+0.92,261618,9.8200,10.0100,9.7200
2022/09/01,9.7600,0.5600,-5.43,285160,10.2800,10.2800,9.6400
2022/08/31,10.3200,0.1200,+1.18,411061,10.2100,10.4500,10.1100
2022/08/30,10.2000,0.4500,-4.23,471624,10.6500,10.6800,10.1400
2022/08/29,10.6500,0.0600,-0.56,207235,10.6600,10.7200,10.5500
2022/08/26,10.7100,0.6100,-5.39,405899,11.3100,11.4200,10.6900
2022/08/25,11.3200,0.2400,+2.17,205627,11.0900,11.3200,11.0350
2022/08/24,11.0800,0.0200,-0.18,189819,11.1300,11.1650,11.0500
2022/08/23,11.1000,0.0600,+0.54,179254,11.0000,11.2100,11.0000
2022/08/22,11.0400,0.2400,-2.13,173438,11.2000,11.2000,11.0100
2022/08/19,11.2800,0.3600,-3.09,220807,11.4900,11.5400,11.2200
2022/08/18,11.6400,0.3200,+2.83,650358,11.4800,11.6900,11.4500
2022/08/17,11.3200,0.1400,-1.22,393209,11.3800,11.6900,11.2100
2022/08/16,11.4600,0.2400,+2.14,241723,11.3000,11.4800,11.1900
2022/08/15,11.2200,0.1200,-1.06,193815,11.2100,11.3100,11.0900
2022/08/12,11.3400,0.0400,+0.35,337747,11.3100,11.4000,11.2500
2022/08/11,11.3000,0.1000,-0.88,291301,11.5000,11.5350,11.2650
2022/08/10,11.4000,0.6100,+5.65,452606,11.0200,11.4200,10.9700
2022/08/09,10.7900,0.2000,-1.82,503402,10.9100,10.9800,10.7350
2022/08/08,10.9900,0.0500,+0.46,314010,10.9900,11.0600,10.8300
2022/08/05,10.9400,0.0200,-0.18,771000,10.8200,11.0200,10.7650
2022/08/04,10.9600,0.0800,-0.72,571098,11.1100,11.1700,10.7200
2022/08/03,11.0400,0.5300,+5.04,657234,10.6000,11.1150,10.5400
2022/08/02,10.5100,0.0700,+0.67,395074,10.4200,10.5800,10.3100
2022/08/01,10.4400,0.1000,-0.95,300252,10.4800,10.5300,10.3200
2022/07/29,10.5400,0.0400,+0.38,685855,10.4500,10.7100,10.4400
2022/07/28,10.5000,0.3200,+3.14,792142,10.2700,10.5300,10.2600
2022/07/27,10.1800,0.2400,+2.41,1196601,10.4500,10.6300,9.9300
2022/07/26,9.9400,0.6400,-6.05,1357086,10.7100,10.9100,9.1800
2022/07/25,10.5800,0.1800,+1.73,406241,10.4200,10.6000,10.3300
2022/07/22,10.4000,0.2000,-1.89,274506,10.6600,10.6600,10.3500
2022/07/21,10.6000,0.2600,+2.51,357420,10.3200,10.6201,10.2100
2022/07/20,10.3400,0.2500,+2.48,244567,10.0000,10.3500,10.0000
2022/07/19,10.0900,0.3500,+3.59,577950,9.8900,10.1700,9.8800
2022/07/18,9.7400,0.0100,-0.10,212009,9.7800,10.0050,9.7100
2022/07/15,9.7500,0.1600,+1.67,170520,9.6900,9.7500,9.5300
2022/07/14,9.5900,0.0800,-0.83,242609,9.4800,9.5950,9.3200
2022/07/13,9.6700,0.0500,-0.51,221280,9.5700,9.7300,9.4400
2022/07/12,9.7200,0.1200,+1.25,204495,9.5800,9.8200,9.5800
2022/07/11,9.6000,0.1800,-1.84,193422,9.6600,9.7000,9.5650
2022/07/08,9.7800,0.1400,-1.41,567170,9.9200,9.9500,9.6403
2022/07/07,9.9200,0.4000,+4.20,370946,9.5900,10.0450,9.5900
2022/07/06,9.5200,0.0900,+0.95,399197,9.3800,9.6000,9.2800
2022/07/05,9.4300,0.2000,-2.08,488033,9.5600,9.6000,9.1200
2022/07/01,9.6300,0.0900,-0.93,329376,9.5900,9.6900,9.3000
2022/06/30,9.7200,0.0700,-0.72,346248,9.7200,9.8000,9.4700
2022/06/29,9.7900,0.2000,-2.00,449037,9.9500,10.0000,9.7200
2022/06/28,9.9900,0.3000,-2.92,396611,10.3500,10.4350,9.9800
2022/06/27,10.2900,0.4000,+4.04,228826,9.9700,10.3600,9.9200
2022/06/24,9.8900,0.3100,+3.24,345926,9.7200,9.9100,9.6600
2022/06/23,9.5800,0.1800,-1.84,218754,9.7300,9.7700,9.4400
2022/06/22,9.7600,0.1800,-1.81,279299,9.7400,9.9400,9.6500
2022/06/21,9.9400,0.4400,+4.63,515889,9.7500,10.2300,9.7500
2022/06/17,9.5000,0.0800,-0.84,740736,9.6400,9.7350,9.2909
2022/06/16,9.5800,1.0200,-9.62,928838,10.3600,10.3700,9.5600
2022/06/15,10.6000,0.1900,+1.83,579109,10.4800,10.7500,10.3700
2022/06/14,10.4100,0.1400,+1.36,562580,10.3500,10.4950,10.2500
2022/06/13,10.2700,0.5800,-5.35,427916,10.5000,10.5700,10.2300
2022/06/10,10.8500,0.1400,-1.27,320724,10.7700,11.0000,10.7300
2022/06/09,10.9900,0.2000,-1.79,209505,11.0500,11.2500,10.9900
2022/06/08,11.1900,0.0700,-0.62,346273,11.1900,11.3400,11.1100
2022/06/07,11.2600,0.0600,+0.54,280068,11.0500,11.2950,11.0300
2022/06/06,11.2000,0.0600,+0.54,312514,11.3400,11.4450,11.0850
2022/06/03,11.1400,0.0100,-0.09,318013,11.0400,11.1600,10.9700
2022/06/02,11.1500,0.1000,+0.90,340385,11.0900,11.3000,11.0500
2022/06/01,11.0500,0.0200,+0.18,355031,11.0900,11.1250,10.8200
2022/05/31,11.0300,0.1000,+0.91,470595,10.8800,11.0900,10.7700
2022/05/27,10.9300,0.3800,+3.60,285780,10.6700,10.9500,10.6600
2022/05/26,10.5500,0.2300,+2.23,317135,10.3500,10.6200,10.3500
2022/05/25,10.3200,0.0500,-0.48,325052,10.2600,10.4400,10.1900
2022/05/24,10.3700,0.1200,-1.14,486340,10.3700,10.4300,10.1800
2022/05/23,10.4900,0.2200,+2.14,321706,10.3400,10.5200,10.2900
2022/05/20,10.2700,0.4200,-3.93,382472,10.7400,10.7698,10.0500
2022/05/19,10.6900,0.3600,-3.26,386177,10.8100,11.1300,10.6700
2022/05/18,11.0500,0.3000,-2.64,610132,11.2100,11.4200,10.9500
2022/05/17,11.3500,0.6300,+5.88,559836,10.8800,11.3700,10.8700
2022/05/16,10.7200,0.1300,+1.23,498663,10.5000,10.8450,10.5000
2022/05/13,10.5900,0.5400,+5.37,607262,10.1100,10.6650,10.1100
2022/05/12,10.0500,0.0800,-0.79,649344,9.9900,10.3700,9.9100
2022/05/11,10.1300,0.0700,-0.69,668709,10.1900,10.4800,10.1000
2022/05/10,10.2000,0.1800,+1.80,497511,10.1600,10.3650,10.0400
2022/05/09,10.0200,0.5200,-4.93,590989,10.3000,10.4400,9.9800
2022/05/06,10.5400,0.1900,-1.77,515478,10.6000,10.7150,10.4200
2022/05/05,10.7300,0.4500,-4.03,598989,11.0100,11.0400,10.6050
2022/05/04,11.1800,0.0700,+0.63,472679,11.0800,11.2000,10.7850
2022/05/03,11.1100,0.2800,+2.59,456076,10.8300,11.2100,10.7900
2022/05/02,10.8300,0.4000,-3.56,1149050,11.1300,11.1400,10.6650
2022/04/29,11.2300,0.1700,-1.49,892888,11.4500,11.6250,11.2050
2022/04/28,11.4000,0.7800,+7.34,1278190,11.1900,11.5722,10.9100
2022/04/27,10.6200,0.0500,+0.47,455312,10.5900,10.6800,10.4650
2022/04/26,10.5700,0.3300,-3.03,408457,10.8200,10.8200,10.5550
2022/04/25,10.9000,0.0700,-0.64,891179,10.8200,10.9400,10.4450
2022/04/22,10.9700,0.1700,-1.53,765084,11.0900,11.1000,10.8700
2022/04/21,11.1400,0.1900,-1.68,317279,11.4200,11.5300,11.0950
2022/04/20,11.3300,0.2200,+1.98,611594,11.2600,11.4396,11.2200
2022/04/19,11.1100,0.0900,+0.82,543785,10.9500,11.2050,10.9300
2022/04/18,11.0200,0.1000,-0.90,247752,11.0800,11.1900,10.9750
2022/04/14,11.1200,0.1800,-1.59,285864,11.2800,11.3959,11.1100
2022/04/13,11.3000,0.2000,+1.80,403374,11.0900,11.3900,11.0900
2022/04/12,11.1000,0.0800,+0.73,278185,11.0700,11.3600,11.0700
2022/04/11,11.0200,0.2700,-2.39,505038,11.1700,11.2625,10.9900
2022/04/08,11.2900,0.0300,+0.27,491001,11.2000,11.3800,11.0700
2022/04/07,11.2600,0.0200,+0.18,506837,11.2400,11.2900,11.0100
2022/04/06,11.2400,0.1200,-1.06,616008,11.2900,11.3350,11.1300
2022/04/05,11.3600,0.4400,-3.73,817827,11.7400,11.7800,11.3400
2022/04/04,11.8000,0.1100,-0.92,787567,12.0200,12.0200,11.6350
2022/04/01,11.9100,0.0000,0,739892,11.9500,12.0200,11.7900
2022/03/31,11.9100,0.0100,-0.08,653192,11.9000,12.0150,11.5300
2022/03/30,11.9200,0.3200,-2.61,447028,12.2400,12.2400,11.9000
2022/03/29,12.2400,0.0700,+0.58,862868,12.2500,12.7000,12.1900
2022/03/28,12.1700,0.1000,-0.81,436781,12.2400,12.2700,11.9800
2022/03/25,12.2700,0.0700,+0.57,633172,12.3000,12.3650,12.0700
2022/03/24,12.2000,0.1100,+0.91,698757,12.1300,12.2300,11.8450
2022/03/23,12.0900,0.2300,-1.87,345814,12.2400,12.3350,12.0650
2022/03/22,12.3200,0.1000,-0.81,347721,12.4600,12.5712,12.3000
2022/03/21,12.4200,0.2300,+1.89,661712,12.3000,12.6300,12.2200
2022/03/18,12.1900,0.4100,-3.25,970700,12.5400,12.5400,12.0700
2022/03/17,12.6000,0.1000,+0.80,973515,12.4200,12.6300,12.3100
2022/03/16,12.5000,0.9000,+7.76,955479,11.8700,12.6300,11.8600
2022/03/15,11.6000,0.3000,+2.65,391172,11.3400,11.6200,11.3100
2022/03/14,11.3000,0.3500,-3.00,412676,11.7500,11.7500,11.2900
2022/03/11,11.6500,0.1500,+1.30,502394,11.5700,11.6900,11.4800
2022/03/10,11.5000,0.3800,-3.20,533147,11.7100,11.7500,11.3800
2022/03/09,11.8800,0.4100,+3.57,423595,11.7900,11.9095,11.5900
2022/03/08,11.4700,0.6100,+5.62,1020177,10.9200,11.8100,10.7820
2022/03/07,10.8600,0.6500,-5.65,792178,11.4600,11.5400,10.8300
2022/03/04,11.5100,0.4700,-3.92,473907,11.7700,11.7800,11.3900
2022/03/03,11.9800,0.1200,+1.01,486019,11.9100,12.0200,11.7200
2022/03/02,11.8600,0.3600,+3.13,506293,11.5500,12.0100,11.5500
2022/03/01,11.5000,0.3900,-3.28,475556,11.8900,11.9500,11.4800
2022/02/28,11.8900,0.1900,-1.57,460120,11.8700,12.1100,11.8350
2022/02/25,12.0800,0.4400,+3.78,522000,11.7600,12.0901,11.7250
2022/02/24,11.6400,0.1300,-1.10,694944,11.3500,11.6800,11.1700
2022/02/23,11.7700,0.2600,-2.16,622806,12.1200,12.3300,11.7300
2022/02/22,12.0300,0.3300,-2.67,734666,12.2400,12.4000,12.0100
2022/02/18,12.3600,0.0400,+0.32,553613,12.3100,12.5000,12.2700
2022/02/17,12.3200,0.1600,-1.28,606785,12.3100,12.4440,12.1950
2022/02/16,12.4800,0.0300,-0.24,809591,12.5400,12.6400,12.3650
2022/02/15,12.5100,0.5200,+4.34,642019,12.1500,12.5450,12.0600
2022/02/14,11.9900,0.0000,0,557645,11.9600,12.1900,11.8700
2022/02/11,11.9900,0.1100,-0.91,779289,12.1000,12.3850,11.8800
2022/02/10,12.1000,0.1100,-0.90,934890,11.9900,12.3800,11.9900
2022/02/09,12.2100,0.4300,+3.65,1080846,11.8800,12.3500,11.7500
2022/02/08,11.7800,0.0500,-0.42,1541430,11.8200,11.9050,11.6950
2022/02/07,11.8300,0.3300,-2.71,1192277,12.1900,12.2366,11.7900
2022/02/04,12.1600,0.4500,-3.57,900217,12.5200,12.5600,11.9600
2022/02/03,12.6100,0.0500,-0.39,891255,12.5500,12.7100,12.4600
2022/02/02,12.6600,0.1900,-1.48,1176870,13.0000,13.4000,12.5300
2022/02/01,12.8500,0.4000,+3.21,1391607,12.5000,12.8600,12.1701
2022/01/31,12.4500,0.0300,-0.24,1010539,12.4300,12.5300,12.1100
2022/01/28,12.4800,0.8400,+7.22,713087,11.7300,12.4900,11.6300
2022/01/27,11.6400,0.6700,+6.11,1034110,11.3400,12.4100,11.3400
2022/01/26,10.9700,0.0300,+0.27,554064,11.1500,11.2200,10.8908
2022/01/25,10.9400,0.1500,+1.39,790779,10.6000,11.1300,10.5500
2022/01/24,10.7900,0.1200,+1.12,691623,10.4300,10.8400,10.1500
2022/01/21,10.6700,0.0400,-0.37,583590,10.5900,10.9000,10.5200
2022/01/20,10.7100,0.0900,-0.83,440168,10.8800,11.1300,10.6950
2022/01/19,10.8000,0.2900,-2.61,497630,11.1500,11.3400,10.7800
2022/01/18,11.0900,0.4900,-4.23,431650,11.3900,11.3900,11.0100
2022/01/14,11.5800,0.0000,0,570621,11.5100,11.7300,11.4700
2022/01/13,11.5800,0.2000,+1.76,553920,11.5200,11.8650,11.4400
2022/01/12,11.3800,0.1200,+1.07,366362,11.3700,11.4600,11.2105
2022/01/11,11.2600,0.3700,+3.40,408827,10.7700,11.3700,10.7700
2022/01/10,10.8900,0.2000,-1.80,397470,11.0000,11.0900,10.7600
2022/01/07,11.0900,0.2800,-2.46,372861,11.4100,11.4500,11.0800
2022/01/06,11.3700,0.2600,-2.24,435250,11.6900,11.7800,11.3400
2022/01/05,11.6300,0.1000,-0.85,652980,11.7600,12.0400,11.6200
2022/01/04,11.7300,0.5200,+4.64,995923,11.2100,11.7550,11.2100
2022/01/03,11.2100,0.0800,+0.72,314954,11.1400,11.3700,11.1300
2021/12/31,11.1300,0.1000,+0.91,224990,11.0000,11.1700,11.0000
2021/12/30,11.0300,0.1400,-1.25,187764,11.1800,11.2600,11.0300
2021/12/29,11.1700,0.0000,0,245198,11.3300,11.3500,11.0950
2021/12/28,11.1700,0.0700,-0.62,173518,11.2700,11.2790,11.0850
2021/12/27,11.2400,0.3600,+3.31,359111,11.0200,11.2800,10.9350
2021/12/23,10.8800,0.1200,+1.12,662464,10.8300,11.0000,10.7900
2021/12/22,10.7600,0.2200,+2.09,386020,10.5800,10.8099,10.5439
2021/12/21,10.5400,0.4200,+4.15,302053,10.2100,10.5700,10.2100
2021/12/20,10.1200,0.4000,-3.80,472813,10.2500,10.2600,9.9311
2021/12/17,10.5200,0.0400,-0.38,449897,10.5000,10.8250,10.4700
2021/12/16,10.5600,0.0000,0,573558,10.7200,10.8600,10.5395
2021/12/15,10.5600,0.1800,+1.73,314964,10.3900,10.5700,10.2200
2021/12/14,10.3800,0.0000,0,317830,10.3400,10.4800,10.2600
2021/12/13,10.3800,0.3000,-2.81,278793,10.6400,10.6997,10.3000
2021/12/10,10.6800,0.1100,+1.04,309827,10.6300,10.7000,10.4600
2021/12/09,10.5700,0.2900,-2.67,273784,10.8000,10.8000,10.5600
2021/12/08,10.8600,0.0700,-0.64,216284,10.9500,10.9800,10.8200
2021/12/07,10.9300,0.2600,+2.44,324493,10.9000,11.0200,10.8100
2021/12/06,10.6700,0.1200,+1.14,343799,10.6500,10.8700,10.5400
2021/12/03,10.5500,0.1700,+1.64,446158,10.4300,10.6000,10.2800
2021/12/02,10.3800,0.5300,+5.38,440302,9.9800,10.4500,9.9350
2021/12/01,9.8500,0.3800,-3.71,1035550,10.5800,10.5800,9.8300
2021/11/30,10.2300,0.2000,-1.92,431595,10.3000,10.4341,10.0200
2021/11/29,10.4300,0.3500,-3.25,729885,10.9700,11.0000,10.4200
2021/11/26,10.7800,0.4700,-4.18,264847,11.0000,11.1200,10.6850
2021/11/24,11.2500,0.0000,0,257776,11.1500,11.3300,11.1500
2021/11/23,11.2500,0.0200,+0.18,246621,11.2300,11.3700,11.1400
2021/11/22,11.2300,0.0100,+0.09,327515,11.2500,11.4300,11.1800
2021/11/19,11.2200,0.2100,-1.84,286597,11.2700,11.4200,11.2000
2021/11/18,11.4300,0.0400,-0.35,376092,11.4200,11.5900,11.3800
2021/11/17,11.4700,0.1500,+1.33,293556,11.3000,11.5100,11.2800
2021/11/16,11.3200,0.2300,-1.99,400554,11.5800,11.6900,11.3100
2021/11/15,11.5500,0.0500,-0.43,432659,11.6900,11.8800,11.5300
2021/11/12,11.6000,0.0600,+0.52,381096,11.5400,11.7700,11.5400
2021/11/11,11.5400,0.2600,+2.30,312852,11.3000,11.6400,11.2800
2021/11/10,11.2800,0.2200,-1.91,497965,11.4700,11.7000,11.2800
2021/11/09,11.5000,0.4100,+3.70,664490,11.1300,11.5400,11.0200
2021/11/08,11.0900,0.0800,+0.73,510291,11.0200,11.2400,11.0200
2021/11/05,11.0100,0.4300,+4.06,464115,10.6900,11.0700,10.6500
2021/11/04,10.5800,0.0400,-0.38,257589,10.6200,10.7100,10.5000
2021/11/03,10.6200,0.2100,+2.02,405175,10.3900,10.6900,10.3500
2021/11/02,10.4100,0.1800,+1.76,278085,10.2800,10.4250,10.1200
2021/11/01,10.2300,0.4100,+4.18,873206,9.8900,10.3600,9.8900
2021/10/29,9.8200,0.0100,+0.10,254545,9.8200,9.8550,9.6300
2021/10/28,9.8100,0.0100,+0.10,648375,9.7000,9.8750,9.4100
2021/10/27,9.8000,0.2700,-2.68,626579,10.1400,10.1600,9.6200
2021/10/26,10.0700,0.6200,+6.56,830471,9.9200,10.5300,9.8500
2021/10/25,9.4500,0.1100,+1.18,265953,9.3900,9.4900,9.3200
2021/10/22,9.3400,0.0000,0,246881,9.3200,9.4800,9.2800
2021/10/21,9.3400,0.1000,+1.08,284336,9.2400,9.3650,9.1799
2021/10/20,9.2400,0.1000,+1.09,159657,9.1200,9.2500,9.0600
2021/10/19,9.1400,0.1200,-1.30,167313,9.2100,9.3000,9.1000
2021/10/18,9.2600,0.0600,-0.64,371165,9.3000,9.3200,9.1050
2021/10/15,9.3200,0.0800,-0.85,324291,9.5800,9.6500,9.3200
2021/10/14,9.4000,0.1900,+2.06,322870,9.3000,9.4500,9.2500
2021/10/13,9.2100,0.0100,+0.11,224989,9.2000,9.2700,9.1500
2021/10/12,9.2000,0.1600,-1.71,270149,9.3800,9.3800,9.1800
2021/10/11,9.3600,0.0300,+0.32,177179,9.2700,9.5300,9.2700
2021/10/08,9.3300,0.1500,+1.63,221263,9.1600,9.3500,9.1600
2021/10/07,9.1800,0.2100,+2.34,167263,9.1000,9.2000,9.0500
2021/10/06,8.9700,0.1300,-1.43,254437,8.9900,9.0300,8.8900
2021/10/05,9.1000,0.0400,+0.44,143820,9.0800,9.1500,9.0500
2021/10/04,9.0600,0.1900,-2.05,393544,9.1700,9.2000,8.9891
2021/10/01,9.2500,0.3700,+4.17,507661,8.9400,9.3000,8.8600
2021/09/30,8.8800,0.1200,-1.33,346536,9.0900,9.1900,8.8400
2021/09/29,9.0000,0.1300,-1.42,393549,9.1200,9.1600,8.8400
2021/09/28,9.1300,0.2700,-2.87,621578,9.3200,9.3300,9.0900
2021/09/27,9.4000,0.0600,-0.63,411814,9.3800,9.5000,9.3200
2021/09/24,9.4600,0.2100,-2.17,758801,9.5900,9.6800,9.4500
2021/09/23,9.6700,0.2100,+2.22,931804,9.5100,9.9600,9.5100
2021/09/22,9.4600,1.4100,+17.52,1146945,8.4000,9.6000,8.4000
2021/09/21,8.0500,0.1200,-1.47,229109,8.2400,8.2400,8.0500
2021/09/20,8.1700,0.2800,-3.31,277724,8.2900,8.3200,8.0300
2021/09/17,8.4500,0.1700,-1.97,231856,8.6100,8.6100,8.4400
2021/09/16,8.6200,0.0900,-1.03,201614,8.7100,8.7100,8.5400
2021/09/15,8.7100,0.0900,+1.04,247064,8.6100,8.7100,8.5300
2021/09/14,8.6200,0.1300,-1.49,203612,8.8300,8.8300,8.6000
2021/09/13,8.7500,0.0000,0,327676,8.8100,8.8100,8.6350
2021/09/10,8.7500,0.0700,-0.79,267147,8.8900,8.8900,8.7150
2021/09/09,8.8200,0.2400,-2.65,279457,9.0500,9.0500,8.7750
2021/09/08,9.0600,0.2100,-2.27,287322,9.2700,9.2700,9.0100
2021/09/07,9.2700,0.0800,-0.86,177404,9.3700,9.3800,9.2250
2021/09/03,9.3500,0.0400,+0.43,215981,9.3300,9.4100,9.2700
2021/09/02,9.3100,0.0400,-0.43,488811,9.3500,9.3750,9.2200
2021/09/01,9.3500,0.1500,-1.58,275266,9.5000,9.5000,9.3300
2021/08/31,9.5000,0.0300,+0.32,289321,9.4700,9.5000,9.3100
2021/08/30,9.4700,0.0500,-0.53,545633,9.5700,9.5700,9.4050
2021/08/27,9.5200,0.3900,+4.27,369789,9.1300,9.5200,9.1300
2021/08/26,9.1300,0.0000,0,441661,9.1400,9.1900,9.0800
2021/08/25,9.1300,0.0400,+0.44,255273,9.0600,9.1690,9.0400
2021/08/24,9.0900,0.1600,+1.79,178864,8.9300,9.0966,8.9200
2021/08/23,8.9300,0.1700,+1.94,242995,8.8300,8.9300,8.7500
2021/08/20,8.7600,0.0700,+0.81,164037,8.6500,8.8050,8.5900
2021/08/19,8.6900,0.0100,-0.11,396933,8.5900,8.7000,8.5200
2021/08/18,8.7000,0.0400,+0.46,291532,8.6100,8.7700,8.6100
2021/08/17,8.6600,0.0300,-0.35,280290,8.6600,8.7000,8.5700
2021/08/16,8.6900,0.0400,-0.46,193674,8.6700,8.7700,8.6300
2021/08/13,8.7300,0.0600,-0.68,161022,8.7300,8.8000,8.7100
2021/08/12,8.7900,0.0400,+0.46,492452,8.7000,8.8100,8.6650
2021/08/11,8.7500,0.0200,-0.23,467473,8.7900,8.7900,8.6400
2021/08/10,8.7700,0.0500,+0.57,172968,8.7300,8.8373,8.7100
2021/08/09,8.7200,0.0500,-0.57,389687,8.7400,8.7600,8.6200
2021/08/06,8.7700,0.0700,+0.80,199691,8.7400,8.7900,8.6600
2021/08/05,8.7000,0.0100,-0.11,238461,8.7400,8.8000,8.6800
2021/08/04,8.7100,0.3800,-4.18,407267,9.0200,9.1400,8.7000
2021/08/03,9.0900,0.1700,+1.91,412518,9.0100,9.1550,8.8000
2021/08/02,8.9200,0.0500,+0.56,382849,9.0000,9.0900,8.8800
2021/07/30,8.8700,0.0500,+0.57,1512000,8.8100,8.9900,8.7200
2021/07/29,8.8200,0.1400,-1.56,711524,9.0500,9.0500,8.7400
2021/07/28,8.9600,0.3600,+4.19,732534,8.6000,9.0250,8.5100
2021/07/27,8.6000,1.1400,+15.28,1267656,7.7600,8.6882,7.7600
2021/07/26,7.4600,0.1000,+1.36,334350,7.3200,7.5300,7.3100
2021/07/23,7.3600,0.0800,+1.10,283829,7.3400,7.3700,7.2450
2021/07/22,7.2800,0.2100,-2.80,258820,7.4900,7.4900,7.2650
2021/07/21,7.4900,0.2200,+3.03,347814,7.3100,7.5100,7.3100
2021/07/20,7.2700,0.1900,+2.68,486740,7.0800,7.3150,7.0100
2021/07/19,7.0800,0.2700,-3.67,506234,7.2200,7.2350,7.0400
2021/07/16,7.3500,0.1400,-1.87,321299,7.5600,7.5800,7.3200
2021/07/15,7.4900,0.1200,-1.58,257386,7.6000,7.6300,7.4300
2021/07/14,7.6100,0.0700,-0.91,363073,7.7000,7.8100,7.5750
2021/07/13,7.6800,0.0600,-0.78,234509,7.6900,7.7550,7.6300
2021/07/12,7.7400,0.0200,+0.26,213264,7.6600,7.7600,7.6200
2021/07/09,7.7200,0.1900,+2.52,259407,7.6300,7.8000,7.6000
2021/07/08,7.5300,0.0900,-1.18,253473,7.5000,7.6300,7.4400
2021/07/07,7.6200,0.1900,-2.43,403652,7.8000,7.8350,7.5200
2021/07/06,7.8100,0.2600,-3.22,540068,8.0700,8.0700,7.7500
2021/07/02,8.0700,0.0100,-0.12,363296,8.1100,8.1700,7.9800
2021/07/01,8.0800,0.2300,+2.93,251404,7.9000,8.1200,7.8500
2021/06/30,7.8500,0.1600,-2.00,446663,7.9800,7.9823,7.7650
2021/06/29,8.0100,0.0800,-0.99,392947,8.0700,8.1400,7.9500
2021/06/28,8.0900,0.0100,-0.12,349059,8.1400,8.1400,8.0200
2021/06/25,8.1000,0.2000,+2.53,265441,7.9300,8.1100,7.9200
2021/06/24,7.9000,0.1000,+1.28,158736,7.8800,7.9300,7.8000
2021/06/23,7.8000,0.1000,-1.27,200978,7.8600,7.9500,7.7900
2021/06/22,7.9000,0.0700,-0.88,296420,7.9700,8.0000,7.8009
2021/06/21,7.9700,0.2000,+2.57,336436,7.8200,7.9800,7.7900
2021/06/18,7.7700,0.2800,-3.48,515890,8.0500,8.0500,7.7600
2021/06/17,8.0500,0.1900,-2.31,575278,8.2400,8.2600,7.9800
2021/06/16,8.2400,0.0500,-0.60,173370,8.2600,8.2800,8.1600
2021/06/15,8.2900,0.1400,+1.72,501535,8.1600,8.4450,8.1500
2021/06/14,8.1500,0.1600,-1.93,324806,8.2900,8.2900,8.1300
2021/06/11,8.3100,0.1200,-1.42,124066,8.4800,8.5000,8.3000
2021/06/10,8.4300,0.0200,-0.24,106749,8.4700,8.4900,8.4100
2021/06/09,8.4500,0.0700,-0.82,101303,8.5200,8.5500,8.4500
2021/06/08,8.5200,0.1000,-1.16,117597,8.6200,8.6600,8.4700
2021/06/07,8.6200,0.0000,0,289022,8.7000,8.8000,8.5700
2021/06/04,8.6200,0.2000,+2.38,295348,8.4500,8.6600,8.4500
2021/06/03,8.4200,0.0100,-0.12,196768,8.3800,8.4700,8.2600
2021/06/02,8.4300,0.1700,-1.98,221599,8.6000,8.6200,8.3900
2021/06/01,8.6000,0.0200,-0.23,274277,8.7200,8.7200,8.4750
2021/05/28,8.6200,0.0700,-0.81,292548,8.7500,8.7500,8.5500
2021/05/27,8.6900,0.3900,+4.70,476049,8.3800,8.7100,8.3400
2021/05/26,8.3000,0.0600,-0.72,290998,8.3600,8.4100,8.1750
2021/05/25,8.3600,0.2900,-3.35,295431,8.6300,8.7300,8.3500
2021/05/24,8.6500,0.1600,+1.88,182360,8.6000,8.7300,8.5150
2021/05/21,8.4900,0.0800,-0.93,228801,8.5900,8.6300,8.4300
2021/05/20,8.5700,0.0800,-0.92,325997,8.6400,8.6600,8.4400
2021/05/19,8.6500,0.1200,+1.41,349808,8.3900,8.6600,8.3800
2021/05/18,8.5300,0.0400,+0.47,300793,8.4800,8.5600,8.4200
2021/05/17,8.4900,0.0800,+0.95,302005,8.3400,8.5200,8.3300
2021/05/14,8.4100,0.1700,+2.06,417849,8.3100,8.5000,8.2400
2021/05/13,8.2400,0.1500,+1.85,445735,8.1200,8.3100,8.0400
2021/05/12,8.0900,0.2300,-2.76,492109,8.2400,8.3000,8.0100
2021/05/11,8.3200,0.0100,+0.12,426146,8.1600,8.3400,7.9800
2021/05/10,8.3100,0.0000,0,358215,8.2900,8.3250,8.1600
2021/05/07,8.3100,0.1400,+1.71,300048,8.1300,8.3200,8.1183
2021/05/06,8.1700,0.1200,+1.49,305763,8.0400,8.1700,7.8700
2021/05/05,8.0500,0.0700,-0.86,463697,8.2000,8.2000,7.9500
2021/05/04,8.1200,0.2600,-3.10,374293,8.3400,8.3900,8.0600
2021/05/03,8.3800,0.0500,+0.60,348836,8.3900,8.5900,8.3300
2021/04/30,8.3300,0.0800,+0.97,686942,8.3000,8.5450,8.2100
2021/04/29,8.2500,0.2400,-2.83,762574,8.4300,8.4700,7.9000
2021/04/28,8.4900,0.0300,+0.35,376016,8.5400,8.5600,8.3600
2021/04/27,8.4600,0.0300,+0.36,321039,8.4400,8.5300,8.2900
2021/04/26,8.4300,0.1400,+1.69,273087,8.3400,8.5000,8.3200
2021/04/23,8.2900,0.1800,+2.22,242724,8.1100,8.3000,8.1100
2021/04/22,8.1100,0.0400,-0.49,229729,8.2000,8.2000,8.0200
2021/04/21,8.1500,0.1700,+2.13,170993,7.9300,8.1500,7.8500
2021/04/20,7.9800,0.3200,-3.86,334864,8.2500,8.2799,7.9500
2021/04/19,8.3000,0.1500,-1.78,234749,8.4700,8.5300,8.2800
2021/04/16,8.4500,0.1100,+1.32,189565,8.4100,8.6000,8.3700
2021/04/15,8.3400,0.0600,-0.71,314382,8.4000,8.4800,8.2800
2021/04/14,8.4000,0.0500,-0.59,249965,8.5000,8.6000,8.3800
2021/04/13,8.4500,0.1400,-1.63,279266,8.5500,8.5500,8.3700
2021/04/12,8.5900,0.0400,-0.46,550955,8.5700,8.6700,8.4800
2021/04/09,8.6300,0.1700,-1.93,194744,8.8200,8.8200,8.5800
2021/04/08,8.8000,0.1800,+2.09,255107,8.6600,8.8100,8.5700
2021/04/07,8.6200,0.2300,-2.60,130534,8.8300,8.8300,8.6200
2021/04/06,8.8500,0.0100,-0.11,286691,8.8600,8.9150,8.7200
2021/04/05,8.8600,0.1500,+1.72,259934,8.8200,8.8900,8.6300
2021/04/01,8.7100,0.3400,+4.06,301858,8.3900,8.7200,8.3900
2021/03/31,8.3700,0.0900,+1.09,211719,8.3100,8.4250,8.2900
2021/03/30,8.2800,0.0700,+0.85,155008,8.1700,8.2900,8.0900
2021/03/29,8.2100,0.0600,-0.73,214002,8.2100,8.3800,8.1650
2021/03/26,8.2700,0.1300,+1.60,252992,8.1800,8.2700,8.0100
2021/03/25,8.1400,0.0000,0,402014,8.1900,8.2300,7.9400
2021/03/24,8.1400,0.1000,-1.21,566303,8.3000,8.4350,8.0800
2021/03/23,8.2400,0.3800,-4.41,907546,8.5600,8.5600,8.1000
2021/03/22,8.6200,0.1200,+1.41,315916,8.5800,8.6598,8.4400
2021/03/19,8.5000,0.0100,+0.12,236288,8.4800,8.6000,8.3150
2021/03/18,8.4900,0.3700,-4.18,242871,8.7600,8.8850,8.4800
2021/03/17,8.8600,0.1300,+1.49,223293,8.6500,8.9300,8.5600
2021/03/16,8.7300,0.0400,-0.46,229779,8.8100,9.0000,8.7200
2021/03/15,8.7700,0.1800,+2.10,209532,8.5900,8.8022,8.5800
2021/03/12,8.5900,0.0900,-1.04,195786,8.6300,8.6800,8.5650
2021/03/11,8.6800,0.0300,-0.34,235812,8.7700,8.8000,8.5900
2021/03/10,8.7100,0.0200,-0.23,267820,8.8200,8.8500,8.6096
2021/03/09,8.7300,0.2500,+2.95,267252,8.5300,8.7900,8.5300
2021/03/08,8.4800,0.1300,+1.56,347018,8.2500,8.5600,8.2100
2021/03/05,8.3500,0.1800,+2.20,326143,8.3200,8.3600,7.9500
2021/03/04,8.1700,0.2800,-3.31,352870,8.4200,8.4800,8.1400
2021/03/03,8.4500,0.0300,+0.36,167872,8.3900,8.6000,8.3800
2021/03/02,8.4200,0.0500,-0.59,271406,8.5400,8.5600,8.4100
2021/03/01,8.4700,0.1900,+2.29,310232,8.4500,8.5800,8.4000
2021/02/26,8.2800,0.0900,+1.10,411345,8.2800,8.4200,8.1150
2021/02/25,8.1900,0.5000,-5.75,452309,8.6700,8.6800,8.1900
2021/02/24,8.6900,0.2700,+3.21,484399,8.4000,8.6900,8.3600
2021/02/23,8.4200,0.1200,-1.41,359529,8.4800,8.6400,8.2200
2021/02/22,8.5400,0.1300,-1.50,254632,8.5800,8.6750,8.4500
2021/02/19,8.6700,0.3700,+4.46,430770,8.3800,8.7000,8.3200
2021/02/18,8.3000,0.2400,-2.81,281293,8.5000,8.5000,8.2800
2021/02/17,8.5400,0.2800,-3.17,246568,8.8000,8.8000,8.4200
2021/02/16,8.8200,0.0900,+1.03,309914,8.8100,8.9115,8.7500
2021/02/12,8.7300,0.2800,-3.11,277657,8.9200,8.9200,8.6700
2021/02/11,9.0100,0.1500,-1.64,402486,9.1900,9.2100,8.8200
2021/02/10,9.1600,0.0900,-0.97,265032,9.2100,9.2700,9.1000
2021/02/09,9.2500,0.0200,-0.22,359029,9.2600,9.2800,9.0000
2021/02/08,9.2700,0.2400,+2.66,343089,9.1600,9.3800,9.0400
2021/02/05,9.0300,0.0900,+1.01,284495,9.0000,9.0800,8.8500
2021/02/04,8.9400,0.2700,+3.11,376923,8.7400,8.9400,8.5800
2021/02/03,8.6700,0.3000,+3.58,388495,8.3400,8.7900,8.3400
2021/02/02,8.3700,0.2700,+3.33,257263,8.2700,8.4100,8.1500
2021/02/01,8.1000,0.0300,+0.37,929086,8.2500,8.2500,7.8100
2021/01/29,8.0700,0.4200,-4.95,423500,8.4500,8.6000,8.0700
2021/01/28,8.4900,0.1100,+1.31,497623,8.4200,8.5600,7.9100
2021/01/27,8.3800,0.3800,-4.34,344747,8.4500,8.5000,7.8700
2021/01/26,8.7600,0.1100,+1.27,221861,8.7000,8.8150,8.6600
2021/01/25,8.6500,0.1900,-2.15,257372,8.8300,8.8300,8.4650
2021/01/22,8.8400,0.0200,-0.23,193900,8.7300,8.8500,8.7000
2021/01/21,8.8600,0.0900,+1.03,318934,8.8200,8.9500,8.7600
2021/01/20,8.7700,0.1600,+1.86,203582,8.7100,8.8400,8.6100
2021/01/19,8.6100,0.1400,+1.65,228115,8.5900,8.6500,8.4700
2021/01/15,8.4700,0.1600,-1.85,284605,8.6100,8.6800,8.4700
2021/01/14,8.6300,0.4000,+4.86,299246,8.3300,8.7600,8.3000
2021/01/13,8.2300,0.0500,-0.60,183085,8.3400,8.3400,8.1000
2021/01/12,8.2800,0.0900,-1.08,233235,8.4300,8.4600,8.2200
2021/01/11,8.3700,0.0200,+0.24,166159,8.2400,8.4250,8.2300
2021/01/08,8.3500,0.0000,0,206090,8.3600,8.4900,8.2700
2021/01/07,8.3500,0.1500,+1.83,197261,8.2100,8.3600,8.1350
2021/01/06,8.2000,0.1600,+1.99,329842,8.1000,8.2900,8.0600
2021/01/05,8.0400,0.1300,+1.64,207824,7.8500,8.0500,7.8500
2021/01/04,7.9100,0.1600,-1.98,230234,8.1500,8.1900,7.8200
2020/12/31,8.0700,0.0400,+0.50,187612,8.0300,8.1700,8.0000
2020/12/30,8.0300,0.3600,+4.69,375346,7.7300,8.0700,7.7200
2020/12/29,7.6700,0.0600,-0.78,187102,7.7300,7.7500,7.6300
2020/12/28,7.7300,0.0200,+0.26,182113,7.8300,7.8900,7.7000
2020/12/24,7.7100,0.0600,-0.77,134161,7.7900,7.7900,7.5900
2020/12/23,7.7700,0.0800,+1.04,184526,7.7400,7.8650,7.7200
2020/12/22,7.6900,0.1700,-2.16,194187,7.8700,7.9000,7.6900
2020/12/21,7.8600,0.1600,-2.00,327093,7.9100,7.9350,7.6900
2020/12/18,8.0200,0.1900,-2.31,250219,8.1600,8.2500,7.9800
2020/12/17,8.2100,0.2000,+2.50,243694,8.1100,8.2300,8.0000
2020/12/16,8.0100,0.2200,-2.67,300761,8.2800,8.2800,7.9300
2020/12/15,8.2300,0.2300,+2.88,168335,8.0800,8.2300,8.0000
2020/12/14,8.0000,0.0000,0,309535,8.0800,8.1200,7.9600
2020/12/11,8.0000,0.1800,-2.20,259161,8.0900,8.1300,7.9700
2020/12/10,8.1800,0.0300,-0.37,224795,8.1800,8.2600,8.0700
2020/12/09,8.2100,0.0100,-0.12,304203,8.2600,8.4000,8.1400
2020/12/08,8.2200,0.0100,-0.12,326285,8.2400,8.2800,8.1400
2020/12/07,8.2300,0.0500,-0.60,335422,8.2900,8.2900,8.0200
2020/12/04,8.2800,0.2900,+3.63,298809,8.0600,8.2900,8.0100
2020/12/03,7.9900,0.3100,+4.04,360652,7.8100,8.0500,7.7700
2020/12/02,7.6800,0.0800,+1.05,224014,7.5900,7.7250,7.4250
2020/12/01,7.6000,0.0700,+0.93,699254,7.6500,7.7600,7.5000
2020/11/30,7.5300,0.3800,-4.80,523318,7.9000,7.9000,7.4500
2020/11/27,7.9100,0.0100,-0.13,106407,7.9600,7.9800,7.8300
2020/11/25,7.9200,0.0800,-1.00,298797,7.9800,7.9900,7.8400
2020/11/24,8.0000,0.5400,+7.24,384708,7.6200,8.0200,7.5100
2020/11/23,7.4600,0.2900,+4.04,239044,7.2100,7.4600,7.2100
2020/11/20,7.1700,0.0700,+0.99,344158,7.1700,7.1900,7.0800
2020/11/19,7.1000,0.0000,0,183455,7.0700,7.1400,7.0100
2020/11/18,7.1000,0.0400,-0.56,195396,7.1500,7.2500,7.0800
2020/11/17,7.1400,0.0000,0,207397,7.0800,7.1800,6.9900
2020/11/16,7.1400,0.0700,+0.99,284871,7.1800,7.1800,7.0400
2020/11/13,7.0700,0.3700,+5.52,584519,6.7500,7.0800,6.7500
2020/11/12,6.7000,0.1200,-1.76,413672,6.7900,6.8100,6.6600
2020/11/11,6.8200,0.0600,+0.89,418832,6.7900,6.9000,6.7200
2020/11/10,6.7600,0.3400,-4.79,639077,7.0900,7.1000,6.7100
2020/11/09,7.1000,0.5800,+8.90,578554,6.9800,7.1250,6.8150
2020/11/06,6.5200,0.0800,+1.24,304996,6.4900,6.5500,6.3317
2020/11/05,6.4400,0.2600,+4.21,483746,6.2400,6.4600,6.2400
2020/11/04,6.1800,0.1000,-1.59,334824,6.2500,6.3400,6.1300
2020/11/03,6.2800,0.3500,+5.90,404362,6.0500,6.3600,6.0400
2020/11/02,5.9300,0.0600,+1.02,294171,5.8700,6.0800,5.8300
2020/10/30,5.8700,0.2600,-4.24,403348,6.1100,6.1100,5.8200
2020/10/29,6.1300,0.0900,+1.49,513968,5.9600,6.1500,5.7700
2020/10/28,6.0400,0.6200,-9.31,757270,6.8900,7.0200,5.8850
2020/10/27,6.6600,0.1400,+2.15,312460,6.5500,6.7100,6.4900
2020/10/26,6.5200,0.4500,-6.46,547497,6.8500,6.8500,6.4100
2020/10/23,6.9700,0.0800,+1.16,424341,6.9500,7.0150,6.8200
2020/10/22,6.8900,0.0100,+0.15,275103,6.9300,6.9550,6.7700
2020/10/21,6.8800,0.1700,-2.41,214791,7.0300,7.0900,6.8700
2020/10/20,7.0500,0.0800,-1.12,166158,7.2000,7.2200,7.0500
2020/10/19,7.1300,0.0300,+0.42,215353,7.1000,7.2500,7.0400
2020/10/16,7.1000,0.0200,-0.28,314460,7.1500,7.2300,7.0800
2020/10/15,7.1200,0.0300,+0.42,277726,7.0200,7.1200,6.9300
2020/10/14,7.0900,0.0300,+0.42,181636,7.0600,7.1800,7.0200
2020/10/13,7.0600,0.2500,-3.42,305514,7.2600,7.2800,7.0600
2020/10/12,7.3100,0.0000,0,103477,7.3200,7.4000,7.2600
2020/10/09,7.3100,0.3000,-3.94,203657,7.6500,7.7200,7.3000
2020/10/08,7.6100,0.2200,+2.98,216736,7.4700,7.6400,7.4200
2020/10/07,7.3900,0.1900,+2.64,250809,7.3100,7.4200,7.2550
2020/10/06,7.2000,0.0400,-0.55,311080,7.2700,7.4300,7.1800
2020/10/05,7.2400,0.1800,+2.55,360362,7.1500,7.3300,7.1500
2020/10/02,7.0600,0.1200,+1.73,349620,6.7900,7.1400,6.7800
2020/10/01,6.9400,0.0400,+0.58,303932,6.8900,7.0100,6.7900
2020/09/30,6.9000,0.0500,-0.72,311241,6.9200,7.0150,6.8750
2020/09/29,6.9500,0.0400,-0.57,547696,6.9900,7.0500,6.9100
2020/09/28,6.9900,0.2000,+2.95,272971,6.8700,7.0400,6.8400
2020/09/25,6.7900,0.2000,-2.86,249635,6.9300,6.9900,6.7800
2020/09/24,6.9900,0.1100,+1.60,247282,6.9200,7.1200,6.7700
2020/09/23,6.8800,0.4600,-6.27,461033,7.3800,7.4400,6.8700
2020/09/22,7.3400,0.1300,+1.80,473295,7.2100,7.3800,7.2000
2020/09/21,7.2100,0.4700,-6.12,573616,7.5000,7.5000,7.0500
2020/09/18,7.6800,0.1400,+1.86,482143,7.5400,7.7700,7.4700
2020/09/17,7.5400,0.3000,+4.14,567537,7.2100,7.5850,7.1300
2020/09/16,7.2400,0.0400,+0.56,370840,7.2800,7.2800,7.1450
2020/09/15,7.2000,0.0900,+1.27,407209,7.1500,7.3900,7.1400
2020/09/14,7.1100,0.0400,+0.57,708663,7.1400,7.2300,7.0800
2020/09/11,7.0700,0.0800,-1.12,304342,7.1900,7.2300,7.0200
2020/09/10,7.1500,0.1100,-1.52,280226,7.3100,7.3700,7.1500
2020/09/09,7.2600,0.0000,0,345735,7.3600,7.3600,7.2300
2020/09/08,7.2600,0.3200,-4.22,283249,7.4000,7.4600,7.2600
2020/09/04,7.5800,0.1300,-1.69,241695,7.7800,7.8000,7.3500
2020/09/03,7.7100,0.5800,-7.00,259303,8.2400,8.2600,7.7000
2020/09/02,8.2900,0.1400,+1.72,189693,8.1600,8.3000,8.0400
2020/09/01,8.1500,0.2000,+2.52,220338,7.9200,8.1600,7.8300
2020/08/31,7.9500,0.2600,-3.17,210824,8.2000,8.2500,7.9400
2020/08/28,8.2100,0.2900,+3.66,210980,7.9400,8.2300,7.9400
2020/08/27,7.9200,0.0700,-0.88,198281,7.9900,8.0350,7.8600
2020/08/26,7.9900,0.1100,+1.40,411646,7.8500,8.0100,7.8200
2020/08/25,7.8800,0.1100,-1.38,215510,8.0300,8.0300,7.8100
2020/08/24,7.9900,0.1500,+1.91,246442,7.8800,8.1000,7.8800
2020/08/21,7.8400,0.0900,-1.13,196163,7.9100,7.9100,7.7900
2020/08/20,7.9300,0.2200,-2.70,225522,8.0700,8.0700,7.8800
2020/08/19,8.1500,0.1000,+1.24,249719,8.0300,8.2850,8.0300
2020/08/18,8.0500,0.1700,-2.07,347791,8.2100,8.2900,7.9250
2020/08/17,8.2200,0.0200,-0.24,292194,8.2900,8.3600,8.2000
2020/08/14,8.2400,0.1500,-1.79,304952,8.3800,8.3900,8.1700
2020/08/13,8.3900,0.0100,-0.12,191987,8.4200,8.5600,8.3800
2020/08/12,8.4000,0.0900,+1.08,245236,8.3900,8.4200,8.2550
2020/08/11,8.3100,0.1100,-1.31,249382,8.5100,8.5400,8.3000
2020/08/10,8.4200,0.0800,+0.96,324177,8.3500,8.4400,8.2300
2020/08/07,8.3400,0.0200,-0.24,300779,8.2500,8.3600,8.1000
2020/08/06,8.3600,0.0600,+0.72,454336,8.2600,8.5100,8.1700
2020/08/05,8.3000,0.0600,+0.73,462923,8.2700,8.4200,8.2050
2020/08/04,8.2400,0.0800,+0.98,623894,8.1500,8.3050,8.1400
2020/08/03,8.1600,0.1100,-1.33,348507,8.3500,8.3500,7.9850
2020/07/31,8.2700,0.0500,-0.60,546262,8.3500,8.3800,8.1350
2020/07/30,8.3200,0.3300,+4.13,920435,8.2700,8.4000,7.9500
2020/07/29,7.9900,0.8700,+12.22,961840,7.5800,8.2600,7.5000
2020/07/28,7.1200,0.1200,+1.71,572176,7.0100,7.4100,6.9700
2020/07/27,7.0000,0.0700,+1.01,612402,7.0200,7.0450,6.9600
2020/07/24,6.9300,0.1900,-2.67,258797,7.0600,7.0600,6.9300
2020/07/23,7.1200,0.1200,+1.71,299801,7.0000,7.1900,7.0000
2020/07/22,7.0000,0.1800,-2.51,189242,7.2000,7.2100,6.9700
2020/07/21,7.1800,0.0300,+0.42,196894,7.2400,7.2800,7.1150
2020/07/20,7.1500,0.0200,+0.28,203653,7.0700,7.1900,7.0400
2020/07/17,7.1300,0.1000,-1.38,160759,7.2500,7.2500,7.1000
2020/07/16,7.2300,0.0500,-0.69,215114,7.2500,7.2700,7.1500
2020/07/15,7.2800,0.3200,+4.60,326369,7.0900,7.2800,7.0700
2020/07/14,6.9600,0.0300,+0.43,289042,6.9700,6.9800,6.7500
2020/07/13,6.9300,0.1400,+2.06,525197,6.8900,7.0500,6.8550
2020/07/10,6.7900,0.1300,+1.95,180280,6.6400,6.8400,6.6100
2020/07/09,6.6600,0.1400,-2.06,231314,6.8000,6.8778,6.6200
2020/07/08,6.8000,0.1500,+2.26,313662,6.6500,6.8200,6.5300
2020/07/07,6.6500,0.2500,-3.62,324061,6.8200,6.9400,6.6300
2020/07/06,6.9000,0.0600,+0.88,270676,7.0100,7.0100,6.8101
2020/07/02,6.8400,0.4400,+6.87,559319,6.5600,6.8900,6.5200
2020/07/01,6.4000,0.4300,-6.30,158677,6.8400,6.8400,6.4000
2020/06/30,6.8300,0.1400,+2.09,279474,6.7000,6.9000,6.6000
2020/06/29,6.6900,0.3100,+4.86,255093,6.4200,6.7300,6.3500
2020/06/26,6.3800,0.0800,-1.24,251649,6.3700,6.4450,6.2670
2020/06/25,6.4600,0.0100,-0.15,235327,6.4100,6.4800,6.3250
2020/06/24,6.4700,0.1400,-2.12,309109,6.6100,6.6300,6.3250
2020/06/23,6.6100,0.1600,+2.48,580963,6.5400,6.6450,6.3800
2020/06/22,6.4500,0.0500,+0.78,240616,6.3400,6.4950,6.3000
2020/06/19,6.4000,0.0200,-0.31,326692,6.5400,6.5500,6.3300
2020/06/18,6.4200,0.0100,+0.16,254444,6.3100,6.5300,6.2793
2020/06/17,6.4100,0.2400,-3.61,270008,6.6500,6.7400,6.3400
2020/06/16,6.6500,0.1400,+2.15,481525,6.7500,6.8500,6.5600
2020/06/15,6.5100,0.0600,-0.91,344565,6.3600,6.5800,6.1910
2020/06/12,6.5700,0.4800,+7.88,490892,6.2800,6.5900,6.2699
2020/06/11,6.0900,0.8400,-12.12,425805,6.7100,6.7400,6.0800
2020/06/10,6.9300,0.5700,-7.60,591214,7.4900,7.5100,6.9300
2020/06/09,7.5000,0.1900,-2.47,695025,7.5900,7.6600,7.4200
2020/06/08,7.6900,0.1700,+2.26,761587,7.6400,7.8400,7.6300
2020/06/05,7.5200,0.3800,+5.32,1699176,7.2900,7.7800,7.2600
2020/06/04,7.1400,0.0300,+0.42,485643,7.0500,7.1750,7.0500
2020/06/03,7.1100,0.2100,+3.04,337694,7.0000,7.1700,7.0000
2020/06/02,6.9000,0.0600,+0.88,256493,6.8400,7.0700,6.8400
2020/06/01,6.8400,0.0600,+0.88,337167,6.7900,6.9300,6.6500
2020/05/29,6.7800,0.0400,+0.59,449213,6.7100,6.8500,6.6400
2020/05/28,6.7400,0.0500,-0.74,513323,6.8200,6.9700,6.6950
2020/05/27,6.7900,0.3500,+5.43,1189158,6.5000,6.8600,6.4050
2020/05/26,6.4400,0.1300,+2.06,507569,6.4800,6.5500,6.4100
2020/05/22,6.3100,0.0200,-0.32,345614,6.3100,6.3400,6.1900
2020/05/21,6.3300,0.2200,+3.60,578016,6.0600,6.4500,6.0600
2020/05/20,6.1100,0.1300,+2.17,479280,6.2300,6.2600,6.0900
2020/05/19,5.9800,0.3000,+5.28,724185,5.6700,6.0700,5.5900
2020/05/18,5.6800,0.2400,+4.41,219705,5.6000,5.7450,5.6000
2020/05/15,5.4400,0.0900,-1.63,422138,5.4400,5.4750,5.3300
2020/05/14,5.5300,0.1400,-2.47,419843,5.5300,5.6300,5.3100
2020/05/13,5.6700,0.0000,0,660925,5.6300,5.6900,5.4650
2020/05/12,5.6700,0.0100,+0.18,456673,5.7300,5.7578,5.6350
2020/05/11,5.6600,0.2400,-4.07,768531,5.8400,5.8400,5.6600
2020/05/08,5.9000,0.1700,+2.97,364991,5.8200,5.9350,5.7610
2020/05/07,5.7300,0.1300,+2.32,437830,5.6600,5.8150,5.6250
2020/05/06,5.6000,0.0400,-0.71,446048,5.7800,5.7800,5.4650
