일자,종가,대비,등락률,거래량,시가,고가,저가
2026/09/04,214.8971,0.0729,-0.03,5662,215.9777,216.0000,214.0000
2026/09/03,214.9700,11.5500,+5.68,12070102,208.3550,215.1000,203.7600
2026/09/02,203.4200,11.6500,-5.42,12385988,214.2200,214.8500,200.6000
2026/09/01,215.0700,15.9300,-6.90,13740655,228.0000,231.2986,212.6500
2026/08/31,231.0000,12.6000,+5.77,17823542,221.8350,233.8800,221.0000
2026/08/28,218.4000,9.5600,-4.19,14728309,228.2300,228.6900,210.5300
2026/08/27,227.9600,38.7800,+20.50,23443204,208.2500,229.0800,206.1000
2026/08/26,189.1800,3.8000,+2.05,13619878,182.7500,191.3200,181.2400
2026/08/25,185.3800,5.3000,-2.78,8346507,191.6200,194.5000,182.3500
2026/08/24,190.6800,1.2700,-0.66,7250971,189.5200,195.4000,188.4300
2026/08/21,191.9500,1.6100,+0.85,8201027,190.9400,192.8500,187.0100
2026/08/20,190.3400,11.2900,-5.60,8902380,197.2850,200.7410,189.9300
2026/08/19,201.6300,11.2900,-5.30,10751416,213.3800,213.9800,197.2500
2026/08/18,212.9200,0.9800,-0.46,6887302,213.0000,216.0550,209.0700
2026/08/17,213.9000,3.0500,-1.41,6411995,216.5300,219.1800,213.0100
2026/08/14,216.9500,8.5800,-3.80,6750292,226.6400,227.5000,216.4650
2026/08/13,225.5300,3.7500,+1.69,5822685,224.9800,226.6850,220.2300
2026/08/12,221.7800,0.1200,-0.05,6919387,219.9300,224.9500,217.8900
2026/08/11,221.9000,3.2600,-1.45,6343090,224.0000,225.5200,219.2400
2026/08/10,225.1600,10.7400,+5.01,8178475,215.3080,226.9000,214.5500
2026/08/07,214.4200,7.0300,+3.39,5881958,213.8250,216.5750,208.2000
2026/08/06,207.3900,2.4700,-1.18,6911327,203.0000,207.6300,201.7500
2026/08/05,209.8600,1.3600,-0.64,7324890,213.5500,219.3500,209.5600
2026/08/04,211.2200,8.6800,+4.29,8354467,205.8000,212.6400,203.5000
2026/08/03,202.5400,11.6800,+6.12,10302612,194.0400,203.1700,192.6000
2026/07/31,190.8600,5.6400,+3.05,7887418,187.2200,191.6450,184.1600
2026/07/30,185.2200,5.8400,+3.26,8958840,180.5800,185.4600,177.7468
2026/07/29,179.3800,2.4200,-1.33,7152528,182.6250,186.3900,176.4600
2026/07/28,181.8000,1.6900,+0.94,8475300,181.3300,184.6650,174.1400
2026/07/27,180.1100,3.1700,-1.73,6585916,187.9050,188.5000,179.5000
2026/07/24,183.2800,0.1400,-0.08,5779248,185.0000,185.8350,181.8300
2026/07/23,183.4200,5.0000,-2.65,6592314,189.5100,190.2079,181.7766
2026/07/22,188.4200,2.7300,-1.43,9080631,192.5600,193.4900,185.0500
2026/07/21,191.1500,7.3400,-3.70,9880264,199.8100,200.0000,189.6800
2026/07/20,198.4900,4.5900,-2.26,7379316,203.0800,208.2500,197.8200
2026/07/17,203.0800,0.6800,-0.33,9102630,200.4000,209.5000,199.5200
2026/07/16,203.7600,3.0100,-1.46,8026802,207.1700,207.6900,200.0700
2026/07/15,206.7700,3.9600,-1.88,12002816,212.3800,217.5000,205.1000
2026/07/14,210.7300,22.8200,+12.14,12139544,190.9950,211.0000,189.4600
2026/07/13,187.9100,0.7300,+0.39,6475288,186.8600,189.2500,181.0000
2026/07/10,187.1800,11.2200,-5.66,9269808,196.6000,198.0000,186.4800
2026/07/09,198.4000,7.2800,+3.81,6283527,188.3050,198.7500,187.0000
2026/07/08,191.1200,3.5000,-1.80,7980608,193.5100,195.6600,185.3000
2026/07/07,194.6200,4.7600,-2.39,9551201,200.6900,201.3700,192.2200
2026/07/06,199.3800,5.4000,+2.78,10190017,189.5100,209.5000,188.5500
2026/07/02,193.9800,0.7950,+0.41,10432159,191.2550,199.5300,190.6100
2026/07/01,772.7400,9.6000,+1.26,2685059,775.0000,786.0000,765.0000
2026/06/30,763.1400,20.2300,+2.72,3687971,736.5000,765.3000,732.0003
2026/06/29,742.9100,41.8200,+5.96,4939823,709.5000,755.9800,704.1201
2026/06/26,701.0900,22.4400,+3.31,3332263,686.2000,704.8400,673.6100
2026/06/25,678.6500,5.6300,+0.84,3008909,680.3800,692.7400,670.0010
2026/06/24,673.0200,7.9000,-1.16,1754526,680.4900,687.1463,669.0000
2026/06/23,680.9200,5.4800,+0.81,2372012,669.0100,690.8999,662.0000
2026/06/22,675.4400,9.4200,-1.38,3435821,685.0700,712.1800,673.1950
2026/06/18,684.8600,1.9000,+0.28,5379367,686.7500,695.9100,660.9200
2026/06/17,682.9600,3.4700,+0.51,2098276,680.0000,690.9300,670.9000
2026/06/16,679.4900,13.4200,-1.94,2143954,693.0980,700.8700,665.9600
2026/06/15,692.9100,10.1100,+1.48,2546025,692.6700,697.4950,668.8600
2026/06/12,682.8000,8.7300,-1.26,2311891,690.6600,702.1700,678.0000
2026/06/11,691.5300,43.7900,+6.76,3534000,645.2800,696.4300,641.0000
2026/06/10,647.7400,2.8100,+0.44,2527369,639.0300,662.1300,635.9500
2026/06/09,644.9300,13.8600,-2.10,3740613,658.7900,664.8700,617.7400
2026/06/08,658.7900,12.2300,-1.82,3337378,673.5050,684.0000,652.0100
2026/06/05,671.0200,48.0700,-6.68,5238819,696.7400,706.2200,670.1000
2026/06/04,719.0900,28.5200,-3.81,7449786,674.0700,720.9600,671.1100
2026/06/03,747.6100,21.3400,-2.78,5246589,765.6750,766.9999,742.1200
2026/06/02,768.9500,13.2200,-1.69,4185300,764.8500,778.8200,745.3800
2026/06/01,782.1700,51.1700,+7.00,4590344,735.8100,785.6600,734.0000
2026/05/29,731.0000,60.0000,+8.94,4820454,677.4350,731.4900,674.9400
2026/05/28,671.0000,25.6400,+3.97,2375246,649.3300,677.5000,641.5200
2026/05/27,645.3600,26.1900,-3.90,3276362,641.0100,660.6599,633.0900
2026/05/26,671.5500,8.0900,+1.22,2088129,665.0000,677.4999,648.0000
2026/05/22,663.4600,15.2300,+2.35,2781663,650.5000,674.8400,649.6000
2026/05/21,648.2300,1.8800,-0.29,2646075,650.5200,659.5500,642.0500
2026/05/20,650.1100,33.2300,+5.39,4383313,614.3000,651.0000,614.0638
2026/05/19,616.8800,1.9500,-0.32,4465043,619.9800,634.2400,613.2900
2026/05/18,618.8300,24.7500,+4.17,4699836,589.4950,621.0500,587.3700
2026/05/15,594.0800,14.1300,+2.44,3859375,573.1700,598.2500,560.6900
2026/05/14,579.9500,17.3800,+3.09,2815889,559.7050,583.7800,555.0000
2026/05/13,562.5700,16.3900,+3.00,2800856,540.8400,568.3700,538.3683
2026/05/12,546.1800,3.9200,+0.72,3545373,542.0000,552.4300,533.0000
2026/05/11,542.2600,14.4900,+2.75,2793317,523.7800,542.6700,522.0000
2026/05/08,527.7700,22.0500,+4.36,4041153,499.1750,528.9150,492.3300
2026/05/07,505.7200,37.6500,+8.04,5114477,486.0900,506.7900,486.0900
2026/05/06,468.0700,8.4600,-1.78,2198864,468.4000,475.2960,457.4600
2026/05/05,476.5300,7.2900,+1.55,2225010,474.3900,480.6600,466.0000
2026/05/04,469.2400,13.6000,+2.98,2183621,456.9000,471.8100,455.4001
2026/05/01,455.6400,9.8900,+2.22,1521998,454.6900,457.9700,445.5650
2026/04/30,445.7500,6.6300,-1.47,2442739,447.0100,450.0112,432.5500
2026/04/29,452.3800,2.6100,-0.57,1914787,450.3200,453.1600,443.2400
2026/04/28,454.9900,0.3800,+0.08,1872929,457.6250,463.6899,450.3200
2026/04/27,454.6100,6.4800,+1.45,2297053,453.5500,457.9800,442.6200
2026/04/24,448.1300,2.7400,+0.62,2271728,447.9350,451.0450,435.5600
2026/04/23,445.3900,21.2900,-4.56,3225472,453.6100,454.0000,436.5100
2026/04/22,466.6800,17.0700,+3.80,2892351,455.3300,467.9500,452.6300
2026/04/21,449.6100,16.4600,+3.80,3671059,439.7500,459.1500,436.5000
2026/04/20,433.1500,9.2000,+2.17,2885092,422.5400,433.8100,417.0200
2026/04/17,423.9500,5.7500,+1.37,2906302,428.9600,431.8399,420.3600
2026/04/16,418.2000,7.0400,+1.71,2991061,421.8500,425.7700,411.0900
2026/04/15,411.1600,12.6700,+3.18,3108144,407.0000,411.9800,402.0500
2026/04/14,398.4900,3.7500,-0.93,3187036,404.6500,411.4400,393.4000
2026/04/13,402.2400,23.2200,+6.13,4166463,380.1000,403.0600,378.2500
2026/04/10,379.0200,15.6600,-3.97,8938953,396.1020,398.0500,364.4700
2026/04/09,394.6800,31.8300,-7.46,5420541,425.9800,427.0200,390.8100
2026/04/08,426.5100,3.2800,+0.77,4727169,439.9900,449.9000,423.3500
2026/04/07,423.2300,24.6200,+6.18,4626826,397.8650,423.7300,395.5790
2026/04/06,398.6100,0.5100,-0.13,1595726,405.0000,405.0000,392.7302
2026/04/02,399.1200,5.8100,+1.48,1990086,391.1800,400.8000,386.7500
2026/04/01,393.3100,2.9000,+0.74,2118929,396.7500,396.9400,386.3701
2026/03/31,390.4100,10.3500,+2.72,2976601,381.9000,392.8800,379.0000
2026/03/30,380.0600,10.4800,+2.84,4381651,379.5700,390.4868,376.3900
2026/03/27,369.5800,23.0400,-5.87,6032000,370.8500,374.4600,361.8067
2026/03/26,392.6200,6.7600,+1.75,2458717,383.1700,395.5000,381.1900
2026/03/25,385.8600,7.1300,-1.81,3128658,398.9800,400.3200,383.5000
2026/03/24,392.9900,20.3200,-4.92,3636343,410.4050,410.8600,390.6000
2026/03/23,413.3100,4.3100,+1.05,3603293,411.0600,417.4300,407.0000
2026/03/20,409.0000,19.1800,-4.48,9111497,423.6750,424.3100,403.6100
2026/03/19,428.1800,7.6300,-1.75,2359821,439.0000,440.7100,423.3800
2026/03/18,435.8100,2.6100,+0.60,2799130,428.7700,442.4300,427.9900
2026/03/17,433.2000,9.3600,+2.21,2931479,424.0900,439.0100,419.6000
2026/03/16,423.8400,17.9400,-4.06,3666368,442.9900,443.5200,423.7700
2026/03/13,441.7800,0.2400,+0.05,2227117,443.9900,450.6400,434.5800
2026/03/12,441.5400,0.4900,-0.11,2359955,441.0000,450.0300,438.3300
2026/03/11,442.0300,5.7000,+1.31,2911221,442.5100,452.0000,436.2150
2026/03/10,436.3300,2.2000,+0.51,3316809,445.0000,447.9500,428.5500
2026/03/09,434.1300,5.1400,+1.20,3850353,425.5750,438.2800,425.5200
2026/03/06,428.9900,2.8300,+0.66,4604169,425.9600,433.7100,420.2300
2026/03/05,426.1600,18.4800,+4.53,5952572,407.3000,429.6899,407.0000
2026/03/04,407.6800,16.2600,+4.15,8352528,386.1850,408.4100,380.1100
2026/03/03,391.4200,6.5600,+1.70,7713168,369.5000,394.9200,367.9900
2026/03/02,384.8600,12.8800,+3.46,3771510,375.9000,387.1499,373.0860
2026/02/27,371.9800,9.1200,-2.39,5125782,369.0600,373.5000,359.2900
2026/02/26,381.1000,17.7900,+4.90,6199823,367.2480,385.0900,364.6600
2026/02/25,363.3100,13.0600,+3.73,5697882,349.5700,365.9799,346.5000
2026/02/24,350.2500,0.0800,-0.02,7138708,349.1000,360.9000,345.0500
2026/02/23,350.3300,38.2700,-9.85,15076250,384.9600,385.1100,342.7200
2026/02/20,388.6000,33.5400,-7.95,8360791,419.2800,431.8800,387.1100
2026/02/19,422.1400,6.3800,+1.53,2000407,417.6200,424.0000,409.9700
2026/02/18,415.7600,1.4750,+0.36,2752702,409.7500,421.7600,402.0000
2026/02/17,414.2850,15.3550,-3.57,4428133,423.5920,425.8821,400.0201
2026/02/13,429.6400,18.1000,+4.40,3536681,416.9100,432.8500,412.5800
2026/02/12,411.5400,4.2700,-1.03,3502527,418.9000,420.6700,402.2884
2026/02/11,415.8100,2.4200,+0.59,2470908,413.7000,416.5899,404.4000
2026/02/10,413.3900,5.3500,+1.31,3121374,401.2100,418.8800,400.7800
2026/02/09,408.0400,12.5400,+3.17,2825946,396.1850,410.7500,386.2544
2026/02/06,395.5000,18.3400,+4.86,4942990,384.9400,396.9900,378.3700
2026/02/05,377.1600,38.2000,-9.20,6053233,414.7900,416.2900,374.5200
2026/02/04,415.3600,6.3700,-1.51,4733012,411.9400,421.9800,401.5500
2026/02/03,421.7300,17.1200,-3.90,3834887,435.9200,436.7087,415.0500
2026/02/02,438.8500,2.5550,-0.58,2073674,440.0000,447.2400,434.7442
2026/01/30,441.4050,3.2150,-0.72,2595383,440.5000,448.7400,438.2500
2026/01/29,444.6200,24.5700,-5.24,5230334,460.7400,461.5500,431.3900
2026/01/28,469.1900,7.4700,-1.57,2382480,479.4600,487.0000,468.9100
2026/01/27,476.6600,8.3300,+1.78,2834532,478.4750,487.2000,473.4001
2026/01/26,468.3300,15.8400,+3.50,1957061,453.9900,469.9600,452.4900
2026/01/23,452.4900,1.2800,-0.28,1770799,454.6900,458.8600,449.4220
2026/01/22,453.7700,7.8900,+1.77,1514706,454.4500,454.4699,446.2800
2026/01/21,445.8800,3.1500,+0.71,2686835,445.0000,456.1200,439.1700
2026/01/20,442.7300,11.1500,-2.46,3231479,443.0260,450.2650,440.2310
2026/01/16,453.8800,1.1200,-0.25,3437922,456.7500,459.7000,443.6145
2026/01/15,455.0000,5.7000,-1.24,2835028,463.9600,472.3100,450.0000
2026/01/14,460.7000,7.3200,-1.56,3754935,465.8000,476.9999,451.7600
2026/01/13,468.0200,1.0300,+0.22,2693312,467.0000,476.5500,460.9400
2026/01/12,466.9900,3.6200,-0.77,1938862,460.2500,468.6100,459.6500
2026/01/09,470.6100,6.7400,+1.45,2397478,472.1900,475.9800,466.2500
2026/01/08,463.8700,15.0400,-3.14,2455457,478.2000,479.9900,460.6301
2026/01/07,478.9100,20.5900,+4.49,3967136,462.9700,486.5500,462.2840
2026/01/06,458.3200,1.7700,+0.39,2340146,457.7750,460.4600,451.2900
2026/01/05,456.5500,2.9700,+0.65,2615712,458.6300,466.4900,455.0046
2026/01/02,453.5800,15.1800,-3.24,3324981,474.0000,474.0000,449.4550
2025/12/31,468.7600,6.8700,-1.44,1661043,475.9800,476.0600,468.4000
2025/12/30,475.6300,0.2800,-0.06,1168100,476.0000,478.1200,472.2368
2025/12/29,475.9100,5.2800,-1.10,1314644,478.2950,483.2900,474.6335
2025/12/26,481.1900,4.0800,+0.86,1150652,477.0000,482.1549,475.1500
2025/12/24,477.1100,1.7300,-0.36,745101,476.8300,478.0000,470.6740
2025/12/23,478.8400,4.3000,-0.89,2053013,482.4900,483.5900,473.5000
2025/12/22,483.1400,1.8600,+0.39,2303290,479.7800,485.8700,474.8500
2025/12/19,481.2800,4.0200,+0.84,4662671,480.0000,489.2050,478.6300
2025/12/18,477.2600,7.2400,+1.54,1835071,479.7000,482.0400,473.9100
2025/12/17,470.0200,18.5100,-3.79,2317302,489.4100,490.4400,469.8350
2025/12/16,488.5300,1.0600,+0.22,1758737,486.4840,491.4400,482.0000
2025/12/15,487.4700,17.3100,-3.43,2184930,509.0100,509.0100,487.4300
2025/12/12,504.7800,12.8700,-2.49,2677671,516.4100,517.4358,498.7600
2025/12/11,517.6500,1.8900,-0.36,2001456,516.6700,528.1900,512.5100
2025/12/10,519.5400,1.5600,+0.30,2359253,516.0000,521.6100,504.5400
2025/12/09,517.9800,2.7900,+0.54,2035836,512.2300,529.8962,511.7295
2025/12/08,515.1900,3.1600,+0.62,1660540,513.0000,520.3000,508.9000
2025/12/05,512.0300,1.0900,-0.21,2629448,516.1400,526.8900,508.3200
2025/12/04,513.1200,11.0500,-2.11,2477255,523.9100,525.2700,510.2600
2025/12/03,524.1700,7.6200,+1.48,5578755,497.9900,525.0000,486.3000
2025/12/02,516.5500,12.4200,+2.46,5055263,513.4700,520.9999,507.0000
2025/12/01,504.1300,5.0300,-0.99,2058590,503.2150,506.7400,495.0100
2025/11/28,509.1600,7.6200,+1.52,1018908,505.3700,510.6900,501.9400
2025/11/26,501.5400,10.8000,-2.11,2213823,513.0000,514.9999,497.0000
2025/11/25,512.3400,5.5200,+1.09,1652226,503.7000,513.7100,493.0100
2025/11/24,506.8200,16.1500,+3.29,2649180,498.1600,509.1900,494.0300
2025/11/21,490.6700,10.6400,-2.12,3063709,497.9100,501.0000,477.5500
2025/11/20,501.3100,19.2800,-3.70,2483052,532.5600,539.3200,500.1300
2025/11/19,520.5900,6.9200,+1.35,1521925,513.3700,525.9800,509.2910
2025/11/18,513.6700,16.1100,-3.04,2572967,524.8200,531.3300,513.0000
2025/11/17,529.7800,7.7700,-1.45,1395272,537.0000,540.6700,526.5800
2025/11/14,537.5500,7.7700,+1.47,1942297,522.4700,544.0400,509.0500
2025/11/13,529.7800,16.0800,-2.95,2406019,540.9900,543.8500,526.1400
2025/11/12,545.8600,10.8700,-1.95,1991475,561.1000,566.9000,545.0000
2025/11/11,556.7300,0.8000,-0.14,1355764,555.2200,558.5000,551.2100
2025/11/10,557.5300,17.7200,+3.28,2164548,547.8200,558.9800,544.2500
2025/11/07,539.8100,7.2900,+1.37,2427139,526.6600,542.2600,519.1000
2025/11/06,532.5200,1.6200,-0.30,3099904,526.6800,540.0000,517.1000
2025/11/05,534.1400,0.2200,+0.04,1646162,531.8800,535.1900,526.0000
2025/11/04,533.9200,18.0000,-3.26,2505060,539.7900,549.4800,531.1000
2025/11/03,551.9200,8.9100,+1.64,1910493,549.3200,555.8100,545.1000
2025/10/31,543.0100,4.3300,+0.80,1873481,542.4100,549.4999,537.3000
2025/10/30,538.6800,6.8200,-1.25,1954873,543.1100,549.9799,534.1050
2025/10/29,545.5000,1.4400,-0.26,1780648,541.0000,549.0000,533.3000
2025/10/28,546.9400,17.2400,+3.25,3367427,536.8100,553.6400,535.9800
2025/10/27,529.7000,2.3800,+0.45,1932155,532.5400,534.3400,525.2400
2025/10/24,527.3200,5.3400,+1.02,2550453,528.8000,535.5200,521.8700
2025/10/23,521.9800,21.8700,+4.37,3147287,499.9800,522.4300,499.9800
2025/10/22,500.1100,3.8400,-0.76,1682027,502.6800,505.3600,491.6700
2025/10/21,503.9500,0.3400,+0.07,1440884,501.2400,507.6000,498.3500
2025/10/20,503.6100,18.9600,+3.91,2820084,486.5300,504.4450,486.4500
2025/10/17,484.6500,2.4200,+0.50,1926820,478.0150,486.0000,475.4200
2025/10/16,482.2300,6.7900,-1.39,2174003,489.7300,498.3100,475.3880
2025/10/15,489.0200,0.0800,+0.02,1730819,494.0000,495.5000,484.7800
2025/10/14,488.9400,19.6700,-3.87,2768511,500.0950,500.5400,487.5900
2025/10/13,508.6100,14.9500,+3.03,2340568,501.1500,511.1800,497.5000
2025/10/10,493.6600,15.4700,-3.04,3142612,509.0000,517.4100,493.2870
2025/10/09,509.1300,0.8200,-0.16,2203791,509.9500,511.4600,501.9000
2025/10/08,509.9500,25.3300,+5.23,3617547,491.7700,510.0000,490.3300
2025/10/07,484.6200,11.3300,-2.28,2857539,497.0000,497.8555,476.5201
2025/10/06,495.9500,6.0700,+1.24,1949372,495.5100,503.5000,494.3801
2025/10/03,489.8800,6.9200,-1.39,1983465,499.8400,501.8699,486.3000
2025/10/02,496.8000,3.1600,-0.63,2588818,501.2250,502.2700,492.3450
2025/10/01,499.9600,9.5800,+1.95,2512377,487.7500,500.8369,485.3600
2025/09/30,490.3800,1.9300,+0.40,2288164,486.4200,490.8810,479.2538
2025/09/29,488.4500,7.0300,+1.46,2197885,486.4200,490.5000,482.6500
2025/09/26,481.4200,8.3300,+1.76,2359725,472.1000,483.7000,470.2900
2025/09/25,473.0900,3.2400,-0.68,2714770,476.9000,481.5500,469.0000
2025/09/24,476.3300,7.7700,-1.61,2218240,482.3900,486.9600,474.4801
2025/09/23,484.1000,9.0400,-1.83,2734547,493.1400,495.0600,481.1000
2025/09/22,493.1400,9.4100,-1.87,3875367,496.0000,500.3000,486.3300
2025/09/19,502.5500,0.0800,-0.02,7092821,499.0000,507.1962,495.8100
2025/09/18,502.6300,57.1300,+12.82,10120450,468.9250,504.2200,462.1200
2025/09/17,445.5000,0.5200,+0.12,3872820,445.0000,453.9999,434.3400
2025/09/16,444.9800,0.2100,+0.05,2908043,444.8000,448.3200,434.8000
2025/09/15,444.7700,8.6700,+1.99,2879358,441.5750,448.8700,436.7500
2025/09/12,436.1000,2.7200,+0.63,2764705,435.3900,443.0000,435.0000
2025/09/11,433.3800,8.5100,+2.00,2411944,428.2500,438.2599,427.1000
2025/09/10,424.8700,1.3600,+0.32,2278833,427.5650,433.8069,422.1700
2025/09/09,423.5100,4.5500,-1.06,2126813,428.1700,431.0070,420.6300
2025/09/08,428.0600,10.4300,+2.50,2545825,419.0000,428.8450,416.4201
2025/09/05,417.6300,5.1700,+1.25,2169328,414.0700,418.1117,407.0600
2025/09/04,412.4600,0.7400,-0.18,2763401,413.2000,415.4899,402.6600
2025/09/03,413.2000,0.3000,-0.07,3036499,412.9850,414.4799,404.2800
2025/09/02,413.5000,10.2000,-2.41,3762756,417.1090,418.0200,407.6950
2025/08/29,423.7000,18.3000,-4.14,5485070,444.8650,448.0000,420.3900
2025/08/28,442.0000,19.3900,+4.59,9981803,410.0000,442.1700,409.2501
2025/08/27,422.6100,5.0100,+1.20,8119591,421.6000,427.4150,419.9800
2025/08/26,417.6000,1.2300,-0.29,3146731,419.3200,425.0000,416.7000
2025/08/25,418.8300,1.7200,-0.41,2413277,422.6100,425.9999,418.5250
2025/08/22,420.5500,6.4900,+1.57,2202292,415.0000,423.9926,412.5508
2025/08/21,414.0600,5.1100,-1.22,1800410,417.7900,417.9299,413.6600
2025/08/20,419.1700,0.5700,+0.14,2212608,417.4250,420.9400,409.3100
2025/08/19,418.6000,7.7400,-1.82,2786833,431.0000,436.0000,415.9000
2025/08/18,426.3400,1.5600,-0.36,2252677,426.0000,428.9700,421.6985
2025/08/15,427.9000,3.0400,+0.72,2264392,425.2800,428.9320,423.0001
2025/08/14,424.8600,7.2600,-1.68,2911580,432.3400,435.0000,419.8100
2025/08/13,432.1200,3.6800,-0.84,2461103,440.0000,442.4250,427.8601
2025/08/12,435.8000,9.3700,+2.20,2314312,428.0100,438.3000,427.4900
2025/08/11,426.4300,1.9400,+0.46,2525352,423.8200,434.0000,419.7400
2025/08/08,424.4900,0.5100,-0.12,3632121,431.0000,434.5000,420.4200
2025/08/07,425.0000,26.6900,-5.91,5710129,451.6900,451.9850,422.0000
2025/08/06,451.6900,9.9400,+2.25,2035670,445.0000,451.9000,442.0101
2025/08/05,441.7500,13.1100,-2.88,3104579,454.6300,457.8000,438.5001
2025/08/04,454.8600,8.2000,+1.84,1882796,452.9000,457.4900,448.0000
2025/08/01,446.6600,7.9100,-1.74,3014399,448.9500,454.0000,438.0900
2025/07/31,454.5700,8.5800,-1.85,2832848,465.7600,467.9000,453.7600
2025/07/30,463.1500,2.3600,-0.51,2117492,463.5200,466.6800,453.4200
2025/07/29,465.5100,6.6700,-1.41,2749934,473.8700,480.7200,458.0000
2025/07/28,472.1800,4.2600,+0.91,1825776,471.0000,476.5700,468.0000
2025/07/25,467.9200,5.8900,+1.27,1794737,462.0000,470.8100,460.3000
2025/07/24,462.0300,0.5100,+0.11,2486054,463.9800,468.5000,460.1200
2025/07/23,461.5200,9.7100,-2.06,3024019,471.2300,471.9999,454.0400
2025/07/22,471.2300,10.3500,-2.15,1975565,481.5000,485.4558,470.0000
2025/07/21,481.5800,5.6200,+1.18,3416152,478.7150,490.0400,474.1100
2025/07/18,475.9600,6.1300,+1.30,2903393,472.3100,477.2600,465.7600
2025/07/17,469.8300,0.6200,-0.13,2256634,470.3500,474.3100,466.9400
2025/07/16,470.4500,2.8300,-0.60,1982938,475.8200,476.6499,464.8350
2025/07/15,473.2800,2.9000,-0.61,2529124,479.0900,480.7200,470.5200
2025/07/14,476.1800,2.2700,-0.47,3340484,466.8200,480.7169,463.5000
2025/07/11,478.4500,8.6600,-1.78,3384366,488.0000,489.3262,477.4700
2025/07/10,487.1100,26.4000,-5.14,4188515,512.9900,514.5000,486.5700
2025/07/09,513.5100,5.8000,+1.14,1869298,512.0000,513.9200,507.0400
2025/07/08,507.7100,2.2500,+0.45,2143326,507.6400,509.3845,497.7400
2025/07/07,505.4600,8.6400,-1.68,3269395,507.7000,508.1550,498.9100
2025/07/03,514.1000,18.0000,+3.63,2654026,499.9900,517.9799,499.9900
2025/07/02,496.1000,4.0300,+0.82,2113237,491.0000,496.5000,489.1437
2025/07/01,492.0700,17.2400,-3.38,4089054,509.3700,516.6199,481.5000
2025/06/30,509.3100,9.9800,+2.00,2702837,502.6250,510.0200,499.7200
2025/06/27,499.3300,5.8900,-1.17,3466288,504.5900,505.3700,495.5700
2025/06/26,505.2200,11.1300,+2.25,3017035,497.0800,506.3500,494.0900
2025/06/25,494.0900,8.7100,+1.79,2957627,488.0800,500.4100,487.5450
2025/06/24,485.3800,6.4300,-1.31,3633478,490.9000,493.5000,481.1200
2025/06/23,491.8100,15.5100,+3.26,4431729,470.7550,494.3000,461.5100
2025/06/20,476.3000,8.8600,-1.83,5183068,484.5400,490.0000,474.2900
2025/06/18,485.1600,6.8700,-1.40,2830285,490.7100,490.7100,478.8201
2025/06/17,492.0300,12.6400,+2.64,3398657,479.4500,493.2000,474.0000
2025/06/16,479.3900,1.2300,-0.26,2710305,481.8400,487.4600,477.2800
2025/06/13,480.6200,1.1100,-0.23,2610680,475.0000,485.4949,473.0600
2025/06/12,481.7300,4.7500,+1.00,3520157,474.0200,488.7360,473.0000
2025/06/11,476.9800,9.3300,+2.00,2756541,466.0200,479.9400,465.5517
2025/06/10,467.6500,3.2600,+0.70,2472452,465.4900,470.0100,457.2300
2025/06/09,464.3900,4.0200,-0.86,2724637,470.3100,471.7699,458.1278
2025/06/06,468.4100,5.4700,+1.18,4342957,463.1200,478.4660,463.1200
2025/06/05,462.9400,2.3800,+0.52,6188822,462.3250,468.6000,452.7100
2025/06/04,460.5600,28.2000,-5.77,15453584,454.7500,470.9499,445.2600
2025/06/03,488.7600,9.5900,+2.00,7632152,480.7650,491.2000,477.4500
2025/06/02,479.1700,7.8000,+1.65,3483436,471.0000,479.9700,465.5250
2025/05/30,471.3700,12.5600,+2.74,4488688,462.0300,473.1200,456.7650
2025/05/29,458.8100,10.0200,-2.14,3328479,472.0000,472.4900,453.4250
2025/05/28,468.8300,3.3900,-0.72,2893441,472.9850,473.4099,465.9800
2025/05/27,472.2200,16.6300,+3.65,3997165,464.0000,474.2300,459.6001
2025/05/23,455.5900,11.5200,+2.59,4487764,438.5000,459.9300,437.4000
2025/05/22,444.0700,9.3300,+2.15,2590894,430.7150,448.8800,430.0000
2025/05/21,434.7400,7.5100,-1.70,4321056,436.8000,450.6700,432.0600
2025/05/20,442.2500,2.1000,-0.47,2132634,441.8900,443.0100,436.6950
2025/05/19,444.3500,5.0900,+1.16,2015557,432.4300,445.5000,431.6900
2025/05/16,439.2600,7.4200,+1.72,2133434,435.8700,440.8900,431.8200
2025/05/15,431.8400,4.1000,-0.94,2531937,423.5900,433.8600,422.0900
2025/05/14,435.9400,4.2600,-0.97,2847277,442.5000,445.4700,431.2601
2025/05/13,440.2000,10.7600,+2.51,3734581,428.2100,448.0000,427.0001
2025/05/12,429.4400,18.8700,+4.60,3278518,419.6900,429.4700,415.1000
2025/05/09,410.5700,18.0600,-4.21,4693342,418.9450,420.0000,404.6300
2025/05/08,428.6300,6.1100,+1.45,3618987,427.4850,432.9064,424.7200
2025/05/07,422.5200,20.6900,-4.67,6679452,425.4200,429.8400,417.0621
2025/05/06,443.2100,0.2600,-0.06,3431154,432.2020,447.5000,430.5700
2025/05/05,443.4700,2.8900,+0.66,3281015,436.0000,451.1499,435.4044
2025/05/02,440.5800,8.7000,+2.01,2708706,438.1800,443.7000,434.4000
2025/05/01,431.8800,3.0100,+0.70,3080096,431.5100,439.6300,427.7500
2025/04/30,428.8700,2.1200,-0.49,3187202,419.0100,429.5500,414.4100
2025/04/29,430.9900,7.9100,+1.87,2407095,424.4900,432.3700,423.0800
2025/04/28,423.0800,1.8000,-0.42,2798708,424.8400,428.0000,415.3300
2025/04/25,424.8800,10.8300,+2.62,3335543,414.6900,425.7350,412.6000
2025/04/24,414.0500,28.3000,+7.34,4624922,386.0000,414.8486,386.0000
2025/04/23,385.7500,17.3000,+4.70,3580631,382.5000,396.3050,382.5000
2025/04/22,368.4500,5.7600,+1.59,2577135,368.8400,374.7100,362.9000
2025/04/21,362.6900,12.9300,-3.44,2904870,363.8000,372.0900,355.6600
2025/04/17,375.6200,4.2200,-1.11,2098275,383.8000,384.9400,373.1010
2025/04/16,379.8400,12.9600,-3.30,4186650,386.1100,395.3500,373.4800
2025/04/15,392.8000,14.1400,+3.73,5204767,383.4000,400.0200,379.6700
2025/04/14,378.6600,0.7600,+0.20,3047990,386.9550,389.2526,372.8200
2025/04/11,377.9000,9.2900,+2.52,3383304,366.9800,378.7900,360.6537
2025/04/10,368.6100,9.4000,-2.49,4552610,369.0000,375.9865,354.2044
2025/04/09,378.0100,52.9700,+16.30,7656977,324.6000,382.6500,324.4900
2025/04/08,325.0400,0.6800,+0.21,5300631,342.7100,351.0600,318.3800
2025/04/07,324.3600,2.7300,+0.85,6299607,300.0600,341.7700,298.0000
2025/04/04,321.6300,25.7600,-7.42,7032804,328.0200,334.0450,310.3101
2025/04/03,347.3900,24.1000,-6.49,4304369,350.9420,360.9104,341.8100
2025/04/02,371.4900,9.1100,+2.51,2472030,353.1600,376.2700,353.0287
2025/04/01,362.3800,9.8000,+2.78,2682055,358.9400,363.1700,351.2500
2025/03/31,352.5800,4.5300,-1.27,3296995,345.7850,353.6400,337.8900
2025/03/28,357.1100,9.4500,-2.58,3457456,365.8200,367.6400,353.4801
2025/03/27,366.5600,4.8500,-1.31,2666122,368.7200,371.4600,360.2800
2025/03/26,371.4100,13.5400,-3.52,3289508,383.8950,384.7733,370.3600
2025/03/25,384.9500,12.3100,+3.30,4258391,378.0800,392.6936,377.0001
2025/03/24,372.6400,10.4000,+2.87,4146929,370.0000,373.6300,361.6600
2025/03/21,362.2400,6.7900,-1.84,8119531,358.9100,372.1900,353.0300
2025/03/20,369.0300,6.0200,-1.61,2883038,371.2800,377.4900,364.4600
2025/03/19,375.0500,11.9000,+3.28,4056608,366.2200,381.2600,362.2555
2025/03/18,363.1500,1.6800,-0.46,3185578,362.1000,368.4672,356.7100
2025/03/17,364.8300,11.0950,+3.14,4255117,353.0000,370.8600,352.5659
2025/03/14,353.7350,21.2050,+6.38,4365504,338.5100,354.5000,337.1400
2025/03/13,332.5300,14.2300,-4.10,4349585,346.5700,347.8351,330.6247
2025/03/12,346.7600,17.0100,+5.16,5123896,343.5900,347.7299,336.7600
2025/03/11,329.7500,20.8900,+6.76,8352494,310.4100,339.0000,308.0000
2025/03/10,308.8600,24.6400,-7.39,6996968,322.6500,323.9450,303.7900
2025/03/07,333.5000,14.2300,-4.09,6869351,344.5600,347.7300,318.0400
2025/03/06,347.7300,17.7100,-4.85,5613653,356.5800,371.7197,345.8200
2025/03/05,365.4400,24.7200,-6.34,15958069,361.6800,367.3200,343.0000
2025/03/04,390.1600,7.4300,+1.94,8045095,376.9750,396.1600,370.5800
2025/03/03,382.7300,6.9300,-1.78,5065041,399.0000,404.6000,378.3400
2025/02/28,389.6600,9.4200,+2.48,3773054,379.0000,390.5200,377.3800
2025/02/27,380.2400,14.3200,-3.63,3223079,401.6400,406.5300,380.0000
2025/02/26,394.5600,14.8100,+3.90,3431516,384.6900,401.7000,381.7467
2025/02/25,379.7500,11.9700,-3.06,4503796,387.2700,389.0000,369.3100
2025/02/24,391.7200,14.9600,-3.68,5384438,405.4900,405.9000,382.3400
2025/02/21,406.6800,29.4600,-6.75,5598247,428.8600,433.2300,404.5400
2025/02/20,436.1400,14.0000,-3.11,4768919,441.9200,442.7300,418.3100
2025/02/19,450.1400,5.2200,-1.15,2415246,455.3600,455.5900,444.5800
2025/02/18,455.3600,3.6200,+0.80,2753358,451.6700,455.4400,445.2700
2025/02/14,451.7400,2.0300,-0.45,2845458,449.4700,453.4599,442.8700
2025/02/13,453.7700,19.1400,+4.40,3681273,435.0000,454.1300,432.1967
2025/02/12,434.6300,2.9900,+0.69,2010961,425.2000,437.5964,424.2100
2025/02/11,431.6400,2.7200,+0.63,2323787,426.6500,434.7839,424.0800
2025/02/10,428.9200,7.3300,+1.74,2258831,424.7750,431.9041,424.4850
2025/02/07,421.5900,1.0800,+0.26,3501532,424.0000,431.3252,419.3200
2025/02/06,420.5100,3.2900,+0.79,2413319,415.5000,421.6250,413.7243
2025/02/05,417.2200,9.7000,+2.38,3111415,408.0000,419.3900,405.0200
2025/02/04,407.5200,9.9500,+2.50,2865656,396.5200,408.4399,396.0000
2025/02/03,397.5700,0.5000,-0.13,3555177,386.9450,399.9400,384.2400
2025/01/31,398.0700,1.2000,+0.30,3126181,398.4000,408.1000,397.3500
2025/01/30,396.8700,0.2000,-0.05,2785193,399.7300,403.0802,390.8500
2025/01/29,397.0700,11.6100,-2.84,4279542,404.3500,404.3500,390.2201
2025/01/28,408.6800,34.9300,+9.35,8247214,372.6700,411.2999,372.5700
2025/01/27,373.7500,1.1700,-0.31,3783451,366.5000,382.4500,359.6600
2025/01/24,374.9200,2.7800,-0.74,2281670,378.3000,384.2999,373.6700
2025/01/23,377.7000,0.2800,-0.07,2378997,376.8100,377.9500,371.8400
2025/01/22,377.9800,11.5700,+3.16,3608945,368.7600,381.4895,363.0000
2025/01/21,366.4100,9.4100,+2.64,2686011,360.8700,370.0000,358.3000
2025/01/17,357.0000,6.3800,-1.76,4869940,370.1400,370.9500,349.5500
2025/01/16,363.3800,1.3600,+0.38,2444894,366.2600,369.0182,360.6600
2025/01/15,362.0200,13.9800,+4.02,2882115,355.0000,365.2705,352.9600
2025/01/14,348.0400,6.5800,+1.93,2535250,344.9950,351.9720,343.2500
2025/01/13,341.4600,7.3800,-2.12,3337895,342.8650,345.1700,335.5500
2025/01/10,348.8400,9.8800,-2.75,2831718,354.9100,354.9100,343.9900
2025/01/08,358.7200,1.2100,-0.34,2549795,356.1938,365.0650,351.3100
2025/01/07,359.9300,6.4300,-1.76,2646820,366.0600,370.3700,354.1250
2025/01/06,366.3600,7.3400,+2.04,2899168,362.5000,368.3900,356.0300
2025/01/03,359.0200,11.6800,+3.36,2663914,349.2300,359.6899,348.0000
2025/01/02,347.3400,5.1800,+1.51,2716738,346.5200,350.5000,341.0366
2024/12/31,342.1600,7.1500,-2.05,2237245,351.8600,351.8600,339.7200
2024/12/30,349.3100,5.6800,-1.60,2465392,347.6100,352.8750,344.3400
2024/12/27,354.9900,10.0900,-2.76,3345360,361.1500,361.9199,349.8500
2024/12/26,365.0800,0.7100,-0.19,1232424,365.7500,366.6400,361.9401
2024/12/24,365.7900,4.2900,+1.19,1289659,361.0700,366.0000,359.2600
2024/12/23,361.5000,0.7900,-0.22,2752298,358.4900,365.7300,354.2300
2024/12/20,362.2900,11.2600,+3.21,5221067,347.0000,365.4400,345.0500
2024/12/19,351.0300,1.8500,+0.53,4375857,364.9300,365.0000,349.7500
2024/12/18,349.1800,27.2400,-7.24,4824419,376.4200,379.1816,345.4660
2024/12/17,376.4200,11.7800,-3.03,3889972,386.7500,388.0000,373.2400
2024/12/16,388.2000,20.1800,+5.48,5181794,368.7600,389.0000,364.8900
2024/12/13,368.0200,2.5200,+0.69,3119049,366.0000,370.2900,361.5200
2024/12/12,365.5000,2.5300,+0.70,2189780,360.4700,365.8400,357.5500
2024/12/11,362.9700,16.1950,+4.67,3528865,348.1900,364.9000,348.1900
2024/12/10,346.7750,6.8250,-1.93,2419344,353.6000,357.2600,344.6000
2024/12/09,353.6000,12.0500,-3.30,2852556,365.6500,366.5900,351.7700
2024/12/06,365.6500,0.8100,+0.22,3238116,364.0000,371.2700,360.9900
2024/12/05,364.8400,0.6800,+0.19,3191231,361.2000,366.2500,358.6000
2024/12/04,364.1600,14.2100,+4.06,5063900,353.1000,366.4400,348.5000
2024/12/03,349.9500,3.1500,+0.91,3581893,345.0000,351.9500,343.4000
2024/12/02,346.8000,0.8300,+0.24,5465262,344.9000,354.3400,336.5600
2024/11/29,345.9700,1.6200,-0.47,2425516,349.5000,350.1600,344.7200
2024/11/27,347.5900,16.7100,-4.59,10807689,359.2200,359.2200,340.5200
2024/11/26,364.3000,0.6200,+0.17,6951313,363.0000,367.3500,359.2500
2024/11/25,363.6800,8.5800,-2.30,5022833,375.0000,377.4200,360.7800
2024/11/22,372.2600,14.7100,+4.11,3442549,359.6800,372.5600,357.9500
2024/11/21,357.5500,7.4000,+2.11,4553885,354.5000,362.3999,351.5000
2024/11/20,350.1500,3.1400,-0.89,2499882,357.3100,357.3100,344.4664
2024/11/19,353.2900,10.3200,+3.01,3169518,341.5400,354.3400,338.5294
2024/11/18,342.9700,6.2200,+1.85,2386916,339.9700,347.3000,336.7501
2024/11/15,336.7500,7.6100,-2.21,3460547,340.4000,343.0100,332.7500
2024/11/14,344.3600,3.5200,-1.01,2582053,347.8900,351.0900,343.5300
2024/11/13,347.8800,4.3800,+1.28,4745735,345.6000,359.4500,344.0900
2024/11/12,343.5000,1.0800,+0.32,3183733,339.8100,343.8900,336.5254
2024/11/11,342.4200,12.3900,+3.75,3345408,334.0000,342.7900,331.8800
2024/11/08,330.0300,0.7500,-0.23,2845710,330.5500,333.1500,323.2400
2024/11/07,330.7800,10.7800,+3.37,3575191,322.5000,333.2199,320.4512
2024/11/06,320.0000,12.4200,+4.04,4227701,317.1700,324.6640,316.7501
2024/11/05,307.5800,8.7000,+2.91,2259972,300.0000,308.8900,298.6170
2024/11/04,298.8800,4.2500,-1.40,2321877,300.5200,302.9300,295.0800
2024/11/01,303.1300,6.2600,+2.11,2975940,296.7900,304.3802,295.7100
2024/10/31,296.8700,10.5800,-3.44,3475702,306.1200,307.4050,294.6800
2024/10/30,307.4500,3.4900,-1.12,2083756,311.5000,315.4760,307.1350
2024/10/29,310.9400,9.6200,+3.19,3454798,303.2400,313.1500,300.4000
2024/10/28,301.3200,0.7000,+0.23,3464812,301.1450,305.0000,295.3100
2024/10/25,300.6200,3.8500,-1.26,6045774,305.2200,311.3499,295.1300
2024/10/24,304.4700,5.1700,+1.73,1980863,302.1100,305.9070,301.0000
2024/10/23,299.3000,9.2100,-2.99,3102929,307.1400,308.0661,298.3200
2024/10/22,308.5100,1.0400,-0.34,2259224,309.0000,311.5600,304.2600
2024/10/21,309.5500,0.6000,-0.19,3293498,309.6600,316.9980,308.1100
2024/10/18,310.1500,0.1900,-0.06,2897118,310.3400,313.8800,306.8100
2024/10/17,310.3400,4.1000,+1.34,3078372,310.0000,313.7400,306.2400
2024/10/16,306.2400,3.9300,+1.30,2889214,303.8500,307.2050,299.2700
2024/10/15,302.3100,8.2100,-2.64,3765376,309.5500,310.5199,300.6900
2024/10/14,310.5200,9.6900,-3.03,4474222,321.5700,323.9400,309.6000
2024/10/11,320.2100,5.2900,+1.68,4606840,314.9200,322.5900,313.0000
2024/10/10,314.9200,16.5800,+5.56,7859939,297.7200,315.5300,297.0000
2024/10/09,298.3400,5.3300,+1.82,2534356,293.7400,298.7700,292.5000
2024/10/08,293.0100,6.0400,+2.10,2886340,287.8800,295.2500,286.7800
2024/10/07,286.9700,5.2700,-1.80,2314277,291.0000,293.0000,285.7900
2024/10/04,292.2400,8.4900,+2.99,3121193,288.1600,292.5600,283.8000
2024/10/03,283.7500,3.5100,+1.25,3336433,279.0000,286.9000,278.5595
2024/10/02,280.2400,5.0900,+1.85,2592597,274.8850,282.1499,274.8620
2024/10/01,275.1500,5.3200,-1.90,3122617,282.2600,282.9738,272.6701
2024/09/30,280.4700,5.3900,-1.89,2857467,284.0000,285.4100,278.2000
2024/09/27,285.8600,4.3800,+1.56,2896384,283.8000,286.4500,281.1500
2024/09/26,281.4800,4.9900,-1.74,4532124,291.2500,292.3750,277.8800
2024/09/25,286.4700,2.0700,-0.72,2953459,290.0000,291.7299,285.5400
2024/09/24,288.5400,4.6000,-1.57,4110711,294.8900,295.4000,285.2800
2024/09/23,293.1400,6.7100,-2.24,5519314,297.7800,302.1579,292.5701
2024/09/20,299.8500,22.4700,+8.10,17875087,284.1300,300.4500,283.8800
2024/09/19,277.3800,10.2600,+3.84,6219013,276.0000,283.9899,273.7500
2024/09/18,267.1200,1.6000,-0.60,3178616,269.4900,272.0200,263.4501
2024/09/17,268.7200,0.9100,+0.34,2775360,270.2000,272.3999,267.3200
2024/09/16,267.8100,8.6800,+3.35,3698598,260.7700,270.0500,259.3500
2024/09/13,259.1300,2.0300,+0.79,2133928,257.0000,261.5800,256.0000
2024/09/12,257.1000,3.5700,+1.41,2650377,255.6800,258.3805,252.4800
2024/09/11,253.5300,5.7900,+2.34,2666064,247.7300,254.5800,242.2500
2024/09/10,247.7400,1.1600,+0.47,2199249,248.7500,250.3300,243.5500
2024/09/09,246.5800,0.1900,+0.08,3198183,249.1150,249.5000,244.1700
2024/09/06,246.3900,10.0400,-3.92,4320084,255.8000,257.4000,244.4900
2024/09/05,256.4300,2.8900,-1.11,3928010,255.4000,259.0000,252.6701
2024/09/04,259.3200,7.2800,-2.73,4372151,260.4400,267.1978,258.4100
2024/09/03,266.6000,10.6800,-3.85,5503169,275.7800,277.5100,265.2900
2024/08/30,277.2800,5.6100,+2.07,6616984,277.7800,284.1100,273.3501
2024/08/29,271.6700,7.4700,+2.83,13100246,262.0100,285.7300,261.3300
2024/08/28,264.2000,5.6300,-2.09,7072615,269.8000,270.7204,261.4800
2024/08/27,269.8300,3.9600,+1.49,3686884,261.8100,270.4300,260.7500
2024/08/26,265.8700,5.6700,-2.09,3558430,271.0600,271.7400,265.2700
2024/08/23,271.5400,3.9000,+1.46,3248578,270.1000,273.6000,266.8100
2024/08/22,267.6400,5.5700,-2.04,4420682,275.2400,278.5000,267.2301
2024/08/21,273.2100,6.6800,+2.51,5258378,267.0100,274.4200,265.6433
2024/08/20,266.5300,0.2500,-0.09,3876506,269.3600,270.1200,264.3950
2024/08/19,266.7800,4.2400,+1.61,5466582,264.0000,270.9800,262.6000
2024/08/16,262.5400,2.0500,+0.79,3495619,260.4400,262.6400,257.8500
2024/08/15,260.4900,4.2700,+1.67,5898052,260.2500,263.6500,257.5200
2024/08/14,256.2200,8.1100,+3.27,5713851,250.0000,258.9600,249.2561
2024/08/13,248.1100,8.7700,+3.66,5126822,242.0000,248.9699,240.0050
2024/08/12,239.3400,1.5600,-0.65,3729356,242.0000,242.8700,235.6000
2024/08/09,240.9000,0.3800,+0.16,5938890,242.1800,246.0100,238.8000
2024/08/08,240.5200,9.8500,+4.27,6675030,233.8800,242.0400,229.7200
2024/08/07,230.6700,1.0200,-0.44,9349020,238.3700,243.5000,230.1000
2024/08/06,231.6900,9.6400,+4.34,10613352,230.1900,235.2400,221.5600
2024/08/05,222.0500,4.1600,+1.91,10942170,201.5350,224.1199,200.8100
2024/08/02,217.8900,6.3300,-2.82,8978108,217.1500,221.4750,211.1400
2024/08/01,224.2200,7.7400,-3.34,9914249,232.0000,232.2000,221.6600
2024/07/31,231.9600,1.6900,-0.72,11980416,234.6700,236.9100,228.2100
2024/07/30,233.6500,25.1600,-9.72,25824890,247.5500,248.3299,226.2200
2024/07/29,258.8100,2.6500,+1.03,11792161,259.5100,265.5000,257.4500
2024/07/26,256.1600,2.0100,+0.79,9584374,259.9500,260.5400,251.2600
2024/07/25,254.1500,3.9900,-1.55,10511407,258.3900,262.7900,250.2200
2024/07/24,258.1400,10.7400,-3.99,14736257,270.0000,275.4400,257.3600
2024/07/23,268.8800,4.9700,+1.88,33583140,269.0200,277.0000,258.7700
2024/07/22,263.9100,41.0500,-13.46,49567460,285.0100,285.0100,261.5900
2024/07/19,304.9600,38.0900,-11.10,42145705,294.5100,316.7500,290.1001
2024/07/18,343.0500,11.8900,-3.35,4552844,351.7400,352.2000,336.3400
2024/07/17,354.9400,14.1100,-3.82,3498744,360.0000,363.5968,350.7200
2024/07/16,369.0500,8.3200,-2.20,2606326,378.2400,379.3350,368.5000
2024/07/15,377.3700,6.0500,+1.63,3522353,371.6700,383.5700,364.2100
2024/07/12,371.3200,0.8900,+0.24,2609680,368.2000,374.4900,367.7550
2024/07/11,370.4300,4.0200,-1.07,3125545,375.6900,379.7800,367.5000
2024/07/10,374.4500,11.4300,-2.96,5826675,385.0000,385.0200,365.5900
2024/07/09,385.8800,4.8300,-1.24,2973776,392.5100,398.3271,383.2000
2024/07/08,390.7100,1.0300,+0.26,2976524,390.3680,397.1200,379.7900
2024/07/05,389.6800,2.5000,+0.65,1908993,387.8700,391.4650,385.3100
2024/07/03,387.1800,2.1300,+0.55,1456774,384.2500,390.0800,382.3833
2024/07/02,385.0500,7.1000,-1.81,3242721,382.2700,387.1650,381.4696
2024/07/01,392.1500,8.9600,+2.34,2880233,385.2800,392.7400,377.9201
2024/06/28,383.1900,4.1000,-1.06,8480459,389.3300,393.2900,381.7818
2024/06/27,387.2900,6.9200,+1.82,3666301,381.0000,391.5400,379.9400
2024/06/26,380.3700,6.3900,-1.65,2952106,385.5900,387.5100,379.7500
2024/06/25,386.7600,8.8300,+2.34,3203103,379.7500,387.8100,379.5450
2024/06/24,377.9300,2.7000,-0.71,5400883,375.1000,381.7600,374.0000
2024/06/21,380.6300,1.5100,-0.40,54077448,380.6300,381.0000,370.7001
2024/06/20,382.1400,7.3700,-1.89,5848018,390.2600,393.2500,379.2000
2024/06/18,389.5100,0.9200,-0.24,4092806,390.0000,393.2900,386.6600
2024/06/17,390.4300,4.9950,+1.30,4853082,382.7500,394.6400,376.5500
2024/06/14,385.4350,2.6250,+0.69,3415030,382.0000,388.3454,381.1500
2024/06/13,382.8100,4.5600,-1.18,3969535,387.8500,389.8900,380.9400
2024/06/12,387.3700,2.7400,+0.71,5827847,390.2500,390.7051,378.8700
2024/06/11,384.6300,10.0600,+2.69,7011687,372.8600,385.0000,370.1400
2024/06/10,374.5700,25.4500,+7.29,15610506,367.1000,384.9800,367.1000
2024/06/07,349.1200,8.6300,+2.53,5096773,343.0000,349.9200,337.1300
2024/06/06,340.4900,1.6900,-0.49,4683531,342.9300,349.3400,336.1900
2024/06/05,342.1800,36.6000,+11.98,16035592,334.6100,342.5900,316.3900
2024/06/04,305.5800,3.1100,-1.01,8475423,310.0000,312.3799,303.5050
2024/06/03,308.6900,4.9800,-1.59,4364745,319.3700,319.4800,305.1100
2024/05/31,313.6700,2.2500,-0.71,5401839,329.7600,329.7700,306.5000
2024/05/30,315.9200,33.6000,-9.61,6159415,346.1500,346.6300,314.1301
2024/05/29,349.5200,2.7000,+0.78,2638946,342.0100,353.5400,341.9600
2024/05/28,346.8200,4.6500,-1.32,3235348,358.6400,358.8400,343.1100
2024/05/24,351.4700,9.1200,+2.66,2669970,342.6700,355.7500,340.8100
2024/05/23,342.3500,3.0700,-0.89,1835951,350.0000,350.4100,341.2750
2024/05/22,345.4200,3.9000,-1.12,1907478,350.0000,352.9400,342.8601
2024/05/21,349.3200,0.5700,+0.16,2099274,343.0550,351.6500,340.5200
2024/05/20,348.7500,2.8200,+0.82,2174968,346.0000,349.5900,344.6500
2024/05/17,345.9300,6.8700,+2.03,2044947,340.0000,346.2799,338.7100
2024/05/16,339.0600,4.0600,-1.18,2074703,343.0000,344.0800,338.8300
2024/05/15,343.1200,13.5700,+4.12,3143212,333.2100,344.3700,330.9300
2024/05/14,329.5500,10.3700,+3.25,2948664,319.1900,330.7900,319.1800
2024/05/13,319.1800,1.5800,-0.49,1894395,325.0000,325.0000,316.6300
2024/05/10,320.7600,2.8200,+0.89,2657401,320.0000,327.5000,318.3900
2024/05/09,317.9400,4.1800,+1.33,2158362,313.0300,318.2500,309.3800
2024/05/08,313.7600,1.2100,+0.39,2073120,311.8800,319.2300,308.5700
2024/05/07,312.5500,5.2600,-1.66,3199029,315.7100,321.5150,311.6500
2024/05/06,317.8100,7.6000,+2.45,2903513,307.3800,317.9000,304.3000
2024/05/03,310.2100,6.6700,+2.20,4080846,304.7600,311.5500,300.0000
2024/05/02,303.5400,8.1000,+2.74,3920475,303.7550,307.9400,298.0430
2024/05/01,295.4400,2.9000,+0.99,2090781,290.4400,302.5000,288.5500
2024/04/30,292.5400,11.5000,-3.78,1930198,302.0000,303.0650,292.3300
2024/04/29,304.0400,0.0300,-0.01,1899630,312.5700,313.8625,302.0500
2024/04/26,304.0700,6.0500,+2.03,2007839,300.3400,305.7800,298.2701
2024/04/25,298.0200,0.4000,+0.13,2022144,289.5600,299.8500,287.9100
2024/04/24,297.6200,2.0300,-0.68,1656152,303.6000,304.8200,294.7400
2024/04/23,299.6500,10.5000,+3.63,2593003,292.2100,302.8100,292.1700
2024/04/22,289.1500,6.5100,+2.30,2483448,285.7400,291.2900,281.4000
2024/04/19,282.6400,11.4600,-3.90,3116556,291.9500,292.7300,280.8800
2024/04/18,294.1000,0.4100,+0.14,2099979,293.0000,297.5000,290.1800
2024/04/17,293.6900,5.4600,-1.83,2290287,304.0000,304.8000,291.7100
2024/04/16,299.1500,0.3500,-0.12,1828324,297.5500,301.6500,296.8000
2024/04/15,299.5000,9.5500,-3.09,2571642,310.0300,312.0000,298.3900
2024/04/12,309.0500,8.7500,-2.75,2176260,313.8900,314.8699,307.0000
2024/04/11,317.8000,5.2700,+1.69,1868982,313.5400,317.9050,310.1350
2024/04/10,312.5300,1.7600,+0.57,1938959,305.9900,315.0810,305.3400
2024/04/09,310.7700,2.9600,-0.94,1864730,314.9900,316.0000,308.6300
2024/04/08,313.7300,1.7700,-0.56,1457306,316.1800,316.6400,309.5000
2024/04/05,315.5000,6.3100,+2.04,1769268,309.7200,317.5000,309.3300
2024/04/04,309.1900,10.8500,-3.39,2667043,324.3000,325.9900,308.8800
2024/04/03,320.0400,0.4900,+0.15,2013428,316.5700,323.5500,314.4800
2024/04/02,319.5500,0.0400,-0.01,2125298,312.9200,319.7100,310.9600
2024/04/01,319.5900,1.0000,-0.31,1830941,321.0000,321.9900,313.7200
2024/03/28,320.5900,1.6600,-0.52,2253051,322.4200,327.6500,319.9400
2024/03/27,322.2500,7.7600,-2.35,3175619,333.3400,333.8400,317.5600
2024/03/26,330.0100,5.2500,+1.62,2417720,326.0000,332.5000,323.8600
2024/03/25,324.7600,2.8200,-0.86,1695203,326.0000,329.2500,321.0000
2024/03/22,327.5800,1.8800,-0.57,2601709,327.7300,328.3900,319.5500
2024/03/21,329.4600,2.5900,+0.79,3253370,325.8900,333.2300,322.0500
2024/03/20,326.8700,6.0100,+1.87,2528767,321.0000,328.4700,318.0625
2024/03/19,320.8600,0.2000,-0.06,2933639,318.1500,321.4800,310.2200
2024/03/18,321.0600,5.4100,+1.71,2736585,319.0300,322.3700,315.9000
2024/03/15,315.6500,12.9400,-3.94,4483098,325.5800,327.3900,315.6000
2024/03/14,328.5900,3.5800,-1.08,2776837,333.0000,337.7800,325.4750
2024/03/13,332.1700,2.9000,+0.88,2730946,329.7300,334.8250,325.5000
2024/03/12,329.2700,11.9000,+3.75,4156542,318.6100,333.8100,317.3700
2024/03/11,317.3700,5.4800,-1.70,3292004,319.1500,323.5000,316.0000
2024/03/08,322.8500,6.8300,-2.07,6021347,331.0000,341.7400,322.4100
2024/03/07,329.6800,0.1100,+0.03,9729496,329.7500,331.8500,315.2100
2024/03/06,329.5700,32.0100,+10.76,23050855,360.0500,365.0000,324.0100
2024/03/05,297.5600,16.2500,-5.18,13249337,307.5300,308.5000,289.8000
2024/03/04,313.8100,0.7900,-0.25,4796556,317.3300,317.9900,311.2900
2024/03/01,314.6000,9.5500,-2.95,5837437,319.2500,319.7200,309.1201
2024/02/29,324.1500,3.2100,+1.00,3812125,324.9100,328.9800,321.0700
2024/02/28,320.9400,0.2700,-0.08,2072571,318.8600,321.6900,314.5500
2024/02/27,321.2100,0.1800,+0.06,2790368,323.4000,329.0900,320.7100
2024/02/26,321.0300,9.5400,+3.06,3884946,313.1600,323.3138,309.4900
2024/02/23,311.4900,0.5800,+0.19,2965240,313.7800,317.0000,308.5800
2024/02/22,310.9100,18.5500,+6.34,4797892,304.9300,313.6599,297.0000
2024/02/21,292.3600,31.3500,-9.68,9067401,283.0300,294.5990,273.1600
2024/02/20,323.7100,5.5300,-1.68,4136727,327.0000,327.0000,315.0700
2024/02/16,329.2400,2.1400,-0.65,2123905,331.7900,332.3700,325.1301
2024/02/15,331.3800,3.1700,-0.95,2919881,337.5000,338.4531,327.1127
2024/02/14,334.5500,12.1100,+3.76,2394933,327.7600,334.9000,326.5600
2024/02/13,322.4400,1.1500,+0.36,4531372,307.5400,326.3399,302.0000
2024/02/12,321.2900,8.0500,-2.44,3414141,329.7000,330.6675,320.6300
2024/02/09,329.3400,6.3000,+1.95,3870002,330.0000,336.9900,326.4300
2024/02/08,323.0400,5.2600,+1.66,2531147,316.7100,323.9290,314.0296
2024/02/07,317.7800,15.6700,+5.19,4017353,307.7300,321.0700,306.7100
2024/02/06,302.1100,0.3800,-0.13,2087639,305.3700,307.7700,295.3100
2024/02/05,302.4900,1.0800,-0.36,2481279,305.0000,307.7659,295.5700
2024/02/02,303.5700,4.2000,+1.40,2374546,299.7500,305.2100,296.7100
2024/02/01,299.3700,6.8700,+2.35,1853575,296.1400,299.9000,294.1700
2024/01/31,292.5000,8.8500,-2.94,2494130,298.0000,300.1150,290.8900
2024/01/30,301.3500,0.6800,+0.23,2147356,301.0000,302.6150,298.4000
2024/01/29,300.6700,10.3600,+3.57,3131456,294.0000,300.7000,293.7500
2024/01/26,290.3100,3.1500,-1.07,2811484,290.4900,293.7499,286.7500
2024/01/25,293.4600,6.8200,-2.27,4332878,305.6100,306.3000,290.7900
2024/01/24,300.2800,3.0100,+1.01,4454182,300.5800,307.5500,298.5400
2024/01/23,297.2700,1.3900,-0.47,2989274,298.1700,299.7000,291.7050
2024/01/22,298.6600,8.1200,+2.79,4229365,300.4800,302.0000,295.3700
2024/01/19,290.5400,7.4300,+2.62,3011195,285.0000,290.8500,283.8000
2024/01/18,283.1100,6.8400,+2.48,2705868,281.6700,284.4602,279.1698
2024/01/17,276.2700,10.0200,-3.50,4419699,279.5400,283.2300,272.7986
2024/01/16,286.2900,2.9400,+1.04,2690815,279.3900,287.2000,279.0600
2024/01/12,283.3500,1.1700,-0.41,2534430,287.0000,290.3300,282.5100
2024/01/11,284.5200,2.4800,+0.88,3460716,284.0000,287.7600,280.3501
2024/01/10,282.0400,8.2700,+3.02,4673987,274.8700,282.3150,274.8700
2024/01/09,273.7700,12.4900,+4.78,6066917,265.6950,276.5600,264.9900
2024/01/08,261.2800,13.8200,+5.58,4009166,251.9000,261.6388,251.5600
2024/01/05,247.4600,1.8100,+0.74,2407480,245.0000,249.4800,244.6500
2024/01/04,245.6500,1.2900,+0.53,2102955,246.0000,247.6100,243.6400
2024/01/03,244.3600,2.5300,-1.02,3157582,240.3200,248.8310,238.6102
2024/01/02,246.8900,8.4300,-3.30,3756799,251.4700,252.2900,243.0300
2023/12/29,255.3200,0.8100,-0.32,1858884,255.8300,257.1800,251.8800
2023/12/28,256.1300,1.1900,-0.46,1025554,257.4100,257.4200,255.1100
2023/12/27,257.3200,0.5500,-0.21,1553039,258.2650,259.5400,255.7300
2023/12/26,257.8700,2.2400,+0.88,1814413,254.8300,258.2400,253.5829
2023/12/22,255.6300,1.6900,-0.66,1801749,256.9700,256.9700,253.7600
2023/12/21,257.3200,3.3700,+1.33,3178049,254.2500,257.7100,250.6100
2023/12/20,253.9500,4.3800,-1.70,2247840,255.9000,259.5700,253.6300
2023/12/19,258.3300,1.4700,-0.57,2783007,260.1200,260.7700,256.2400
2023/12/18,259.8000,0.2800,-0.11,2846824,260.1700,261.8100,257.3400
2023/12/15,260.0800,7.4000,+2.93,6019699,256.6000,260.7687,254.0200
2023/12/14,252.6800,0.6400,+0.25,3820103,253.8250,257.3700,247.8700
2023/12/13,252.0400,3.4900,+1.40,2648336,249.7500,253.3000,247.1800
2023/12/12,248.5500,1.5800,+0.64,2977207,244.6400,250.2900,243.2700
2023/12/11,246.9700,4.4200,+1.82,2774097,242.6300,249.2800,241.3900
2023/12/08,242.5500,2.3800,+0.99,1886724,238.3400,243.4900,237.6300
2023/12/07,240.1700,0.7500,+0.31,2477477,239.6300,240.7100,234.2400
2023/12/06,239.4200,0.4500,+0.19,3759732,240.0000,244.6400,237.7887
2023/12/05,238.9700,1.5800,+0.67,2576448,233.9600,239.0700,233.3275
2023/12/04,237.3900,2.3600,+1.00,3448465,234.0800,237.8500,230.9100
2023/12/01,235.0300,1.9600,-0.83,3868949,235.7200,236.6500,229.8000
2023/11/30,236.9900,2.5500,+1.09,7425790,231.1900,238.4800,229.1900
2023/11/29,234.4400,22.0900,+10.40,12996503,220.0000,235.6299,218.8300
2023/11/28,212.3500,2.2800,+1.09,7147641,208.9301,214.7050,207.2201
2023/11/27,210.0700,0.5900,-0.28,4012493,209.6200,213.1400,207.5700
2023/11/24,210.6600,1.0500,+0.50,1657994,208.8600,212.8599,207.6750
2023/11/22,209.6100,0.6300,+0.30,2200687,209.9000,210.6500,206.5500
2023/11/21,208.9800,1.2500,+0.60,2277088,207.7400,209.3200,205.8500
2023/11/20,207.7300,0.6400,+0.31,2231145,208.0000,209.0269,206.0650
2023/11/17,207.0900,2.8200,+1.38,1858885,204.2700,207.9099,203.0400
2023/11/16,204.2700,0.0200,-0.01,3013460,200.3300,207.1100,198.8600
2023/11/15,204.2900,3.6800,-1.77,3693483,208.7100,210.0900,202.6700
2023/11/14,207.9700,7.0100,+3.49,3736547,205.0000,209.0671,203.5000
2023/11/13,200.9600,4.6500,+2.37,3085865,198.0000,201.5500,197.1700
2023/11/10,196.3100,5.5500,+2.91,2043173,192.3700,196.9500,190.2000
2023/11/09,190.7600,3.0700,-1.58,2459143,193.4400,194.1800,189.1200
2023/11/08,193.8300,1.4700,+0.76,1717626,192.5200,194.7800,191.2100
2023/11/07,192.3600,5.5800,+2.99,3065838,191.1500,194.8300,189.4500
2023/11/06,186.7800,1.4600,-0.78,1936626,188.9800,189.5000,183.6000
2023/11/03,188.2400,5.4400,+2.98,3262990,182.6700,188.7400,178.3500
2023/11/02,182.8000,4.4500,+2.50,3352155,180.8900,184.6700,179.7140
2023/11/01,178.3500,1.5800,+0.89,2074748,178.1200,179.6300,174.8100
2023/10/31,176.7700,2.1600,+1.24,1650975,175.1650,177.5900,172.5800
2023/10/30,174.6100,1.7900,+1.04,1669434,174.6000,175.7300,171.6826
2023/10/27,172.8200,1.1800,+0.69,1795144,174.2200,175.7000,171.2216
2023/10/26,171.6400,3.7400,-2.13,2515041,176.1200,178.4500,170.1700
2023/10/25,175.3800,7.4400,-4.07,2050171,181.1900,181.9800,175.1200
2023/10/24,182.8200,3.7400,+2.09,1825915,181.0000,184.1599,179.0532
2023/10/23,179.0800,0.3200,+0.18,2534185,176.0000,181.1700,173.2900
2023/10/20,178.7600,5.7600,-3.12,3839752,183.0000,183.6000,176.3000
2023/10/19,184.5200,3.2700,-1.74,3518067,191.7500,191.9900,183.9600
2023/10/18,187.7900,0.6500,+0.35,2173355,186.2200,189.3800,185.9700
2023/10/17,187.1400,0.5300,-0.28,3176246,185.9900,190.2800,185.2000
2023/10/16,187.6700,1.9500,+1.05,2540369,185.5300,189.5800,183.3500
2023/10/13,185.7200,1.8400,-0.98,2691530,187.5600,189.3250,185.3900
2023/10/12,187.5600,0.6600,-0.35,3084521,188.2200,190.3600,184.8800
2023/10/11,188.2200,4.3700,+2.38,3552598,183.8500,188.6600,183.3001
2023/10/10,183.8500,2.0300,+1.12,3556163,181.5200,185.2000,180.7600
2023/10/09,181.8200,5.1300,+2.90,6683515,176.5000,185.2500,176.1000
2023/10/06,176.6900,11.4000,+6.90,6897002,163.5100,176.9448,163.0000
2023/10/05,165.2900,1.2400,+0.76,2409827,164.0700,166.1100,160.9200
2023/10/04,164.0500,2.0200,+1.25,1985702,163.6200,165.0450,162.1900
2023/10/03,162.0300,7.5100,-4.43,3254068,167.3100,169.0000,160.8600
2023/10/02,169.5400,2.1600,+1.29,2763023,168.0000,172.0100,167.0700
2023/09/29,167.3800,2.1300,+1.29,2599706,167.5300,169.5150,166.9700
2023/09/28,165.2500,2.2100,+1.36,1815873,162.2900,166.1400,161.4300
2023/09/27,163.0400,2.5600,+1.60,2631115,161.0300,164.6900,160.6700
2023/09/26,160.4800,0.5600,+0.35,2414117,158.1100,161.0000,157.5900
2023/09/25,159.9200,2.6500,-1.63,2176714,161.9000,162.0000,159.2501
2023/09/22,162.5700,0.0400,+0.02,3134734,162.6400,166.5900,162.0101
2023/09/21,162.5300,1.3600,-0.83,6792058,168.1900,171.0000,159.3600
2023/09/20,163.8900,1.6100,-0.97,2780058,165.5000,168.5650,163.8800
2023/09/19,165.5000,1.4700,-0.88,2350385,166.9500,167.6200,162.8900
2023/09/18,166.9700,1.5200,+0.92,2445347,164.9800,168.6000,164.0000
2023/09/15,165.4500,5.2800,-3.09,4727597,166.1200,168.2107,163.4400
2023/09/14,170.7300,2.2600,+1.34,2083417,169.3500,171.8000,168.5700
2023/09/13,168.4700,1.2100,-0.71,1705476,169.5200,170.7800,168.3300
2023/09/12,169.6800,2.6100,-1.51,2110036,170.4400,172.3500,168.2750
2023/09/11,172.2900,4.2000,+2.50,2967682,169.5000,172.6400,168.6700
2023/09/08,168.0900,1.4500,+0.87,2692752,166.4750,169.2300,166.0000
2023/09/07,166.6400,0.4100,+0.25,3000899,164.4000,167.9500,163.2000
2023/09/06,166.2300,0.8000,+0.48,4268642,164.9900,168.2300,164.0484
2023/09/05,165.4300,4.2000,+2.60,3288211,161.0300,165.5900,160.1000
2023/09/01,161.2300,1.8000,-1.10,4232540,163.1200,166.2500,160.3100
2023/08/31,163.0300,13.8500,+9.28,13727057,154.1100,164.4100,153.5800
2023/08/30,149.1800,2.4800,+1.69,6193878,147.0000,150.1700,145.3800
2023/08/29,146.7000,2.6700,+1.85,3620242,142.9300,148.4100,141.9710
2023/08/28,144.0300,5.5500,-3.71,5794021,146.0200,147.9900,142.3600
2023/08/25,149.5800,4.1300,+2.84,2839146,146.0000,150.4400,144.7000
2023/08/24,145.4500,8.3600,-5.44,3354335,155.5500,155.5500,145.2900
2023/08/23,153.8100,1.4800,+0.97,1918461,153.4800,155.4399,151.5700
2023/08/22,152.3300,1.5700,-1.02,1708017,154.3400,155.0000,151.6100
2023/08/21,153.9000,7.1000,+4.84,4245795,150.7600,155.1200,150.5100
2023/08/18,146.8000,2.4200,+1.68,3196665,141.6600,147.3041,140.5200
2023/08/17,144.3800,4.6200,-3.10,3359037,149.0000,149.0000,143.9100
2023/08/16,149.0000,0.6300,-0.42,1876190,149.0000,151.3400,147.7600
2023/08/15,149.6300,2.7400,-1.80,1964771,150.5200,151.6800,149.0600
2023/08/14,152.3700,4.1500,+2.80,2230204,147.3500,152.5500,146.5800
2023/08/11,148.2200,0.3600,+0.24,2046137,147.2200,150.0780,146.8600
2023/08/10,147.8600,2.4000,+1.65,2349775,147.3500,150.9900,146.6301
2023/08/09,145.4600,0.4200,-0.29,2495232,145.1100,147.1100,144.2458
2023/08/08,145.8800,5.0900,-3.37,4283560,147.1700,147.7100,142.8900
2023/08/07,150.9700,0.4800,+0.32,2329844,151.2600,152.0500,147.8000
2023/08/04,150.4900,7.0600,-4.48,4469069,155.2300,155.9900,148.6250
2023/08/03,157.5500,2.8200,+1.82,2468049,154.0000,158.4999,153.2300
2023/08/02,154.7300,11.2300,-6.77,4611939,161.5130,161.6000,152.5600
2023/08/01,165.9600,4.3000,+2.66,4028081,161.0000,166.9900,159.0200
2023/07/31,161.6600,6.0600,+3.89,3918481,157.8900,163.4100,157.6600
2023/07/28,155.6000,2.7500,+1.80,2004120,155.5000,157.0400,153.5000
2023/07/27,152.8500,1.7800,-1.15,2671013,156.9500,158.0800,152.1950
2023/07/26,154.6300,3.6900,+2.44,2798647,150.2800,154.9500,148.4500
2023/07/25,150.9400,1.2000,+0.80,2246209,150.6200,153.4100,150.5400
2023/07/24,149.7400,1.1600,-0.77,2748113,150.9700,151.7850,147.1500
2023/07/21,150.9000,2.8300,+1.91,5951270,149.9300,152.3750,148.8800
2023/07/20,148.0700,9.5400,-6.05,4791865,154.9300,156.1400,147.5000
2023/07/19,157.6100,4.6600,+3.05,4787512,155.0000,161.5000,154.8950
2023/07/18,152.9500,0.2200,+0.14,2411880,153.0000,154.2250,150.7400
2023/07/17,152.7300,3.3300,+2.23,3687602,149.0700,155.5600,148.4300
2023/07/14,149.4000,1.3500,-0.90,2659854,150.4500,152.2400,148.9301
2023/07/13,150.7500,4.6200,+3.16,4044674,147.9800,153.5400,147.5300
2023/07/12,146.1300,4.6600,-3.09,4597254,153.1900,153.9300,144.3400
2023/07/11,150.7900,0.8400,+0.56,3520695,150.7500,152.7400,149.2700
2023/07/10,149.9500,5.9000,+4.10,3451914,143.8000,149.9800,143.5000
2023/07/07,144.0500,0.4400,+0.31,2285033,143.5100,146.7999,143.4800
2023/07/06,143.6100,1.4700,-1.01,3792197,142.7500,143.7150,139.3700
2023/07/05,145.0800,0.8800,-0.60,3179087,145.5600,147.2700,144.8800
2023/07/03,145.9600,0.9100,-0.62,1386363,147.1800,147.5500,145.0100
2023/06/30,146.8700,2.8800,+2.00,3092674,145.0900,149.3200,144.8700
2023/06/29,143.9900,1.1000,-0.76,2450137,145.7700,146.4900,143.1700
2023/06/28,145.0900,0.8100,+0.56,2374791,143.8900,146.0200,142.4377
2023/06/27,144.2800,2.4700,+1.74,2563136,142.4900,145.0700,142.0701
2023/06/26,141.8100,1.8400,-1.28,2186097,143.0400,145.1799,141.3500
2023/06/23,143.6500,2.1500,-1.47,2920373,143.4300,144.9500,142.2100
2023/06/22,145.8000,1.9500,+1.36,3309409,142.5600,146.9399,141.5000
2023/06/21,143.8500,8.2300,-5.41,6245191,150.5800,151.3800,143.2700
2023/06/20,152.0800,3.0600,-1.97,3596370,152.6000,155.7199,150.2600
2023/06/16,155.1400,4.6700,-2.92,6351885,162.1000,162.2500,154.8100
2023/06/15,159.8100,5.8500,+3.80,7568016,153.2300,161.1898,152.2214
2023/06/14,153.9600,0.8500,+0.56,2673665,153.1500,154.0000,150.6800
2023/06/13,153.1100,2.0000,+1.32,3145762,153.0600,154.2700,150.5700
2023/06/12,151.1100,1.5800,+1.06,2448284,150.2350,151.8600,148.9100
2023/06/09,149.5300,1.7700,-1.17,3550834,153.5300,153.8300,146.8400
2023/06/08,151.3000,2.0700,+1.39,2277444,149.1200,151.6900,148.5100
2023/06/07,149.2300,3.8100,-2.49,3492053,154.7500,155.9000,148.4000
2023/06/06,153.0400,1.0400,-0.67,2894412,153.7800,155.7700,152.4000
2023/06/05,154.0800,2.7600,+1.82,4680735,151.0500,154.7600,148.2400
2023/06/02,151.3200,6.2300,-3.95,7988758,158.6600,159.4000,150.5300
2023/06/01,157.5500,2.5800,-1.61,15842126,146.7200,159.7900,142.4950
2023/05/31,160.1300,1.5400,+0.97,10277616,158.8300,161.7950,157.0100
2023/05/30,158.5900,4.4700,+2.90,6715672,159.5400,160.7800,154.9100
2023/05/26,154.1200,4.5100,+3.01,5657651,150.2900,158.1800,150.0000
2023/05/25,149.6100,0.4100,+0.27,3556411,150.6500,151.1300,147.1900
2023/05/24,149.2000,5.3000,+3.68,4865750,144.0500,149.4800,143.1500
2023/05/23,143.9000,3.5100,-2.38,3223133,146.1100,148.6300,143.7900
2023/05/22,147.4100,2.6900,+1.86,3433385,144.2600,148.5600,143.8200
2023/05/19,144.7200,2.8700,+2.02,6041022,142.7400,148.3400,142.3900
2023/05/18,141.8500,4.6200,+3.37,3952057,137.4400,141.9600,137.2300
2023/05/17,137.2300,3.2200,+2.40,3147565,134.8400,139.0900,133.6100
2023/05/16,134.0100,1.5400,-1.14,1964607,134.0000,135.6100,133.3000
2023/05/15,135.5500,5.3200,+4.09,3140564,130.8900,135.9200,130.4100
2023/05/12,130.2300,1.9200,-1.45,2026403,132.7600,132.9399,129.2500
2023/05/11,132.1500,1.6500,-1.23,2557825,134.3950,134.8100,131.2700
2023/05/10,133.8000,3.8600,+2.97,3995550,132.3500,135.9551,131.0300
2023/05/09,129.9400,2.4700,-1.87,3390239,132.4100,134.1699,129.1604
2023/05/08,132.4100,9.9600,+8.13,6057706,126.0000,132.8800,125.4000
2023/05/05,122.4500,4.5700,+3.88,2997657,119.2300,123.2300,119.0200
2023/05/04,117.8800,0.2100,+0.18,2130162,118.3900,120.1600,117.4500
2023/05/03,117.6700,0.9300,+0.80,1908617,116.4600,119.0275,115.6700
2023/05/02,116.7400,2.0500,-1.73,3077364,118.9000,119.1500,116.0400
2023/05/01,118.7900,1.2600,-1.05,3724399,118.5600,119.9376,116.8900
2023/04/28,120.0500,6.0000,-4.76,5187403,123.2000,123.9700,119.4200
2023/04/27,126.0500,1.9300,+1.55,3097343,125.1900,127.5000,123.5600
2023/04/26,124.1200,1.9700,+1.61,2706698,123.8200,125.9184,122.8723
2023/04/25,122.1500,8.2500,-6.33,6106610,128.1900,128.4700,121.8100
2023/04/24,130.4000,1.8500,-1.40,2056521,132.4950,133.7300,129.0200
2023/04/21,132.2500,2.3600,+1.82,1937571,130.5800,132.7400,130.1501
2023/04/20,129.8900,2.9400,-2.21,2445795,131.0300,131.9200,129.0700
2023/04/19,132.8300,3.5500,-2.60,2859164,135.0000,135.6864,132.0100
2023/04/18,136.3800,0.9900,-0.72,1926935,139.0500,139.8900,136.1247
2023/04/17,137.3700,1.6000,+1.18,2346490,136.6600,137.9473,134.6440
2023/04/14,135.7700,0.3300,-0.24,2912461,134.4500,136.7000,133.8600
2023/04/13,136.1000,1.1000,+0.81,4748385,136.6051,140.2100,135.7200
2023/04/12,135.0000,5.1400,+3.96,5517812,132.5000,137.1600,131.1567
2023/04/11,129.8600,1.7600,+1.37,4014664,127.5400,131.7200,127.2700
2023/04/10,128.1000,0.2800,+0.22,2673562,126.7200,128.1800,124.5500
2023/04/06,127.8200,0.0200,+0.02,3989171,126.0000,128.1399,123.7006
2023/04/05,127.8000,9.0600,-6.62,7795773,135.3700,135.6100,125.7000
2023/04/04,136.8600,0.3100,+0.23,3045815,137.5000,138.6700,135.7300
2023/04/03,136.5500,0.7100,-0.52,2787999,135.5000,137.5900,134.1700
2023/03/31,137.2600,5.5400,+4.21,4528396,132.5200,138.2400,132.1100
2023/03/30,131.7200,2.1200,+1.64,3425837,131.1300,133.5000,129.9500
2023/03/29,129.6000,0.9600,+0.75,2695834,131.0800,131.4000,128.6810
2023/03/28,128.6400,2.7500,-2.09,2694513,131.0000,131.6399,127.5600
2023/03/27,131.3900,0.1500,-0.11,2562912,131.9200,133.2441,130.2900
2023/03/24,131.5400,3.0000,-2.23,2702211,134.4000,135.0000,130.7900
2023/03/23,134.5400,1.2800,+0.96,3210798,135.9600,138.3300,133.1300
2023/03/22,133.2600,2.7600,-2.03,3739131,135.7000,137.8800,133.2500
2023/03/21,136.0200,3.2800,+2.47,4738048,131.7500,136.9000,131.2700
2023/03/20,132.7400,0.3800,-0.29,4245748,132.3100,133.2850,130.2200
2023/03/17,133.1200,0.4000,-0.30,5728869,133.7500,136.4700,131.8600
2023/03/16,133.5200,4.2000,+3.25,6949971,130.3000,134.0889,129.5500
2023/03/15,129.3200,1.3100,+1.02,6123670,126.5600,130.1900,126.5300
2023/03/14,128.0100,6.6000,+5.44,6557273,124.8800,128.1600,122.8700
2023/03/13,121.4100,1.6900,+1.41,6261745,119.1100,123.6000,118.2300
2023/03/10,119.7200,1.9600,-1.61,8049462,119.8800,124.5100,118.1502
2023/03/09,121.6800,7.2400,-5.62,8030639,128.1100,130.0900,121.5200
2023/03/08,128.9200,3.9900,+3.19,24696867,132.8800,134.9600,125.0000
2023/03/07,124.9300,2.6600,-2.08,9777387,127.0000,128.6000,124.5100
2023/03/06,127.5900,1.5500,+1.23,7582899,130.0000,130.1900,127.3150
2023/03/03,126.0400,2.4000,+1.94,4878274,123.3000,127.1200,121.7000
2023/03/02,123.6400,3.4300,+2.85,3856317,119.0000,123.9300,118.7100
2023/03/01,120.2100,0.4800,-0.40,2768325,120.2300,121.0500,118.6096
2023/02/28,120.6900,0.0400,+0.03,3503758,120.2000,122.6800,120.0900
2023/02/27,120.6500,3.3700,+2.87,5501851,118.6350,123.2403,118.3000
2023/02/24,117.2800,0.1600,-0.14,4800550,115.7800,118.8000,115.3000
2023/02/23,117.4400,0.1900,-0.16,5061098,119.6900,120.5500,114.8390
2023/02/22,117.6300,5.2000,+4.63,5260071,114.4200,118.3100,113.1200
2023/02/21,112.4300,1.8200,-1.59,3620780,112.0200,114.7493,111.5100
2023/02/17,114.2500,0.8700,-0.76,3713336,113.9300,114.2900,110.4600
2023/02/16,115.1200,5.4000,-4.48,4219132,117.8600,118.7300,115.0600
2023/02/15,120.5200,4.2100,+3.62,4204239,116.7100,120.5600,115.2501
2023/02/14,116.3100,4.1400,+3.69,3931013,111.9400,116.6599,110.4100
2023/02/13,112.1700,3.2100,+2.95,2670699,110.2300,113.2899,108.6450
2023/02/10,108.9600,4.4600,-3.93,3461473,111.9000,112.6200,107.6000
2023/02/09,113.4200,1.0600,-0.93,3640862,117.0400,117.7900,113.1200
2023/02/08,114.4800,0.1100,-0.10,5212138,118.3300,119.1899,114.3900
2023/02/07,114.5900,5.1700,+4.72,4115321,109.7350,115.0800,107.7600
2023/02/06,109.4200,4.1400,-3.65,3864683,111.3900,115.1200,108.8250
2023/02/03,113.5600,2.3700,-2.04,4019142,112.4620,117.4118,112.2200
2023/02/02,115.9300,5.4300,+4.91,7125794,117.5900,117.5900,113.9100
2023/02/01,110.5000,4.6000,+4.34,5393738,105.9000,111.6400,105.1000
2023/01/31,105.9000,4.5300,+4.47,4648306,101.0000,105.9200,100.7400
2023/01/30,101.3700,2.9800,-2.86,5268055,102.9800,103.5800,100.8750
2023/01/27,104.3500,0.1200,-0.11,6095694,103.6100,105.8411,102.5200
2023/01/26,104.4700,3.6500,+3.62,6069525,102.6300,104.5500,100.8800
2023/01/25,100.8200,3.7800,-3.61,7646209,101.7200,101.9400,97.2600
2023/01/24,104.6000,1.7000,-1.60,5082244,107.1550,109.0099,104.1350
2023/01/23,106.3000,2.8900,+2.79,3653794,102.0700,106.3500,102.0001
2023/01/20,103.4100,3.5600,+3.57,4134712,100.3200,103.7600,99.5700
2023/01/19,99.8500,1.1500,-1.14,4737507,99.3100,101.7899,98.2000
2023/01/18,101.0000,3.4300,-3.28,5224142,106.6650,107.3999,100.9000
2023/01/17,104.4300,4.9000,+4.92,6653512,100.4000,105.7593,98.1300
2023/01/13,99.5300,1.5500,+1.58,4210330,96.4300,99.9300,96.1300
2023/01/12,97.9800,0.9800,+1.01,4804784,97.0600,98.0500,92.7100
2023/01/11,97.0000,1.3300,+1.39,5250130,96.9200,98.5000,94.8800
2023/01/10,95.6700,0.9000,-0.93,7705015,94.7200,96.0300,92.2500
2023/01/09,96.5700,1.8500,+1.95,6431684,97.0400,99.8000,95.8001
2023/01/06,94.7200,0.1700,-0.18,6772282,94.3850,95.9600,92.2600
2023/01/05,94.8900,9.4750,-9.08,10001697,98.0000,98.0100,94.5150
2023/01/04,104.3650,1.0850,+1.05,3038204,104.7700,106.8900,102.5400
2023/01/03,103.2800,2.0100,-1.91,3447539,107.5000,108.4600,101.7170
2022/12/30,105.2900,0.7200,+0.69,3148924,103.5000,106.1870,102.9900
2022/12/29,104.5700,4.6100,+4.61,3142797,101.4300,105.5100,100.4700
2022/12/28,99.9600,0.7000,-0.70,3532035,99.6000,101.6800,98.7000
2022/12/27,100.6600,1.3300,-1.30,3101923,101.0700,102.3200,99.3100
2022/12/23,101.9900,1.9800,-1.90,3325218,103.0000,103.2800,100.9500
2022/12/22,103.9700,3.3800,-3.15,4380729,104.7500,105.6700,101.8713
2022/12/21,107.3500,2.4800,-2.26,6792674,108.8400,109.1200,104.3500
2022/12/20,109.8300,1.7400,+1.61,3453829,107.0505,110.4815,106.0270
2022/12/19,108.0900,3.4100,-3.06,4213994,110.8200,111.2850,107.5800
2022/12/16,111.5000,3.4900,-3.04,5041863,114.0020,114.9150,110.7600
2022/12/15,114.9900,5.5800,-4.63,3244304,118.9000,121.0900,114.6700
2022/12/14,120.5700,0.4200,-0.35,3936009,121.0000,123.8000,118.8000
2022/12/13,120.9900,2.4500,+2.07,4455119,124.2300,125.5200,118.4300
2022/12/12,118.5400,3.4600,+3.01,3034616,114.7600,118.5800,114.4000
2022/12/09,115.0800,0.8400,+0.74,3014617,113.7600,116.9999,112.9500
2022/12/08,114.2400,1.0400,+0.92,4292646,113.5300,116.3699,111.7500
2022/12/07,113.2000,0.6300,-0.55,4655205,114.3300,114.9899,110.3318
2022/12/06,113.8300,4.5000,-3.80,4740900,118.3400,118.8000,112.9900
2022/12/05,118.3300,5.6700,-4.57,5780718,122.4600,124.4100,116.6920
2022/12/02,124.0000,0.0700,-0.06,8850999,121.7500,125.5500,120.7300
2022/12/01,124.0700,6.4200,+5.46,14442813,118.6400,124.9190,118.5700
2022/11/30,117.6500,20.3500,-14.75,38647959,112.2900,117.8100,108.8900
2022/11/29,138.0000,1.4500,-1.04,10554596,140.0000,140.3200,136.2500
2022/11/28,139.4500,0.6000,-0.43,3387430,139.6800,141.0000,136.6606
2022/11/25,140.0500,0.8400,-0.60,1022545,139.8500,141.3700,138.5200
2022/11/23,140.8900,5.0900,+3.75,2578140,135.5800,141.6200,133.8400
2022/11/22,135.8000,0.2400,+0.18,3851240,135.8200,136.3100,132.4800
2022/11/21,135.5600,3.4300,-2.47,2887237,137.1100,137.5100,134.3800
2022/11/18,138.9900,0.2400,-0.17,5404889,146.5050,146.7200,137.2000
2022/11/17,139.2300,4.4200,-3.08,3927440,139.6200,141.3700,137.8700
2022/11/16,143.6500,4.6500,-3.14,2539460,146.7050,147.6300,142.0925
2022/11/15,148.3000,6.2900,+4.43,3967064,148.9900,151.4250,146.0300
2022/11/14,142.0100,1.1100,-0.78,3043740,141.5500,144.1300,138.2900
2022/11/11,143.1200,7.3600,+5.42,4620244,136.7500,144.8269,135.3400
2022/11/10,135.7600,13.4000,+10.95,5229483,132.4900,136.0950,130.6800
2022/11/09,122.3600,4.6400,-3.65,3718435,124.5500,124.6200,120.5000
2022/11/08,127.0000,2.3200,+1.86,4574814,126.0000,129.8299,120.5000
2022/11/07,124.6800,2.8800,-2.26,5413935,129.8300,129.9000,122.9000
2022/11/04,127.5600,13.9700,-9.87,8248491,140.9600,141.1700,126.4200
2022/11/03,141.5300,6.4600,-4.37,4000289,146.1400,146.1400,139.6700
2022/11/02,147.9900,12.5400,-7.81,4432832,161.0000,161.1700,147.9400
2022/11/01,160.5300,0.6700,-0.42,2580991,165.0000,168.4800,159.5400
2022/10/31,161.2000,2.4500,-1.50,2190245,161.6200,164.8100,159.6000
2022/10/28,163.6500,1.0800,-0.66,1872721,162.5500,164.9800,158.8600
2022/10/27,164.7300,2.9600,+1.83,2285783,164.7500,168.1300,162.0500
2022/10/26,161.7700,0.3400,-0.21,2362715,158.0500,167.3589,156.7900
2022/10/25,162.1100,4.1400,+2.62,2125106,159.2200,164.6700,159.2100
2022/10/24,157.9700,1.6500,+1.06,2054947,158.1100,158.7000,154.2200
2022/10/21,156.3200,2.4400,+1.59,2693576,152.4900,157.0500,148.5887
2022/10/20,153.8800,1.3400,+0.88,2092842,152.1000,158.4490,152.1000
2022/10/19,152.5400,4.3400,-2.77,2032815,155.4100,157.0100,151.4100
2022/10/18,156.8800,5.2700,+3.48,3710752,157.2600,161.5000,154.7965
2022/10/17,151.6100,5.6300,+3.86,3247838,149.3500,154.0400,148.0000
2022/10/14,145.9800,6.6200,-4.34,4006590,155.7500,156.5400,145.8250
2022/10/13,152.6000,0.3900,-0.25,3578316,145.4520,155.4255,142.3600
2022/10/12,152.9900,2.8000,-1.80,3070549,154.3200,155.7800,149.5000
2022/10/11,155.7900,5.2900,-3.28,3426211,158.7200,160.5000,151.7500
2022/10/10,161.0800,10.8000,-6.28,3502746,171.7400,172.4600,160.2900
2022/10/07,171.8800,6.5100,-3.65,2591845,174.4400,175.2200,170.3300
2022/10/06,178.3900,1.6900,+0.96,2656911,178.4200,181.8400,176.6300
2022/10/05,176.7000,1.6300,+0.93,2126114,171.0100,178.3400,170.3500
2022/10/04,175.0700,5.7600,+3.40,2806293,174.5800,178.6897,173.0000
2022/10/03,169.3100,4.5000,+2.73,2562171,166.6300,170.6900,163.8900
2022/09/30,164.8100,0.8900,-0.54,2598015,166.1500,171.6050,164.6000
2022/09/29,165.7000,1.5500,-0.93,2097621,163.4800,166.2400,160.8900
2022/09/28,167.2500,4.6700,+2.87,2458513,164.1100,167.9000,162.5700
2022/09/27,162.5800,3.2300,+2.03,2162944,163.9500,165.1200,160.1600
2022/09/26,159.3500,1.0400,-0.65,2749921,159.9900,165.8000,159.1350
2022/09/23,160.3900,0.8900,-0.55,2980498,159.0800,161.6500,157.0600
2022/09/22,161.2800,7.9700,-4.71,3575818,167.0400,169.1250,159.6700
2022/09/21,169.2500,4.6200,-2.66,3380116,173.6700,176.8500,169.2400
2022/09/20,173.8700,1.5200,-0.87,2156635,173.8000,175.9510,172.6200
2022/09/19,175.3900,4.3800,+2.56,2240489,170.2200,175.8500,170.0000
2022/09/16,171.0100,7.8500,-4.39,4952115,174.1500,175.2000,169.3850
2022/09/15,178.8600,5.2500,-2.85,2760101,181.8200,185.1400,177.8800
2022/09/14,184.1100,0.5900,-0.32,2701683,184.7000,185.4900,181.5000
2022/09/13,184.7000,10.4000,-5.33,3903454,186.6300,189.8000,183.0000
2022/09/12,195.1000,4.2400,+2.22,3042912,191.2800,195.2900,191.2500
2022/09/09,190.8600,10.9850,+6.11,4179072,183.7400,191.5200,183.7100
2022/09/08,179.8750,7.9150,+4.60,3184275,170.1700,179.8800,169.1600
2022/09/07,171.9600,0.8100,+0.47,3204737,170.6900,173.0900,166.8000
2022/09/06,171.1500,1.3000,-0.75,2964771,172.4500,172.6900,168.6200
2022/09/02,172.4500,0.5200,-0.30,4350031,174.2800,177.1300,170.9100
2022/09/01,172.9700,9.6400,-5.28,6886347,178.4500,180.0000,169.0800
2022/08/31,182.6100,10.6850,-5.53,15736322,197.2100,197.9400,178.3850
2022/08/30,193.2950,1.2450,+0.65,7286682,196.3200,198.1400,189.1200
2022/08/29,192.0500,2.5100,-1.29,2707018,191.0050,197.1896,190.6900
2022/08/26,194.5600,8.3800,-4.13,3583644,202.6400,202.7000,194.5200
2022/08/25,202.9400,8.3200,+4.27,3042317,199.2950,203.6700,197.5400
2022/08/24,194.6200,2.2600,+1.17,3223078,196.2000,199.4099,194.5900
2022/08/23,192.3600,6.4800,+3.49,3410158,191.4600,193.8886,190.0900
2022/08/22,185.8800,4.6400,-2.44,2470509,186.3600,188.6500,184.0001
2022/08/19,190.5200,5.2400,-2.68,2235601,192.7400,193.5000,188.5500
2022/08/18,195.7600,1.1300,-0.57,1642559,195.3300,197.2500,193.8100
2022/08/17,196.8900,3.5200,-1.76,2237630,196.4000,198.5100,194.2700
2022/08/16,200.4100,1.4100,-0.70,2926175,200.0000,201.0700,195.7800
2022/08/15,201.8200,0.9500,+0.47,2438022,199.2600,202.9000,196.2100
2022/08/12,200.8700,2.8100,+1.42,1767231,203.0000,203.0000,199.0300
2022/08/11,198.0600,2.7400,-1.36,2913326,204.0000,205.7300,196.0733
2022/08/10,200.8000,14.0200,+7.51,3901272,193.3400,201.7400,193.3300
2022/08/09,186.7800,2.7400,-1.45,1821496,188.1600,190.0000,184.8200
2022/08/08,189.5200,1.6500,-0.86,3188842,193.6900,197.4800,188.9100
2022/08/05,191.1700,1.9300,+1.02,2750975,186.0000,192.6100,184.8200
2022/08/04,189.2400,6.0800,-3.11,5036334,191.3100,192.0000,182.4500
2022/08/03,195.3200,7.1800,+3.82,3123904,191.0700,197.1400,190.8000
2022/08/02,188.1400,4.8400,+2.64,2771333,180.5200,189.6400,179.5200
2022/08/01,183.3000,0.3000,-0.16,2422433,180.7800,187.6500,178.9900
2022/07/29,183.6000,1.5100,+0.83,2635130,182.9100,184.0000,178.0600
2022/07/28,182.0900,5.1300,+2.90,2748074,176.7800,182.5500,174.7500
2022/07/27,176.9600,7.7900,+4.60,2794428,175.3000,178.7050,171.5000
2022/07/26,169.1700,13.4500,-7.37,3533736,182.1700,182.6100,168.1000
2022/07/25,182.6200,0.9100,-0.50,1698834,182.8000,184.0750,178.4300
2022/07/22,183.5300,5.4700,-2.89,2801625,190.0000,193.9200,181.0000
2022/07/21,189.0000,4.7000,+2.55,2506924,183.5500,189.2400,181.6100
2022/07/20,184.3000,3.7500,+2.08,3081697,182.9800,187.5400,181.0300
2022/07/19,180.5500,3.3000,+1.86,2560022,180.3500,180.7100,174.5000
2022/07/18,177.2500,0.6500,-0.37,2690451,183.5200,183.5200,176.7100
2022/07/15,177.9000,5.1500,+2.98,2928316,174.0700,179.2200,171.1300
2022/07/14,172.7500,2.2200,-1.27,2970522,172.3400,174.6700,167.6500
2022/07/13,174.9700,0.5800,+0.33,2949191,169.9800,178.7400,168.3380
2022/07/12,174.3900,10.9800,-5.92,4124465,186.9000,190.2100,172.9000
2022/07/11,185.3700,5.0100,-2.63,2422288,188.0000,188.3759,181.0501
2022/07/08,190.3800,0.1800,+0.09,3143184,185.0000,194.8500,184.1000
2022/07/07,190.2000,4.2800,+2.30,3485305,185.3200,192.8200,185.3200
2022/07/06,185.9200,1.1000,-0.59,3207243,188.2900,190.7000,183.0699
2022/07/05,187.0200,7.7700,+4.33,6392256,179.2000,188.9700,175.7200
2022/07/01,179.2500,10.6900,+6.34,3710357,168.2400,179.6300,167.4700
2022/06/30,168.5600,7.3800,-4.19,4214631,173.6200,174.8000,163.5500
2022/06/29,175.9400,1.7500,+1.00,2238135,174.3750,177.8600,171.7200
2022/06/28,174.1900,7.7400,-4.25,3114642,181.4400,183.9300,171.7100
2022/06/27,181.9300,3.0600,-1.65,2862997,185.0200,185.6400,177.3300
2022/06/24,184.9900,10.0900,+5.77,6131930,177.9900,188.6800,177.2900
2022/06/23,174.9000,9.1900,+5.55,4344314,168.5900,176.5999,166.6500
2022/06/22,165.7100,1.0700,+0.65,2986531,162.6100,171.6700,161.8968
2022/06/21,164.6400,0.7400,+0.45,4520282,165.0000,170.8500,163.0800
2022/06/17,163.9000,6.6900,+4.26,4364806,158.5000,165.5100,157.9300
2022/06/16,157.2100,7.1400,-4.34,3776832,157.0400,161.4500,153.7600
2022/06/15,164.3500,5.0900,+3.20,3634976,161.3300,167.5000,159.2700
2022/06/14,159.2600,4.7400,+3.07,3283011,156.0000,162.2500,153.5400
2022/06/13,154.5200,14.8000,-8.74,5620312,158.7100,160.8800,150.6300
2022/06/10,169.3200,4.2300,-2.44,4204282,168.1250,170.5000,165.0800
2022/06/09,173.5500,5.2900,-2.96,2914520,176.5000,179.5800,173.4100
2022/06/08,178.8400,2.1600,+1.22,2892975,176.0000,180.4700,175.0500
2022/06/07,176.6800,7.7100,+4.56,5790887,166.1000,181.8900,165.8419
2022/06/06,168.9700,6.8700,+4.24,6826036,167.4800,171.3500,162.7100
2022/06/03,162.1000,11.9200,-6.85,9303161,165.8640,170.8199,160.6900
2022/06/02,174.0200,12.5700,+7.79,8498735,161.0000,176.5600,160.9900
2022/06/01,161.4500,1.4600,+0.91,4977077,163.0100,168.0000,158.3500
2022/05/31,159.9900,6.8300,-4.09,5849626,167.5700,170.5600,158.0500
2022/05/27,166.8200,10.9800,+7.05,4522054,158.8900,167.3600,158.6700
2022/05/26,155.8400,9.2000,+6.27,5502230,145.7000,160.2500,145.2600
2022/05/25,146.6400,6.7700,+4.84,4515817,138.8250,148.8200,137.7000
2022/05/24,139.8700,9.4000,-6.30,4244430,146.6900,148.3799,137.0500
2022/05/23,149.2700,0.5300,+0.36,4388801,147.7600,153.9700,144.8700
2022/05/20,148.7400,6.1000,+4.28,8197524,151.7800,156.7052,142.0500
2022/05/19,142.6400,4.1400,+2.99,4582168,138.6000,148.7900,136.6800
2022/05/18,138.5000,8.7700,-5.96,5895101,144.1800,148.4200,136.3600
2022/05/17,147.2700,0.8800,+0.60,5316042,151.3300,154.8700,140.8000
2022/05/16,146.3900,9.9000,-6.33,4115787,154.0000,157.6800,144.8200
2022/05/13,156.2900,16.4800,+11.79,6244140,143.0600,157.7579,143.0600
2022/05/12,139.8100,2.4100,+1.75,5989014,134.2000,145.0000,130.0000
2022/05/11,137.4000,14.4800,-9.53,6478306,148.3240,152.7450,136.8200
2022/05/10,151.8800,8.1900,+5.70,7393111,150.6700,154.2700,139.7100
2022/05/09,143.6900,21.1200,-12.81,9275447,159.0100,160.6000,142.0600
2022/05/06,164.8100,16.1700,-8.93,8285622,178.6650,178.8900,160.7400
2022/05/05,180.9800,19.4100,-9.69,4986886,199.0200,199.0400,177.1726
2022/05/04,200.3900,0.9900,+0.50,6187314,200.3600,200.7000,181.3900
2022/05/03,199.4000,4.2500,-2.09,3338605,203.6500,207.8300,195.1100
2022/05/02,203.6500,4.8900,+2.46,2278606,198.5000,204.5000,196.5700
2022/04/29,198.7600,8.3000,-4.01,2938698,206.6100,212.1900,197.8000
2022/04/28,207.0600,6.0000,+2.98,2601197,202.8100,209.9700,198.5700
2022/04/27,201.0600,0.3400,-0.17,2605941,200.0900,206.9600,198.1400
2022/04/26,201.4000,13.1800,-6.14,3336967,211.7400,212.8500,201.0700
2022/04/25,214.5800,8.9600,+4.36,3017784,202.8400,216.5000,202.0201
2022/04/22,205.6200,4.2300,-2.02,2816824,209.0000,214.1650,203.6800
2022/04/21,209.8500,12.6400,-5.68,3180681,223.8100,227.2000,207.8200
2022/04/20,222.4900,6.1700,-2.70,3422397,229.3200,232.0000,217.5000
2022/04/19,228.6600,3.6700,+1.63,2710350,224.9900,230.7600,222.3000
2022/04/18,224.9900,10.2300,-4.35,3601286,234.0000,234.5000,222.1600
2022/04/14,235.2200,4.6400,-1.93,4356424,238.0200,239.5500,235.0600
2022/04/13,239.8600,16.3500,+7.32,8119749,224.1100,242.0000,223.7500
2022/04/12,223.5100,6.9100,+3.19,8701412,227.3500,236.1794,222.3300
2022/04/11,216.6000,1.6100,-0.74,3158924,213.7700,219.9900,208.4400
2022/04/08,218.2100,1.1800,+0.54,6730437,221.5000,227.7000,215.2000
2022/04/07,217.0300,5.8100,+2.75,3544107,210.7800,221.5000,210.2800
2022/04/06,211.2200,8.7400,-3.97,4390460,212.5350,215.5900,207.2001
2022/04/05,219.9600,9.0700,-3.96,3565323,229.9900,230.3700,217.8850
2022/04/04,229.0300,1.1800,+0.52,3009267,228.0000,230.0700,225.6000
2022/04/01,227.8500,0.7700,+0.34,3909203,225.3000,232.8600,224.5300
2022/03/31,227.0800,2.1200,+0.94,4145215,225.0500,232.3500,223.0300
2022/03/30,224.9600,1.9500,+0.87,4551594,220.7400,231.5000,218.3800
2022/03/29,223.0100,0.8900,+0.40,4299902,224.4500,225.4400,213.5500
2022/03/28,222.1200,0.1700,+0.08,2691183,220.1500,225.7500,216.9100
2022/03/25,221.9500,1.4500,-0.65,2813760,225.0000,225.7500,216.7000
2022/03/24,223.4000,3.9200,+1.79,3055263,220.0000,223.4900,215.2000
2022/03/23,219.4800,2.4200,+1.11,4624850,213.2450,223.9800,210.5650
2022/03/22,217.0600,12.9300,+6.33,6391909,204.2000,219.7500,204.0100
2022/03/21,204.1300,3.9300,-1.89,6307070,203.0000,205.4900,195.5000
2022/03/18,208.0600,3.9300,+1.93,6604140,201.6000,209.6746,200.7500
2022/03/17,204.1300,14.4700,+7.63,6523539,189.2800,205.1100,186.5200
2022/03/16,189.6600,1.0200,+0.54,7738948,191.5900,197.8200,181.2800
2022/03/15,188.6400,5.5200,+3.01,5086041,183.5000,189.0400,178.1600
2022/03/14,183.1200,7.4200,-3.89,5855474,188.0100,191.9200,178.0000
2022/03/11,190.5400,0.4800,-0.25,7983054,191.1200,197.0000,189.5000
2022/03/10,191.0200,21.2300,+12.50,24135352,187.9000,198.6700,182.5500
2022/03/09,169.7900,13.0200,+8.31,9287180,161.3100,171.0800,157.6701
2022/03/08,156.7700,10.6300,-6.35,6671756,165.0000,165.0100,155.3600
2022/03/07,167.4000,11.6300,-6.50,5122388,180.9900,182.4600,165.5900
2022/03/04,179.0300,11.9900,-6.28,4726027,193.7600,193.8600,177.2800
2022/03/03,191.0200,10.7300,-5.32,5157848,200.0000,204.8000,189.0800
2022/03/02,201.7500,4.1100,+2.08,4295650,198.6000,203.3700,190.2700
2022/03/01,197.6400,2.4300,+1.24,6864839,201.3300,205.6800,195.8535
2022/02/28,195.2100,13.4600,+7.41,8335714,187.3500,197.2500,186.7300
2022/02/25,181.7500,1.1300,-0.62,5477691,182.5100,183.7000,174.2600
2022/02/24,182.8800,21.0500,+13.01,9574749,153.5000,184.3300,153.5000
2022/02/23,161.8300,4.8800,-2.93,3659350,170.6150,171.6000,161.6360
2022/02/22,166.7100,1.7800,+1.08,3281174,161.5000,170.8800,161.4774
2022/02/18,164.9300,4.9200,-2.90,3345149,169.0600,170.9800,164.1200
2022/02/17,169.8500,13.4300,-7.33,3644440,181.8600,181.8800,168.9600
2022/02/16,183.2800,6.0200,-3.18,2754877,186.2361,186.6123,180.3400
2022/02/15,189.3000,8.7000,+4.82,2471040,185.1030,189.5000,182.4100
2022/02/14,180.6000,1.2600,-0.69,2648850,180.0633,186.6200,179.9100
2022/02/11,181.8600,6.0200,-3.20,3268739,188.4900,191.2500,178.6100
2022/02/10,187.8800,0.9800,+0.52,3465316,182.2300,193.4800,182.2200
2022/02/09,186.9000,8.0000,+4.47,2571474,182.1000,187.0000,181.0100
2022/02/08,178.9000,0.0600,+0.03,3821585,175.9800,184.1200,175.8300
2022/02/07,178.8400,1.6300,+0.92,1988636,176.8000,183.1900,176.3600
2022/02/04,177.2100,6.5800,+3.86,2080619,170.8900,178.6400,169.0000
2022/02/03,170.6300,6.4100,-3.62,3217871,171.9733,175.8000,169.5200
2022/02/02,177.0400,5.1100,-2.81,3525373,183.0000,185.0000,174.0800
2022/02/01,182.1500,1.5100,+0.84,3006965,182.0100,182.9137,176.2400
2022/01/31,180.6400,11.7400,+6.95,4939763,170.7000,180.8800,170.2400
2022/01/28,168.9000,9.0900,+5.69,4517639,160.6000,169.1700,156.1200
2022/01/27,159.8100,1.1300,-0.70,3893462,164.1600,167.7700,158.3600
2022/01/26,160.9400,2.3500,+1.48,5048969,162.2600,171.2400,159.2700
2022/01/25,158.5900,8.6800,-5.19,5277952,167.0000,168.9500,157.5000
2022/01/24,167.2700,2.5400,+1.54,8767713,157.1750,168.2200,150.0200
2022/01/21,164.7300,9.1600,-5.27,6318057,171.8800,173.2500,163.1100
2022/01/20,173.8900,1.8200,-1.04,3172273,177.3300,182.5000,173.3350
2022/01/19,175.7100,2.8600,+1.65,4438483,171.7100,181.8872,171.5200
2022/01/18,172.8500,3.8500,-2.18,4736298,172.7300,183.8800,170.0500
2022/01/14,176.7000,1.8000,+1.03,4674749,173.8700,181.4999,172.1700
2022/01/13,174.9000,13.0700,-6.95,7565371,188.1500,188.4900,173.5300
2022/01/12,187.9700,8.1400,-4.15,6002800,196.6100,200.6800,185.7000
2022/01/11,196.1100,3.6100,+1.88,3663060,189.6100,198.5000,188.7400
2022/01/10,192.5000,3.5100,+1.86,7052045,182.6100,193.1800,174.8700
2022/01/07,188.9900,1.5000,+0.80,3531874,185.0000,193.2700,184.8100
2022/01/06,187.4900,8.2000,+4.57,6368561,180.2500,192.1700,176.2500
2022/01/05,179.2900,9.9000,-5.23,5003434,185.0000,191.3600,178.9900
2022/01/04,189.1900,9.1400,-4.61,6503366,195.8900,197.4450,183.3200
2022/01/03,198.3300,6.4200,-3.14,5319663,205.0000,205.5750,193.5100
2021/12/31,204.7500,4.2000,-2.01,1718128,208.9500,208.9800,204.5700
2021/12/30,208.9500,2.0800,+1.01,1975285,207.0000,213.5900,206.0000
2021/12/29,206.8700,0.3600,-0.17,1925654,206.6900,207.4300,201.3500
2021/12/28,207.2300,2.4100,-1.15,1520261,210.0000,210.8700,206.2800
2021/12/27,209.6400,1.8800,-0.89,2747101,211.4800,217.1099,209.1500
2021/12/23,211.5200,3.9200,+1.89,2668181,207.6000,213.0000,204.6501
2021/12/22,207.6000,2.7100,-1.29,2864414,205.4800,210.5000,204.3100
2021/12/21,210.3100,4.0200,+1.95,2874418,207.3300,210.8100,200.0300
2021/12/20,206.2900,1.1900,+0.58,3489048,200.2373,209.7900,200.0000
2021/12/17,205.1000,4.8200,+2.41,5463149,196.2124,206.8500,193.2000
2021/12/16,200.2800,10.4300,-4.95,4081652,211.6950,212.2900,196.9200
2021/12/15,210.7100,12.0000,+6.04,4494215,198.5500,212.2000,194.7500
2021/12/14,198.7100,0.0300,+0.02,3841725,197.0080,200.6200,192.0000
2021/12/13,198.6800,0.0800,+0.04,4050630,198.5900,204.1700,194.3200
2021/12/10,198.6000,2.6700,-1.33,3326734,201.7475,205.5000,196.5000
2021/12/09,201.2700,7.9100,-3.78,3387837,209.9600,213.4000,199.4000
2021/12/08,209.1800,4.8600,+2.38,3981053,205.6050,211.0000,200.0500
2021/12/07,204.3200,9.6100,+4.94,4432396,200.6200,208.1100,200.6200
2021/12/06,194.7100,2.3400,-1.19,5275367,190.0500,196.0000,185.7100
2021/12/03,197.0500,12.3000,-5.88,7840127,212.8400,213.2600,188.4300
2021/12/02,209.3500,7.8500,+3.90,9341174,207.9750,212.6000,201.1900
2021/12/01,201.5000,15.6400,-7.20,8103894,220.6877,225.6000,199.1826
2021/11/30,217.1400,7.4300,-3.31,5052869,226.8250,229.0400,216.4900
2021/11/29,224.5700,8.0700,-3.47,6396549,235.0000,235.6850,221.0300
2021/11/26,232.6400,1.8700,+0.81,2154810,235.7200,236.3000,227.8600
2021/11/24,230.7700,0.1900,+0.08,3130329,229.6400,232.0600,222.6200
2021/11/23,230.5800,9.0600,-3.78,7277746,231.0000,236.7700,224.0500
2021/11/22,239.6400,17.9900,-6.98,6079761,252.7554,253.3300,235.1000
2021/11/19,257.6300,7.0900,-2.68,2587219,269.4000,269.6600,256.9100
2021/11/18,264.7200,5.0600,-1.88,2552500,270.4200,274.9800,264.5600
2021/11/17,269.7800,7.2700,+2.77,3368795,265.3900,270.5800,262.3912
2021/11/16,262.5100,8.3600,+3.29,4216675,255.3100,262.8800,253.9900
2021/11/15,254.1500,30.1500,-10.60,12636895,270.8600,272.3700,247.7500
2021/11/12,284.3000,3.3800,+1.20,1733343,283.9600,289.5300,281.5100
2021/11/11,280.9200,0.6400,-0.23,1254802,285.4400,288.6000,280.7200
2021/11/10,281.5600,11.6200,-3.96,4038950,290.9900,298.4800,278.7850
2021/11/09,293.1800,10.2500,+3.62,3175528,285.6756,295.7700,281.6300
2021/11/08,282.9300,9.5000,+3.47,2254886,274.2900,284.4150,272.1700
2021/11/05,273.4300,6.1900,-2.21,2282490,281.0000,283.6900,270.2401
2021/11/04,279.6200,8.9700,+3.31,2197438,272.7100,280.1800,270.9200
2021/11/03,270.6500,2.5300,+0.94,2022125,269.9000,271.4999,265.8100
2021/11/02,268.1200,1.0500,-0.39,2488581,266.5800,270.8700,264.3100
2021/11/01,269.1700,12.6300,-4.48,4901956,275.5413,275.5413,263.2300
2021/10/29,281.8000,0.6300,+0.22,1238991,281.0000,284.5000,279.5400
2021/10/28,281.1700,2.1700,+0.78,1538608,278.0000,283.7300,273.0400
2021/10/27,279.0000,8.0800,-2.81,2319209,287.8590,291.5000,278.2200
2021/10/26,287.0800,6.9800,+2.49,4393258,284.0000,297.4000,283.0200
2021/10/25,280.1000,3.2900,-1.16,2084477,284.0000,285.3240,278.0600
2021/10/22,283.3900,0.7100,-0.25,2545994,284.2300,290.7300,280.3200
2021/10/21,284.1000,0.7700,+0.27,1951103,283.0000,287.5000,282.0100
2021/10/20,283.3300,0.9800,+0.35,1775382,282.7093,288.4050,279.5700
2021/10/19,282.3500,3.0000,-1.05,2298499,283.2300,285.3000,278.8900
2021/10/18,285.3500,12.2400,+4.48,3289997,273.0000,285.7100,270.1000
2021/10/15,273.1100,2.9000,-1.05,2552725,276.0000,276.0000,270.2900
2021/10/14,276.0100,5.5700,+2.06,4921023,270.0600,276.8900,268.2795
2021/10/13,270.4400,17.7000,+7.00,5486999,253.8100,271.8000,253.8100
2021/10/12,252.7400,8.3800,+3.43,2314980,246.1900,254.3000,243.2700
2021/10/11,244.3600,0.6400,-0.26,1113236,243.2100,248.7100,241.6500
2021/10/08,245.0000,4.8800,-1.95,1760653,250.1519,250.9700,243.5000
2021/10/07,249.8800,1.6800,+0.68,1781983,251.3275,253.7799,249.6700
2021/10/06,248.2000,3.2800,+1.34,2139167,243.3400,251.6100,242.7700
2021/10/05,244.9200,6.0400,+2.53,2174878,240.0900,246.1000,239.2770
2021/10/04,238.8800,10.3900,-4.17,3179799,245.5700,247.2600,235.6300
2021/10/01,249.2700,3.4900,+1.42,2576131,246.6502,252.6200,243.2300
2021/09/30,245.7800,6.2100,+2.59,2514867,240.8800,247.7100,240.2700
2021/09/29,239.5700,2.2900,-0.95,2836472,243.7000,248.3200,238.5700
2021/09/28,241.8600,11.4800,-4.53,3817716,249.0500,249.8300,240.3100
2021/09/27,253.3400,8.4100,-3.21,3583377,259.3000,260.8900,250.3000
2021/09/24,261.7500,0.5400,-0.21,2039405,262.0500,262.0500,254.1700
2021/09/23,262.2900,2.4300,+0.94,1910648,262.4900,264.2900,259.9300
2021/09/22,259.8600,5.7500,+2.26,2386306,252.8900,261.0700,250.5500
2021/09/21,254.1100,3.4500,-1.34,4293096,254.6500,259.5900,252.5100
2021/09/20,257.5600,5.5300,-2.10,2866953,254.3500,261.6200,253.1300
2021/09/17,263.0900,1.6500,-0.62,4606585,266.3300,266.7200,259.5700
2021/09/16,264.7400,5.1700,+1.99,2282767,260.2300,265.0600,257.0500
2021/09/15,259.5700,2.2700,+0.88,2339487,257.8900,259.9800,254.3600
2021/09/14,257.3000,3.2700,+1.29,2462289,256.0400,259.0528,253.8300
2021/09/13,254.0300,7.9700,-3.04,4953411,258.7200,259.6900,248.3800
2021/09/10,262.0000,3.1600,-1.19,3040704,268.0700,269.7000,260.5700
2021/09/09,265.1600,0.0700,-0.03,2972181,265.0100,269.8500,264.5300
2021/09/08,265.2300,4.4500,-1.65,3044745,270.2300,270.5800,263.6600
2021/09/07,269.6800,8.5500,-3.07,4476131,279.3700,279.7999,268.3091
2021/09/03,278.2300,5.5600,+2.04,3472820,272.5900,278.8400,271.2001
2021/09/02,272.6700,2.7000,+1.00,4187975,272.2500,275.1800,269.3800
2021/09/01,269.9700,11.0300,-3.93,11742306,273.2200,285.4500,269.2842
2021/08/31,281.0000,5.3700,-1.88,8621669,281.9900,286.4000,278.3750
2021/08/30,286.3700,4.0600,+1.44,4772935,285.3100,289.2400,280.5000
2021/08/27,282.3100,3.5400,+1.27,4041365,279.5450,285.7600,277.7500
2021/08/26,278.7700,8.7700,+3.25,6780124,269.5800,281.8100,268.3900
2021/08/25,270.0000,4.3700,+1.65,14749051,267.0300,275.7500,265.1900
2021/08/24,265.6300,19.8300,+8.07,11061200,260.5700,269.6800,258.4200
2021/08/23,245.8000,7.9200,+3.33,2670947,242.1000,246.8100,239.3111
2021/08/20,237.8800,2.9200,+1.24,1740925,236.5400,238.6400,233.3220
2021/08/19,234.9600,1.1800,+0.50,2077134,231.9753,237.2000,231.0200
2021/08/18,233.7800,0.9800,+0.42,2028006,233.4750,237.5000,230.2300
2021/08/17,232.8000,1.9100,-0.81,3091366,234.0000,234.2700,227.2500
2021/08/16,234.7100,9.1100,-3.74,3758519,243.3300,243.4590,229.0700
2021/08/13,243.8200,2.0000,-0.81,1767371,245.8200,248.9639,242.2800
2021/08/12,245.8200,5.9400,+2.48,2480860,240.0000,247.4600,239.8800
2021/08/11,239.8800,12.7900,-5.06,5487831,254.2046,254.9800,233.8600
2021/08/10,252.6700,10.8900,-4.13,3214411,266.2500,266.6850,252.1000
2021/08/09,263.5600,2.8200,+1.08,1614178,258.9500,265.5000,258.1964
2021/08/06,260.7400,4.8800,-1.84,1839962,264.3000,267.7400,256.1300
2021/08/05,265.6200,1.4100,+0.53,1871988,265.3100,268.3300,261.4350
2021/08/04,264.2100,9.8700,+3.88,2079838,255.3800,265.1900,254.1300
2021/08/03,254.3400,0.4300,+0.17,2570702,255.3100,262.5824,250.5800
2021/08/02,253.9100,0.3000,+0.12,2286464,254.2600,257.1700,246.2001
2021/07/30,253.6100,6.4200,-2.47,2265878,256.0700,259.5699,252.5714
2021/07/29,260.0300,3.5500,-1.35,2142739,263.5100,266.7602,259.5600
2021/07/28,263.5800,5.7400,+2.23,1863104,260.1800,264.8799,258.0000
2021/07/27,257.8400,6.9900,-2.64,2357737,266.0000,266.9613,254.0300
2021/07/26,264.8300,4.1300,-1.54,1718234,267.5600,268.3100,261.4300
2021/07/23,268.9600,5.9200,+2.25,3749114,261.3200,272.6300,260.5180
2021/07/22,263.0400,9.4900,+3.74,3284275,254.7200,265.0000,254.6416
2021/07/21,253.5500,1.3100,+0.52,1841526,252.4500,254.8400,249.5100
2021/07/20,252.2400,1.8400,+0.73,2417450,254.8950,255.0000,245.8700
2021/07/19,250.4000,0.4400,+0.18,3196104,245.0500,252.1500,239.7100
2021/07/16,249.9600,0.6600,+0.26,2113810,252.0100,253.6300,248.4188
2021/07/15,249.3000,4.9300,-1.94,2532927,255.7400,255.8500,247.0500
2021/07/14,254.2300,6.9300,-2.65,2705171,263.1600,264.0600,252.6500
2021/07/13,261.1600,0.6300,-0.24,2246313,261.1400,267.4900,259.1100
2021/07/12,261.7900,2.6500,-1.00,2146209,267.6965,269.8900,260.3000
2021/07/09,264.4400,1.0500,+0.40,2587009,262.9550,265.0000,259.6000
2021/07/08,263.3900,4.1300,-1.54,3414235,259.6500,265.1650,254.2800
2021/07/07,267.5200,2.5400,+0.96,3485368,268.7300,269.6800,260.6300
2021/07/06,264.9800,12.3900,+4.91,5669463,257.8400,267.1700,257.7002
2021/07/02,252.5900,1.4300,+0.57,1916376,254.2693,256.3500,250.7200
2021/07/01,251.1600,0.1500,-0.06,2511532,251.0000,254.0000,245.5400
2021/06/30,251.3100,5.8100,-2.26,2820584,257.1383,260.0200,251.3000
2021/06/29,257.1200,2.0300,+0.80,2298550,255.0900,259.7500,251.3100
2021/06/28,255.0900,1.8500,+0.73,3167904,255.0000,260.8200,253.8000
2021/06/25,253.2400,0.4600,-0.18,3799215,255.0000,256.7900,249.5500
2021/06/24,253.7000,0.8000,+0.32,3231137,255.7715,258.3900,251.0800
2021/06/23,252.9000,3.7100,-1.45,3504853,255.3100,257.1639,249.3500
2021/06/22,256.6100,18.9300,+7.96,9390447,243.8300,257.5450,242.8000
2021/06/21,237.6800,7.2300,-2.95,5998217,238.0400,238.8400,231.0000
2021/06/18,244.9100,3.6000,+1.49,5987322,241.2000,247.9400,239.6600
2021/06/17,241.3100,7.1400,+3.05,4985713,233.0000,241.4492,232.0000
2021/06/16,234.1700,5.8300,+2.55,5452575,229.0000,235.8000,227.6500
2021/06/15,228.3400,5.1900,-2.22,2319285,233.7500,234.0000,227.2900
2021/06/14,233.5300,2.2600,+0.98,2725469,231.5000,234.7382,228.6000
2021/06/11,231.2700,2.6700,+1.17,4010214,226.6100,232.0000,224.6100
2021/06/10,228.6000,14.6500,+6.85,7787236,214.8900,229.4100,214.7600
2021/06/09,213.9500,1.1900,-0.55,3353014,215.6900,216.6900,211.2250
2021/06/08,215.1400,0.2700,-0.13,2891916,217.7350,221.6000,212.6300
2021/06/07,215.4100,8.4700,+4.09,5854901,206.4400,217.8100,204.5301
2021/06/04,206.9400,9.0600,-4.19,7318288,216.9900,217.4100,205.3300
2021/06/03,216.0000,4.5800,-2.08,4565772,220.0500,220.5400,213.9300
2021/06/02,220.5800,1.4900,-0.67,2193340,221.3500,223.2500,218.5723
2021/06/01,222.0700,0.0800,-0.04,2882966,223.2300,226.9500,218.8500
2021/05/28,222.1500,0.6600,-0.30,2580320,222.8500,225.9250,221.0000
2021/05/27,222.8100,2.8500,+1.30,4073508,218.0000,222.9800,211.3450
2021/05/26,219.9600,7.1000,+3.34,3702203,217.9600,225.3799,216.3800
2021/05/25,212.8600,1.4900,-0.70,1827870,214.5800,216.5900,211.8400
2021/05/24,214.3500,3.7500,+1.78,2877928,212.4400,215.3200,209.3600
2021/05/21,210.6000,6.5700,+3.22,3554421,207.8400,210.9900,205.6200
2021/05/20,204.0300,5.3200,+2.68,2564334,201.5500,205.3800,199.0100
2021/05/19,198.7100,1.9300,+0.98,4273495,189.6300,199.7500,189.2700
2021/05/18,196.7800,8.2500,+4.38,4125258,191.3300,199.3100,187.5100
2021/05/17,188.5300,2.1100,-1.11,2023550,189.7600,192.5140,185.0000
2021/05/14,190.6400,6.8800,+3.74,2377390,187.5124,191.3500,183.7600
2021/05/13,183.7600,5.5100,-2.91,3301530,190.9650,192.8500,179.4100
2021/05/12,189.2700,5.8300,-2.99,3769386,192.0000,195.5000,185.6600
2021/05/11,195.1000,7.5200,+4.01,4910455,178.9200,195.3500,177.2874
2021/05/10,187.5800,1.6000,-0.85,4166120,189.1800,190.7000,183.8000
2021/05/07,189.1800,2.1100,+1.13,3182322,194.2800,197.7900,187.9101
2021/05/06,187.0700,6.1700,-3.19,4903490,191.5200,191.5200,180.6700
2021/05/05,193.2400,4.5500,-2.30,2307485,202.2600,202.7400,192.0000
2021/05/04,197.7900,7.3300,-3.57,4274710,201.9500,202.9900,191.3600
2021/05/03,205.1200,3.3900,-1.63,2304113,209.0000,209.5900,204.0204
2021/04/30,208.5100,3.0200,-1.43,2028927,207.3335,214.3500,207.0000
2021/04/29,211.5300,8.7100,-3.95,3322318,221.0000,221.0000,208.4200
2021/04/28,220.2400,1.0100,-0.46,2486635,217.8700,223.2600,215.0229
2021/04/27,221.2500,3.2200,-1.43,2326723,225.4800,227.2000,219.8907
2021/04/26,224.4700,5.1700,+2.36,3614626,220.0500,225.1000,215.9300
2021/04/23,219.3000,2.5700,+1.19,2500362,219.5100,224.9900,217.7300
2021/04/22,216.7300,6.3600,+3.02,5216851,212.0000,223.9300,212.0000
2021/04/21,210.3700,3.7700,+1.82,1975392,205.4800,212.2189,201.5308
2021/04/20,206.6000,6.7700,-3.17,2743349,216.0900,217.7400,205.5800
2021/04/19,213.3700,1.8300,-0.85,3872852,211.0500,223.2300,210.2900
2021/04/16,215.2000,2.1000,+0.99,3579673,213.5065,216.5400,208.4900
2021/04/15,213.1000,4.9000,+2.35,4337515,215.5000,215.5000,207.8100
2021/04/14,208.2000,8.1500,-3.77,3263769,216.3900,217.4000,207.5000
2021/04/13,216.3500,12.3600,+6.06,5361839,206.5200,219.0000,206.1400
2021/04/12,203.9900,1.3100,+0.65,3306838,201.5300,206.1500,197.5100
2021/04/09,202.6800,0.7700,-0.38,4503978,201.4400,204.2400,194.3100
2021/04/08,203.4500,9.5200,+4.91,4613302,197.5450,204.3100,195.6735
2021/04/07,193.9300,0.4500,-0.23,2332473,195.0700,196.8899,190.6400
2021/04/06,194.3800,7.7600,+4.16,3672348,186.6200,198.2711,185.8600
2021/04/05,186.6200,0.4100,-0.22,3767691,191.4300,191.6700,184.7200
2021/04/01,187.0300,4.5200,+2.48,3344385,188.7665,194.5000,185.4300
2021/03/31,182.5100,7.2300,+4.12,4268053,179.2400,184.9900,178.7100
2021/03/30,175.2800,1.4300,+0.82,4277951,171.0800,176.2399,168.7600
2021/03/29,173.8500,3.8350,-2.16,3050521,177.6898,182.7300,171.2000
2021/03/26,177.6850,1.4750,-0.82,3732751,179.0300,181.5000,170.1000
2021/03/25,179.1600,2.4400,-1.34,3755740,175.6700,181.8800,174.5800
2021/03/24,181.6000,9.0000,-4.72,3994319,191.0000,193.5000,180.1100
2021/03/23,190.6000,5.1300,-2.62,4210512,195.7400,197.8500,189.6900
2021/03/22,195.7300,1.1000,+0.57,5560978,191.9100,198.0000,190.2300
2021/03/19,194.6300,4.4200,+2.32,7375768,192.8800,197.7900,190.0200
2021/03/18,190.2100,17.8200,-8.57,8827098,203.5900,203.7500,189.6100
2021/03/17,208.0300,11.7200,+5.97,11955136,199.0000,210.8800,191.2800
2021/03/16,196.3100,4.2400,-2.11,6766359,203.8100,209.1000,193.5000
2021/03/15,200.5500,1.5500,+0.78,2528903,199.5000,201.4700,195.0211
2021/03/12,199.0000,6.8000,-3.30,3033946,200.9000,200.9800,195.3100
2021/03/11,205.8000,10.9400,+5.61,3597827,203.9900,206.6700,198.4200
2021/03/10,194.8600,4.2400,-2.13,3506867,204.0000,208.2200,192.5000
2021/03/09,199.1000,19.3500,+10.76,3865483,192.6500,201.1400,189.5000
2021/03/08,179.7500,3.3700,-1.84,5302577,184.2900,192.4400,178.9000
2021/03/05,183.1200,9.8700,-5.11,9437981,194.6400,195.4100,168.6700
2021/03/04,192.9900,17.6300,-8.37,6635090,204.7900,208.3773,187.1901
2021/03/03,210.6200,11.4800,-5.17,4155221,220.8571,223.4700,206.6100
2021/03/02,222.1000,1.3000,-0.58,2538463,226.5000,231.1600,221.5200
2021/03/01,223.4000,7.4000,+3.43,2355748,220.8192,223.8400,215.8600
2021/02/26,216.0000,7.3400,+3.52,4903513,209.3000,217.1900,204.5200
2021/02/25,208.6600,7.9400,-3.67,3604361,216.4300,221.8063,204.9000
2021/02/24,216.6000,1.7900,-0.82,3944337,219.7800,219.8800,207.5000
2021/02/23,218.3900,7.4400,-3.29,5899516,211.2000,219.2100,198.1620
2021/02/22,225.8300,13.3700,-5.59,3268466,235.6517,237.8000,222.4200
2021/02/19,239.2000,0.0500,-0.02,2333434,241.8300,246.2100,236.6100
2021/02/18,239.2500,0.6900,+0.29,2640404,236.7827,241.3200,231.6000
2021/02/17,238.5600,3.8600,-1.59,2983495,238.9000,242.6000,229.1500
2021/02/16,242.4200,0.3200,+0.13,3296598,248.5400,251.2800,237.6100
2021/02/12,242.1000,7.3000,+3.11,3891194,236.5500,245.4200,233.5000
2021/02/11,234.8000,3.4500,+1.49,3980911,233.4900,239.8900,229.1300
2021/02/10,231.3500,7.6300,+3.41,3381544,225.0000,233.5500,220.4000
2021/02/09,223.7200,1.3600,+0.61,1869484,221.2000,225.3900,220.4000
2021/02/08,222.3600,1.1700,-0.52,2210580,225.5045,228.6500,219.1500
2021/02/05,223.5300,0.4800,-0.21,2134164,226.0000,227.9500,222.4000
2021/02/04,224.0100,5.8900,+2.70,3212615,219.7400,224.2900,216.8100
2021/02/03,218.1200,1.5200,-0.69,2903829,223.0000,223.4900,216.2700
2021/02/02,219.6400,4.6300,+2.15,3584306,218.5300,221.4700,212.5300
2021/02/01,215.0100,0.7900,-0.37,2932115,216.5600,218.4900,210.4500
2021/01/29,215.8000,3.3100,+1.56,4000451,211.3300,217.5500,205.3601
2021/01/28,212.4900,11.5600,+5.75,3416345,202.0000,216.8000,201.7200
2021/01/27,200.9300,5.8700,-2.84,6109072,200.0000,207.7600,193.8600
2021/01/26,206.8000,10.6900,-4.92,5463870,217.1300,217.6312,206.0100
2021/01/25,217.4900,6.0300,-2.70,5213234,227.7200,230.6300,208.6900
2021/01/22,223.5200,2.5200,+1.14,2042153,220.9700,226.1500,220.3100
2021/01/21,221.0000,5.3300,-2.35,3175741,228.0000,228.5000,219.8100
2021/01/20,226.3300,4.4100,+1.99,2128758,227.0000,228.5700,222.2000
2021/01/19,221.9200,2.4100,+1.10,3662919,224.0000,224.6600,217.5100
2021/01/15,219.5100,6.1100,-2.71,3654913,228.0800,230.0500,218.7500
2021/01/14,225.6200,0.8000,-0.35,3101836,228.6500,231.9000,222.7600
2021/01/13,226.4200,7.1700,-3.07,3553954,236.5000,236.5500,225.6000
2021/01/12,233.5900,1.3500,+0.58,3384442,233.4050,238.5400,233.0000
2021/01/11,232.2400,8.5100,+3.80,5128680,223.6500,234.6300,218.0000
2021/01/08,223.7300,2.2600,+1.02,3537355,225.8300,228.8200,220.1100
2021/01/07,221.4700,12.6200,+6.04,4194579,213.0250,222.1000,213.0250
2021/01/06,208.8500,2.3900,-1.13,4703889,204.0000,214.6950,203.0000
2021/01/05,211.2400,10.7500,+5.36,5072240,200.2450,211.9700,197.7500
2021/01/04,200.4900,11.3300,-5.35,6281340,209.9600,211.4400,195.9850
2020/12/31,211.8200,1.5300,+0.73,2597782,211.4700,214.2500,208.1000
2020/12/30,210.2900,4.3600,+2.12,2550811,207.7700,210.9893,205.2400
2020/12/29,205.9300,6.6200,-3.11,8153413,210.6000,213.5000,202.7800
2020/12/28,212.5500,8.5700,-3.88,4614644,225.0886,227.0934,212.0159
2020/12/24,221.1200,2.3800,-1.06,2407244,223.5000,227.3599,219.2822
2020/12/23,223.5000,1.4000,-0.62,5039762,225.6300,227.2624,216.2100
2020/12/22,224.9000,14.2500,+6.76,8308401,213.0150,225.7500,211.5500
2020/12/21,210.6500,6.9000,+3.39,8917236,202.2400,211.6094,201.8000
2020/12/18,203.7500,18.5000,+9.99,15264153,193.7000,205.9100,193.7000
2020/12/17,185.2500,5.4600,+3.04,3899642,182.1400,186.9000,180.7900
2020/12/16,179.7900,4.8600,+2.78,4415568,177.0500,182.2100,176.5500
2020/12/15,174.9300,1.1300,+0.65,2753722,175.4034,176.5000,172.4000
2020/12/14,173.8000,2.1200,-1.21,3276771,176.8115,179.5131,172.8800
2020/12/11,175.9200,4.0700,-2.26,5328746,177.1700,178.8800,171.3800
2020/12/10,179.9900,13.8200,+8.32,9464406,165.3500,181.8000,164.1500
2020/12/09,166.1700,11.3100,-6.37,6358401,175.4400,177.7000,162.8900
2020/12/08,177.4800,6.7600,+3.96,4596063,171.2900,178.8800,170.8000
2020/12/07,170.7200,3.4600,+2.07,5153392,168.0000,172.6900,166.1001
2020/12/04,167.2600,6.0700,+3.77,7645949,160.3600,168.9700,157.5900
2020/12/03,161.1900,19.3500,+13.64,14267475,159.5200,165.7500,155.5400
2020/12/02,141.8400,5.6600,-3.84,6531335,144.3600,144.6900,138.2400
2020/12/01,147.5000,5.7800,-3.77,4190708,153.5000,153.9999,145.6700
2020/11/30,153.2800,2.4500,+1.62,4840263,154.5500,155.0000,146.3075
2020/11/27,150.8300,0.8700,+0.58,1773456,150.3800,152.1900,148.5300
2020/11/25,149.9600,0.5100,+0.34,3144430,150.0000,151.7000,147.1930
2020/11/24,149.4500,1.9100,+1.29,3597051,145.7000,149.5000,143.7735
2020/11/23,147.5400,1.8200,+1.25,3273091,146.5000,149.1300,142.4500
2020/11/20,145.7200,1.9600,+1.36,2982769,145.1900,146.9500,143.2600
2020/11/19,143.7600,6.0800,+4.42,4802504,138.3900,147.0900,138.0150
2020/11/18,137.6800,0.1000,-0.07,2221095,137.7300,139.4700,135.0000
2020/11/17,137.7800,6.2000,+4.71,4891515,132.7400,139.8000,130.5000
2020/11/16,131.5800,0.6000,-0.45,3050205,129.3900,132.8900,128.2150
2020/11/13,132.1800,5.1200,-3.73,3033270,137.7500,138.0000,131.1900
2020/11/12,137.3000,6.3400,+4.84,3837735,132.9200,137.5000,132.1000
2020/11/11,130.9600,7.4600,+6.04,3677317,128.1327,132.1764,127.5000
2020/11/10,123.5000,3.0500,-2.41,4935818,127.0800,128.0000,118.1000
2020/11/09,126.5500,15.2400,-10.75,6457915,136.2500,137.3600,126.0200
2020/11/06,141.7900,2.8700,+2.07,2614845,138.5800,144.2900,138.1100
2020/11/05,138.9200,2.6000,+1.91,2949925,140.4850,141.6000,137.7100
2020/11/04,136.3200,9.4600,+7.46,3461903,133.9800,137.1300,132.0000
2020/11/03,126.8600,2.3900,+1.92,2021397,125.7100,127.4700,123.8300
2020/11/02,124.4700,0.6300,+0.51,2503008,124.5500,126.7600,121.7700
2020/10/30,123.8400,3.5200,-2.76,4176654,125.4000,126.3200,120.4500
2020/10/29,127.3600,4.2100,-3.20,3186766,132.3600,132.7000,126.3400
2020/10/28,131.5700,1.9100,-1.43,2599204,132.0500,132.8200,129.1100
2020/10/27,133.4800,0.4000,+0.30,2263148,134.0780,136.1287,131.6300
2020/10/26,133.0800,2.3400,-1.73,3623763,134.0100,138.4500,129.5200
2020/10/23,135.4200,0.8800,+0.65,1955021,134.9100,135.5400,132.8000
2020/10/22,134.5400,0.6000,-0.44,5158901,136.8300,138.6800,131.6400
2020/10/21,135.1400,7.5000,-5.26,6095209,143.0700,143.6699,132.5500
2020/10/20,142.6400,2.0200,-1.40,2572474,145.2850,146.4900,142.1501
2020/10/19,144.6600,0.6800,-0.47,3149154,146.7200,149.5900,143.6700
2020/10/16,145.3400,0.0200,-0.01,2960228,148.0000,148.8800,144.9100
2020/10/15,145.3600,2.4300,-1.64,4383123,143.3900,145.7500,141.1300
2020/10/14,147.7900,5.0100,-3.28,4943980,153.6000,153.9000,145.3250
2020/10/13,152.8000,6.8400,+4.69,6103281,147.0800,153.6299,147.0079
2020/10/12,145.9600,2.3900,+1.66,4188117,146.5000,149.7500,144.8200
2020/10/09,143.5700,0.6000,+0.42,2364073,144.1000,145.6300,142.6101
2020/10/08,142.9700,1.6000,-1.11,3440686,146.4500,146.4600,141.5300
2020/10/07,144.5700,0.5600,-0.39,4620652,146.0000,148.8400,144.2800
2020/10/06,145.1300,0.2500,+0.17,5596359,146.0000,148.6700,143.5000
2020/10/05,144.8800,5.0100,+3.58,5863248,143.8100,148.2800,142.8100
2020/10/02,139.8700,3.0000,-2.10,3449488,139.7300,145.5000,138.6000
2020/10/01,142.8700,5.5500,+4.04,7842336,139.5000,145.7599,138.0000
2020/09/30,137.3200,0.9700,+0.71,3669578,135.3100,139.0200,133.6550
2020/09/29,136.3500,1.0800,-0.79,2122870,137.7000,138.3546,135.3650
2020/09/28,137.4300,1.0400,+0.76,4233555,137.8200,141.6700,136.3000
2020/09/25,136.3900,2.4900,+1.86,3437433,135.8000,138.6000,134.6501
2020/09/24,133.9000,4.7000,-3.39,4402909,137.1200,137.9000,132.4000
2020/09/23,138.6000,4.0800,-2.86,3947458,141.0000,143.7000,136.9100
2020/09/22,142.6800,4.5500,+3.29,5846754,138.5200,142.6800,134.2000
2020/09/21,138.1300,6.7000,+5.10,7614075,127.2500,138.5500,125.4500
2020/09/18,131.4300,2.8500,+2.22,11713148,130.2200,132.1000,126.7200
2020/09/17,128.5800,2.5700,-1.96,4945102,127.4800,129.2300,124.8000
2020/09/16,131.1500,0.3000,-0.23,3653595,132.0000,133.8400,129.5200
2020/09/15,131.4500,2.9500,+2.30,5177527,130.6514,132.1900,127.3500
2020/09/14,128.5000,2.2200,+1.76,4223127,127.7800,129.9000,127.1500
2020/09/11,126.2800,3.0700,-2.37,4284125,131.1200,131.6642,122.8500
2020/09/10,129.3500,1.1700,+0.91,6511669,130.2800,134.0500,128.4000
2020/09/09,128.1800,2.5500,+2.03,5758320,129.6110,129.6959,124.0000
2020/09/08,125.6300,0.4400,+0.35,6962851,118.8600,128.9300,118.0000
2020/09/04,125.1900,4.0600,-3.14,10846622,125.2800,129.9500,115.2500
2020/09/03,129.2500,12.8200,-9.02,21225913,131.0000,138.7900,127.0000
2020/09/02,142.0700,1.6200,-1.13,32009783,152.0400,153.1000,130.9800
2020/09/01,143.6900,17.9600,+14.28,16047964,134.4400,144.6800,130.0000
2020/08/31,125.7300,7.0900,+5.98,8674423,120.0000,126.5499,120.0000
2020/08/28,118.6400,1.5100,+1.29,3602817,118.2598,121.0000,117.4200
2020/08/27,117.1300,0.0200,+0.02,3181375,117.4000,118.2700,113.7800
2020/08/26,117.1100,3.5400,+3.12,4861880,115.0100,119.9429,114.2600
2020/08/25,113.5700,2.3250,+2.09,2817384,110.3000,114.4500,109.3500
2020/08/24,111.2450,0.7750,-0.69,2810981,113.4000,113.6561,108.2600
2020/08/21,112.0200,0.4700,-0.42,2348640,112.0000,113.5300,110.8700
2020/08/20,112.4900,4.3400,+4.01,2803516,107.5500,112.6500,106.8200
2020/08/19,108.1500,1.0500,+0.98,2234737,107.6500,109.6900,105.7000
2020/08/18,107.1000,1.7600,+1.67,2551599,106.5200,107.6500,105.6233
2020/08/17,105.3400,4.0900,+4.04,2817431,102.0100,105.5000,101.7500
2020/08/14,101.2500,0.3600,+0.36,3416024,103.2100,104.3600,100.9107
2020/08/13,100.8900,2.4400,+2.48,3254917,99.4400,102.1200,98.3100
2020/08/12,98.4500,0.2900,+0.30,3193307,98.6100,100.4100,97.2300
2020/08/11,98.1600,1.1600,+1.20,8324166,97.1000,100.5000,93.3700
2020/08/10,97.0000,4.7500,-4.67,7267486,102.8100,102.8100,96.7000
2020/08/07,101.7500,8.5500,-7.75,6637368,107.2000,107.3900,100.2800
2020/08/06,110.3000,4.4500,-3.88,3871844,114.5600,115.4100,109.0300
2020/08/05,114.7500,0.2100,-0.18,4431975,114.9700,116.1800,113.9800
2020/08/04,114.9600,0.5200,-0.45,2667534,115.5600,116.0000,112.7800
2020/08/03,115.4800,2.2800,+2.01,4292455,114.4800,116.1800,112.2500
2020/07/31,113.2000,1.2900,+1.15,2813279,112.9100,113.8400,109.4100
2020/07/30,111.9100,1.0100,-0.89,2895945,111.0000,112.8000,108.9100
2020/07/29,112.9200,7.1900,+6.80,5178785,107.6100,113.8300,107.4014
2020/07/28,105.7300,2.1300,+2.06,4704482,104.4000,109.2800,103.8214
2020/07/27,103.6000,3.5700,+3.57,4537546,101.3200,104.3500,100.1700
2020/07/24,100.0300,1.4300,-1.41,4076704,99.1000,101.6700,97.0600
2020/07/23,101.4600,2.2500,-2.17,3726716,104.5600,105.6599,99.6000
2020/07/22,103.7100,2.8900,-2.71,3863734,106.6000,107.1760,102.6000
2020/07/21,106.6000,0.1200,-0.11,3628874,108.4400,108.4700,104.4400
2020/07/20,106.7200,5.2900,+5.22,5959176,101.8900,106.9466,101.6600
2020/07/17,101.4300,0.3700,+0.37,5725541,101.4047,102.8699,99.0000
2020/07/16,101.0600,2.0900,-2.03,5095948,102.1000,102.8150,98.6100
2020/07/15,103.1500,2.4600,-2.33,4948475,105.5800,106.0226,100.5900
2020/07/14,105.6100,0.6000,-0.56,9077257,107.1400,109.3500,99.1200
2020/07/13,106.2100,10.4400,-8.95,7228984,118.0200,118.5799,105.7200
2020/07/10,116.6500,0.8100,-0.69,3437219,117.5700,118.2500,115.4100
2020/07/09,117.4600,2.9100,+2.54,7064519,115.5100,118.3800,113.1100
2020/07/08,114.5500,8.1300,+7.64,6953530,107.3700,114.6900,107.1000
2020/07/07,106.4200,0.0300,+0.03,4591507,107.0000,108.6700,105.2100
2020/07/06,106.3900,0.8800,-0.82,7913074,109.3390,109.6800,104.7150
2020/07/02,107.2700,4.3200,+4.20,9060979,103.6500,107.7000,102.3000
2020/07/01,102.9500,2.6600,+2.65,5355583,100.0000,103.6450,99.2500
2020/06/30,100.2900,2.1900,+2.23,5056172,98.4400,101.3800,97.3300
2020/06/29,98.1000,0.6900,-0.70,6304608,99.7700,99.7700,94.1800
2020/06/26,98.7900,6.9200,-6.55,17438536,104.0000,104.0000,97.5200
2020/06/25,105.7100,2.0100,+1.94,6112378,103.8000,108.3357,103.6400
2020/06/24,103.7000,0.5700,-0.55,4958050,103.8300,106.0950,100.5000
2020/06/23,104.2700,0.7500,-0.71,8600862,105.8000,107.3000,103.1500
2020/06/22,105.0200,3.9400,+3.90,8418191,101.3400,105.5600,100.2600
2020/06/19,101.0800,0.5300,-0.52,10744141,103.0000,104.8900,100.6400
2020/06/18,101.6100,2.9200,+2.96,9565135,98.1800,101.8700,97.8600
2020/06/17,98.6900,2.3500,-2.33,7637680,101.6400,101.7427,97.7700
2020/06/16,101.0400,2.0200,+2.04,9814259,100.0000,101.6800,94.6900
2020/06/15,99.0200,5.9000,+6.34,9025336,92.6500,100.0000,91.5000
2020/06/12,93.1200,1.9200,-2.02,6452416,97.9865,97.9865,91.0500
2020/06/11,95.0400,2.1800,-2.24,8323151,94.8500,100.1200,94.2200
2020/06/10,97.2200,3.3200,+3.54,5816775,95.0000,97.7400,94.3300
2020/06/09,93.9000,1.5300,-1.60,4351106,96.0000,96.8800,93.6200
2020/06/08,95.4300,1.5000,+1.60,7482362,93.8700,97.5000,93.6200
2020/06/05,93.9300,2.0500,-2.14,9600631,92.7300,95.9800,88.8700
2020/06/04,95.9800,2.1200,-2.16,16371219,94.2300,98.4900,91.8300
2020/06/03,98.1000,5.8500,+6.34,21051536,99.9800,103.8000,95.6000
2020/06/02,92.2500,2.5900,-2.73,12883326,96.5900,96.8000,90.0300
2020/06/01,94.8400,7.0300,+8.01,12028839,90.5600,95.8000,90.2100
2020/05/29,87.8100,8.3100,+10.45,13487761,83.1900,88.0000,81.2000
2020/05/28,79.5000,1.5100,+1.94,3816778,78.2000,82.2800,78.0000
2020/05/27,77.9900,1.3600,-1.71,7021299,79.0000,79.0000,71.5101
2020/05/26,79.3500,2.8700,-3.49,4122386,83.3900,83.4000,77.9500
2020/05/22,82.2200,1.6200,+2.01,2823015,81.0000,82.7000,80.0000
2020/05/21,80.6000,0.3700,-0.46,2072322,81.6200,81.8700,78.8148
2020/05/20,80.9700,2.4200,+3.08,3564140,80.7200,81.7400,79.1503
2020/05/19,78.5500,2.4500,+3.22,2675401,76.5300,79.5800,76.5000
2020/05/18,76.1000,1.0400,-1.35,2869357,78.1100,78.9900,75.7800
2020/05/15,77.1400,0.0000,0,3292902,77.5000,80.2900,76.3300
2020/05/14,77.1400,0.5700,+0.74,3322230,76.0000,77.4000,74.5300
2020/05/13,76.5700,0.4200,+0.55,4333098,77.8600,79.3000,73.1200
2020/05/12,76.1500,0.0800,-0.10,4514351,77.0000,80.6300,75.3100
2020/05/11,76.2300,0.4700,-0.61,2418245,77.0500,78.3500,76.1500
2020/05/08,76.7000,1.2100,+1.60,3464212,76.5500,77.9600,75.0000
2020/05/07,75.4900,3.0500,+4.21,5661630,74.0000,76.7500,73.6600
2020/05/06,72.4400,0.8500,+1.19,4492886,71.9400,73.6200,69.3200
2020/05/05,71.5900,1.8400,-2.51,3743180,74.2700,75.0000,70.8800
2020/05/04,73.4300,4.2200,+6.10,3899618,68.3500,73.6700,67.8100
2020/05/01,69.2100,1.5500,+2.29,2997771,66.2800,70.1900,65.8000
2020/04/30,67.6600,1.6200,-2.34,2216753,69.2800,69.2800,67.1200
2020/04/29,69.2800,0.8500,-1.21,6111394,71.0000,71.6000,68.1900
2020/04/28,70.1300,3.4700,-4.71,4634072,74.0000,74.7100,68.3900
2020/04/27,73.6000,1.6000,+2.22,4360219,73.0000,75.0000,72.0200
2020/04/24,72.0000,3.0900,+4.48,9725058,69.0000,74.6500,68.8950
2020/04/23,68.9100,0.8400,+1.23,3064956,68.0600,69.9600,68.0000
2020/04/22,68.0700,2.0000,+3.03,3734368,67.6700,69.3100,67.2300
2020/04/21,66.0700,2.3600,-3.45,6950252,68.6600,70.5000,62.7700
2020/04/20,68.4300,3.6900,+5.70,6529901,64.8700,70.2000,64.3900
2020/04/17,64.7400,1.2900,+2.03,4139739,64.4600,65.6200,63.2500
2020/04/16,63.4500,1.6300,+2.64,5002061,62.0000,64.4500,61.5400
2020/04/15,61.8200,0.9300,+1.53,4196854,59.3400,62.6400,58.7300
2020/04/14,60.8900,2.1200,+3.61,6485718,59.9900,62.0000,58.5000
2020/04/13,58.7700,0.6200,+1.07,2867117,58.0000,59.3700,57.3600
2020/04/09,58.1500,2.1700,-3.60,3752874,60.4800,60.7900,57.5000
2020/04/08,60.3200,0.7200,+1.21,4337540,59.6500,60.8800,59.0500
2020/04/07,59.6000,0.5300,+0.90,7472839,59.4500,61.3000,57.7500
2020/04/06,59.0700,1.2500,+2.16,5008134,59.0800,60.5300,58.6600
2020/04/03,57.8200,1.1300,+1.99,4555900,55.8500,59.2500,55.8500
2020/04/02,56.6900,2.1100,+3.87,3058704,54.5100,56.9200,54.1100
2020/04/01,54.5800,1.1000,-1.98,3113910,54.0000,56.5500,53.5300
2020/03/31,55.6800,2.0400,-3.53,4925797,57.0300,60.0300,55.2600
2020/03/30,57.7200,1.0700,-1.82,4449457,58.8100,59.8300,56.2700
2020/03/27,58.7900,0.1500,+0.26,3826133,57.0200,59.8700,56.0200
2020/03/26,58.6400,2.8600,+5.13,5840860,55.8400,59.1000,55.0400
2020/03/25,55.7800,1.5500,-2.70,5517240,56.0000,59.5000,55.6000
2020/03/24,57.3300,5.8800,+11.43,8087964,54.9200,58.6500,54.2800
2020/03/23,51.4500,2.4400,+4.98,11127193,46.2400,53.0000,46.0100
2020/03/20,49.0100,7.2700,+17.42,14253612,49.9550,51.9700,46.8100
2020/03/19,41.7400,3.1100,+8.05,7442733,40.4300,44.4900,38.2000
2020/03/18,38.6300,0.6200,+1.63,6358453,35.7600,41.4700,35.5000
2020/03/17,38.0100,5.0000,+15.15,5664702,33.9300,38.3000,31.9500
2020/03/16,33.0100,6.5400,-16.54,6816301,36.0000,36.0000,32.1200
2020/03/13,39.5500,1.7300,+4.57,5015228,39.9000,40.0800,36.5900
2020/03/12,37.8200,5.0300,-11.74,6636462,38.6000,40.2000,35.9800
2020/03/11,42.8500,4.0600,-8.65,5395728,45.9600,46.3000,42.2300
2020/03/10,46.9100,1.1700,+2.56,4569922,48.4700,48.4700,45.0000
2020/03/09,45.7400,6.2200,-11.97,5816707,46.8100,48.8900,45.6500
2020/03/06,51.9600,3.9600,-7.08,5119948,54.2400,54.8700,50.3600
2020/03/05,55.9200,1.2800,-2.24,3212544,56.0800,57.4400,54.5500
2020/03/04,57.2000,0.7200,+1.27,2320969,57.1800,58.0800,56.0600
2020/03/03,56.4800,2.6500,-4.48,4071468,59.6100,60.7325,55.0100
2020/03/02,59.1300,0.5100,-0.86,4013660,60.2000,60.9700,58.0000
2020/02/28,59.6400,2.1400,+3.72,4450477,55.6000,60.0200,55.5000
2020/02/27,57.5000,0.9600,-1.64,4874094,56.1500,59.4500,54.3450
2020/02/26,58.4600,0.7200,+1.25,4429001,58.3900,60.2600,57.5100
2020/02/25,57.7400,0.3400,-0.59,5337941,59.5000,59.7900,56.0600
2020/02/24,58.0800,2.8500,-4.68,4638814,56.4000,59.2500,56.0200
2020/02/21,60.9300,2.4500,-3.87,4629137,62.5800,62.6400,59.2600
2020/02/20,63.3800,2.6500,-4.01,6179145,65.7000,65.9800,60.0300
2020/02/19,66.0300,0.0100,-0.02,5306912,66.6300,67.5600,65.6100
2020/02/18,66.0400,1.1900,+1.84,4326970,65.0000,66.2800,64.5500
2020/02/14,64.8500,0.4600,-0.70,4202496,65.8100,65.8300,63.8700
2020/02/13,65.3100,0.2300,+0.35,4124467,64.2500,66.2000,64.1300
2020/02/12,65.0800,0.1100,-0.17,5448316,65.1900,65.5000,62.7200
2020/02/11,65.1900,1.8900,+2.99,7978151,66.0000,66.8400,63.6552
2020/02/10,63.3000,1.2100,+1.95,3877454,62.3300,63.8600,61.4500
2020/02/07,62.0900,0.1000,-0.16,3055678,62.0000,63.7200,61.8200
2020/02/06,62.1900,0.3750,+0.61,2259841,61.6000,62.9800,60.1800
2020/02/05,61.8150,1.7400,-2.74,3998594,64.2100,64.8000,60.0600
2020/02/04,63.5550,2.4750,+4.05,4618990,61.9200,64.3300,61.1500
2020/02/03,61.0800,0.0100,-0.02,3706758,61.1300,61.4600,59.6500
2020/01/31,61.0900,1.3600,-2.18,4062159,62.5000,63.0000,60.2500
2020/01/30,62.4500,2.1900,+3.63,4162821,60.0000,62.5600,58.9400
2020/01/29,60.2600,1.1900,+2.01,3483081,60.0000,61.7800,59.7400
2020/01/28,59.0700,1.0100,+1.74,3073983,58.6600,59.6400,58.1300
2020/01/27,58.0600,1.1900,-2.01,4425855,56.5800,58.1600,55.3103
2020/01/24,59.2500,2.3000,-3.74,6580248,62.0000,63.0500,57.8400
2020/01/23,61.5500,1.0200,-1.63,4071701,62.5700,62.6600,60.7100
2020/01/22,62.5700,0.3300,+0.53,4257778,63.0000,64.0400,62.3000
2020/01/21,62.2400,1.2100,-1.91,6086676,63.0200,63.3900,61.2600
2020/01/17,63.4500,1.2100,+1.94,6255850,63.0500,63.7000,62.0600
2020/01/16,62.2400,1.9900,+3.30,6164623,61.5000,62.7500,61.0000
2020/01/15,60.2500,1.0100,+1.70,7973345,59.2300,61.9700,59.2300
2020/01/14,59.2400,0.2700,+0.46,7789240,59.2300,60.6600,57.5000
2020/01/13,58.9700,1.7700,+3.09,7045548,57.3600,59.7400,57.0000
2020/01/10,57.2000,1.2600,+2.25,8155289,56.4900,58.3000,56.0000
2020/01/09,55.9400,0.2800,+0.50,6521874,56.9500,57.2500,55.1000
2020/01/08,55.6600,0.9100,+1.66,7526569,54.2000,55.8600,53.3000
2020/01/07,54.7500,0.3600,-0.65,12638949,54.5500,56.5000,54.5000
2020/01/06,55.1100,4.3600,+8.59,21771072,51.8500,56.1700,51.0300
2020/01/03,50.7500,1.3100,+2.65,11256554,48.9200,51.9900,48.7901
2020/01/02,49.4400,0.4300,-0.86,4427985,50.0300,50.7500,49.2500
2019/12/31,49.8700,0.1600,-0.32,3290695,49.3400,50.3400,48.9000
2019/12/30,50.0300,1.1100,+2.27,5709659,50.0000,50.5600,48.3912
2019/12/27,48.9200,1.1100,-2.22,3510623,50.3000,50.3800,48.2000
2019/12/26,50.0300,2.2800,+4.77,4779941,48.4100,50.0600,48.0900
2019/12/24,47.7500,0.1000,-0.21,1508382,48.0000,48.7200,47.1500
2019/12/23,47.8500,1.6400,-3.31,4589110,49.2500,49.3000,47.6100
2019/12/20,49.4900,0.0200,+0.04,3120594,49.9100,50.0000,48.5800
2019/12/19,49.4700,0.6700,-1.34,3047153,50.4500,50.4500,49.2000
2019/12/18,50.1400,1.7500,+3.62,5660591,48.9600,50.3000,48.6000
2019/12/17,48.3900,1.0600,-2.14,4745321,49.3400,49.4400,47.5200
2019/12/16,49.4500,0.0400,+0.08,5035127,50.0000,50.1100,48.1500
2019/12/13,49.4100,2.1100,+4.46,6366544,47.5000,49.8600,46.7000
2019/12/12,47.3000,0.4300,-0.90,5712136,47.9500,48.5000,46.3200
2019/12/11,47.7300,0.1800,+0.38,9367919,47.0100,48.8000,46.3300
2019/12/10,47.5500,1.4500,-2.96,5760528,49.9200,50.0200,47.2200
2019/12/09,49.0000,1.8900,-3.71,13807012,49.1400,50.9600,48.4100
2019/12/06,50.8900,2.0600,-3.89,8033750,54.0000,55.1000,50.5000
2019/12/05,52.9500,2.0300,-3.69,3557577,55.0000,55.2100,51.6100
2019/12/04,54.9800,2.3900,-4.17,1607973,56.6100,57.0000,54.3000
2019/12/03,57.3700,2.3600,+4.29,1402740,53.2900,57.5900,53.0100
2019/12/02,55.0100,2.9900,-5.16,2931538,58.5000,58.6000,52.5407
2019/11/29,58.0000,1.7100,+3.04,1244410,56.9600,59.5000,56.3200
