일자,종가,대비,등락률,거래량,시가,고가,저가
2026/09/17,70.6400,0.2400,+0.34,2413960,69.1600,71.3600,68.2694
2026/09/16,70.4000,1.4500,-2.02,2405076,70.6000,71.8400,70.1400
2026/09/15,71.8500,2.0900,+3.00,4978924,68.9400,74.0650,68.9400
2026/09/14,69.7600,4.1100,+6.26,3003462,67.0000,69.8600,66.4500
2026/09/11,65.6500,0.1500,-0.23,2193150,65.6300,66.9899,65.4900
2026/09/10,65.8000,1.3500,+2.09,2744759,64.6000,65.8400,63.8200
2026/09/09,64.4500,0.6300,-0.97,3109967,64.6400,65.4500,63.6330
2026/09/08,65.0800,3.3300,-4.87,4133919,67.0500,67.0500,64.2250
2026/09/04,68.4100,2.4400,+3.70,7999781,68.5200,70.4000,64.1600
2026/09/03,65.9700,0.5800,+0.89,5688334,67.0600,68.4600,65.5300
2026/09/02,65.3900,0.7500,+1.16,2727808,64.8500,65.8100,64.1800
2026/09/01,64.6400,1.6300,-2.46,3014141,65.1700,66.7750,64.3600
2026/08/31,66.2700,2.2700,+3.55,3878246,63.6000,66.3300,63.6000
2026/08/28,64.0000,0.2000,+0.31,3772276,64.0200,65.6400,63.9700
2026/08/27,63.8000,4.4700,+7.53,3782970,61.1500,64.0400,60.5900
2026/08/26,59.3300,1.2100,-2.00,4110626,58.9100,60.2800,58.7300
2026/08/25,60.5400,2.0200,-3.23,3512250,61.7400,62.5600,60.2200
2026/08/24,62.5600,0.5600,+0.90,1907442,61.6400,62.9900,61.3100
2026/08/21,62.0000,0.2800,-0.45,1789294,61.8000,62.6500,60.7900
2026/08/20,62.2800,0.1700,+0.27,1838052,62.0000,62.8700,61.3300
2026/08/19,62.1100,2.1000,+3.50,2248437,59.9200,62.6600,59.9200
2026/08/18,60.0100,0.1900,+0.32,2974458,60.3300,61.8200,59.8650
2026/08/17,59.8200,2.2200,-3.58,2116504,61.0700,61.6000,59.6000
2026/08/14,62.0400,2.0500,-3.20,3961560,64.9500,65.2500,60.4450
2026/08/13,64.0900,5.9900,+10.31,5440402,58.3700,64.2000,57.8550
2026/08/12,58.1000,1.2400,-2.09,1883252,58.4200,59.1600,57.5000
2026/08/11,59.3400,0.3000,-0.50,1765071,59.1300,60.4650,58.6802
2026/08/10,59.6400,0.6200,-1.03,3263482,59.1600,60.5900,59.0500
2026/08/07,60.2600,3.3600,+5.91,3443842,57.9800,60.3850,57.8900
2026/08/06,56.9000,0.5900,-1.03,2061626,56.0200,57.1700,55.3250
2026/08/05,57.4900,0.0500,-0.09,2085020,58.4800,58.5100,56.8237
2026/08/04,57.5400,2.4100,+4.37,2740412,54.3900,57.5500,54.2600
2026/08/03,55.1300,0.3000,+0.55,3015501,56.4300,57.0000,55.0700
2026/07/31,54.8300,0.5400,+0.99,2994236,53.0600,55.3500,52.6900
2026/07/30,54.2900,3.8800,-6.67,4662194,56.1300,56.7900,52.8750
2026/07/29,58.1700,2.2000,+3.93,4478683,56.0800,59.1300,55.6800
2026/07/28,55.9700,3.0600,+5.78,3666938,53.5900,56.2000,53.5900
2026/07/27,52.9100,2.4700,+4.90,3107225,51.7500,54.3000,51.2201
2026/07/24,50.4400,3.4000,+7.23,2540880,48.0400,50.5150,48.0400
2026/07/23,47.0400,0.8500,-1.77,2411167,48.4000,48.8000,46.5700
2026/07/22,47.8900,2.8500,-5.62,2949093,50.5100,50.5700,47.2900
2026/07/21,50.7400,1.5600,-2.98,2654611,50.9800,52.4500,50.5600
2026/07/20,52.3000,0.4400,-0.83,2937677,52.2500,53.4300,51.2500
2026/07/17,52.7400,0.6400,-1.20,3236976,52.8900,54.5000,52.1600
2026/07/16,53.3800,2.2200,+4.34,4160240,51.9800,54.0100,51.1850
2026/07/15,51.1600,1.7800,+3.60,3543798,50.0000,51.6600,49.8100
2026/07/14,49.3800,0.4900,-0.98,2382582,47.3400,50.1200,47.1560
2026/07/13,49.8700,0.6900,+1.40,2707489,49.6900,50.6500,49.1400
2026/07/10,49.1800,0.4200,+0.86,3139926,49.5800,49.7000,48.2200
2026/07/09,48.7600,1.5400,+3.26,3010118,46.2300,48.9500,45.5001
2026/07/08,47.2200,0.0100,-0.02,2838578,46.6800,47.4500,45.7000
2026/07/07,47.2300,0.3300,+0.70,3366521,47.9700,48.9850,46.9700
2026/07/06,46.9000,1.1300,+2.47,3471390,45.2000,46.9800,44.7700
2026/07/02,45.7700,0.2500,-0.54,2484379,45.7000,46.5900,45.5300
2026/07/01,46.0200,1.6000,+3.60,3493039,45.6500,46.4000,44.9450
2026/06/30,44.4200,0.6200,-1.38,3411351,44.8700,45.1100,43.8500
2026/06/29,45.0400,0.1700,-0.38,3575616,45.9300,46.3800,44.9000
2026/06/26,45.2100,2.7500,+6.48,8406072,42.9000,45.3300,42.9000
2026/06/25,42.4600,1.7800,-4.02,4103353,43.6600,44.2200,42.2700
2026/06/24,44.2400,1.5700,+3.68,5004383,42.8700,44.7800,42.6000
2026/06/23,42.6700,0.0400,-0.09,3968709,43.3900,44.0200,42.6200
2026/06/22,42.7100,0.7600,-1.75,5124761,42.8000,44.2066,42.2500
2026/06/18,43.4700,0.8900,+2.09,9475165,42.0400,43.9100,41.3675
2026/06/17,42.5800,1.8500,-4.16,4954197,43.8300,45.0900,42.3500
2026/06/16,44.4300,0.2350,+0.53,3780274,44.1700,45.2900,43.9050
2026/06/15,44.1950,0.8350,-1.85,5503391,45.4500,46.5000,43.4000
2026/06/12,45.0300,0.4800,+1.08,4260304,44.4100,45.1200,43.4800
2026/06/11,44.5500,0.5800,-1.29,4109084,44.4000,45.3300,43.8700
2026/06/10,45.1300,0.0600,+0.13,3626456,44.0800,46.2400,44.0000
2026/06/09,45.0700,1.0900,-2.36,5771021,45.7000,46.4300,43.7600
2026/06/08,46.1600,1.1000,-2.33,4878611,47.0100,47.9604,45.7450
2026/06/05,47.2600,3.6800,-7.22,8714010,49.1750,50.7800,46.7300
2026/06/04,50.9400,1.4600,-2.79,7123169,53.9400,54.2300,50.8100
2026/06/03,52.4000,2.7000,-4.90,3274557,54.1200,54.2900,51.8600
2026/06/02,55.1000,1.9200,-3.37,4887642,55.0400,55.9100,53.6650
2026/06/01,57.0200,4.5000,+8.57,4910011,54.4000,57.2900,53.1200
2026/05/29,52.5200,2.9400,+5.93,5536704,50.1500,53.3600,49.8383
2026/05/28,49.5800,1.1500,+2.37,2485121,49.1100,50.4300,48.3101
2026/05/27,48.4300,0.8900,-1.80,2144807,48.6000,50.1250,48.1600
2026/05/26,49.3200,0.2100,-0.42,2418491,48.7900,49.9150,48.0300
2026/05/22,49.5300,0.5600,+1.14,2276995,49.5000,50.1950,48.8600
2026/05/21,48.9700,0.7600,-1.53,2196134,48.9750,49.2100,47.6900
2026/05/20,49.7300,0.3100,+0.63,2425752,48.5100,49.8900,47.6300
2026/05/19,49.4200,0.4000,+0.82,3807336,51.1330,51.4200,48.8300
2026/05/18,49.0200,1.3100,+2.75,3182062,47.8900,49.5800,47.5600
2026/05/15,47.7100,2.2100,+4.86,4111628,45.9900,48.2900,45.4700
2026/05/14,45.5000,0.4300,+0.95,2950030,45.2100,46.2600,44.6000
2026/05/13,45.0700,0.1100,-0.24,3850001,44.5600,45.3700,44.0600
2026/05/12,45.1800,0.3100,-0.68,2916732,45.8800,46.3800,44.9300
2026/05/11,45.4900,2.4100,-5.03,4051879,47.3100,48.3850,45.2650
2026/05/08,47.9000,0.2900,-0.60,2475961,47.2200,47.9000,45.4000
2026/05/07,48.1900,1.6600,+3.57,4380851,47.6500,49.2000,47.6500
2026/05/06,46.5300,1.8500,-3.82,2510335,47.7700,47.7700,46.2200
2026/05/05,48.3800,0.0700,-0.14,1961081,48.3100,48.8300,47.2050
2026/05/04,48.4500,0.4900,+1.02,3183008,48.1200,49.6600,47.7700
2026/05/01,47.9600,1.9700,+4.28,3514235,47.6000,48.6700,46.5000
2026/04/30,45.9900,0.9300,-1.98,2382121,46.2400,46.5900,45.2500
2026/04/29,46.9200,1.1400,+2.49,2734788,45.7100,47.0800,45.1400
2026/04/28,45.7800,0.1200,+0.26,2368148,46.4100,47.6500,45.7600
2026/04/27,45.6600,0.5600,-1.21,1900798,46.1900,46.9700,45.6000
2026/04/24,46.2200,1.2000,+2.67,2403392,45.2400,46.2600,44.8950
2026/04/23,45.0200,2.5000,-5.26,4602627,45.6300,46.3300,43.6100
2026/04/22,47.5200,0.0800,-0.17,2275120,47.9500,48.5600,46.9600
2026/04/21,47.6000,0.1100,-0.23,2487228,47.9400,49.2700,47.3600
2026/04/20,47.7100,1.9700,+4.31,2905349,45.7400,47.7300,45.7000
2026/04/17,45.7400,0.3200,-0.69,2530942,47.5000,47.5500,45.4000
2026/04/16,46.0600,0.7800,-1.67,3438835,47.8500,48.2800,45.9000
2026/04/15,46.8400,2.2100,+4.95,3790833,45.7680,46.9000,44.9750
2026/04/14,44.6300,0.7900,-1.74,3430379,45.8500,46.4000,44.3300
2026/04/13,45.4200,2.5300,+5.90,5585665,42.8600,45.5700,42.8500
2026/04/10,42.8900,2.6600,-5.84,5924167,45.1300,46.2500,42.3800
2026/04/09,45.5500,0.1600,-0.35,5212023,45.2600,45.6000,43.0100
2026/04/08,45.7100,1.6500,-3.48,4917141,48.5500,49.3700,45.6300
2026/04/07,47.3600,0.6900,-1.44,2728010,48.0000,48.7300,46.8806
2026/04/06,48.0500,0.3200,-0.66,2669891,48.6800,49.4300,47.7100
2026/04/02,48.3700,0.2000,+0.42,3274823,48.2500,49.2300,47.4200
2026/04/01,48.1700,0.7600,+1.60,4389174,47.7000,48.3750,45.7900
2026/03/31,47.4100,0.1500,+0.32,3949905,47.1600,48.3500,46.2700
2026/03/30,47.2600,1.5500,+3.39,3718822,46.1200,47.6550,46.1200
2026/03/27,45.7100,1.4700,-3.12,5802329,46.3100,46.3700,44.8500
2026/03/26,47.1800,0.8800,+1.90,5107627,45.7700,47.7500,45.7000
2026/03/25,46.3000,0.1400,+0.30,5900549,47.4800,48.2200,45.5800
2026/03/24,46.1600,2.6300,-5.39,6920730,47.9700,48.2300,46.0950
2026/03/23,48.7900,1.5600,+3.30,5080344,47.6200,49.1700,47.0200
2026/03/20,47.2300,0.5200,-1.09,8083619,47.0200,48.7100,46.4008
2026/03/19,47.7500,1.1500,-2.35,4957297,49.3400,51.4000,47.7000
2026/03/18,48.9000,1.3600,+2.86,12686876,46.2200,49.8600,45.2000
2026/03/17,47.5400,0.7200,+1.54,8001579,46.9700,48.8900,46.7600
2026/03/16,46.8200,0.2300,-0.49,3891793,46.7900,47.9100,46.6100
2026/03/13,47.0500,0.5700,+1.23,3414221,46.3400,47.3400,45.7001
2026/03/12,46.4800,1.5200,-3.17,3997581,47.9300,49.1100,46.4700
2026/03/11,48.0000,0.6400,-1.32,2929135,49.1700,50.3129,47.1000
2026/03/10,48.6400,0.0500,-0.10,4452528,48.6900,48.9600,46.7100
2026/03/09,48.6900,0.0000,0,3519625,47.9500,48.9800,47.3100
2026/03/06,48.6900,0.4600,+0.95,3392711,48.1900,48.7400,47.1201
2026/03/05,48.2300,2.0100,+4.35,4786827,46.3300,48.6143,46.2525
2026/03/04,46.2200,0.5200,-1.11,3484883,46.4000,47.2300,46.1300
2026/03/03,46.7400,0.5800,+1.26,4814219,45.0200,47.3800,44.3800
2026/03/02,46.1600,1.0900,+2.42,4501105,44.2200,46.5400,44.1700
2026/02/27,45.0700,0.6500,-1.42,18043029,44.3100,45.4600,43.4100
2026/02/26,45.7200,2.4600,+5.69,5622358,43.8700,45.8900,43.4500
2026/02/25,43.2600,0.4100,+0.96,6539471,42.0300,43.5800,40.1600
2026/02/24,42.8500,1.1000,+2.63,8314074,41.9800,44.7000,41.8500
2026/02/23,41.7500,2.7300,-6.14,4633660,43.1500,43.1500,40.4200
2026/02/20,44.4800,0.3600,+0.82,3758175,44.0200,45.9400,43.7300
2026/02/19,44.1200,0.7000,-1.56,4096358,44.4800,45.0000,43.6450
2026/02/18,44.8200,0.3900,-0.86,4429212,45.7100,45.7675,44.4500
2026/02/17,45.2100,0.3900,+0.87,4661123,44.7750,45.2900,43.9900
2026/02/13,44.8200,1.0800,+2.47,5006412,44.0000,45.2500,43.6300
2026/02/12,43.7400,0.6000,-1.35,8610544,44.2900,44.9700,41.5300
2026/02/11,44.3400,3.2800,-6.89,6604389,47.4500,47.5800,44.0500
2026/02/10,47.6200,0.0300,+0.06,4174004,47.6600,49.0550,47.5122
2026/02/09,47.5900,0.4600,+0.98,3431473,46.8200,47.7850,46.0900
2026/02/06,47.1300,1.5900,+3.49,4393476,46.1800,47.5500,45.3001
2026/02/05,45.5400,1.2100,-2.59,4677076,46.4300,48.0000,45.2600
2026/02/04,46.7500,0.6800,+1.48,6923129,45.7900,48.4100,45.0000
2026/02/03,46.0700,5.9300,-11.40,8810808,49.2650,50.9900,45.2600
2026/02/02,52.0000,0.5400,-1.03,4047353,52.7600,53.2800,51.6300
2026/01/30,52.5400,1.2400,-2.31,4798192,53.4900,53.6300,52.3050
2026/01/29,53.7800,2.4350,-4.33,5863615,54.4600,54.5300,51.9000
2026/01/28,56.2150,0.7950,+1.43,3047984,55.8700,57.1300,55.3700
2026/01/27,55.4200,2.2400,-3.88,3538174,57.7600,58.0300,55.0100
2026/01/26,57.6600,0.2000,+0.35,3705095,57.4500,58.6500,57.2100
2026/01/23,57.4600,0.0400,-0.07,3555290,57.7000,58.9600,57.2335
2026/01/22,57.5000,1.4700,+2.62,4771472,56.2400,57.5750,55.6600
2026/01/21,56.0300,0.2100,+0.38,4139973,55.9600,57.3300,55.4590
2026/01/20,55.8200,0.8900,-1.57,4657935,55.6600,57.2900,55.5100
2026/01/16,56.7100,2.9800,-4.99,5414925,59.9300,60.0000,56.6300
2026/01/15,59.6900,2.1800,-3.52,4331893,62.0600,62.1800,59.5600
2026/01/14,61.8700,2.6400,-4.09,3537374,63.9900,64.5300,61.8300
2026/01/13,64.5100,3.8000,-5.56,3622470,68.3100,69.2600,64.3000
2026/01/12,68.3100,0.5000,-0.73,2401462,68.8100,69.4900,67.4400
2026/01/09,68.8100,0.9900,-1.42,2968519,70.0000,70.9300,68.7400
2026/01/08,69.8000,0.2300,+0.33,3104086,69.2500,69.8800,67.4000
2026/01/07,69.5700,4.3800,+6.72,4021144,65.4300,69.8500,65.4200
2026/01/06,65.1900,0.8500,+1.32,3174627,64.3000,65.3900,64.0500
2026/01/05,64.3400,0.5100,-0.79,3510294,64.7300,66.6669,64.3000
2026/01/02,64.8500,3.5500,-5.19,3091393,68.6100,68.6800,64.2400
2025/12/31,68.4000,0.6800,-0.98,1547650,68.8250,69.2850,68.3300
2025/12/30,69.0800,0.3900,-0.56,1573078,69.2300,69.7700,69.0100
2025/12/29,69.4700,0.5000,-0.71,1615258,69.6600,70.6450,69.2500
2025/12/26,69.9700,0.3300,+0.47,1271344,69.4900,70.0010,69.4600
2025/12/24,69.6400,0.6700,+0.97,1190504,68.7600,69.9756,68.7600
2025/12/23,68.9700,1.4600,-2.07,1745743,69.9900,70.4250,68.7200
2025/12/22,70.4300,0.4500,+0.64,2236010,70.0900,71.0999,70.0000
2025/12/19,69.9800,0.5800,+0.84,8219968,69.2500,70.0800,69.0703
2025/12/18,69.4000,1.6100,+2.37,3495017,67.7800,69.4400,67.4400
2025/12/17,67.7900,0.2100,+0.31,2888667,67.6300,69.5700,67.3000
2025/12/16,67.5800,0.6100,-0.89,2893387,67.9000,68.2700,66.8400
2025/12/15,68.1900,2.9200,-4.11,2849055,70.8700,71.1000,66.7800
2025/12/12,71.1100,0.8800,+1.25,2389518,70.5100,71.1500,69.6100
2025/12/11,70.2300,1.4200,+2.06,3034134,68.6800,70.9600,68.4500
2025/12/10,68.8100,0.5800,-0.84,3689031,69.2000,69.6482,67.3600
2025/12/09,69.3900,3.3500,+5.07,5145052,65.3300,70.6083,65.3300
2025/12/08,66.0400,0.3700,+0.56,4015250,66.0900,66.1600,64.5600
2025/12/05,65.6700,5.4300,-7.64,8934810,64.5550,66.9668,63.4052
2025/12/04,71.1000,0.4800,+0.68,6796184,71.2000,72.3500,70.8000
2025/12/03,70.6200,1.7600,+2.56,2268272,68.8900,71.0500,68.2650
2025/12/02,68.8600,0.5300,+0.78,2699591,68.5400,69.9500,68.2300
2025/12/01,68.3300,1.0200,-1.47,2228088,68.2500,69.5900,67.5700
2025/11/28,69.3500,0.4800,+0.70,940059,69.1900,70.1300,69.0601
2025/11/26,68.8700,0.9100,+1.34,1915418,68.0200,69.4050,67.7650
2025/11/25,67.9600,2.0300,+3.08,1702682,65.9000,68.3400,65.6400
2025/11/24,65.9300,0.5400,+0.83,2439475,66.1800,66.4300,65.2700
2025/11/21,65.3900,1.3800,+2.16,1970990,63.9900,66.2000,63.5001
2025/11/20,64.0100,1.0300,-1.58,1946860,66.1300,66.7250,63.9300
2025/11/19,65.0400,0.5300,-0.81,1657888,65.5800,65.5800,64.2400
2025/11/18,65.5700,0.9000,+1.39,2680040,64.4300,66.3300,63.8101
2025/11/17,64.6700,3.0900,-4.56,2013539,67.0700,67.3500,64.5800
2025/11/14,67.7600,0.7500,+1.12,1842699,66.2100,68.3800,65.8400
2025/11/13,67.0100,2.3400,-3.37,1939363,68.1500,69.1500,66.7450
2025/11/12,69.3500,0.5000,+0.73,1650751,69.3600,70.2325,69.2550
2025/11/11,68.8500,0.8000,-1.15,1846818,69.2200,70.3200,68.7550
2025/11/10,69.6500,0.0500,-0.07,1603012,70.1700,70.1800,68.7100
2025/11/07,69.7000,0.0300,-0.04,1411127,68.8200,70.1800,68.5000
2025/11/06,69.7300,1.1700,-1.65,1827529,70.5000,70.5200,68.3100
2025/11/05,70.9000,0.0900,+0.13,2405817,70.8500,71.6100,69.8800
2025/11/04,70.8100,2.2300,-3.05,1836694,72.1300,72.1300,70.2700
2025/11/03,73.0400,0.1000,-0.14,2182839,73.1400,74.2500,71.4500
2025/10/31,73.1400,1.5300,+2.14,3043840,71.7200,73.2550,71.1263
2025/10/30,71.6100,2.6300,+3.81,4517618,68.7200,73.5500,68.3000
2025/10/29,68.9800,1.7200,-2.43,2454863,70.5000,70.6000,68.8450
2025/10/28,70.7000,0.7400,-1.04,1637267,71.6100,71.6100,70.2800
2025/10/27,71.4400,0.0500,-0.07,1677858,72.4600,72.4600,71.2100
2025/10/24,71.4900,0.4100,+0.58,1175268,72.2000,72.5000,71.3200
2025/10/23,71.0800,0.5200,+0.74,1644148,70.5500,71.2400,70.2100
2025/10/22,70.5600,1.8850,-2.60,1930353,72.0500,72.2250,70.4400
2025/10/21,72.4450,1.7650,+2.50,4046243,70.0500,75.0000,69.6600
2025/10/20,70.6800,2.7500,+4.05,2230577,68.2500,70.9800,68.1000
2025/10/17,67.9300,0.8100,+1.21,1937501,66.8100,68.3800,66.7300
2025/10/16,67.1200,0.7900,-1.16,3767760,68.4900,69.5700,66.5700
2025/10/15,67.9100,0.4500,-0.66,2469382,69.2300,69.3100,67.5200
2025/10/14,68.3600,1.0900,-1.57,2635167,68.4100,69.0600,67.1600
2025/10/13,69.4500,1.0500,+1.54,2292237,69.3350,70.0800,68.4000
2025/10/10,68.4000,2.9500,-4.13,3572537,71.5500,71.9700,68.1900
2025/10/09,71.3500,0.1900,-0.27,2706214,71.7400,72.3000,70.4300
2025/10/08,71.5400,1.6000,+2.29,2676353,70.5800,71.6000,70.1000
2025/10/07,69.9400,2.2300,-3.09,3542138,72.7150,72.9299,68.4000
2025/10/06,72.1700,2.4400,+3.50,5437178,70.1600,73.9000,69.8538
2025/10/03,69.7300,1.6300,+2.39,3897972,68.4600,70.4000,68.4600
2025/10/02,68.1000,0.8700,-1.26,4802494,69.2250,69.3325,67.9900
2025/10/01,68.9700,3.1200,-4.33,9696225,71.2800,71.9000,68.5200
2025/09/30,72.0900,10.0500,-12.24,9675137,81.8800,81.8800,72.0200
2025/09/29,82.1400,0.6200,+0.76,1934061,81.8200,82.4400,81.3700
2025/09/26,81.5200,0.2100,+0.26,2182980,81.6000,82.2100,81.0900
2025/09/25,81.3100,2.7000,-3.21,2661020,83.0100,83.2900,81.1000
2025/09/24,84.0100,0.8100,-0.95,1840930,85.1300,85.8384,83.9500
2025/09/23,84.8200,0.0400,-0.05,1972927,85.7000,86.2700,84.7150
2025/09/22,84.8600,0.2700,+0.32,1936850,83.5900,85.2800,82.7750
2025/09/19,84.5900,0.4200,-0.49,4516794,84.9800,85.7700,83.8100
2025/09/18,85.0100,0.4900,+0.58,3428058,84.9850,86.6500,84.6017
2025/09/17,84.5200,2.8100,+3.44,3775898,82.2000,84.7150,82.0000
2025/09/16,81.7100,0.1400,+0.17,2750106,81.2800,82.9200,81.0250
2025/09/15,81.5700,1.3800,+1.72,2751896,80.3000,81.7790,80.3000
2025/09/12,80.1900,0.0500,-0.06,2170585,80.6900,81.6900,80.1000
2025/09/11,80.2400,1.4200,+1.80,3768423,79.3900,80.7600,78.9000
2025/09/10,78.8200,0.9800,-1.23,4435380,79.8100,82.0600,78.0650
2025/09/09,79.8000,1.9300,-2.36,5091367,81.5700,81.6500,79.4900
2025/09/08,81.7300,1.8700,+2.34,5077512,80.3500,81.9300,77.6600
2025/09/05,79.8600,3.6200,+4.75,10430519,82.0000,83.0600,78.1400
2025/09/04,76.2400,0.3400,+0.45,5685989,75.2100,76.3800,74.0600
2025/09/03,75.9000,1.8300,+2.47,2721838,74.1100,76.6400,73.8450
2025/09/02,74.0700,2.5900,-3.38,3116901,74.6400,75.3700,73.3350
2025/08/29,76.6600,1.1500,+1.52,2273413,75.9300,77.1900,75.6200
2025/08/28,75.5100,0.8300,+1.11,1235153,74.7900,75.7700,74.3900
2025/08/27,74.6800,2.1800,+3.01,2685541,72.5750,75.0400,72.5750
2025/08/26,72.5000,1.4400,-1.95,2697703,74.0500,74.6047,72.4400
2025/08/25,73.9400,0.8700,-1.16,1307870,74.6700,74.8650,73.8300
2025/08/22,74.8100,4.0700,+5.75,2694052,70.9100,75.2100,70.8150
2025/08/21,70.7400,0.3500,-0.49,1537637,70.4100,71.0475,69.6800
2025/08/20,71.0900,0.2100,+0.30,1809698,70.5400,71.2600,69.8900
2025/08/19,70.8800,0.8200,-1.14,1652896,71.9200,72.4950,70.7400
2025/08/18,71.7000,0.8000,+1.13,2045899,71.0000,72.2900,71.0000
2025/08/15,70.9000,1.9000,+2.75,2108927,69.1200,71.3900,68.7447
2025/08/14,69.0000,1.7100,-2.42,2194047,70.0800,70.3893,68.7100
2025/08/13,70.7100,2.6900,+3.95,3346894,68.9800,71.5400,68.1950
2025/08/12,68.0200,0.8800,+1.31,3862856,67.1900,68.4350,66.3524
2025/08/11,67.1400,2.0500,-2.96,3402490,69.1500,69.9100,67.0000
2025/08/08,69.1900,1.2900,-1.83,2973988,70.6100,71.1000,69.0200
2025/08/07,70.4800,4.6600,-6.20,4139021,75.5550,75.6900,68.6800
2025/08/06,75.1400,1.3000,+1.76,1712696,74.7000,75.6000,74.4650
2025/08/05,73.8400,1.5400,-2.04,1412447,75.8300,75.9393,73.7700
2025/08/04,75.3800,1.5400,+2.09,1363873,74.6500,75.4000,74.4600
2025/08/01,73.8400,1.8000,-2.38,1871589,74.8900,75.1350,73.1400
2025/07/31,75.6400,2.3200,-2.98,1847634,78.3800,78.3800,75.5950
2025/07/30,77.9600,1.9200,-2.40,1745095,79.8800,79.9900,77.3400
2025/07/29,79.8800,0.5100,-0.63,1151799,80.8500,81.3000,79.4300
2025/07/28,80.3900,0.5200,+0.65,1566890,79.9500,81.1596,79.5000
2025/07/25,79.8700,0.4600,-0.57,1711217,80.6300,80.8300,79.6000
2025/07/24,80.3300,1.0800,-1.33,1944808,81.1400,81.7300,79.6200
2025/07/23,81.4100,0.0300,+0.04,1711696,81.6200,81.7100,80.0800
2025/07/22,81.3800,2.0400,+2.57,2107370,79.3400,81.6500,78.7600
2025/07/21,79.3400,0.0300,-0.04,2659557,79.7700,80.8500,78.2800
2025/07/18,79.3700,1.7500,+2.25,1957340,78.2400,79.3800,77.3500
2025/07/17,77.6200,0.4800,+0.62,2304319,77.2000,77.7900,76.3850
2025/07/16,77.1400,1.3700,+1.81,2131172,76.2600,77.4050,75.4000
2025/07/15,75.7700,0.4400,-0.58,2989068,76.5000,77.5800,75.7700
2025/07/14,76.2100,2.6600,+3.62,3033561,74.5400,76.6900,74.1247
2025/07/11,73.5500,2.8100,-3.68,3298155,75.7500,75.9000,73.2800
2025/07/10,76.3600,3.2200,-4.05,3471820,79.0750,79.2550,75.9900
2025/07/09,79.5800,1.6300,+2.09,1989429,78.0300,79.8000,77.3955
2025/07/08,77.9500,0.3100,+0.40,1879162,78.0000,78.3700,77.2200
2025/07/07,77.6400,1.3800,-1.75,2264338,78.3250,79.1999,77.1500
2025/07/03,79.0200,1.8700,+2.42,1921166,77.0000,79.2070,76.9900
2025/07/02,77.1500,0.2100,-0.27,1921590,76.8700,77.3800,76.2150
2025/07/01,77.3600,0.5300,-0.68,2852670,77.4850,78.1700,76.4800
2025/06/30,77.8900,1.4200,+1.86,2376503,77.0500,77.9800,76.6883
2025/06/27,76.4700,0.9200,+1.22,3302235,75.8200,76.8150,75.4950
2025/06/26,75.5500,0.5400,+0.72,2026727,75.1750,76.0700,74.5000
2025/06/25,75.0100,0.6300,-0.83,2139956,75.9400,76.0900,74.6800
2025/06/24,75.6400,1.7200,+2.33,2583187,74.9500,75.9700,74.3850
2025/06/23,73.9200,1.2100,-1.61,3026238,74.9000,75.2800,73.6000
2025/06/20,75.1300,0.1200,-0.16,4875174,74.2800,75.7724,73.9000
2025/06/18,75.2500,0.4400,+0.59,3737905,74.7100,75.6800,74.2500
2025/06/17,74.8100,0.8700,-1.15,3051888,74.8700,76.2600,74.7800
2025/06/16,75.6800,1.6200,+2.19,3790289,74.3700,76.3400,74.3700
2025/06/13,74.0600,1.9500,-2.57,3326781,75.4050,75.6500,73.6200
2025/06/12,76.0100,0.2300,-0.30,3487154,75.9250,77.9800,75.8100
2025/06/11,76.2400,0.8000,-1.04,4495643,77.3650,77.3650,75.7900
2025/06/10,77.0400,1.5400,-1.96,5571206,78.4800,78.5400,76.5400
2025/06/09,78.5800,3.3000,+4.38,10368622,75.7200,79.2800,74.8500
2025/06/06,75.2800,17.6200,-18.97,22602977,76.7750,78.4000,74.8500
2025/06/05,92.9000,0.9400,-1.00,7049379,94.1000,94.6700,92.3500
2025/06/04,93.8400,2.2300,+2.43,3746362,92.0000,93.9800,91.3700
2025/06/03,91.6100,2.4100,+2.70,2840461,89.4500,91.7100,88.7700
2025/06/02,89.2000,0.5900,+0.67,2056807,88.3000,89.3000,86.4600
2025/05/30,88.6100,2.9000,+3.38,5728065,85.7000,88.9600,84.8200
2025/05/29,85.7100,0.1200,-0.14,1714677,86.1400,86.3700,84.3601
2025/05/28,85.8300,0.4200,-0.49,2162263,86.0000,87.5300,85.6000
2025/05/27,86.2500,1.6400,+1.94,1783774,86.3200,86.4900,85.1700
2025/05/23,84.6100,1.9200,-2.22,1339096,84.5100,85.6600,84.3600
2025/05/22,86.5300,1.1000,+1.29,1449673,85.4450,87.2200,84.6800
2025/05/21,85.4300,4.3000,-4.79,2079149,88.5000,88.7350,85.2650
2025/05/20,89.7300,1.5800,-1.73,2053340,90.6400,90.9700,88.7900
2025/05/19,91.3100,1.1100,-1.20,1508020,90.8900,92.0000,90.3500
2025/05/16,92.4200,1.8700,+2.07,2012016,91.1350,92.9700,90.8500
2025/05/15,90.5500,0.2800,+0.31,1422604,89.8500,90.6300,88.4900
2025/05/14,90.2700,0.0700,-0.08,1763754,90.2600,92.1700,89.5800
2025/05/13,90.3400,2.4800,+2.82,2014623,88.0500,90.6600,87.6800
2025/05/12,87.8600,4.5700,+5.49,1711994,86.1800,88.0600,85.6000
2025/05/09,83.2900,0.8500,-1.01,861425,84.5000,84.9600,82.9000
2025/05/08,84.1400,1.9000,+2.31,1443523,83.2300,85.1755,83.1000
2025/05/07,82.2400,0.5900,+0.72,2028723,82.0050,83.2200,81.0450
2025/05/06,81.6500,0.7900,-0.96,1062310,81.0000,82.7000,80.5400
2025/05/05,82.4400,0.3100,+0.38,973763,81.1500,83.7700,81.1400
2025/05/02,82.1300,1.2800,+1.58,1475689,81.6200,82.5800,81.0100
2025/05/01,80.8500,0.9000,-1.10,1818557,82.4000,83.4100,80.7700
2025/04/30,81.7500,0.5200,-0.63,1755720,80.1200,81.8000,79.6233
2025/04/29,82.2700,0.2400,+0.29,976124,81.6900,82.8400,81.5050
2025/04/28,82.0300,0.7800,-0.94,1316934,82.2100,83.7000,81.2100
2025/04/25,82.8100,1.1400,+1.40,1051623,81.6300,83.3500,81.3500
2025/04/24,81.6700,3.6600,+4.69,2278795,78.2400,82.5100,78.2400
2025/04/23,78.0100,3.8100,+5.13,1645786,78.2750,80.6000,77.6250
2025/04/22,74.2000,2.3100,+3.21,1551313,73.0300,74.6600,72.7335
2025/04/21,71.8900,3.5300,-4.68,1426530,75.1200,75.1200,71.2900
2025/04/17,75.4200,0.9700,-1.27,1308230,77.0000,77.2500,74.9300
2025/04/16,76.3900,1.1000,-1.42,2310464,76.6500,78.6300,75.3200
2025/04/15,77.4900,2.2300,+2.96,2431415,75.4600,77.7700,75.0000
2025/04/14,75.2600,0.9100,+1.22,2095555,76.0700,76.9800,74.4100
2025/04/11,74.3500,1.1300,+1.54,2009034,73.6250,74.6900,71.7200
2025/04/10,73.2200,5.3700,-6.83,2228179,75.8500,76.6064,71.3700
2025/04/09,78.5900,8.2400,+11.71,3473436,69.4800,79.1000,69.4350
2025/04/08,70.3500,1.6000,-2.22,2805998,74.2800,75.7600,69.3100
2025/04/07,71.9500,0.2600,-0.36,4106873,67.7700,74.4200,67.3000
2025/04/04,72.2100,5.1600,-6.67,2882547,74.0500,74.9200,70.5400
2025/04/03,77.3700,6.0300,-7.23,2451471,79.9900,80.8100,76.8600
2025/04/02,83.4000,0.7100,+0.86,1661240,81.3000,84.3000,81.1500
2025/04/01,82.6900,1.2900,+1.58,2065020,81.4700,82.9500,79.8000
2025/03/31,81.4000,1.7800,-2.14,2661918,81.1300,81.8250,80.1200
2025/03/28,83.1800,2.4750,-2.89,1504111,85.1300,85.5700,82.5801
2025/03/27,85.6550,1.2550,-1.44,1999237,86.5500,86.9000,85.4400
2025/03/26,86.9100,2.4800,-2.77,2035948,89.3800,89.4550,86.0800
2025/03/25,89.3900,0.3900,+0.44,1918456,89.1000,90.8200,88.9300
2025/03/24,89.0000,0.9400,+1.07,2424660,88.8450,89.7300,88.1300
2025/03/21,88.0600,2.9500,+3.47,5052518,83.9400,88.3600,83.5000
2025/03/20,85.1100,0.5000,-0.58,2235167,84.8600,87.4900,84.5800
2025/03/19,85.6100,0.6000,+0.71,2871423,84.7000,86.2050,82.3550
2025/03/18,85.0100,1.5800,+1.89,3245274,82.5900,85.4700,82.0500
2025/03/17,83.4300,2.3300,-2.72,4587253,87.4100,88.3200,83.3200
2025/03/14,85.7600,11.0600,+14.81,11933868,81.5200,88.7000,80.7500
2025/03/13,74.7000,5.4300,-6.78,7260687,79.1600,79.3550,74.2600
2025/03/12,80.1300,0.6300,+0.79,2083604,80.5400,81.4250,79.3600
2025/03/11,79.5000,1.6400,+2.11,2885729,77.4700,81.9400,77.3200
2025/03/10,77.8600,1.9700,-2.47,3283627,80.0000,81.1100,76.9300
2025/03/07,79.8300,0.0600,+0.08,2446833,78.8100,80.4000,76.5800
2025/03/06,79.7700,2.5900,-3.14,2772196,81.3600,81.3600,78.0250
2025/03/05,82.3600,0.3000,+0.37,1657347,81.5200,82.4650,80.0650
2025/03/04,82.0600,0.3600,+0.44,2129711,80.0000,83.2200,78.8400
2025/03/03,81.7000,1.4700,-1.77,1578580,84.4900,84.7300,81.0700
2025/02/28,83.1700,1.8900,+2.33,2317352,81.0200,83.1800,79.8100
2025/02/27,81.2800,1.0000,-1.22,2330116,84.7820,84.7820,81.1350
2025/02/26,82.2800,0.6200,+0.76,1220526,82.1400,83.6000,81.8600
2025/02/25,81.6600,2.0300,-2.43,2508058,82.7450,82.7500,78.5138
2025/02/24,83.6900,0.2700,-0.32,2019589,84.1300,84.6100,81.1400
2025/02/21,83.9600,2.2400,-2.60,1975632,86.2000,86.2000,83.4000
2025/02/20,86.2000,0.5300,-0.61,1912820,85.9500,86.4450,83.8100
2025/02/19,86.7300,0.6100,-0.70,1735058,87.0100,87.4000,85.7700
2025/02/18,87.3400,0.0000,0,1825374,87.2500,87.5250,85.3200
2025/02/14,87.3400,1.2900,-1.46,1247070,87.8200,88.0000,86.3806
2025/02/13,88.6300,0.3400,+0.39,1169195,89.3000,89.4500,87.7800
2025/02/12,88.2900,0.3700,+0.42,1403939,86.8800,88.7500,85.4001
2025/02/11,87.9200,2.9400,-3.24,2041725,90.0900,91.2500,86.9300
2025/02/10,90.8600,0.3800,+0.42,1341443,91.9300,93.0650,90.8100
2025/02/07,90.4800,3.3700,-3.59,2228542,94.3400,94.3600,90.3600
2025/02/06,93.8500,3.0400,-3.14,3125616,97.7300,99.3000,92.2700
2025/02/05,96.8900,0.4200,+0.44,1573963,96.4800,97.4300,94.3500
2025/02/04,96.4700,0.0300,-0.03,2383897,97.0000,97.8799,95.3600
2025/02/03,96.5000,0.2300,-0.24,2720433,93.0620,97.0900,91.6300
2025/01/31,96.7300,0.8800,+0.92,2805406,96.9200,98.5999,96.0550
2025/01/30,95.8500,0.3900,+0.41,1647372,95.8500,96.8667,94.5100
2025/01/29,95.4600,2.2400,-2.29,1691591,97.4300,97.5000,93.9000
2025/01/28,97.7000,5.4400,+5.90,3296067,92.2800,99.0900,91.5000
2025/01/27,92.2600,0.6600,+0.72,2062369,88.8600,94.6600,88.6000
2025/01/24,91.6000,1.0600,+1.17,2253063,91.3000,92.9700,90.2001
2025/01/23,90.5400,1.2200,-1.33,1575876,90.8400,91.3300,89.3400
2025/01/22,91.7600,0.4000,+0.44,1156087,92.1800,92.6100,91.1800
2025/01/21,91.3600,1.7600,+1.96,1912487,91.0000,91.7800,88.7100
2025/01/17,89.6000,1.5600,-1.71,2385004,92.6500,93.9800,89.0400
2025/01/16,91.1600,0.1800,-0.20,1622714,91.5600,92.2399,89.9200
2025/01/15,91.3400,1.2500,+1.39,2203876,91.8800,92.4050,89.7000
2025/01/14,90.0900,0.0700,+0.08,2117139,90.3500,92.5900,89.6300
2025/01/13,90.0200,0.4000,-0.44,2368599,89.1600,90.8600,87.7966
2025/01/10,90.4200,0.9100,+1.02,3727450,89.2700,92.1200,88.4100
2025/01/08,89.5100,1.2500,+1.42,2118676,88.1300,90.1300,87.0800
2025/01/07,88.2600,2.9000,-3.18,2293035,90.9500,91.2500,87.3250
2025/01/06,91.1600,0.9500,+1.05,1903481,91.1600,93.4400,90.6650
2025/01/03,90.2100,0.1400,-0.15,1843617,90.8900,92.5850,89.6000
2025/01/02,90.3500,0.4100,+0.46,1631581,90.5200,90.8950,89.1200
2024/12/31,89.9400,1.7600,-1.92,1759988,91.5000,92.4400,89.6490
2024/12/30,91.7000,1.3000,-1.40,2442913,92.1000,93.0000,90.6400
2024/12/27,93.0000,2.7700,-2.89,1510783,95.3000,95.4500,92.1700
2024/12/26,95.7700,0.9200,+0.97,1519238,94.0400,95.8700,93.9500
2024/12/24,94.8500,0.9500,-0.99,1287906,95.3300,96.3200,94.5909
2024/12/23,95.8000,1.3900,+1.47,1744580,94.7300,96.1450,93.5500
2024/12/20,94.4100,0.2600,+0.28,12504310,92.9600,96.1400,92.2200
2024/12/19,94.1500,1.4400,+1.55,3281301,94.0600,95.4200,92.4200
2024/12/18,92.7100,5.4600,-5.56,5855937,97.6400,99.7050,91.5000
2024/12/17,98.1700,0.3400,+0.35,3815912,96.7700,98.4900,95.3100
2024/12/16,97.8300,3.3500,+3.55,4823201,94.6000,97.9200,93.9401
2024/12/13,94.4800,0.0400,-0.04,2691817,94.6000,96.6100,93.3901
2024/12/12,94.5200,0.2300,-0.24,2549169,93.9000,95.6999,93.1514
2024/12/11,94.7500,1.1000,-1.15,4027075,96.8000,97.8599,94.5300
2024/12/10,95.8500,6.4100,-6.27,6788341,101.0000,101.3050,95.1400
2024/12/09,102.2600,4.7300,-4.42,6538879,106.0500,106.0500,102.1452
2024/12/06,106.9900,23.3100,+27.86,19823661,96.0000,107.8599,95.3300
2024/12/05,83.6800,0.3100,-0.37,5967296,83.5900,84.3500,82.7900
2024/12/04,83.9900,3.5400,+4.40,2768931,82.2400,84.2000,82.1107
2024/12/03,80.4500,0.1900,+0.24,2661883,80.2600,80.5100,79.0600
2024/12/02,80.2600,0.5700,+0.72,2346850,79.5900,81.7900,79.4000
2024/11/29,79.6900,0.6900,-0.86,1342946,81.0000,81.7630,79.5300
2024/11/27,80.3800,4.9200,-5.77,2769674,85.1000,85.1700,80.2500
2024/11/26,85.3000,0.2100,-0.25,2691177,85.9800,86.7500,84.6000
2024/11/25,85.5100,2.4800,+2.99,7870208,84.2500,86.5000,84.1700
2024/11/22,83.0300,2.8800,+3.59,2280712,80.9600,83.1800,80.9600
2024/11/21,80.1500,1.3400,+1.70,1772036,79.4400,80.6000,78.4400
2024/11/20,78.8100,0.7100,-0.89,1232378,80.0300,80.6500,77.9300
2024/11/19,79.5200,1.1500,+1.47,1491947,77.6500,79.7500,77.0600
2024/11/18,78.3700,0.7400,-0.94,1852335,79.1100,79.4600,77.7800
2024/11/15,79.1100,1.2500,-1.56,2165420,79.3900,79.6900,78.0600
2024/11/14,80.3600,1.4500,-1.77,2711388,81.9300,82.2200,79.1900
2024/11/13,81.8100,0.6600,-0.80,2368111,81.7400,83.6800,81.3038
2024/11/12,82.4700,1.2500,+1.54,2811825,80.5600,82.9700,80.1300
2024/11/11,81.2200,1.8400,+2.32,2450205,79.7900,81.5700,79.3800
2024/11/08,79.3800,2.9100,+3.81,2658869,76.4800,79.5000,76.4800
2024/11/07,76.4700,0.9600,+1.27,1839008,75.5600,76.9400,75.1700
2024/11/06,75.5100,3.2600,+4.51,2860745,73.8500,75.8800,73.3023
2024/11/05,72.2500,2.4000,+3.44,1693340,70.0000,72.3200,69.8600
2024/11/04,69.8500,1.2600,-1.77,1956121,70.7900,70.9300,69.2802
2024/11/01,71.1100,1.7300,+2.49,2594606,69.8700,71.3002,69.6000
2024/10/31,69.3800,0.4000,+0.58,1544094,68.7400,70.0000,68.5800
2024/10/30,68.9800,1.1700,-1.67,1802106,69.6200,70.3300,68.8100
2024/10/29,70.1500,0.5700,+0.82,1811684,69.4900,70.5800,68.7900
2024/10/28,69.5800,0.5900,+0.86,1651522,69.7000,70.1700,69.2700
2024/10/25,68.9900,1.5900,-2.25,2564023,70.4900,70.9600,68.6400
2024/10/24,70.5800,0.0200,+0.03,2271638,70.6100,71.8500,70.1254
2024/10/23,70.5600,0.1200,-0.17,2896269,70.6800,70.8700,69.7700
2024/10/22,70.6800,1.1000,-1.53,4542095,71.7100,71.7100,69.5900
2024/10/21,71.7800,0.5200,-0.72,2789828,72.2000,72.9500,71.5100
2024/10/18,72.3000,0.2000,-0.28,2316479,72.4600,73.1900,72.1000
2024/10/17,72.5000,0.1000,-0.14,3569009,72.5400,73.8000,71.7700
2024/10/16,72.6000,2.5600,+3.66,5095079,70.1100,72.6400,69.8800
2024/10/15,70.0400,1.1800,+1.71,3062283,68.9900,70.0850,68.5100
2024/10/14,68.8600,0.0300,-0.04,2695227,69.1100,70.1900,68.2200
2024/10/11,68.8900,0.3300,-0.48,4739372,69.0600,69.7800,68.6200
2024/10/10,69.2200,0.0300,-0.04,33210279,68.7300,69.5400,68.1400
2024/10/09,69.2500,2.3600,+3.53,6963505,66.8800,69.3600,66.8700
2024/10/08,66.8900,4.1100,+6.55,14188182,67.8900,68.6400,66.3200
2024/10/07,62.7800,1.0600,-1.66,1931845,63.6300,64.4700,62.6600
2024/10/04,63.8400,0.8600,+1.37,2300758,63.9600,64.3000,63.4000
2024/10/03,62.9800,0.6500,+1.04,2210837,62.0100,63.0300,61.9100
2024/10/02,62.3300,0.9100,+1.48,2104014,61.3200,62.4200,60.6000
2024/10/01,61.4200,0.6700,-1.08,2242991,62.0900,63.1550,61.3800
2024/09/30,62.0900,0.4200,+0.68,2414942,61.6100,62.1600,60.7300
2024/09/27,61.6700,0.8600,-1.38,2162051,61.9500,62.7500,61.4600
2024/09/26,62.5300,1.9800,+3.27,4724957,61.1200,63.3700,60.5700
2024/09/25,60.5500,1.8900,+3.22,3088964,58.6700,60.5850,58.3300
2024/09/24,58.6600,0.1900,-0.32,2043540,59.0000,59.5800,58.2750
2024/09/23,58.8500,0.8800,+1.52,1794402,58.4500,58.8500,58.0000
2024/09/20,57.9700,0.0600,+0.10,3526397,57.7800,58.4000,57.5792
2024/09/19,57.9100,1.2700,+2.24,2539728,57.4100,58.4100,56.7000
2024/09/18,56.6400,0.9500,+1.71,2381348,55.3400,57.0100,55.1410
2024/09/17,55.6900,1.0700,-1.89,1838406,56.9100,57.3200,55.2400
2024/09/16,56.7600,0.1300,+0.23,2530187,56.5600,57.3800,56.1900
2024/09/13,56.6300,0.1400,+0.25,2138564,56.4800,57.1500,56.1350
2024/09/12,56.4900,1.1800,+2.13,2226500,55.8300,56.9800,55.5600
2024/09/11,55.3100,0.7500,+1.37,2450274,54.5000,55.7100,54.3150
2024/09/10,54.5600,1.4800,-2.64,3181598,56.4000,56.5000,54.5100
2024/09/09,56.0400,3.1500,-5.32,4949350,58.6200,59.2000,55.4100
2024/09/06,59.1900,2.2600,+3.97,8230774,60.2400,61.0900,57.3200
2024/09/05,56.9300,0.4900,-0.85,4482916,57.4300,57.4300,56.5000
2024/09/04,57.4200,0.4900,-0.85,1865183,57.1400,57.4600,56.3300
2024/09/03,57.9100,1.3000,-2.20,2345682,59.2100,59.5300,57.7000
2024/08/30,59.2100,0.1800,+0.30,3189956,59.4100,59.7800,58.6600
2024/08/29,59.0300,1.3700,+2.38,1619942,58.3400,59.6710,58.0900
2024/08/28,57.6600,0.8000,-1.37,1267681,58.3100,58.3100,57.1500
2024/08/27,58.4600,0.2600,-0.44,1173241,57.8300,58.6200,57.8300
2024/08/26,58.7200,1.2800,+2.23,2306335,57.5900,59.4600,57.3950
2024/08/23,57.4400,0.7400,+1.31,1297885,56.8800,57.8700,56.7100
2024/08/22,56.7000,0.0900,-0.16,1311849,56.9300,58.1300,56.5700
2024/08/21,56.7900,0.0800,-0.14,1193666,56.9100,56.9400,56.2300
2024/08/20,56.8700,0.3200,-0.56,1331214,57.0200,57.0700,55.8200
2024/08/19,57.1900,0.3900,+0.69,1282207,56.5100,57.8800,56.5100
2024/08/16,56.8000,0.3400,+0.60,1250291,56.4500,57.0600,55.8400
2024/08/15,56.4600,0.8700,+1.57,1263096,56.4800,56.7300,56.0000
2024/08/14,55.5900,2.0000,+3.73,1723451,53.9100,55.6700,53.7550
2024/08/13,53.5900,1.5700,+3.02,1655177,52.0700,53.7800,52.0400
2024/08/12,52.0200,0.5000,-0.95,1061765,52.4300,52.5200,51.6800
2024/08/09,52.5200,0.4200,+0.81,1120462,52.0200,53.1350,51.6400
2024/08/08,52.1000,1.0500,+2.06,1536015,51.8500,52.1800,50.7800
2024/08/07,51.0500,0.4700,+0.93,1658324,51.3800,52.9900,50.9600
2024/08/06,50.5800,0.8500,+1.71,1774849,50.4300,51.5700,50.1600
2024/08/05,49.7300,2.0000,-3.87,1959161,49.0000,50.6500,48.8000
2024/08/02,51.7300,1.8800,-3.51,2023722,52.4200,52.8900,50.8400
2024/08/01,53.6100,1.8700,-3.37,2182043,55.4400,55.5400,53.1500
2024/07/31,55.4800,0.0500,+0.09,1470408,56.0000,56.4300,55.4400
2024/07/30,55.4300,0.3400,-0.61,1298082,55.8700,55.8950,55.0300
2024/07/29,55.7700,0.1300,-0.23,925460,55.9400,56.4650,55.5628
2024/07/26,55.9000,0.8000,+1.45,1008983,55.7800,56.5000,55.3000
2024/07/25,55.1000,1.3000,+2.42,1339489,54.1600,55.9200,53.8700
2024/07/24,53.8000,2.3100,-4.12,1413173,56.0000,56.7200,53.7600
2024/07/23,56.1100,0.5100,-0.90,1250582,56.7100,57.4300,56.0000
2024/07/22,56.6200,0.7300,+1.31,1030051,56.1000,56.8000,55.1500
2024/07/19,55.8900,1.3000,+2.38,1240997,54.3500,55.9200,53.8500
2024/07/18,54.5900,1.5900,-2.83,1859968,56.2700,56.5900,54.4301
2024/07/17,56.1800,0.7200,-1.27,1540599,56.6500,57.6000,55.8700
2024/07/16,56.9000,0.2350,-0.41,1966340,57.2400,58.0960,56.5200
2024/07/15,57.1350,0.7550,+1.34,3266544,56.6200,57.7800,55.8400
2024/07/12,56.3800,2.0900,+3.85,2428777,54.3000,56.7300,54.2500
2024/07/11,54.2900,0.5000,+0.93,1574591,54.2100,55.0500,53.6100
2024/07/10,53.7900,1.8800,+3.62,2380336,52.1300,53.8600,51.5800
2024/07/09,51.9100,1.9200,-3.57,2144060,53.4900,53.7300,51.8800
2024/07/08,53.8300,0.6300,-1.16,1579430,54.3900,54.4200,53.2601
2024/07/05,54.4600,0.3300,+0.61,1621111,54.0900,55.2000,53.8700
2024/07/03,54.1300,0.1900,-0.35,1587705,54.1200,54.4700,53.8500
2024/07/02,54.3200,0.8200,-1.49,2352883,55.2000,55.8600,54.2700
2024/07/01,55.1400,1.6400,+3.07,2635877,53.6200,55.1900,53.5200
2024/06/28,53.5000,0.8100,+1.54,3048907,52.6400,53.6550,52.6400
2024/06/27,52.6900,1.0700,+2.07,2345343,51.4900,53.3500,51.4150
2024/06/26,51.6200,0.0800,+0.16,2231873,51.6100,51.8500,51.2900
2024/06/25,51.5400,0.1500,-0.29,2225361,51.7700,51.8500,51.1400
2024/06/24,51.6900,1.0500,-1.99,2029165,52.2000,52.8400,51.5200
2024/06/21,52.7400,0.5400,+1.03,6601478,52.1300,52.9200,51.7713
2024/06/20,52.2000,1.2300,+2.41,2832377,50.6000,52.3000,49.9000
2024/06/18,50.9700,0.0600,-0.12,1975568,51.0900,51.8000,50.9350
2024/06/17,51.0300,0.1900,+0.37,2480592,50.5500,51.1690,49.8100
2024/06/14,50.8400,0.3400,-0.66,1873704,50.9900,51.2800,50.7100
2024/06/13,51.1800,0.1400,-0.27,2930752,51.7300,52.0900,50.8350
2024/06/12,51.3200,0.7500,-1.44,2696113,52.6100,53.6800,51.1750
2024/06/11,52.0700,1.0800,+2.12,2562378,50.9800,52.3800,50.5000
2024/06/10,50.9900,1.0600,-2.04,3388189,51.6700,51.7000,50.4400
2024/06/07,52.0500,2.5500,-4.67,17995065,51.3800,53.1500,48.7000
2024/06/06,54.6000,1.0600,+1.98,7856162,53.5300,54.7600,53.5300
2024/06/05,53.5400,0.3400,+0.64,3056451,53.4000,54.0800,52.8300
2024/06/04,53.2000,0.2400,-0.45,2115602,53.7700,54.0450,53.1000
2024/06/03,53.4400,1.3000,-2.37,3242785,54.8900,54.9000,52.3500
2024/05/31,54.7400,0.0500,+0.09,3351925,54.9200,54.9850,53.5001
2024/05/30,54.6900,3.8100,-6.51,2333709,57.7900,57.8550,54.6350
2024/05/29,58.5000,0.7900,+1.37,1240362,57.0100,58.7500,57.0000
2024/05/28,57.7100,0.7800,+1.37,1449839,57.2900,58.0100,56.7400
2024/05/24,56.9300,0.3900,-0.68,1457963,56.8200,57.5600,56.4200
2024/05/23,57.3200,0.7200,-1.24,1277660,58.4500,58.7700,57.1300
2024/05/22,58.0400,1.8500,-3.09,1747943,60.0000,60.3299,57.3900
2024/05/21,59.8900,0.6100,-1.01,1053041,60.2000,60.6900,59.6900
2024/05/20,60.5000,0.2850,+0.47,1153269,60.1800,60.5100,59.3500
2024/05/17,60.2150,0.3150,+0.53,676092,59.9500,60.5600,59.7750
2024/05/16,59.9000,1.2300,-2.01,1464149,61.0000,61.0000,59.7700
2024/05/15,61.1300,1.4000,+2.34,1391320,60.2000,61.1400,59.6501
2024/05/14,59.7300,0.0300,-0.05,1522659,59.8500,60.7250,59.6700
2024/05/13,59.7600,1.7300,+2.98,1387336,58.0300,59.9300,58.0150
2024/05/10,58.0300,0.7500,+1.31,988430,57.2800,58.2100,57.1800
2024/05/09,57.2800,0.2300,-0.40,1424054,57.7500,57.9400,57.1300
2024/05/08,57.5100,0.8000,-1.37,1288963,57.7400,58.2700,57.3200
2024/05/07,58.3100,1.1900,-2.00,1518167,59.9300,59.9800,58.0600
2024/05/06,59.5000,0.3000,-0.50,1369536,60.0300,60.4200,58.9200
2024/05/03,59.8000,1.0400,+1.77,1294556,59.8000,59.9980,58.8400
2024/05/02,58.7600,1.4600,+2.55,1068048,57.6700,58.8000,56.9700
2024/05/01,57.3000,0.7000,+1.24,1352563,56.3600,58.5200,55.7300
2024/04/30,56.6000,0.5000,-0.88,1349743,56.7000,56.8400,56.2500
2024/04/29,57.1000,0.1000,-0.17,878186,57.6000,58.1173,56.9100
2024/04/26,57.2000,0.1500,-0.26,1117148,58.0000,58.0100,56.9300
2024/04/25,57.3500,0.0600,+0.10,846344,56.0100,57.5300,55.9500
2024/04/24,57.2900,0.5800,+1.02,937510,56.6000,57.5700,56.3600
2024/04/23,56.7100,0.8700,+1.56,1574299,56.0200,57.4400,55.7300
2024/04/22,55.8400,0.1400,+0.25,1644036,55.8800,56.0500,54.6400
2024/04/19,55.7000,1.3400,-2.35,2197586,56.7700,56.7900,55.5200
2024/04/18,57.0400,1.0200,-1.76,1205832,58.3000,58.3300,56.9145
2024/04/17,58.0600,0.3200,+0.55,1185874,58.0000,58.5700,57.1200
2024/04/16,57.7400,1.0700,+1.89,1384265,55.8800,58.0000,55.8800
2024/04/15,56.6700,2.2300,-3.79,1985910,58.8700,58.8800,56.3700
2024/04/12,58.9000,0.5800,-0.98,2378280,60.0400,61.4650,58.7700
2024/04/11,59.4800,0.2300,+0.39,1128518,59.1000,59.7100,58.5900
2024/04/10,59.2500,0.8900,-1.48,1266037,58.9700,59.6000,58.2400
2024/04/09,60.1400,0.4800,+0.80,1616279,59.6800,60.3600,59.6050
2024/04/08,59.6600,0.1900,+0.32,1331938,59.3100,60.3500,59.1800
2024/04/05,59.4700,0.6700,+1.14,1355318,58.5000,59.5700,58.2600
2024/04/04,58.8000,1.7500,-2.89,2054573,61.1000,61.3500,58.5800
2024/04/03,60.5500,1.9600,+3.35,2206147,58.1000,60.5900,58.0600
2024/04/02,58.5900,0.3600,+0.62,1762897,57.6300,58.7600,56.8300
2024/04/01,58.2300,1.3200,-2.22,1535936,59.3200,59.7079,58.2200
2024/03/28,59.5500,0.2800,+0.47,1425503,59.5900,60.0900,59.4000
2024/03/27,59.2700,1.2700,+2.19,1353835,58.5200,59.2900,57.9950
2024/03/26,58.0000,0.6300,-1.07,2746133,59.0000,60.4800,57.9500
2024/03/25,58.6300,0.3600,+0.62,1475221,57.9100,58.8999,57.7400
2024/03/22,58.2700,0.4300,-0.73,1628182,58.1100,58.9500,58.0100
2024/03/21,58.7000,0.1600,+0.27,1943953,58.9800,59.3000,58.1800
2024/03/20,58.5400,0.4100,-0.70,2038960,59.0000,59.2000,57.7900
2024/03/19,58.9500,0.8300,+1.43,2824145,57.4000,58.9800,56.4300
2024/03/18,58.1200,1.3500,+2.38,2902798,56.6300,58.8600,56.5000
2024/03/15,56.7700,0.6900,-1.20,4836676,57.0300,58.2700,56.6800
2024/03/14,57.4600,1.9500,-3.28,3152545,59.3000,59.8000,56.9950
2024/03/13,59.4100,0.9300,+1.59,4085437,58.5800,59.5300,58.4900
2024/03/12,58.4800,0.5000,+0.86,4942779,58.4100,59.8100,57.6504
2024/03/11,57.9800,2.0100,+3.59,7138916,56.2100,58.5199,56.0201
2024/03/08,55.9700,2.4100,+4.50,14756064,58.9000,58.9600,54.7900
2024/03/07,53.5600,1.0900,+2.08,8451052,52.9100,54.1050,52.6500
2024/03/06,52.4700,0.6900,+1.33,3276769,53.0800,53.6900,52.1000
2024/03/05,51.7800,1.7700,-3.31,2395672,52.8800,53.1400,51.1200
2024/03/04,53.5500,1.0300,-1.89,2327404,54.9000,55.1000,53.2950
2024/03/01,54.5800,1.3100,+2.46,2535596,53.0000,54.5900,52.9000
2024/02/29,53.2700,0.5000,+0.95,3001586,52.9900,53.5400,52.1300
2024/02/28,52.7700,0.6600,+1.27,1884339,51.8100,53.4299,51.5800
2024/02/27,52.1100,0.3100,+0.60,2337534,52.3700,52.5909,51.4800
2024/02/26,51.8000,0.0700,+0.14,2972210,51.7900,53.1500,51.5400
2024/02/23,51.7300,1.5900,+3.17,3288906,50.4400,51.8553,50.1700
2024/02/22,50.1400,0.0600,+0.12,2112202,50.5600,50.6380,49.4626
2024/02/21,50.0800,0.1000,+0.20,2375594,49.1300,50.5000,49.1200
2024/02/20,49.9800,0.2400,-0.48,3710245,49.8700,50.0000,49.1200
2024/02/16,50.2200,1.2900,-2.50,2104207,51.1100,51.3700,50.1650
2024/02/15,51.5100,0.4200,+0.82,2182506,51.7000,52.0100,50.8950
2024/02/14,51.0900,0.5700,+1.13,2243238,51.1300,51.8500,50.4550
2024/02/13,50.5200,1.0500,-2.04,2270045,50.2000,51.6000,50.1100
2024/02/12,51.5700,0.3900,+0.76,3437956,51.3300,52.0300,51.0700
2024/02/09,51.1800,0.0350,+0.07,3661318,51.2400,51.6700,51.0800
2024/02/08,51.1450,0.1650,-0.32,2869188,51.4700,52.3300,50.9401
2024/02/07,51.3100,0.8600,-1.65,4814062,52.2900,52.2900,50.7900
2024/02/06,52.1700,1.0400,-1.95,10358460,49.8600,52.4900,49.2500
2024/02/05,53.2100,4.9100,-8.45,9997759,57.4200,58.0000,52.9000
2024/02/02,58.1200,0.8100,-1.37,4827475,58.6100,59.1343,57.2400
2024/02/01,58.9300,1.9900,-3.27,7822678,61.1500,62.6900,58.0300
2024/01/31,60.9200,0.6900,-1.12,2770271,61.1400,62.1600,60.5800
2024/01/30,61.6100,1.7400,-2.75,2173792,63.1400,63.2900,61.5500
2024/01/29,63.3500,0.7200,+1.15,2169603,62.3300,63.4000,61.7400
2024/01/26,62.6300,0.1600,+0.26,3379142,62.0500,64.3400,61.8500
2024/01/25,62.4700,0.0000,0,2886912,63.1300,63.1400,61.1200
2024/01/24,62.4700,0.1400,+0.22,2402485,62.6500,63.0900,61.4600
2024/01/23,62.3300,0.3200,+0.52,2405918,62.2800,62.8200,61.4300
2024/01/22,62.0100,1.1900,-1.88,4571911,63.1200,64.0000,62.0000
2024/01/19,63.2000,1.9400,+3.17,4272875,61.5600,63.2500,61.0500
2024/01/18,61.2600,0.3900,-0.63,2552313,62.1100,62.4000,60.7400
2024/01/17,61.6500,1.0000,-1.60,3176541,62.0200,62.4900,60.8800
2024/01/16,62.6500,0.9000,-1.42,4361412,63.5800,63.6000,61.8000
2024/01/12,63.5500,2.2000,+3.59,12250430,61.5100,64.6999,60.7900
2024/01/11,61.3500,5.2400,+9.34,10411646,56.0800,62.8000,55.4300
2024/01/10,56.1100,0.0200,+0.04,1577095,56.0600,56.3700,55.5000
2024/01/09,56.0900,0.4300,+0.77,1975670,55.0000,56.4800,54.7601
2024/01/08,55.6600,1.0200,+1.87,2771088,55.0000,56.5700,54.4300
2024/01/05,54.6400,0.3300,-0.60,2889003,54.5020,55.4900,54.2400
2024/01/04,54.9700,0.0600,-0.11,2545424,54.7500,55.4500,54.4200
2024/01/03,55.0300,1.9900,-3.49,3731711,56.1300,56.5300,54.9900
2024/01/02,57.0200,2.4300,-4.09,3471018,58.8900,58.9391,56.6700
2023/12/29,59.4500,0.7500,-1.25,2593253,60.2000,61.1706,59.3000
2023/12/28,60.2000,0.4400,+0.74,1926551,59.5000,60.4700,59.3400
2023/12/27,59.7600,0.6300,-1.04,2166664,60.3800,60.5400,59.6800
2023/12/26,60.3900,0.3000,-0.49,2244179,60.5500,60.9000,60.1400
2023/12/22,60.6900,0.2200,+0.36,2840883,60.4100,61.2780,60.2314
2023/12/21,60.4700,0.8400,+1.41,2698594,60.4800,60.8700,59.5604
2023/12/20,59.6300,2.8000,-4.49,5451300,61.3300,61.9000,59.5900
2023/12/19,62.4300,0.8900,+1.45,5331540,61.3750,62.8200,60.7800
2023/12/18,61.5400,1.5700,-2.49,8056816,62.3700,62.7400,60.3600
2023/12/15,63.1100,6.9900,+12.46,30387625,55.8650,64.7600,55.1500
2023/12/14,56.1200,0.0300,-0.05,5244841,56.8000,57.7900,55.8500
2023/12/13,56.1500,0.1500,+0.27,5790843,56.0000,56.2913,54.6500
2023/12/12,56.0000,2.2800,+4.24,9080152,54.0400,56.1500,53.8800
2023/12/11,53.7200,3.9900,+8.02,13152855,49.6650,53.8793,49.6650
2023/12/08,49.7300,2.2900,+4.83,21422040,46.0000,50.5000,44.3400
2023/12/07,47.4400,0.0800,+0.17,9039139,47.2300,47.5600,46.5300
2023/12/06,47.3600,1.3000,+2.82,8308118,46.7200,49.0850,46.7050
2023/12/05,46.0600,0.1800,+0.39,4292012,45.7500,46.3500,45.4200
2023/12/04,45.8800,0.1100,-0.24,4946681,45.6900,46.1991,45.1100
2023/12/01,45.9900,2.8900,+6.71,5938324,43.1400,46.0800,42.7600
2023/11/30,43.1000,0.5200,-1.19,3738396,43.8100,44.2600,42.8900
2023/11/29,43.6200,0.9100,+2.13,3720739,43.2900,44.3300,43.2900
2023/11/28,42.7100,0.3600,+0.85,3437493,42.1900,43.0300,42.1250
2023/11/27,42.3500,0.3900,-0.91,3457928,42.5100,42.8900,42.1700
2023/11/24,42.7400,0.4800,+1.14,877064,42.2200,42.8800,42.2100
2023/11/22,42.2600,0.2400,-0.56,2088613,42.7700,42.9200,42.1150
2023/11/21,42.5000,1.3000,-2.97,2545324,43.3800,43.3800,42.2100
2023/11/20,43.8000,0.8500,+1.98,2427399,43.0300,43.9400,42.9900
2023/11/17,42.9500,0.3300,+0.77,2158116,42.8000,43.0700,42.3900
2023/11/16,42.6200,0.7600,-1.75,2173840,43.0500,43.0800,42.3000
2023/11/15,43.3800,0.6500,+1.52,2997324,42.9400,43.9800,42.6300
2023/11/14,42.7300,1.6100,+3.92,3403281,42.1500,43.2300,42.0800
2023/11/13,41.1200,0.1400,+0.34,2451298,40.7800,41.4200,40.6400
2023/11/10,40.9800,0.9400,+2.35,2859978,39.9600,41.1250,39.6500
2023/11/09,40.0400,1.0900,-2.65,3503397,41.3100,41.4000,39.8500
2023/11/08,41.1300,0.0500,+0.12,1487378,41.2500,41.3000,40.6800
2023/11/07,41.0800,0.6700,+1.66,2175214,40.7700,41.2700,40.3601
2023/11/06,40.4100,0.6800,-1.65,1798394,41.3000,41.5260,40.0700
2023/11/03,41.0900,1.2100,+3.03,2932031,40.0700,41.2700,40.0700
2023/11/02,39.8800,1.1900,+3.08,3287493,39.4200,40.2100,39.2100
2023/11/01,38.6900,0.1900,-0.49,2443765,38.8100,38.9450,38.2000
2023/10/31,38.8800,0.1100,+0.28,2616047,38.9100,39.0750,38.3400
2023/10/30,38.7700,0.2400,+0.62,2094957,38.7100,39.0000,38.1100
2023/10/27,38.5300,0.4300,-1.10,2175375,39.1500,39.3400,38.4400
2023/10/26,38.9600,0.4300,-1.09,2411438,39.4900,39.8900,38.7900
2023/10/25,39.3900,1.1500,-2.84,2272298,40.0600,40.1450,38.9100
2023/10/24,40.5400,0.4600,+1.15,1557350,40.3600,40.9788,39.9450
2023/10/23,40.0800,0.1900,-0.47,2144382,39.8800,40.4400,39.3600
2023/10/20,40.2700,0.8700,-2.11,2094731,40.9400,40.9700,40.1800
2023/10/19,41.1400,0.5100,-1.22,2077983,41.9400,42.2100,41.0400
2023/10/18,41.6500,0.8300,-1.95,1822759,42.3200,42.5550,41.5500
2023/10/17,42.4800,0.8100,+1.94,2999265,41.2900,42.9100,41.2400
2023/10/16,41.6700,1.1000,+2.71,2680334,40.6800,41.9350,40.3500
2023/10/13,40.5700,0.1200,+0.30,3120165,40.3500,40.7050,39.9200
2023/10/12,40.4500,1.7800,-4.22,4019317,42.2300,42.3000,40.4000
2023/10/11,42.2300,0.1200,-0.28,2310006,42.3500,42.8800,42.0700
2023/10/10,42.3500,0.0300,-0.07,3623672,42.3800,43.0700,42.2800
2023/10/09,42.3800,0.2500,+0.59,2452139,41.7200,42.4580,41.3800
2023/10/06,42.1300,1.0900,+2.66,3659697,40.6300,42.3400,40.5346
2023/10/05,41.0400,0.4000,-0.97,2555730,41.2700,41.4200,40.6100
2023/10/04,41.4400,0.0800,-0.19,2611039,41.8600,42.0200,41.0800
2023/10/03,41.5200,0.2100,-0.50,3755753,41.3900,41.9350,41.1300
2023/10/02,41.7300,0.2700,-0.64,3727308,41.9400,42.2600,41.5000
2023/09/29,42.0000,0.0100,-0.02,3129302,42.5100,42.6850,41.9350
2023/09/28,42.0100,0.6900,+1.67,4638220,41.0200,42.1900,40.5950
2023/09/27,41.3200,0.2800,+0.68,4345143,41.8500,41.9400,41.1800
2023/09/26,41.0400,0.4600,-1.11,2859457,41.1600,41.5500,40.8200
2023/09/25,41.5000,0.0000,0,2181088,41.2200,41.9850,41.1900
2023/09/22,41.5000,0.6900,-1.64,2666362,42.5000,42.6400,41.4100
2023/09/21,42.1900,1.2300,-2.83,3649727,42.9400,43.6400,42.1600
2023/09/20,43.4200,0.2700,-0.62,5952360,43.5300,44.5500,43.3100
2023/09/19,43.6900,0.0700,-0.16,4270122,43.2000,44.0200,42.8700
2023/09/18,43.7600,0.1900,-0.43,5343073,43.7500,44.3300,43.1900
2023/09/15,43.9500,1.0000,-2.22,7282389,44.1500,44.4600,43.5500
2023/09/14,44.9500,0.5300,-1.17,5372852,45.4400,45.7150,44.7020
2023/09/13,45.4800,0.9200,-1.98,6297034,46.4300,46.9400,45.4400
2023/09/12,46.4000,0.6100,-1.30,8019156,46.5000,48.0922,46.2900
2023/09/11,47.0100,3.2000,-6.37,8591951,50.2000,50.7400,46.9000
2023/09/08,50.2100,1.9200,-3.68,15497853,52.1800,53.3000,49.0100
2023/09/07,52.1300,0.6500,-1.23,10081983,52.2200,52.8200,51.2400
2023/09/06,52.7800,0.5100,+0.98,3531401,52.6600,53.4000,52.2701
2023/09/05,52.2700,0.6000,+1.16,4039819,51.1800,53.1300,50.8400
2023/09/01,51.6700,1.3700,+2.72,2384958,50.7100,51.7900,50.6500
2023/08/31,50.3000,1.4200,+2.91,3554207,49.1600,50.8000,49.0000
2023/08/30,48.8800,0.9300,+1.94,2673859,47.7800,48.9100,47.5200
2023/08/29,47.9500,0.2100,+0.44,2640198,47.4500,48.2150,47.2200
2023/08/28,47.7400,0.5500,-1.14,1716704,48.0600,48.6600,47.6100
2023/08/25,48.2900,1.6000,+3.43,1938937,46.8200,48.5900,46.7400
2023/08/24,46.6900,1.4700,-3.05,1477278,48.4800,48.5900,46.6600
2023/08/23,48.1600,0.2900,+0.61,1283531,48.0000,48.5400,47.2500
2023/08/22,47.8700,0.1000,-0.21,1489657,48.2200,48.3350,47.1300
2023/08/21,47.9700,0.3100,-0.64,1610602,48.2400,48.8200,47.5950
2023/08/18,48.2800,0.6600,+1.39,2826887,46.8300,48.5200,46.7000
2023/08/17,47.6200,0.7400,-1.53,2659239,48.2600,48.6900,47.3700
2023/08/16,48.3600,0.1800,-0.37,1530765,48.3300,49.0700,47.9715
2023/08/15,48.5400,0.8900,-1.80,2167075,48.9800,49.2200,48.4800
2023/08/14,49.4300,0.2100,+0.43,1977189,48.8000,49.5800,48.4600
2023/08/11,49.2200,1.0700,-2.13,1832615,49.7800,50.1700,49.2200
2023/08/10,50.2900,0.4100,-0.81,3387501,51.3900,51.7650,49.5200
2023/08/09,50.7000,0.3900,-0.76,1522827,51.0800,51.3600,50.3100
2023/08/08,51.0900,0.4200,-0.82,2544754,50.5900,51.3100,49.6737
2023/08/07,51.5100,0.2700,+0.53,1576244,51.2500,51.5200,50.6000
2023/08/04,51.2400,1.0100,-1.93,1787359,52.9700,53.1600,51.0700
2023/08/03,52.2500,0.9100,+1.77,1740523,51.0300,52.4200,50.9500
2023/08/02,51.3400,1.6500,-3.11,2299466,52.0100,52.1500,50.5200
2023/08/01,52.9900,0.8300,-1.54,1580490,53.3700,53.5200,52.6300
2023/07/31,53.8200,0.9600,+1.82,1565740,53.2350,54.2841,53.1200
2023/07/28,52.8600,0.8500,+1.63,2045916,52.5700,53.4800,52.1700
2023/07/27,52.0100,0.5200,-0.99,2738514,53.3700,54.6000,51.8200
2023/07/26,52.5300,1.2400,+2.42,2466844,51.1600,52.9900,50.8595
2023/07/25,51.2900,0.5300,-1.02,2146666,52.0000,52.4300,51.1700
2023/07/24,51.8200,0.2400,-0.46,1658022,52.5000,52.5880,51.4400
2023/07/21,52.0600,0.3400,+0.66,2528449,52.1000,52.5822,51.3500
2023/07/20,51.7200,2.4600,-4.54,3253253,53.6600,53.7900,51.6700
2023/07/19,54.1800,0.3400,+0.63,2750242,54.5100,55.2800,53.5100
2023/07/18,53.8400,1.0800,+2.05,2771734,53.0800,53.9200,52.7700
2023/07/17,52.7600,0.0400,+0.08,2359125,52.3900,53.1900,51.6400
2023/07/14,52.7200,1.2100,-2.24,3051094,54.0600,54.7000,52.6600
2023/07/13,53.9300,2.1300,+4.11,3915103,52.3600,54.2400,52.1000
2023/07/12,51.8000,0.0400,+0.08,2495699,52.8000,53.0900,50.9900
2023/07/11,51.7600,0.6500,+1.27,2414587,51.1800,51.9700,50.4394
2023/07/10,51.1100,1.4100,+2.84,2763359,49.4600,51.1900,49.3200
2023/07/07,49.7000,0.2600,+0.53,1933551,49.4000,50.4100,49.3500
2023/07/06,49.4400,1.4900,-2.93,3273039,50.1600,50.1650,48.7400
2023/07/05,50.9300,0.8700,-1.68,2365927,51.5800,51.6300,50.4700
2023/07/03,51.8000,0.7100,+1.39,2165901,51.1300,52.6650,51.0900
2023/06/30,51.0900,0.1300,-0.25,3251186,51.7900,52.5100,50.9000
2023/06/29,51.2200,0.5000,-0.97,2237120,51.6800,51.9400,50.8800
2023/06/28,51.7200,0.7900,+1.55,2588147,50.8600,52.0599,50.3600
2023/06/27,50.9300,0.3200,+0.63,3873123,50.4900,51.1400,49.3100
2023/06/26,50.6100,0.5300,+1.06,2911070,50.1500,51.1400,49.8001
2023/06/23,50.0800,0.7700,-1.51,3972712,49.9900,50.4600,49.5700
2023/06/22,50.8500,0.1500,+0.30,3512154,50.4800,51.2900,49.9600
2023/06/21,50.7000,1.3100,-2.52,4565615,51.5800,51.8100,49.6601
2023/06/20,52.0100,1.8400,-3.42,4319146,52.9400,53.8900,51.7500
2023/06/16,53.8500,0.4300,-0.79,5773031,54.5500,54.5500,53.1100
2023/06/15,54.2800,0.1800,+0.33,6588496,53.3800,54.7100,53.1710
2023/06/14,54.1000,1.1800,-2.13,6493650,55.1200,56.0700,53.7300
2023/06/13,55.2800,0.3600,+0.66,7647513,55.6700,57.4900,54.9300
2023/06/12,54.9200,2.1000,-3.68,12138409,57.1000,57.7600,54.2907
2023/06/09,57.0200,1.4600,-2.50,32107734,64.3100,64.7100,55.6500
2023/06/08,58.4800,1.2600,+2.20,13722141,56.6000,58.7500,56.0500
2023/06/07,57.2200,1.9300,-3.26,3846136,59.4500,60.4800,57.1200
2023/06/06,59.1500,1.5800,+2.74,2983623,57.1400,59.2800,56.8700
2023/06/05,57.5700,0.1000,+0.17,3533491,57.0600,57.9900,56.0300
2023/06/02,57.4700,0.2700,+0.47,2724531,57.8000,58.2500,56.6000
2023/06/01,57.2000,0.8000,+1.42,2871563,56.0900,57.9100,55.8063
2023/05/31,56.4000,0.4300,+0.77,4977286,55.2900,56.6950,54.6000
2023/05/30,55.9700,0.9700,+1.76,2915191,56.3000,56.9800,55.2300
2023/05/26,55.0000,1.6600,+3.11,2695124,53.3600,56.2975,53.3600
2023/05/25,53.3400,0.1300,-0.24,1947935,54.2600,54.6900,52.7600
2023/05/24,53.4700,0.9300,-1.71,1985557,53.4300,54.0000,52.8200
2023/05/23,54.4000,1.0500,-1.89,2280611,55.1100,56.7400,54.3750
2023/05/22,55.4500,2.3300,+4.39,3474028,53.1000,55.6200,52.6900
2023/05/19,53.1200,0.5600,+1.07,2440278,52.3700,53.5400,52.2800
2023/05/18,52.5600,0.2700,+0.52,2389748,52.1400,52.8200,51.5000
2023/05/17,52.2900,2.0300,+4.04,2793297,50.3900,52.7200,49.8900
2023/05/16,50.2600,0.8400,-1.64,1504108,50.6000,51.4300,49.9000
2023/05/15,51.1000,2.2500,+4.61,2641625,48.8200,51.1700,48.4100
2023/05/12,48.8500,0.5900,-1.19,1599473,49.4800,49.4800,48.3700
2023/05/11,49.4400,0.5700,-1.14,1911339,50.3000,50.3539,48.8650
2023/05/10,50.0100,0.5800,+1.17,2189847,50.0800,50.4200,49.2136
2023/05/09,49.4300,0.1300,+0.26,2193643,48.8600,49.9700,48.6000
2023/05/08,49.3000,0.5700,+1.17,2205057,48.9500,49.6700,48.5700
2023/05/05,48.7300,1.1900,+2.50,2331502,47.8500,49.0850,47.4200
2023/05/04,47.5400,0.1400,+0.30,1750840,47.7100,48.2500,47.0700
2023/05/03,47.4000,1.0500,-2.17,3934698,48.5400,48.6150,46.8000
2023/05/02,48.4500,1.0400,-2.10,3569443,49.4000,49.6000,47.9500
2023/05/01,49.4900,0.0500,+0.10,1858919,49.2000,49.9100,48.8200
2023/04/28,49.4400,0.3400,+0.69,1910304,48.7200,49.5850,48.0017
2023/04/27,49.1000,0.8800,+1.82,3224244,48.9900,49.3100,47.9100
2023/04/26,48.2200,0.9300,-1.89,3094871,50.0420,50.0420,47.8100
2023/04/25,49.1500,1.3300,-2.63,4432030,49.8800,49.8900,48.6700
2023/04/24,50.4800,0.5700,-1.12,2758718,50.8420,51.3500,49.7550
2023/04/21,51.0500,1.2400,-2.37,3051575,52.0000,52.1000,50.9800
2023/04/20,52.2900,0.7600,-1.43,3433299,52.2700,52.8500,51.8900
2023/04/19,53.0500,0.2000,-0.38,3878834,52.5300,54.2399,52.3650
2023/04/18,53.2500,0.5300,-0.99,4192945,54.0900,54.4500,52.8400
2023/04/17,53.7800,0.6800,-1.25,4530528,54.4800,54.4800,53.0100
2023/04/14,54.4600,1.2200,-2.19,3013831,55.2000,56.1899,54.0500
2023/04/13,55.6800,1.2000,+2.20,2633700,54.8000,56.8112,54.7600
2023/04/12,54.4800,2.6200,-4.59,2917444,58.3600,58.4800,54.3400
2023/04/11,57.1000,0.2700,+0.48,2126910,57.0400,57.5150,55.9500
2023/04/10,56.8300,0.3600,+0.64,2755896,55.7000,57.0000,55.2019
2023/04/06,56.4700,0.5400,+0.97,2165103,55.2900,56.5800,54.7000
2023/04/05,55.9300,1.0300,-1.81,2855614,56.3300,56.4900,54.4100
2023/04/04,56.9600,1.1200,-1.93,3252248,58.5900,58.6900,56.3300
2023/04/03,58.0800,0.2200,-0.38,3613039,57.3000,58.4650,56.6150
2023/03/31,58.3000,1.7600,+3.11,4529915,56.9900,58.8279,56.3800
2023/03/30,56.5400,1.4400,-2.48,3558535,58.7800,58.7900,56.1000
2023/03/29,57.9800,0.9400,+1.65,3202580,58.0100,58.4800,56.3500
2023/03/28,57.0400,0.1300,-0.23,2214712,57.2300,57.8600,56.5945
2023/03/27,57.1700,0.5500,+0.97,2283715,57.1200,57.6500,56.0100
2023/03/24,56.6200,0.5900,-1.03,2189594,56.9900,57.1300,55.2400
2023/03/23,57.2100,0.6200,+1.10,2589849,57.5200,59.0800,56.3500
2023/03/22,56.5900,1.9200,-3.28,3526039,58.2000,59.1100,56.5100
2023/03/21,58.5100,2.7200,+4.88,3750157,56.1100,58.7300,55.8550
2023/03/20,55.7900,2.7300,-4.67,5142939,58.1400,58.2200,54.8600
2023/03/17,58.5200,0.2900,-0.49,3809513,58.5200,59.6900,57.4501
2023/03/16,58.8100,2.2600,+4.00,4573788,56.6300,58.9000,55.8600
2023/03/15,56.5500,1.0600,+1.91,5159961,54.4700,56.8500,54.0000
2023/03/14,55.4900,2.4250,+4.57,7837279,54.5700,56.8800,53.8916
2023/03/13,53.0650,3.3750,+6.79,10204502,49.0000,54.4495,47.7800
2023/03/10,49.6900,14.7200,-22.85,29047845,53.7100,55.2800,49.4200
2023/03/09,64.4100,1.2500,-1.90,8283915,65.9000,66.9000,63.9336
2023/03/08,65.6600,0.7400,+1.14,3407600,65.3400,66.2900,64.2517
2023/03/07,64.9200,0.7700,+1.20,4233916,64.7400,66.9800,64.4800
2023/03/06,64.1500,0.9400,-1.44,3556673,65.1900,66.1800,63.9600
2023/03/03,65.0900,3.8100,+6.22,4265210,61.9000,65.1900,61.6400
2023/03/02,61.2800,2.2900,+3.88,3080441,58.0600,61.5950,57.8601
2023/03/01,58.9900,2.3600,-3.85,2802578,60.7900,61.6800,58.9500
2023/02/28,61.3500,1.5900,+2.66,3979845,60.0000,61.9800,59.9370
2023/02/27,59.7600,0.6200,+1.05,2701613,60.2900,60.7700,59.5900
2023/02/24,59.1400,2.3000,-3.74,2716250,59.7500,60.0400,58.3300
2023/02/23,61.4400,0.9800,+1.62,3129304,61.6400,61.9600,58.9300
2023/02/22,60.4600,0.8500,+1.43,3310666,59.8000,60.5000,58.6900
2023/02/21,59.6100,4.8600,-7.54,7121937,59.8150,60.4900,58.0600
2023/02/17,64.4700,2.1800,-3.27,3597144,65.8000,66.7900,63.6000
2023/02/16,66.6500,1.1600,+1.77,8938456,63.7000,69.4500,63.0000
2023/02/15,65.4900,1.8500,+2.91,2254987,62.6900,65.5300,62.5300
2023/02/14,63.6400,1.7900,+2.89,1939097,61.2000,63.9900,60.6501
2023/02/13,61.8500,1.1600,+1.91,2063055,61.2700,62.9100,60.6300
2023/02/10,60.6900,3.1600,-4.95,3166128,62.6650,62.9761,60.0700
2023/02/09,63.8500,1.1000,-1.69,3002836,66.0900,66.8520,63.5850
2023/02/08,64.9500,1.2300,-1.86,3052786,65.7000,66.6399,64.8400
2023/02/07,66.1800,3.2300,+5.13,3322828,63.5700,66.5100,62.3200
2023/02/06,62.9500,2.3800,-3.64,2262254,64.1000,65.3800,62.5600
2023/02/03,65.3300,2.5000,-3.69,3997342,64.7800,67.9400,64.3500
2023/02/02,67.8300,4.8300,+7.67,6250600,65.4100,68.6100,64.2900
2023/02/01,63.0000,2.3600,+3.89,3788641,61.0000,63.5200,59.2000
2023/01/31,60.6400,2.3500,+4.03,3397811,58.2900,60.7100,58.0900
2023/01/30,58.2900,0.9600,-1.62,3268719,58.1300,59.5400,57.3300
2023/01/27,59.2500,0.6500,+1.11,3093814,57.8700,60.1900,57.8700
2023/01/26,58.6000,1.2700,+2.22,2830706,58.6350,59.3000,57.2200
2023/01/25,57.3300,0.6200,-1.07,3264189,56.4230,57.7400,54.6100
2023/01/24,57.9500,0.7400,-1.26,3816256,57.8300,58.9600,56.4850
2023/01/23,58.6900,2.1800,+3.86,3989768,56.5300,59.2700,55.8100
2023/01/20,56.5100,2.5200,+4.67,5356494,53.9400,56.6800,53.1100
2023/01/19,53.9900,3.5100,-6.10,5129126,56.5300,57.1455,53.8700
2023/01/18,57.5000,2.2200,-3.72,4989373,60.6100,61.2700,56.7800
2023/01/17,59.7200,1.3800,+2.37,4348465,57.6900,60.1350,56.8550
2023/01/13,58.3400,0.3600,-0.61,2938281,57.8350,58.8500,57.2800
2023/01/12,58.7000,0.9000,-1.51,4635208,59.9100,60.5000,57.7500
2023/01/11,59.6000,1.5500,+2.67,4309669,58.0400,60.0907,57.4200
2023/01/10,58.0500,1.5400,+2.73,5714095,55.2500,58.6000,55.2407
2023/01/09,56.5100,1.9700,+3.61,5135720,55.4500,57.2500,55.3400
2023/01/06,54.5400,0.6100,+1.13,3912650,54.1650,54.9100,52.1700
2023/01/05,53.9300,2.3400,-4.16,4595552,57.3200,57.4299,53.9000
2023/01/04,56.2700,0.4800,-0.85,4059672,57.9100,59.0900,56.0900
2023/01/03,56.7500,1.3300,+2.40,5576006,56.4350,57.9000,55.6300
2022/12/30,55.4200,0.3300,-0.59,3503697,54.0120,55.7500,54.0000
2022/12/29,55.7500,2.9800,+5.65,4467419,53.7000,55.8700,53.5000
2022/12/28,52.7700,0.3500,+0.67,3360889,52.1400,53.5000,51.7300
2022/12/27,52.4200,1.4800,-2.75,3748730,53.1400,53.4650,51.4800
2022/12/23,53.9000,0.3400,-0.63,3278276,53.5300,53.9200,51.9100
2022/12/22,54.2400,2.3400,-4.14,4447629,54.9700,56.2200,52.9500
2022/12/21,56.5800,2.4800,+4.58,5342941,53.8600,56.9200,53.5000
2022/12/20,54.1000,0.1200,-0.22,6735413,53.4800,54.7800,52.0700
2022/12/19,54.2200,2.0500,-3.64,8237662,56.0100,56.4500,53.3500
2022/12/16,56.2700,0.0400,-0.07,16893532,55.4900,56.7900,54.4100
2022/12/15,56.3100,3.2400,-5.44,9564055,58.5000,59.3699,55.4000
2022/12/14,59.5500,1.5200,+2.62,12958653,57.9500,61.6000,57.8400
2022/12/13,58.0300,3.9600,+7.32,15410917,57.5000,58.8800,55.9100
2022/12/12,54.0700,4.9100,+9.99,16590565,49.9600,54.1600,49.7000
2022/12/09,49.1600,5.4100,+12.37,30213493,47.5300,51.3100,46.8800
2022/12/08,43.7500,1.6700,+3.97,11822813,42.3800,44.4000,41.3800
2022/12/07,42.0800,0.2500,+0.60,3494029,41.9800,42.7399,41.2700
2022/12/06,41.8300,0.6100,-1.44,4696090,42.4100,42.6300,40.7600
2022/12/05,42.4400,4.1600,-8.93,5552772,45.7500,46.1538,42.3000
2022/12/02,46.6000,1.6900,-3.50,2984272,46.1200,47.1200,45.3200
2022/12/01,48.2900,1.2200,+2.59,3756290,46.6700,49.6000,46.6700
2022/11/30,47.0700,2.5100,+5.63,4442739,44.4600,47.5450,43.9500
2022/11/29,44.5600,1.2300,-2.69,2973947,46.0000,46.6299,44.2300
2022/11/28,45.7900,0.2400,-0.52,4018415,45.6000,47.8900,45.6000
2022/11/25,46.0300,0.3200,-0.69,1558134,46.0500,46.0600,44.9500
2022/11/23,46.3500,2.4900,+5.68,3408499,43.8100,46.6850,43.2100
2022/11/22,43.8600,0.3200,-0.72,3666270,43.8000,43.9700,42.3000
2022/11/21,44.1800,1.8200,-3.96,3438061,45.3900,45.4100,43.0500
2022/11/18,46.0000,1.4400,-3.04,2745858,48.5500,48.5500,45.5600
2022/11/17,47.4400,2.1100,-4.26,3085583,47.9400,48.2700,46.8156
2022/11/16,49.5500,3.7700,-7.07,3715557,52.0200,52.1838,49.1300
2022/11/15,53.3200,1.7700,+3.43,5118048,53.7400,54.3250,51.6620
2022/11/14,51.5500,1.4500,-2.74,5823807,52.3200,53.3100,51.4000
2022/11/11,53.0000,7.5000,+16.48,10930919,46.0300,53.0500,45.4700
2022/11/10,45.5000,5.7000,+14.32,5793920,42.8200,45.5600,42.8151
2022/11/09,39.8000,1.4000,-3.40,4452598,40.5000,40.6450,39.5700
2022/11/08,41.2000,1.3100,-3.08,5691157,42.9100,43.1800,40.5600
2022/11/07,42.5100,1.6500,+4.04,4789284,41.1800,42.7650,40.1500
2022/11/04,40.8600,1.5700,-3.70,6499651,43.0000,43.3700,39.6300
2022/11/03,42.4300,0.7300,-1.69,3750073,42.8300,44.1050,42.2100
2022/11/02,43.1600,4.7300,-9.88,5027947,47.8000,47.8100,43.1500
2022/11/01,47.8900,0.4100,-0.85,3593585,49.7300,50.2500,47.5300
2022/10/31,48.3000,0.4300,-0.88,2414006,48.1900,49.0400,47.6300
2022/10/28,48.7300,0.4900,+1.02,2906840,48.0900,48.8000,47.0000
2022/10/27,48.2400,0.7500,-1.53,2699371,49.5700,50.5500,48.0200
2022/10/26,48.9900,1.2400,-2.47,4869351,48.9500,51.1000,48.4575
2022/10/25,50.2300,1.7600,+3.63,4135744,49.0600,50.6200,49.0600
2022/10/24,48.4700,0.6600,+1.38,3932241,48.0100,48.5100,46.0300
2022/10/21,47.8100,1.1500,+2.46,4236096,46.0300,48.0100,44.8000
2022/10/20,46.6600,0.1100,+0.24,4157416,46.7700,47.9500,46.0500
2022/10/19,46.5500,1.9400,-4.00,3496104,47.8800,48.2700,46.0390
2022/10/18,48.4900,2.3300,+5.05,7559330,48.4400,49.4100,46.9050
2022/10/17,46.1600,2.1600,+4.91,4876309,46.0400,47.6000,45.4600
2022/10/14,44.0000,2.2000,-4.76,3369071,47.1450,47.4700,43.9500
2022/10/13,46.2000,0.8500,+1.87,5309633,42.8700,46.9800,42.1300
2022/10/12,45.3500,0.8100,+1.82,5807734,44.9300,45.7112,43.3301
2022/10/11,44.5400,1.7300,-3.74,4077506,46.1100,46.3850,44.2000
2022/10/10,46.2700,1.5600,-3.26,5469501,48.0100,48.2000,45.6700
2022/10/07,47.8300,3.7400,-7.25,6643825,50.0800,50.3300,47.7000
2022/10/06,51.5700,2.3200,-4.31,5663992,53.8000,54.5400,51.5100
2022/10/05,53.8900,1.9900,-3.56,4277861,54.4300,54.5699,51.9100
2022/10/04,55.8800,2.9500,+5.57,5022590,54.6900,56.6250,54.6368
2022/10/03,52.9300,0.5400,-1.01,6321798,51.3700,53.6450,51.2900
2022/09/30,53.4700,1.7300,-3.13,4579859,55.4800,56.6300,53.3400
2022/09/29,55.2000,0.1100,-0.20,3996439,53.6200,55.4600,53.5800
2022/09/28,55.3100,2.6800,+5.09,4991499,53.4000,55.6600,53.4000
2022/09/27,52.6300,0.9600,+1.86,3718543,52.8600,54.1000,52.0100
2022/09/26,51.6700,0.7200,-1.37,3619102,52.7500,54.6000,51.6200
2022/09/23,52.3900,1.6100,-2.98,6805134,53.7200,54.4900,51.1200
2022/09/22,54.0000,0.6000,-1.10,5433405,53.5600,54.6500,52.5300
2022/09/21,54.6000,0.9400,-1.69,3746431,55.7400,57.6685,54.5500
2022/09/20,55.5400,0.9400,-1.66,3358612,55.5500,56.9100,55.0150
2022/09/19,56.4800,0.1000,-0.18,4592776,56.0150,57.3300,55.5000
2022/09/16,56.5800,3.7000,-6.14,6918513,58.5000,58.9300,55.6100
2022/09/15,60.2800,0.2700,-0.45,5922547,59.5700,62.7500,59.0001
2022/09/14,60.5500,0.3800,-0.62,4098700,60.6500,61.3100,59.7400
2022/09/13,60.9300,4.7300,-7.20,6616171,62.5000,63.2900,60.7800
2022/09/12,65.6600,1.6200,+2.53,10186888,64.6100,67.3500,64.2600
2022/09/09,64.0400,6.0900,+10.51,34937137,65.8100,66.3744,61.7500
2022/09/08,57.9500,2.8100,+5.10,10469134,54.1000,58.0100,53.3700
2022/09/07,55.1400,1.3400,+2.49,4890674,53.8000,55.4500,53.2500
2022/09/06,53.8000,0.6500,-1.19,4602976,54.6400,55.2100,53.2500
2022/09/02,54.4500,1.2500,-2.24,3090411,56.6600,57.0400,53.9900
2022/09/01,55.7000,2.5200,-4.33,4224492,57.1800,57.3900,53.7000
2022/08/31,58.2200,0.3500,-0.60,2667222,59.5500,60.2400,57.6700
2022/08/30,58.5700,0.5700,+0.98,2942911,58.4400,59.4340,56.9200
2022/08/29,58.0000,0.0200,-0.03,2816565,57.7200,60.1400,57.2400
2022/08/26,58.0200,3.9200,-6.33,4519451,61.2800,61.4800,57.4200
2022/08/25,61.9400,0.9900,+1.62,2685795,61.4900,62.7400,60.2800
2022/08/24,60.9500,0.0900,-0.15,3395714,61.2500,62.4000,60.5700
2022/08/23,61.0400,2.0200,-3.20,4615646,62.8100,63.5000,60.7800
2022/08/22,63.0600,2.8600,-4.34,3252039,63.2000,64.6700,62.6150
2022/08/19,65.9200,3.8300,-5.49,2756168,67.7200,68.1900,65.7500
2022/08/18,69.7500,0.1600,+0.23,2027940,69.9100,70.1000,68.6900
2022/08/17,69.5900,4.1800,-5.67,2781310,72.1000,72.4167,69.0700
2022/08/16,73.7700,2.0800,-2.74,2994188,75.0000,75.8100,72.2500
2022/08/15,75.8500,1.5100,+2.03,2428945,74.1500,76.2600,73.6000
2022/08/12,74.3400,2.0000,+2.76,3355320,73.4400,74.7700,71.4000
2022/08/11,72.3400,3.0500,-4.05,3026729,77.1500,77.1900,71.8700
2022/08/10,75.3900,5.4000,+7.72,3217760,73.9200,75.8000,73.0900
2022/08/09,69.9900,4.3300,-5.83,3398015,72.9600,73.9900,69.4500
2022/08/08,74.3200,1.9800,+2.74,3528069,72.6900,77.2400,72.6000
2022/08/05,72.3400,1.1500,+1.62,2549737,70.0200,72.8999,69.0200
2022/08/04,71.1900,0.0700,+0.10,1939800,70.3900,71.6600,69.1800
2022/08/03,71.1200,4.1100,+6.13,3186722,67.8300,71.3400,67.7600
2022/08/02,67.0100,1.5000,+2.29,2322198,64.0200,67.4800,63.9800
2022/08/01,65.5100,1.5300,+2.39,2857624,63.3100,66.7000,62.5800
2022/07/29,63.9800,0.4100,-0.64,2761906,64.2800,64.2800,62.0576
2022/07/28,64.3900,0.1200,+0.19,2400163,64.0700,65.1500,61.4100
2022/07/27,64.2700,4.0600,+6.74,2835945,61.8750,64.6000,61.0300
2022/07/26,60.2100,3.1900,-5.03,2963758,63.4100,63.4100,59.8800
2022/07/25,63.4000,1.0500,-1.63,2437752,64.1300,64.1300,61.5100
2022/07/22,64.4500,3.0300,-4.49,3170377,67.3200,68.9500,63.4000
2022/07/21,67.4800,0.1800,-0.27,3672568,65.0300,68.0000,64.8300
2022/07/20,67.6600,3.5900,+5.60,4196309,64.8700,68.7500,64.4000
2022/07/19,64.0700,2.0100,+3.24,3212022,63.2400,64.1800,61.0000
2022/07/18,62.0600,1.3700,-2.16,2959042,64.9806,65.5600,61.7500
2022/07/15,63.4300,3.2000,+5.31,3563631,61.5000,63.8700,60.3400
2022/07/14,60.2300,1.4700,-2.38,2523069,61.3300,61.8000,58.7900
2022/07/13,61.7000,1.1000,-1.75,3143769,60.5700,63.3499,59.5000
2022/07/12,62.8000,0.3100,-0.49,3010737,63.5400,65.6700,61.6100
2022/07/11,63.1100,3.3400,-5.03,3387419,65.9800,66.0800,62.5424
2022/07/08,66.4500,1.0000,-1.48,3067636,66.2000,68.3879,65.3701
2022/07/07,67.4500,3.3600,+5.24,5482709,63.8350,68.4000,63.8350
2022/07/06,64.0900,1.2300,-1.88,3549185,65.6000,66.9400,63.3410
2022/07/05,65.3200,4.1000,+6.70,4807250,60.4100,65.6600,59.4500
2022/07/01,61.2200,3.8400,+6.69,7465159,58.0000,61.5100,57.0000
2022/06/30,57.3800,3.6600,-6.00,5064709,60.4800,60.4800,55.8600
2022/06/29,61.0400,0.6300,-1.02,3353075,61.6100,62.3200,60.3500
2022/06/28,61.6700,4.5200,-6.83,4356051,65.5050,66.8300,61.4200
2022/06/27,66.1900,2.5600,-3.72,4660460,69.5300,70.7099,66.0300
2022/06/24,68.7500,3.0500,+4.64,7682295,66.3900,69.7500,66.0500
2022/06/23,65.7000,3.6500,+5.88,6007678,62.7900,66.0500,61.7750
2022/06/22,62.0500,2.5000,+4.20,5178006,59.2500,63.3800,58.5223
2022/06/21,59.5500,1.0000,-1.65,7079210,60.7600,63.4100,59.4800
2022/06/17,60.5500,3.7400,+6.58,6518719,56.4200,61.4500,56.4200
2022/06/16,56.8100,3.6600,-6.05,7732298,57.7920,59.2400,55.9600
2022/06/15,60.4700,3.1900,+5.57,8909299,57.8200,61.6200,57.3200
2022/06/14,57.2800,1.8400,-3.11,7000324,59.9800,60.3300,57.1400
2022/06/13,59.1200,6.8100,-10.33,14979904,62.5000,63.3000,58.0000
2022/06/10,65.9300,21.4300,-24.53,41721354,66.5000,69.8500,64.3000
2022/06/09,87.3600,2.7400,-3.04,12549234,89.4400,91.6739,87.3300
2022/06/08,90.1000,2.3600,+2.69,5663745,90.0000,92.0400,88.7100
2022/06/07,87.7400,3.4800,+4.13,3520149,82.4500,88.0300,82.1600
2022/06/06,84.2600,0.4800,+0.57,2283815,86.0400,87.6100,82.6400
2022/06/03,83.7800,3.8500,-4.39,2569774,84.5300,86.1298,82.7750
2022/06/02,87.6300,5.5100,+6.71,2791309,82.2400,88.2800,81.8000
2022/06/01,82.1200,1.7900,-2.13,2369842,85.3200,87.4400,81.2800
2022/05/31,83.9100,2.3300,-2.70,5292421,86.2400,87.2615,82.0000
2022/05/27,86.2400,5.4300,+6.72,3413652,81.6200,86.6600,81.6200
2022/05/26,80.8100,3.1100,+4.00,3546797,76.5000,81.8800,75.9300
2022/05/25,77.7000,5.9700,+8.32,3867158,71.1300,78.7700,71.1300
2022/05/24,71.7300,6.5400,-8.36,4320053,76.9400,77.1700,69.7850
2022/05/23,78.2700,1.5200,+1.98,2787685,76.5800,78.3300,74.4700
2022/05/20,76.7500,1.4300,-1.83,4609767,79.6400,80.9500,72.8400
2022/05/19,78.1800,5.4200,+7.45,5308625,73.6000,80.1600,72.5500
2022/05/18,72.7600,2.4900,-3.31,2963177,73.8800,76.1200,71.9100
2022/05/17,75.2500,0.7600,+1.02,5004479,76.7600,79.5700,72.1400
2022/05/16,74.4900,4.6800,-5.91,3522549,77.3000,79.7800,74.1800
2022/05/13,79.1700,9.3300,+13.36,6171461,72.6600,80.7799,72.5100
2022/05/12,69.8400,2.2400,+3.31,5274926,65.7400,72.1500,64.8400
2022/05/11,67.6000,2.6900,-3.83,6200379,69.7400,73.0200,67.0200
2022/05/10,70.2900,1.6600,+2.42,6018967,71.1000,73.0000,66.0000
2022/05/09,68.6300,5.9400,-7.97,5426073,72.4700,73.8400,67.9232
2022/05/06,74.5700,6.3600,-7.86,4415463,79.7800,80.0200,74.1401
2022/05/05,80.9300,7.5800,-8.56,3478961,86.8600,86.8600,79.1600
2022/05/04,88.5100,4.5700,+5.44,4250224,84.7000,88.5800,79.1000
2022/05/03,83.9400,1.8900,-2.20,3567817,81.3650,86.7500,81.0860
2022/05/02,85.8300,4.8300,+5.96,3291487,80.7300,86.0000,80.4450
2022/04/29,81.0000,4.3700,-5.12,2877542,84.5600,87.5513,80.8900
2022/04/28,85.3700,2.6600,+3.22,3888933,83.9100,86.7400,80.6310
2022/04/27,82.7100,1.6800,-1.99,3561899,84.3300,86.5800,81.1300
2022/04/26,84.3900,5.5600,-6.18,4242611,89.1500,89.6700,84.0800
2022/04/25,89.9500,3.6200,+4.19,3722600,85.3500,91.0700,85.1900
2022/04/22,86.3300,1.0900,-1.25,3777776,88.0400,90.3700,84.7100
2022/04/21,87.4200,5.3200,-5.74,4749442,94.8100,96.2000,86.7500
2022/04/20,92.7400,9.2900,-9.11,4841678,101.7300,101.8700,92.3700
2022/04/19,102.0300,5.7100,+5.93,4051771,95.9100,102.9400,94.6100
2022/04/18,96.3200,3.2100,-3.23,3870909,99.1400,99.2400,93.8400
2022/04/14,99.5300,5.0300,-4.81,2987641,104.4500,104.9300,99.2300
2022/04/13,104.5600,5.8000,+5.87,3633998,98.5000,105.0500,97.9900
2022/04/12,98.7600,2.9500,-2.90,3658214,103.5200,105.4100,97.6300
2022/04/11,101.7100,0.2400,-0.24,3262181,100.2400,102.8750,97.1800
2022/04/08,101.9500,0.7700,-0.75,3902514,101.8400,104.9400,100.5900
2022/04/07,102.7200,0.0200,+0.02,4207327,102.2400,105.4978,100.0100
2022/04/06,102.7000,4.6700,-4.35,5946335,105.6500,105.9400,100.8101
2022/04/05,107.3700,4.9100,-4.37,4110268,111.3000,113.0000,106.3800
2022/04/04,112.2800,3.6500,+3.36,3468923,109.6400,113.6700,108.7000
2022/04/01,108.6300,1.5100,+1.41,4242443,107.0000,111.4700,106.7000
2022/03/31,107.1200,0.8300,-0.77,4000289,107.0800,109.8992,105.6500
2022/03/30,107.9500,3.2900,-2.96,4429001,109.2600,111.7400,106.6300
2022/03/29,111.2400,6.5700,+6.28,6306551,106.4700,111.9900,104.1000
2022/03/28,104.6700,4.2200,+4.20,5170024,100.9000,105.0500,98.8100
2022/03/25,100.4500,4.1000,-3.92,6004232,104.2200,104.4600,98.3700
2022/03/24,104.5500,4.3800,+4.37,6654303,101.0900,104.7000,98.1394
2022/03/23,100.1700,0.7200,+0.72,6228842,98.1700,102.6100,94.7250
2022/03/22,99.4500,3.5900,+3.75,5869509,94.1200,102.0500,94.0000
2022/03/21,95.8600,0.3500,+0.37,8118710,94.2100,100.0600,93.0100
2022/03/18,95.5100,8.2500,+9.45,11799259,88.2800,96.9700,88.2700
2022/03/17,87.2600,4.0900,+4.92,6891514,82.7400,88.0400,82.2500
2022/03/16,83.1700,6.5300,+8.52,10955137,78.3500,83.4600,77.7700
2022/03/15,76.6400,3.4000,+4.64,8366228,73.3000,77.1900,72.5200
2022/03/14,73.2400,1.7700,-2.36,11239907,73.1700,75.7351,71.7900
2022/03/11,75.0100,18.8700,-20.10,44966816,76.7000,77.8100,71.0000
2022/03/10,93.8800,4.1700,-4.25,11519626,94.9100,96.0000,91.9200
2022/03/09,98.0500,6.0700,+6.60,5176835,95.9500,100.2400,95.4900
2022/03/08,91.9800,3.0800,-3.24,5917077,95.0000,96.9600,90.9000
2022/03/07,95.0600,6.3200,-6.23,6580996,102.2700,103.7400,95.0493
2022/03/04,101.3800,7.2800,-6.70,5272745,108.7000,110.3658,101.2000
2022/03/03,108.6600,5.7400,-5.02,3760018,115.9000,115.9000,107.5000
2022/03/02,114.4000,3.5000,-2.97,4833675,117.9600,118.1500,109.5200
2022/03/01,117.9000,0.5300,-0.45,3841256,117.5500,123.5000,117.0200
2022/02/28,118.4300,3.3600,+2.92,4859188,114.5400,118.9200,114.1500
2022/02/25,115.0700,1.5100,+1.33,3924284,114.4450,115.2200,109.6900
2022/02/24,113.5600,7.2100,+6.78,4761055,101.1200,113.9800,100.0000
2022/02/23,106.3500,4.6400,-4.18,2576846,112.0100,112.3400,106.3100
2022/02/22,110.9900,0.7100,+0.64,3990197,108.0400,114.5000,108.0200
2022/02/18,110.2800,4.7200,-4.10,4304302,115.0000,116.1100,109.2800
2022/02/17,115.0000,5.1400,-4.28,3190559,118.6100,120.6100,114.1900
2022/02/16,120.1400,5.4300,-4.32,3459780,123.1500,123.9200,118.5100
2022/02/15,125.5700,4.7900,+3.97,1952563,123.6000,125.9300,121.3500
2022/02/14,120.7800,1.7000,-1.39,2628676,122.6300,125.1100,120.4100
2022/02/11,122.4800,4.7400,-3.73,2905144,127.4000,129.0500,121.1800
2022/02/10,127.2200,0.9400,-0.73,3967215,124.5000,131.9074,123.2000
2022/02/09,128.1600,6.2900,+5.16,3712223,123.9050,128.2800,121.6000
2022/02/08,121.8700,3.4600,+2.92,3186079,117.1400,122.3600,116.5000
2022/02/07,118.4100,0.0500,-0.04,3041585,118.5100,123.3400,118.1400
2022/02/04,118.4600,4.2200,+3.69,3661369,114.4300,119.8700,113.8500
2022/02/03,114.2400,7.3300,-6.03,3351428,118.0600,120.2899,113.7400
2022/02/02,121.5700,5.9300,-4.65,3663955,127.2900,127.2900,120.0600
2022/02/01,127.5000,1.7300,+1.38,2688254,127.5900,128.2936,123.5600
2022/01/31,125.7700,8.4800,+7.23,4267970,118.2500,125.9200,118.0000
2022/01/28,117.2900,6.6000,+5.96,3907477,111.9700,117.4699,109.5200
2022/01/27,110.6900,3.6400,-3.18,5482634,116.3766,119.6700,110.2900
2022/01/26,114.3300,3.4700,-2.95,5579760,121.8900,123.6900,113.2100
2022/01/25,117.8000,4.0300,-3.31,5011808,120.0000,122.2100,114.5500
2022/01/24,121.8300,5.7000,+4.91,9041126,111.5900,122.2300,108.0600
2022/01/21,116.1300,8.3100,-6.68,6696993,122.4489,122.9600,115.5200
2022/01/20,124.4400,2.5500,-2.01,3399934,129.2800,132.8800,123.7100
2022/01/19,126.9900,0.3200,-0.25,3157637,127.8100,132.0499,126.6900
2022/01/18,127.3100,3.1300,-2.40,3644317,128.0000,131.8500,125.2000
2022/01/14,130.4400,0.1500,-0.11,3910070,128.3000,133.4600,127.1000
2022/01/13,130.5900,8.6600,-6.22,3668511,139.4000,139.4699,130.5500
2022/01/12,139.2500,2.8800,-2.03,3756321,142.9100,145.9400,137.5800
2022/01/11,142.1300,5.9000,+4.33,5524474,137.6800,145.9300,136.7980
2022/01/10,136.2300,0.3000,+0.22,7181070,133.5110,136.5000,126.9114
2022/01/07,135.9300,7.1700,-5.01,6221187,140.4850,144.7300,135.1200
2022/01/06,143.1000,1.0700,-0.74,5968947,142.0500,147.0500,139.4500
2022/01/05,144.1700,10.2700,-6.65,6104538,150.2600,153.4900,143.5300
2022/01/04,154.4400,2.5700,-1.64,6265165,155.1000,156.4100,147.5666
2022/01/03,157.0100,4.7000,+3.09,3728912,152.3500,157.3700,147.4600
2021/12/31,152.3100,2.8500,-1.84,2204402,154.0000,156.7400,152.1700
2021/12/30,155.1600,2.6800,+1.76,2959869,151.9200,157.7900,150.1200
2021/12/29,152.4800,0.0900,+0.06,2488083,152.3800,153.2599,148.2600
2021/12/28,152.3900,4.1300,-2.64,2631009,156.8900,156.9300,151.7700
2021/12/27,156.5200,0.4900,-0.31,3540797,154.9900,159.7300,154.4200
2021/12/23,157.0100,3.1600,+2.05,3267508,153.1700,158.1500,151.3800
2021/12/22,153.8500,0.3900,-0.25,3544336,153.5906,155.7350,150.9150
2021/12/21,154.2400,6.1800,+4.17,3816339,148.7600,155.2700,147.1150
2021/12/20,148.0600,7.3100,-4.70,5419191,154.5100,158.6300,147.1300
2021/12/17,155.3700,5.3600,+3.57,8357200,148.7250,155.9900,146.1800
2021/12/16,150.0100,1.0600,-0.70,8039785,145.8500,150.9000,145.0100
2021/12/15,151.0700,6.6100,+4.58,7449630,145.0000,152.3712,143.4800
2021/12/14,144.4600,4.6900,+3.36,7689704,137.7228,146.1600,136.3592
2021/12/13,139.7700,4.7100,-3.26,5870774,143.8800,146.4800,139.5600
2021/12/10,144.4800,4.8900,-3.27,7906582,148.2500,152.9300,142.6200
2021/12/09,149.3700,4.3700,-2.84,17125238,155.2650,163.7700,147.7000
2021/12/08,153.7400,15.1400,+10.92,18746056,141.1361,154.9900,139.6200
2021/12/07,138.6000,5.2800,-3.67,16190552,147.5000,148.8000,138.5100
2021/12/06,143.8800,8.7900,+6.51,23242174,135.6400,146.0600,132.9800
2021/12/03,135.0900,98.7300,-42.22,76138919,154.8000,155.4000,131.5100
2021/12/02,233.8200,3.0300,+1.31,8062694,230.9500,235.9900,227.4700
2021/12/01,230.7900,15.5700,-6.32,2235188,248.0800,249.6400,230.3700
2021/11/30,246.3600,5.1400,-2.04,1972436,252.5200,255.4000,243.7800
2021/11/29,251.5000,1.8700,+0.75,1725696,250.3200,252.6600,245.5200
2021/11/26,249.6300,6.1600,+2.53,1692136,257.4750,257.4750,247.6600
2021/11/24,243.4700,0.8200,+0.34,1627359,241.0400,243.7000,233.3300
2021/11/23,242.6500,5.1000,-2.06,2172080,241.4200,246.9850,237.3300
2021/11/22,247.7500,15.5900,-5.92,2633700,262.0100,262.3600,244.5000
2021/11/19,263.3400,0.8400,-0.32,1265661,267.9247,275.5400,263.1100
2021/11/18,264.1800,2.9400,-1.10,1019560,267.7500,268.0000,261.6150
2021/11/17,267.1200,0.6200,-0.23,1351607,267.8400,272.9600,265.3205
2021/11/16,267.7400,4.0300,+1.53,1433686,263.4100,268.9600,261.3169
2021/11/15,263.7100,0.9500,-0.36,1801468,266.0950,267.5900,262.5001
2021/11/12,264.6600,10.1100,+3.97,2060126,259.0000,265.6200,258.0000
2021/11/11,254.5500,1.1100,-0.43,1533715,257.3900,260.1999,254.2900
2021/11/10,255.6600,19.5100,-7.09,3665819,273.6100,274.5300,253.3050
2021/11/09,275.1700,1.2600,+0.46,1065372,275.2600,279.5124,273.2500
2021/11/08,273.9100,6.4200,+2.40,2287386,267.8900,275.9000,266.8500
2021/11/05,267.4900,16.6200,-5.85,2777866,280.5400,281.3300,265.2600
2021/11/04,284.1100,0.9000,+0.32,905821,283.2100,288.1350,282.6800
2021/11/03,283.2100,1.3500,+0.48,893338,283.0200,283.9400,278.2453
2021/11/02,281.8600,3.9000,+1.40,1463504,279.0300,282.4799,277.6200
2021/11/01,277.9600,0.3300,-0.12,935815,277.2700,279.1300,274.5200
2021/10/29,278.2900,2.3800,+0.86,1218280,275.8800,280.0900,274.8250
2021/10/28,275.9100,2.0500,-0.74,1651898,274.5000,276.9000,266.8100
2021/10/27,277.9600,2.6200,-0.93,1387976,282.0000,285.0000,277.6800
2021/10/26,280.5800,2.7200,+0.98,1883028,281.5700,288.5000,279.2100
2021/10/25,277.8600,3.1300,+1.14,970333,275.5800,279.9400,273.9000
2021/10/22,274.7300,5.1400,-1.84,1541317,280.8100,281.3900,273.0500
2021/10/21,279.8700,8.6100,+3.17,2565304,270.8500,280.7900,270.7800
2021/10/20,271.2600,1.6300,-0.60,1201163,275.0000,277.4900,268.0800
2021/10/19,272.8900,3.1900,+1.18,1772407,272.0000,276.5100,270.3600
2021/10/18,269.7000,9.2300,+3.54,1633858,261.3500,269.9100,261.2900
2021/10/15,260.4700,0.7000,-0.27,1220418,261.9500,262.3380,258.1200
2021/10/14,261.1700,1.8600,+0.72,1556974,263.0100,268.1850,260.6600
2021/10/13,259.3100,4.6200,+1.81,2388462,258.4800,260.6500,255.5100
2021/10/12,254.6900,6.8100,-2.60,3437322,261.9900,262.0000,250.1175
2021/10/11,261.5000,1.5300,-0.58,949639,261.9800,265.5000,259.0300
2021/10/08,263.0300,4.8000,-1.79,2037107,268.8200,269.9900,261.7500
2021/10/07,267.8300,2.7100,+1.02,2043428,266.9100,271.9400,265.0000
2021/10/06,265.1200,8.9200,+3.48,3326568,253.7700,265.2300,253.6200
2021/10/05,256.2000,9.6300,+3.91,2491264,248.0000,257.0800,247.5800
2021/10/04,246.5700,11.2000,-4.34,3048599,255.1500,255.2400,241.9519
2021/10/01,257.7700,0.3400,+0.13,1559843,257.0000,259.4100,253.2950
2021/09/30,257.4300,0.5400,+0.21,1494677,257.9552,261.3600,257.3500
2021/09/29,256.8900,2.1100,-0.81,2088614,257.2400,261.0050,255.5800
2021/09/28,259.0000,4.8200,-1.83,3022892,260.0000,260.0000,253.0300
2021/09/27,263.8200,8.5500,-3.14,1994256,268.5000,268.6550,262.1200
2021/09/24,272.3700,1.3300,-0.49,1176345,271.8500,273.0500,267.3500
2021/09/23,273.7000,0.3400,-0.12,1401806,275.2100,277.3800,273.4100
2021/09/22,274.0400,2.8800,+1.06,1384543,271.0050,275.6800,268.0468
2021/09/21,271.1600,0.1300,-0.05,2083984,273.1359,274.3050,267.9600
2021/09/20,271.2900,6.4500,-2.32,2761708,270.8900,276.1000,267.1500
2021/09/17,277.7400,0.6400,+0.23,4051470,277.0000,278.6700,273.8900
2021/09/16,277.1000,3.4500,+1.26,2746070,273.6400,277.1100,271.9700
2021/09/15,273.6500,5.6700,+2.12,3659092,269.3600,273.9000,263.8900
2021/09/14,267.9800,3.2400,-1.19,2552451,271.8500,272.9426,267.0600
2021/09/13,271.2200,5.9300,-2.14,2982114,277.9800,277.9800,268.2230
2021/09/10,277.1500,4.1600,-1.48,2339210,283.7921,285.6200,276.2300
2021/09/09,281.3100,0.3300,-0.12,2454684,282.0300,284.7130,279.2900
2021/09/08,281.6400,9.8600,-3.38,4051335,292.7500,294.3700,280.6750
2021/09/07,291.5000,18.5500,-5.98,5159474,310.7000,311.6800,290.7702
2021/09/03,310.0500,15.4800,+5.26,9922234,296.0450,314.7000,295.9800
2021/09/02,294.5700,2.6500,-0.89,3797554,297.0000,297.2200,290.5000
2021/09/01,297.2200,0.9800,+0.33,1641647,296.3428,299.1700,294.0000
2021/08/31,296.2400,7.4000,-2.44,2419298,295.1400,299.8441,291.2992
2021/08/30,303.6400,2.8800,+0.96,1428443,304.6900,308.7400,301.3201
2021/08/27,300.7600,5.6100,+1.90,1260812,297.9800,302.6800,296.0000
2021/08/26,295.1500,3.7500,-1.25,1050744,299.7962,303.7600,294.9600
2021/08/25,298.9000,4.9100,+1.67,1526487,294.5900,299.7800,292.9900
2021/08/24,293.9900,3.1000,+1.07,1379769,295.4700,296.3306,291.1700
2021/08/23,290.8900,4.8900,+1.71,2118655,287.0100,295.9996,285.6800
2021/08/20,286.0000,0.8400,-0.29,1431227,288.5400,289.6500,284.5100
2021/08/19,286.8400,2.0300,+0.71,2048604,283.5700,291.3900,283.3950
2021/08/18,284.8100,0.7700,-0.27,955064,286.9200,288.6100,284.0800
2021/08/17,285.5800,1.1700,-0.41,1137480,285.0000,289.9300,281.2800
2021/08/16,286.7500,9.2200,-3.12,1552977,296.2300,296.3600,282.1100
2021/08/13,295.9700,0.4300,+0.15,851913,296.0100,299.2699,293.6200
2021/08/12,295.5400,2.4800,+0.85,1072377,290.3670,300.0900,290.3670
2021/08/11,293.0600,8.3800,-2.78,1885710,303.0000,303.4900,290.6900
2021/08/10,301.4400,5.0600,-1.65,2029054,308.0000,314.7600,300.5000
2021/08/09,306.5000,3.8700,+1.28,1061162,302.5000,307.5200,299.4850
2021/08/06,302.6300,2.9800,-0.98,1017223,304.1600,307.9500,298.9300
2021/08/05,305.6100,3.6400,+1.21,1763458,302.0000,308.8000,299.3300
2021/08/04,301.9700,9.3100,+3.18,1662227,293.3500,302.1607,293.0700
2021/08/03,292.6600,2.4400,-0.83,1453937,293.8100,299.8400,289.3500
2021/08/02,295.1000,2.9400,-0.99,2002952,299.8000,299.8000,288.3675
2021/07/30,298.0400,3.1400,-1.04,1406998,297.1800,302.5850,296.1000
2021/07/29,301.1800,3.6400,-1.19,1481344,302.2400,308.4900,299.7500
2021/07/28,304.8200,2.7800,+0.92,1107604,303.0300,307.3736,299.1801
2021/07/27,302.0400,3.7300,-1.22,1724280,302.8000,306.9438,295.0628
2021/07/26,305.7700,2.7300,-0.88,1391736,305.3800,308.2900,302.5000
2021/07/23,308.5000,0.5000,+0.16,1594381,307.0200,310.2900,305.1100
2021/07/22,308.0000,5.1900,+1.71,1945151,303.4600,310.5059,303.1700
2021/07/21,302.8100,1.5400,+0.51,2247937,300.9892,304.9500,294.2100
2021/07/20,301.2700,11.7900,+4.07,4394300,291.6000,306.0000,290.5000
2021/07/19,289.4800,7.4300,+2.63,3080810,281.4300,291.6600,277.9037
2021/07/16,282.0500,5.0400,+1.82,1914663,280.9500,283.5942,277.7893
2021/07/15,277.0100,1.5800,+0.57,3528072,274.6800,279.7400,270.4100
2021/07/14,275.4300,8.2500,-2.91,1707179,285.0400,285.9799,274.0200
2021/07/13,283.6800,4.4200,-1.53,1496196,288.4600,288.5500,281.8300
2021/07/12,288.1000,0.0800,+0.03,1978002,290.3800,298.7499,287.0200
2021/07/09,288.0200,0.7200,-0.25,1497077,287.5000,290.0000,285.0500
2021/07/08,288.7400,0.2000,-0.07,2346603,280.6400,291.8900,279.5000
2021/07/07,288.9400,0.7600,+0.26,3136657,292.0000,293.6500,285.6101
2021/07/06,288.1800,9.3600,+3.36,3438654,279.0000,293.6100,277.1600
2021/07/02,278.8200,0.7300,+0.26,1232190,279.6033,283.0000,277.2100
2021/07/01,278.0900,1.4800,-0.53,1359640,278.6300,280.6300,275.1400
2021/06/30,279.5700,4.9100,-1.73,1771428,284.0000,286.5100,279.3450
2021/06/29,284.4800,0.3300,+0.12,1989853,282.5800,284.9900,279.5000
2021/06/28,284.1500,4.9500,+1.77,1740286,279.1021,285.3499,279.1021
2021/06/25,279.2000,2.4800,+0.90,2186684,277.9400,279.4200,274.6000
2021/06/24,276.7200,1.9200,+0.70,2249463,276.4504,282.5450,275.6400
2021/06/23,274.8000,2.4700,-0.89,2691435,276.7670,279.9000,273.0300
2021/06/22,277.2700,7.2500,+2.68,3149920,269.9900,279.0550,269.0000
2021/06/21,270.0200,4.4100,-1.61,2581514,268.8100,273.8899,265.5000
2021/06/18,274.4300,13.8200,+5.30,6098964,261.1900,275.8399,261.1900
2021/06/17,260.6100,7.5400,+2.98,3478469,250.0000,261.4889,249.0000
2021/06/16,253.0700,2.5900,+1.03,3210055,251.0000,255.8000,248.0500
2021/06/15,250.4800,6.7800,-2.64,2870781,253.9900,254.5000,247.8701
2021/06/14,257.2600,4.2500,+1.68,4533881,253.0600,261.0000,250.5800
2021/06/11,253.0100,9.9300,+4.09,3922676,243.0100,253.1400,242.4800
2021/06/10,243.0800,5.3300,+2.24,3043279,237.5750,243.4900,235.1100
2021/06/09,237.7500,4.5700,-1.89,3168736,241.0000,242.8800,237.3700
2021/06/08,242.3200,1.3500,+0.56,4348658,240.0000,246.8000,239.6810
2021/06/07,240.9700,7.7300,+3.31,10106610,231.0100,244.6500,230.7350
2021/06/04,233.2400,38.4900,+19.76,18401249,209.9350,234.8900,209.9350
2021/06/03,194.7500,5.7800,-2.88,2960168,197.8500,198.4600,193.6600
2021/06/02,200.5300,0.1500,+0.07,1406374,201.0922,202.8700,198.7717
2021/06/01,200.3800,1.2400,-0.62,1856298,202.1000,203.0813,196.7100
2021/05/28,201.6200,2.2200,+1.11,1850712,200.9800,204.2900,200.0000
2021/05/27,199.4000,2.0400,+1.03,2878318,196.2700,200.3499,192.4619
2021/05/26,197.3600,1.6800,+0.86,2181594,197.4950,199.7800,196.4300
2021/05/25,195.6800,0.1300,+0.07,1923364,196.4900,196.8800,193.4900
2021/05/24,195.5500,1.8000,+0.93,1702958,196.0000,198.3700,194.5700
2021/05/21,193.7500,1.7400,-0.89,2231940,198.9400,199.2965,192.9300
2021/05/20,195.4900,6.0000,+3.17,3030020,190.4700,197.4099,189.5200
2021/05/19,189.4900,0.5800,+0.31,1711181,184.4900,189.9000,183.0900
2021/05/18,188.9100,2.4000,+1.29,2250950,187.0300,192.5800,186.2050
2021/05/17,186.5100,0.5700,-0.30,1456299,186.3700,188.0000,182.4550
2021/05/14,187.0800,6.9200,+3.84,2037709,181.5700,187.5075,181.2200
2021/05/13,180.1600,7.6300,-4.06,3821302,190.1000,191.6000,179.4900
2021/05/12,187.7900,8.1900,-4.18,2575038,191.0500,192.7900,184.5950
2021/05/11,195.9800,5.9800,+3.15,3726290,181.5400,196.7200,180.5500
2021/05/10,190.0000,5.2800,-2.70,2337277,193.9900,194.7027,189.1400
2021/05/07,195.2800,1.6600,+0.86,3284375,196.2220,201.5000,194.3300
2021/05/06,193.6200,2.8500,-1.45,4610711,196.0439,196.4600,187.5900
2021/05/05,196.4700,7.8400,-3.84,3694754,205.6500,205.9500,195.4300
2021/05/04,204.3100,10.7900,-5.02,4642514,212.0802,212.9800,202.4500
2021/05/03,215.1000,7.8400,-3.52,1843645,224.0300,224.0300,213.7900
2021/04/30,222.9400,1.6500,-0.73,1289102,221.0900,228.3600,220.6200
2021/04/29,224.5900,7.7100,-3.32,1622743,232.8900,232.8900,221.5000
2021/04/28,232.3000,2.2800,+0.99,1584904,227.4250,236.1065,227.1639
2021/04/27,230.0200,4.3400,-1.85,1355614,234.0100,234.7300,228.5000
2021/04/26,234.3600,9.5200,+4.23,2255580,225.4000,234.4400,223.6813
2021/04/23,224.8400,3.1500,+1.42,1432234,222.8500,226.8800,222.6950
2021/04/22,221.6900,2.3300,+1.06,2074147,218.9300,227.9900,218.9300
2021/04/21,219.3600,0.0700,-0.03,1621547,218.3600,220.7786,215.5100
2021/04/20,219.4300,3.8700,-1.73,1432378,222.8000,225.8600,218.3900
2021/04/19,223.3000,8.6300,-3.72,1899193,229.4700,231.6300,222.1000
2021/04/16,231.9300,1.2700,-0.54,1889004,232.7824,234.0000,228.5500
2021/04/15,233.2000,7.8400,+3.48,2843657,229.0000,233.6900,226.8000
2021/04/14,225.3600,1.7200,+0.77,4814323,225.5727,227.5800,223.6400
2021/04/13,223.6400,10.1600,+4.76,4287282,216.8700,229.2100,216.4000
2021/04/12,213.4800,0.5100,+0.24,1575699,210.0100,215.6596,209.2200
2021/04/09,212.9700,0.6900,+0.33,2121854,210.9600,213.3500,207.6200
2021/04/08,212.2800,6.5700,+3.19,2775809,209.5500,213.2900,208.3101
2021/04/07,205.7100,0.0000,0,1595014,206.0000,208.5157,204.3000
2021/04/06,205.7100,0.0600,+0.03,1894850,205.2726,209.4800,203.3500
2021/04/05,205.6500,0.6400,-0.31,1717054,208.0000,208.3800,202.3000
2021/04/01,206.2900,3.8400,+1.90,2251863,205.3000,210.4900,205.2900
2021/03/31,202.4500,5.5100,+2.80,2162252,199.7600,204.8200,197.3900
2021/03/30,196.9400,0.4600,-0.23,2201908,194.2500,198.0100,192.0200
2021/03/29,197.4000,4.5600,-2.26,1984205,201.8843,202.6100,193.4000
2021/03/26,201.9600,1.6700,+0.83,2150550,200.1500,204.4400,195.1140
2021/03/25,200.2900,1.8300,+0.92,3432270,193.8900,202.8000,192.5000
2021/03/24,198.4600,9.5000,-4.57,2856657,209.0000,209.0000,198.0200
2021/03/23,207.9600,0.5300,+0.26,1661163,208.1400,209.8000,206.1100
2021/03/22,207.4300,1.7600,+0.86,2423179,205.3600,208.7500,203.7200
2021/03/19,205.6700,0.8700,+0.42,3476100,204.8000,207.5100,199.5501
2021/03/18,204.8000,8.5400,-4.00,3417855,209.0000,209.1600,204.4500
2021/03/17,213.3400,2.1600,+1.02,3015140,208.0600,215.7000,204.8941
2021/03/16,211.1800,8.9000,-4.04,3192881,221.6800,224.5300,210.1600
2021/03/15,220.0800,9.7400,+4.63,3905083,209.7600,220.4800,209.7600
2021/03/12,210.3400,14.8800,-6.61,9276632,215.9000,216.8600,207.6900
2021/03/11,225.2200,12.5500,+5.90,5185237,220.9900,226.3000,215.5700
2021/03/10,212.6700,0.5500,-0.26,3170061,219.8400,221.6500,210.1000
2021/03/09,213.2200,20.3800,+10.57,4404842,203.4700,214.5300,201.8851
2021/03/08,192.8400,11.4700,-5.61,3949999,203.5400,208.4700,191.5900
2021/03/05,204.3100,6.3100,-3.00,6785158,212.5100,213.2900,188.9101
2021/03/04,210.6200,9.0200,-4.11,5089150,219.2600,223.9800,205.7638
2021/03/03,219.6400,12.9500,-5.57,3671174,232.0900,232.5900,216.1600
2021/03/02,232.5900,5.9700,-2.50,3216555,245.2491,246.1100,231.4000
2021/03/01,238.5600,11.9000,+5.25,5143257,233.3700,240.9300,229.3700
2021/02/26,226.6600,0.9300,+0.41,7422610,225.0000,228.5599,219.1500
2021/02/25,225.7300,13.9300,-5.81,4553264,239.3700,242.4900,223.7017
2021/02/24,239.6600,3.9400,-1.62,3427780,240.6400,243.0000,234.4600
2021/02/23,243.6000,0.0900,+0.04,4459009,231.2200,245.2000,222.2200
2021/02/22,243.5100,21.6500,-8.16,4620129,258.2200,259.5800,240.2200
2021/02/19,265.1600,4.1700,+1.60,2167512,262.2700,269.9100,262.0425
2021/02/18,260.9900,6.0100,+2.36,2047267,252.4800,263.4500,248.6900
2021/02/17,254.9800,9.7100,-3.67,2376240,259.3177,262.2100,248.8000
2021/02/16,264.6900,1.3900,+0.53,4382078,262.9500,275.4600,259.5100
2021/02/12,263.3000,7.0300,+2.74,2124028,255.4500,263.4900,251.7417
2021/02/11,256.2700,1.0200,+0.40,1382879,257.7600,259.0375,253.8100
2021/02/10,255.2500,0.5700,-0.22,2231834,257.5400,261.7550,250.4800
2021/02/09,255.8200,6.9200,+2.78,2017460,249.9200,256.9580,249.0100
2021/02/08,248.9000,1.4700,-0.59,2039856,252.3076,256.2000,247.7992
2021/02/05,250.3700,4.3600,+1.77,2557395,246.6628,250.9999,244.7700
2021/02/04,246.0100,9.1800,+3.88,2808926,238.5000,247.0000,236.6200
2021/02/03,236.8300,3.0100,-1.26,1875469,243.4500,243.5497,235.1500
2021/02/02,239.8400,9.7000,+4.21,3054127,234.4900,242.0800,232.5000
2021/02/01,230.1400,2.7500,-1.18,3224249,233.2500,234.4700,224.6700
2021/01/29,232.8900,1.2500,-0.53,1999323,233.1500,235.6400,228.0250
2021/01/28,234.1400,8.9500,+3.97,3047876,231.2000,237.8697,228.0000
2021/01/27,225.1900,9.9200,-4.22,3787305,232.3517,232.8499,222.6600
2021/01/26,235.1100,9.2900,-3.80,2746035,244.4000,245.9800,233.7000
2021/01/25,244.4000,10.7500,-4.21,4198921,257.9100,260.0000,236.6800
2021/01/22,255.1500,1.2100,+0.48,1479047,253.0200,257.1250,250.8800
2021/01/21,253.9400,1.3700,-0.54,1495684,257.6800,257.6800,251.6500
2021/01/20,255.3100,1.2600,-0.49,2788219,260.8200,262.4699,253.6950
2021/01/19,256.5700,7.2900,+2.92,3117730,251.8000,260.3800,251.6400
2021/01/15,249.2800,0.9700,-0.39,2512615,251.3500,256.4400,246.8897
2021/01/14,250.2500,5.6000,-2.19,2717821,256.8800,258.2700,247.7700
2021/01/13,255.8500,6.8000,-2.59,4417351,260.0000,262.3100,252.9178
2021/01/12,262.6500,21.6900,+9.00,7722344,245.5700,263.0000,245.4200
2021/01/11,240.9600,3.5800,-1.46,1372716,241.0000,244.9800,237.1800
2021/01/08,244.5400,5.5100,+2.31,3334887,241.6000,246.3900,240.7800
2021/01/07,239.0300,15.1800,+6.78,4093397,228.5400,239.7900,227.9000
2021/01/06,223.8500,4.6500,-2.04,2891771,222.8800,228.2932,218.5500
2021/01/05,228.5000,6.0900,+2.74,4460919,226.9400,233.8000,224.0300
2021/01/04,222.4100,0.1100,+0.05,2757674,222.3900,224.6250,216.5000
2020/12/31,222.3000,3.6000,-1.59,2209644,225.3000,225.9900,220.6000
2020/12/30,225.9000,2.2600,-0.99,2074472,229.0000,230.1400,224.3000
2020/12/29,228.1600,1.0400,-0.45,2684386,232.9700,233.1400,226.8000
2020/12/28,229.2000,15.7300,-6.42,3323524,245.1900,246.8800,228.3700
2020/12/24,244.9300,0.8800,+0.36,1024485,245.0000,250.3001,243.5000
2020/12/23,244.0500,7.5500,-3.00,2062043,252.0000,252.4800,242.6121
2020/12/22,251.6000,3.6000,+1.45,3069322,250.0000,252.7900,243.8000
2020/12/21,248.0000,7.0000,+2.90,3015880,242.8900,249.9000,239.4100
2020/12/18,241.0000,6.0000,-2.43,4231034,248.4300,249.2500,238.5100
2020/12/17,247.0000,9.9200,+4.18,3566152,238.9500,247.7400,238.0700
2020/12/16,237.0800,3.3800,+1.45,2132150,234.2942,239.7000,233.2600
2020/12/15,233.7000,5.3700,+2.35,3334598,229.5350,237.7400,228.1950
2020/12/14,228.3300,2.8400,+1.26,2373414,224.8500,228.7899,222.7000
2020/12/11,225.4900,2.9000,+1.30,2471336,223.0000,228.2050,220.9300
2020/12/10,222.5900,1.6200,+0.73,3117459,217.3300,227.5000,216.0000
2020/12/09,220.9700,13.8500,-5.90,4758619,232.1000,234.0000,219.7100
2020/12/08,234.8200,2.3000,+0.99,4608742,235.2200,237.5000,228.6639
2020/12/07,232.5200,10.7000,-4.40,6155010,241.0000,241.8100,232.2700
2020/12/04,243.2200,12.2100,+5.29,19048083,244.8312,256.0000,240.2000
2020/12/03,231.0100,13.3100,+6.11,10982206,221.6800,236.2400,218.7540
2020/12/02,217.7000,1.9900,+0.92,3054920,213.3405,219.9000,209.1100
2020/12/01,215.7100,12.1700,-5.34,5179416,222.0000,223.0000,210.9600
2020/11/30,227.8800,1.0100,+0.45,3775622,228.3200,233.8800,218.9500
2020/11/27,226.8700,2.7200,+1.21,1703008,226.5200,226.9099,221.2101
2020/11/25,224.1500,6.9500,+3.20,1888115,218.4400,224.5400,218.2700
2020/11/24,217.2000,0.0300,+0.01,2355511,215.0000,217.7000,212.5000
2020/11/23,217.1700,4.4200,-1.99,2436401,220.2600,221.3700,213.5600
2020/11/20,221.5900,1.8900,+0.86,2340592,220.6000,226.3900,219.1200
2020/11/19,219.7000,5.3800,+2.51,2417416,214.1500,222.8500,214.1500
2020/11/18,214.3200,2.4100,+1.14,2654569,212.3916,216.7994,209.0000
2020/11/17,211.9100,3.7800,+1.82,1941017,210.0000,214.1800,207.9200
2020/11/16,208.1300,2.4300,+1.18,2461489,200.6800,208.8750,199.6800
2020/11/13,205.7000,6.9200,-3.25,2726283,212.6100,213.2500,204.0000
2020/11/12,212.6200,4.0700,+1.95,3009675,211.0000,214.5000,209.0900
2020/11/11,208.5500,10.2400,+5.16,3660872,202.3700,209.3899,200.1222
2020/11/10,198.3100,0.7100,+0.36,8821627,201.8400,203.8850,185.3589
2020/11/09,197.6000,34.0900,-14.71,11684542,216.0144,216.0144,197.2000
2020/11/06,231.6900,5.0800,-2.15,2384415,234.0900,235.6500,227.0000
2020/11/05,236.7700,1.7600,+0.75,4355341,236.6000,246.0000,232.7000
2020/11/04,235.0100,26.5800,+12.75,5728261,217.9900,235.3400,217.7002
2020/11/03,208.4300,6.8700,+3.41,2300632,201.0500,209.1418,199.5700
2020/11/02,201.5600,0.6900,-0.34,3330600,204.2100,204.6485,196.0100
2020/10/30,202.2500,11.4000,-5.34,3985768,210.5000,210.9100,200.2300
2020/10/29,213.6500,4.6000,-2.11,2118970,221.6500,223.9000,213.4700
2020/10/28,218.2500,3.9350,-1.77,2078685,220.5200,222.8000,215.1200
2020/10/27,222.1850,2.0150,+0.92,1877248,224.4400,225.2400,219.1900
2020/10/26,220.1700,0.3500,+0.16,2982805,218.0000,227.2800,215.6300
2020/10/23,219.8200,5.0200,+2.34,2177627,215.3800,219.9700,211.2800
2020/10/22,214.8000,3.3200,-1.52,3458647,220.0000,221.0200,211.0000
2020/10/21,218.1200,9.6800,-4.25,2909786,228.3900,232.0000,217.7200
2020/10/20,227.8000,0.6100,-0.27,2133800,229.5600,231.6900,227.1000
2020/10/19,228.4100,6.1900,-2.64,2981131,237.0700,238.4700,227.5601
2020/10/16,234.6000,5.8500,-2.43,2557603,242.2900,243.7050,234.1600
2020/10/15,240.4500,3.3500,+1.41,3201839,232.2800,240.9700,230.6500
2020/10/14,237.1000,1.1100,-0.47,5139483,244.9900,246.8000,233.0000
2020/10/13,238.2100,6.3500,+2.74,3373320,233.9700,240.0000,233.4503
2020/10/12,231.8600,6.2600,+2.77,3689965,229.5000,234.0000,228.2900
2020/10/09,225.6000,5.2100,+2.36,4329391,222.9000,228.8600,221.3400
2020/10/08,220.3900,3.6600,-1.63,3980682,226.0800,226.9000,218.1200
2020/10/07,224.0500,2.8500,+1.29,3474699,224.5200,226.8500,221.8900
2020/10/06,221.2000,4.7200,-2.09,4659549,227.5800,228.3000,218.5500
2020/10/05,225.9200,7.6500,+3.50,7636194,228.0500,236.3699,223.8200
2020/10/02,218.2700,3.9900,-1.80,5194838,219.0000,227.2000,217.7000
2020/10/01,222.2600,7.0200,+3.26,4946535,218.8000,224.2299,218.2500
2020/09/30,215.2400,2.3100,+1.08,3881712,212.0000,218.4300,210.1100
2020/09/29,212.9300,0.3100,-0.15,3228439,214.1600,217.0200,211.8050
2020/09/28,213.2400,0.8800,+0.41,3944598,213.1200,216.7996,209.9300
2020/09/25,212.3600,8.5100,+4.17,3449706,206.4400,213.1100,204.6600
2020/09/24,203.8500,7.6700,-3.63,4979720,208.5100,209.5500,199.3300
2020/09/23,211.5200,0.6100,-0.29,7127560,210.5100,219.2800,207.3350
2020/09/22,212.1300,7.1100,+3.47,5591944,207.5600,212.4900,200.7500
2020/09/21,205.0200,10.1600,+5.21,6454219,190.3400,205.1000,189.2539
2020/09/18,194.8600,1.4700,+0.76,7504875,195.3800,195.8500,188.0600
2020/09/17,193.3900,3.6200,-1.84,5685322,190.5200,195.2354,187.2100
2020/09/16,197.0100,5.0100,-2.48,5043403,200.4300,203.5200,195.0100
2020/09/15,202.0200,0.9300,-0.46,4497542,206.0200,207.0000,199.2900
2020/09/14,202.9500,5.0100,+2.53,5189061,200.4600,204.9215,196.6400
2020/09/11,197.9400,8.0100,-3.89,8183205,207.8440,208.6600,193.6600
2020/09/10,205.9500,5.8400,-2.76,6047407,214.3000,217.2500,203.5259
2020/09/09,211.7900,6.1600,+3.00,11243448,210.2000,216.2499,205.6501
2020/09/08,205.6300,10.6300,-4.92,11695860,206.0500,214.1400,202.4200
2020/09/04,216.2600,25.7500,-10.64,26988730,233.7702,234.9400,205.2500
2020/09/03,242.0100,23.1500,-8.73,31591160,248.6100,251.9000,225.1621
2020/09/02,265.1600,3.6400,-1.35,25428162,282.7200,290.2300,251.1200
2020/09/01,268.8000,45.8000,+20.54,20852253,240.6800,271.4400,237.0000
2020/08/31,223.0000,7.7600,+3.61,3933346,218.6693,224.1400,215.5150
2020/08/28,215.2400,0.4700,+0.22,3472057,218.0500,223.8250,215.1000
2020/08/27,214.7700,0.3600,+0.17,2419018,214.1500,217.9000,209.1550
2020/08/26,214.4100,9.3200,+4.54,3575091,209.0100,218.4200,207.3400
2020/08/25,205.0900,0.6000,+0.29,2317049,203.4600,205.5000,199.0100
2020/08/24,204.4900,5.6900,-2.71,3033047,212.5700,213.4400,201.5544
2020/08/21,210.1800,4.3000,-2.00,2965764,214.4200,216.4000,209.1700
2020/08/20,214.4800,6.2700,+3.01,2359188,207.4900,215.5000,206.2700
2020/08/19,208.2100,1.2600,-0.60,1880838,209.9100,212.1700,205.3300
2020/08/18,209.4700,1.7700,+0.85,2763874,213.4900,213.5300,207.6881
2020/08/17,207.7000,7.9900,+4.00,2590486,202.2400,209.8300,201.9800
2020/08/14,199.7100,0.3300,+0.17,1952648,201.3550,204.4600,197.2100
2020/08/13,199.3800,6.0800,+3.15,4048023,194.2200,203.8500,193.6200
2020/08/12,193.3000,1.4800,+0.77,4591084,192.6500,196.8800,189.1200
2020/08/11,191.8200,6.5600,-3.31,4488571,197.5100,199.8400,191.3800
2020/08/10,198.3800,6.3800,-3.12,5006479,206.3600,207.5965,193.6000
2020/08/07,204.7600,10.9200,-5.06,5653450,215.1900,215.4200,199.1700
2020/08/06,215.6800,10.3400,-4.57,4525320,226.7500,228.5000,212.0600
2020/08/05,226.0200,1.6600,-0.73,1964458,227.6800,229.8300,225.0600
2020/08/04,227.6800,1.4000,+0.62,2598236,225.2000,229.4100,221.2400
2020/08/03,226.2800,9.4500,+4.36,3210133,218.7200,227.3299,218.3300
2020/07/31,216.8300,2.8900,+1.35,3083330,216.8800,217.7000,210.3464
2020/07/30,213.9400,4.7900,+2.29,4382810,206.1100,215.0000,205.0000
2020/07/29,209.1500,12.4200,+6.31,4529502,198.6000,210.4800,198.6000
2020/07/28,196.7300,0.4600,+0.23,2475205,196.2700,202.1100,195.1400
2020/07/27,196.2700,5.3200,+2.79,2341787,191.6500,197.8000,188.7100
2020/07/24,190.9500,7.5400,-3.80,3984210,193.0000,194.7400,186.7700
2020/07/23,198.4900,5.4900,-2.69,3302378,204.0000,208.8000,196.6100
2020/07/22,203.9800,2.9500,+1.47,3011527,201.3700,204.5000,199.3300
2020/07/21,201.0300,0.9600,-0.48,3955550,203.8200,204.8700,198.2917
2020/07/20,201.9900,5.5800,+2.84,4309000,197.9000,202.9100,196.5800
2020/07/17,196.4100,4.6900,+2.45,3102357,191.1000,196.8400,188.6600
2020/07/16,191.7200,1.1100,-0.58,3771213,190.0000,193.5000,186.2020
2020/07/15,192.8300,3.6000,-1.83,5429597,193.9300,195.2000,188.3400
2020/07/14,196.4300,6.4100,+3.37,7466191,191.0000,196.9400,181.5000
2020/07/13,190.0200,20.0900,-9.56,9412949,211.5100,211.8390,185.1400
2020/07/10,210.1100,2.3100,-1.09,4808004,212.5300,213.4000,204.1500
2020/07/09,212.4200,6.0700,+2.94,10243054,211.5000,217.0000,206.5900
2020/07/08,206.3500,8.6000,+4.35,6248677,200.9700,206.5500,200.2801
2020/07/07,197.7500,7.0900,+3.72,6189470,191.3900,202.6500,189.5852
2020/07/06,190.6600,0.3300,-0.17,6495697,196.4500,199.4500,190.0000
2020/07/02,190.9900,12.0300,+6.72,13225067,181.0000,199.4900,178.5150
2020/07/01,178.9600,6.7500,+3.92,3770542,171.2500,180.3799,170.8001
2020/06/30,172.2100,0.5400,+0.31,3462366,172.3583,174.4800,169.7700
2020/06/29,171.6700,5.9100,-3.33,5126883,176.2400,177.0000,166.6131
2020/06/26,177.5800,9.1800,+5.45,8570630,168.7700,180.4508,164.2200
2020/06/25,168.4000,4.4900,+2.74,3364916,165.0000,169.8000,161.6300
2020/06/24,163.9100,2.8900,-1.73,5546054,167.4100,172.2100,163.7300
2020/06/23,166.8000,1.5000,-0.89,6113695,170.3400,171.2000,165.3900
2020/06/22,168.3000,6.8800,+4.26,5687705,164.3300,169.8500,163.4900
2020/06/19,161.4200,0.8800,-0.54,14150306,163.0700,165.0000,160.0000
2020/06/18,162.3000,0.5900,+0.36,5971940,161.7100,163.6000,160.4100
2020/06/17,161.7100,1.3400,-0.82,6212915,164.2700,167.8680,160.9300
2020/06/16,163.0500,0.3600,+0.22,5556502,164.9400,165.0800,158.1837
2020/06/15,162.6900,12.0900,+8.03,8193759,154.8800,163.7000,152.8632
2020/06/12,150.6000,1.7000,+1.14,3986817,152.0600,155.1400,146.2800
2020/06/11,148.9000,0.8500,+0.57,5593850,145.0000,154.0000,144.2900
2020/06/10,148.0500,6.1300,+4.32,4206335,144.5000,149.9400,143.6600
2020/06/09,141.9200,4.6200,-3.15,4231151,145.4100,146.0500,140.3400
2020/06/08,146.5400,6.9000,+4.94,4928442,136.9900,147.0700,135.4200
2020/06/05,139.6400,0.4200,-0.30,8238795,139.8200,144.9500,131.2600
2020/06/04,140.0600,7.3900,-5.01,8408814,147.7500,148.6400,138.5400
2020/06/03,147.4500,0.2300,-0.16,4485008,146.8600,150.5700,145.2200
2020/06/02,147.6800,0.4600,+0.31,7561681,151.9700,152.0000,141.0300
2020/06/01,147.2200,7.4800,+5.35,6854252,142.3500,150.5800,140.4487
2020/05/29,139.7400,11.9400,+9.34,8932583,130.0300,141.4300,129.9000
2020/05/28,127.8000,1.2600,+1.00,4279493,126.7500,132.1300,126.5400
2020/05/27,126.5400,2.4100,-1.87,4472720,126.6500,127.4600,118.2100
2020/05/26,128.9500,4.0500,-3.05,4884904,136.0100,136.0400,126.5000
2020/05/22,133.0000,0.1500,+0.11,2937603,136.1700,136.1800,131.6400
2020/05/21,132.8500,4.0800,+3.17,4878991,132.0000,136.2900,131.0800
2020/05/20,128.7700,1.5500,+1.22,4327892,130.0000,134.7400,127.3300
2020/05/19,127.2200,4.3000,+3.50,2963669,124.1400,130.3600,123.3900
2020/05/18,122.9200,2.9600,-2.35,3901600,126.7800,128.4600,121.6100
2020/05/15,125.8800,3.8700,+3.17,2596185,121.7500,126.2800,121.4700
2020/05/14,122.0100,2.9400,+2.47,3045297,118.3000,123.4900,117.1100
2020/05/13,119.0700,1.1900,-0.99,3581118,121.1100,124.2800,115.5700
2020/05/12,120.2600,0.3900,-0.32,2618811,122.0000,123.7900,118.1200
2020/05/11,120.6500,4.0900,+3.51,4240849,117.6800,121.8400,117.5000
2020/05/08,116.5600,1.1400,-0.97,3157664,118.4800,120.9000,115.6600
2020/05/07,117.7000,2.2100,+1.91,3752455,117.3800,119.5375,115.1100
2020/05/06,115.4900,6.1400,+5.61,2984154,110.8800,116.0000,110.8800
