일자,종가,대비,등락률,거래량,시가,고가,저가
2026/09/17,87.9300,0.5900,+0.68,2232211,87.5400,88.2600,87.1700
2026/09/16,87.3400,0.8900,+1.03,3617180,86.0500,88.7900,86.0500
2026/09/15,86.4500,1.7700,+2.09,5961138,84.0400,87.3600,83.2550
2026/09/14,84.6800,1.6500,+1.99,2540890,83.9200,84.9800,83.7600
2026/09/11,83.0300,1.4800,-1.75,2547398,84.6500,85.8150,82.8300
2026/09/10,84.5100,0.6300,+0.75,3540992,83.2700,84.8150,82.2900
2026/09/09,83.8800,0.6500,-0.77,4177529,83.9300,85.1600,82.7950
2026/09/08,84.5300,3.3700,-3.83,8224259,86.5900,86.7500,84.2400
2026/09/04,87.9000,1.8100,-2.02,2361537,88.7800,89.0000,87.6500
2026/09/03,89.7100,0.0200,+0.02,1677938,89.7300,91.0000,89.0500
2026/09/02,89.6900,0.4500,-0.50,1918398,90.0300,91.9000,89.5425
2026/09/01,90.1400,0.9200,-1.01,2151646,90.8300,92.3350,89.9100
2026/08/31,91.0600,0.2400,+0.26,2999449,90.0000,91.1800,89.0900
2026/08/28,90.8200,1.5300,+1.71,2546957,89.8050,90.8400,88.8250
2026/08/27,89.2900,0.3300,+0.37,3026636,88.3700,90.4300,87.6000
2026/08/26,88.9600,0.2000,-0.22,3822845,88.1700,89.7600,87.5100
2026/08/25,89.1600,1.9000,-2.09,4105930,90.7310,91.1400,88.7800
2026/08/24,91.0600,1.2800,-1.39,4451431,92.3000,92.5900,91.0300
2026/08/21,92.3400,2.1200,+2.35,3481760,89.6050,92.5600,89.1964
2026/08/20,90.2200,0.3400,+0.38,5164593,89.4200,91.3850,89.2750
2026/08/19,89.8800,0.2800,+0.31,8668160,90.3000,91.9150,89.2350
2026/08/18,89.6000,0.8400,+0.95,3363035,89.4900,91.4999,88.9800
2026/08/17,88.7600,0.9900,-1.10,4048868,89.3400,89.9000,88.1450
2026/08/14,89.7500,1.7300,-1.89,3858932,91.9600,91.9600,89.4200
2026/08/13,91.4800,0.6800,+0.75,4686457,90.8200,91.6200,90.1500
2026/08/12,90.8000,1.2700,+1.42,5402528,89.0400,91.0400,88.2650
2026/08/11,89.5300,1.8800,+2.14,5971702,87.5900,89.5550,87.0550
2026/08/10,87.6500,2.9000,+3.42,7832725,84.8100,88.1750,84.5250
2026/08/07,84.7500,1.7300,+2.08,4626280,82.4900,85.0550,82.0900
2026/08/06,83.0200,0.3600,+0.44,3871530,82.9100,83.6900,82.4699
2026/08/05,82.6600,4.2800,-4.92,6010497,86.4700,86.4700,82.3000
2026/08/04,86.9400,0.3700,-0.42,6123983,87.1400,87.8500,86.2100
2026/08/03,87.3100,3.8600,+4.63,9191480,85.2500,87.6300,83.5000
2026/07/31,83.4500,8.9100,+11.95,11982034,79.8800,84.7000,79.5000
2026/07/30,74.5400,0.6000,-0.80,5653473,73.9300,74.8700,73.2400
2026/07/29,75.1400,0.2900,+0.39,6270154,74.4200,76.0850,73.4450
2026/07/28,74.8500,1.4800,+2.02,4120276,74.5650,76.0900,74.0900
2026/07/27,73.3700,1.8300,+2.56,5003902,72.0000,74.5900,72.0000
2026/07/24,71.5400,1.0600,+1.50,2844471,71.0500,71.8500,69.7900
2026/07/23,70.4800,0.9500,-1.33,3264981,71.0800,71.4300,70.2800
2026/07/22,71.4300,3.3200,-4.44,3870980,75.0400,75.2900,70.7300
2026/07/21,74.7500,0.9400,-1.24,3962329,76.1200,76.9500,74.0850
2026/07/20,75.6900,0.9600,-1.25,3188475,76.6000,77.0850,75.6600
2026/07/17,76.6500,1.3300,-1.71,5069951,77.8600,78.0100,75.9500
2026/07/16,77.9800,5.2500,+7.22,6640098,73.6200,79.1540,73.1200
2026/07/15,72.7300,1.3900,-1.88,4160830,74.4200,75.1300,72.0800
2026/07/14,74.1200,2.2300,-2.92,4002909,75.0900,75.4250,73.1600
2026/07/13,76.3500,1.3900,+1.85,3553999,75.5600,76.4150,74.5800
2026/07/10,74.9600,1.9400,+2.66,3856914,73.3300,75.5700,73.3079
2026/07/09,73.0200,1.0400,-1.40,4163972,73.7400,73.7750,71.2532
2026/07/08,74.0600,0.4900,+0.67,5338782,73.3150,74.3900,72.3300
2026/07/07,73.5700,1.1900,+1.64,5569382,73.8500,73.9700,72.0700
2026/07/06,72.3800,1.1300,+1.59,4621632,71.3000,72.7700,69.7400
2026/07/02,71.2500,2.3900,+3.47,3299278,69.1400,71.5700,69.1400
2026/07/01,68.8600,1.5100,+2.24,4793643,68.1600,69.6600,67.8700
2026/06/30,67.3500,2.6300,-3.76,4300556,70.9600,70.9600,67.3000
2026/06/29,69.9800,0.1600,-0.23,3978772,69.6700,71.0600,69.4600
2026/06/26,70.1400,1.4900,+2.17,6872596,68.4350,70.3800,68.2800
2026/06/25,68.6500,1.1000,-1.58,4112271,69.8800,70.7900,68.5800
2026/06/24,69.7500,0.8300,+1.20,3832030,69.0000,71.0850,68.9200
2026/06/23,68.9200,0.1500,-0.22,6347654,70.2400,70.2700,68.7200
2026/06/22,69.0700,3.4000,-4.69,5570881,71.8900,71.9200,68.5500
2026/06/18,72.4700,1.2400,+1.74,8572121,72.6100,73.6900,71.6001
2026/06/17,71.2300,1.9300,-2.64,4431177,73.1400,74.2600,70.9000
2026/06/16,73.1600,1.0600,-1.43,3058343,74.3500,74.6600,73.0700
2026/06/15,74.2200,1.1500,-1.53,5388470,75.7000,75.7000,73.5300
2026/06/12,75.3700,0.1200,+0.16,4773926,75.5650,76.2500,73.5301
2026/06/11,75.2500,0.4800,+0.64,6607417,74.8500,76.0300,74.0400
2026/06/10,74.7700,3.4200,-4.37,5038093,78.8200,78.9100,74.6400
2026/06/09,78.1900,1.5700,+2.05,5424011,77.4800,78.8176,76.5000
2026/06/08,76.6200,3.7600,+5.16,7571679,73.9080,78.5200,73.0000
2026/06/05,72.8600,0.2700,+0.37,4859343,73.4700,75.4400,72.5200
2026/06/04,72.5900,0.1800,-0.25,6370325,74.1300,74.9200,71.5300
2026/06/03,72.7700,0.6800,-0.93,4052842,73.0000,73.2500,71.9501
2026/06/02,73.4500,1.4200,-1.90,3751604,74.3000,74.3600,72.5700
2026/06/01,74.8700,1.1300,+1.53,6140949,73.4900,76.3450,72.5000
2026/05/29,73.7400,1.4000,+1.94,9261236,72.8900,73.8250,72.5000
2026/05/28,72.3400,2.0800,+2.96,5617967,70.1100,72.7600,69.6000
2026/05/27,70.2600,1.7500,-2.43,5863406,72.5300,72.6500,69.9200
2026/05/26,72.0100,0.0900,-0.12,5311988,72.0200,73.1000,70.1350
2026/05/22,72.1000,0.2000,+0.28,6727437,71.9000,73.0500,71.3100
2026/05/21,71.9000,0.4600,+0.64,9081092,71.5000,72.2700,70.1800
2026/05/20,71.4400,4.4900,+6.71,11248181,66.7100,71.4800,66.2950
2026/05/19,66.9500,1.8600,+2.86,11300943,65.2800,67.7500,64.4650
2026/05/18,65.0900,3.4600,+5.61,13510886,61.7900,65.1700,61.5400
2026/05/15,61.6300,3.8100,+6.59,11133391,59.9100,63.1900,59.4600
2026/05/14,57.8200,0.7500,-1.28,4318139,59.0200,59.5550,57.6550
2026/05/13,58.5700,2.5700,-4.20,7032757,60.4500,61.3550,58.5300
2026/05/12,61.1400,1.8100,+3.05,6099682,60.1400,61.4600,59.6500
2026/05/11,59.3300,1.2800,-2.11,5272514,60.3350,60.5900,58.4250
2026/05/08,60.6100,0.3000,-0.49,4217962,60.9100,61.3700,60.1300
2026/05/07,60.9100,0.5500,+0.91,5080786,60.3600,61.5500,60.3500
2026/05/06,60.3600,0.8800,+1.48,5905337,59.7100,61.0800,58.7000
2026/05/05,59.4800,0.5600,-0.93,5528661,60.5400,61.0000,58.9750
2026/05/04,60.0400,1.3100,-2.14,5492762,61.6100,61.6300,59.1650
2026/05/01,61.3500,1.8000,+3.02,10563037,60.9850,62.8500,59.7000
2026/04/30,59.5500,1.9900,+3.46,5343333,57.8800,59.6400,57.5800
2026/04/29,57.5600,1.7600,-2.97,6558780,58.9500,58.9500,56.7200
2026/04/28,59.3200,2.0900,-3.40,5590696,61.6800,62.4350,59.0900
2026/04/27,61.4100,0.1600,-0.26,3377002,61.1200,62.0750,61.0400
2026/04/24,61.5700,1.1300,-1.80,3600015,62.6700,62.9000,60.3400
2026/04/23,62.7000,0.7100,-1.12,2505814,63.0900,63.7800,61.9000
2026/04/22,63.4100,0.8100,+1.29,2680660,63.1600,63.8700,62.5100
2026/04/21,62.6000,2.0200,-3.13,4355141,64.8700,65.0000,62.4100
2026/04/20,64.6200,0.6400,+1.00,3767237,63.5700,65.2900,63.3400
2026/04/17,63.9800,2.7500,+4.49,7831139,62.4300,64.0900,61.9000
2026/04/16,61.2300,0.3100,-0.50,5747291,61.2900,63.8900,60.8214
2026/04/15,61.5400,1.4100,-2.24,5682926,63.0400,63.8800,61.3700
2026/04/14,62.9500,0.1700,-0.27,4730405,62.6900,63.7000,62.0000
2026/04/13,63.1200,0.9000,-1.41,5701564,63.9900,64.0300,61.6400
2026/04/10,64.0200,1.6600,-2.53,2107262,65.9000,66.1350,63.6100
2026/04/09,65.6800,0.1200,-0.18,3762664,65.3900,66.4400,64.4000
2026/04/08,65.8000,2.6900,+4.26,2807971,65.0100,65.8700,64.8600
2026/04/07,63.1100,0.1000,-0.16,3869971,63.1000,64.2800,62.5800
2026/04/06,63.2100,0.9900,+1.59,3192334,62.2200,63.3000,62.1001
2026/04/02,62.2200,0.1500,-0.24,2407723,61.6000,62.8600,60.5700
2026/04/01,62.3700,0.4300,-0.68,3530460,62.8000,63.6650,61.9100
2026/03/31,62.8000,0.9000,+1.45,3977819,62.7700,63.6800,61.9550
2026/03/30,61.9000,0.3500,-0.56,3991771,62.3500,63.2500,61.6200
2026/03/27,62.2500,3.8400,-5.81,4310200,65.9100,65.9100,61.9900
2026/03/26,66.0900,0.7500,-1.12,2160837,66.8400,67.9300,65.9850
2026/03/25,66.8400,0.2400,+0.36,2941037,67.2200,68.0900,65.5350
2026/03/24,66.6000,0.6600,+1.00,3843530,66.3100,66.9400,65.0950
2026/03/23,65.9400,1.0100,-1.51,3662067,68.1000,68.2100,65.9000
2026/03/20,66.9500,0.3200,-0.48,8047275,67.4200,67.9100,66.0000
2026/03/19,67.2700,0.3900,-0.58,3744633,67.9800,68.7600,67.1000
2026/03/18,67.6600,0.3400,+0.51,3987095,66.7200,68.0500,66.7100
2026/03/17,67.3200,0.9800,+1.48,5159094,67.1100,68.6900,66.9900
2026/03/16,66.3400,2.1000,+3.27,4922237,64.8500,66.8100,64.6000
2026/03/13,64.2400,1.0200,-1.56,4075952,65.2800,65.7800,63.8200
2026/03/12,65.2600,1.0500,-1.58,5287780,65.6500,66.7900,65.1700
2026/03/11,66.3100,1.4800,-2.18,4028170,67.1100,67.9800,65.7850
2026/03/10,67.7900,0.9500,-1.38,2521421,68.6000,68.7500,66.7400
2026/03/09,68.7400,0.6400,+0.94,4072596,67.0200,68.9400,66.0000
2026/03/06,68.1000,2.5900,-3.66,3930660,69.7200,69.8600,67.6400
2026/03/05,70.6900,2.2100,-3.03,5099895,72.3600,72.7600,70.4350
2026/03/04,72.9000,0.1800,-0.25,4340679,73.0300,73.5700,71.1000
2026/03/03,73.0800,0.7000,-0.95,2380733,72.4700,73.5300,72.2450
2026/03/02,73.7800,0.3500,+0.48,3699395,72.3700,73.9100,71.5700
2026/02/27,73.4300,0.9500,-1.28,5454053,73.5800,74.3500,73.0300
2026/02/26,74.3800,1.2200,+1.67,2883634,73.4500,74.4300,72.8300
2026/02/25,73.1600,0.0700,+0.10,3239937,73.4200,73.7050,72.3400
2026/02/24,73.0900,0.1700,-0.23,4141766,73.3100,73.6100,70.8100
2026/02/23,73.2600,0.1800,+0.25,4864518,73.0700,74.4900,72.8600
2026/02/20,73.0800,0.8100,+1.12,3325464,72.3500,73.3700,72.0400
2026/02/19,72.2700,0.5300,-0.73,3459134,72.7850,73.2600,71.6100
2026/02/18,72.8000,2.3700,+3.37,4450543,70.7100,73.2400,70.0300
2026/02/17,70.4300,0.4100,+0.59,5909319,70.2500,72.1900,69.8100
2026/02/13,70.0200,4.9400,+7.59,11020961,64.4450,71.3400,62.8600
2026/02/12,65.0800,3.0700,-4.50,7685688,68.0100,69.0000,64.8800
2026/02/11,68.1500,0.0100,-0.01,5173249,68.2800,68.5500,67.0400
2026/02/10,68.1600,2.0000,-2.85,7885749,70.1800,70.3400,68.1200
2026/02/09,70.1600,0.1900,+0.27,4031502,69.0100,70.2100,67.8700
2026/02/06,69.9700,0.0800,+0.11,3659937,70.5700,70.6800,68.6800
2026/02/05,69.8900,0.9300,-1.31,5571968,70.9800,72.0550,69.6300
2026/02/04,70.8200,0.8100,-1.13,7051273,71.8600,72.2750,70.4800
2026/02/03,71.6300,0.9000,-1.24,5026743,72.5500,75.3600,70.7300
2026/02/02,72.5300,0.5100,-0.70,3274347,72.7050,73.5900,72.4100
2026/01/30,73.0400,0.9600,-1.30,3825652,73.4100,74.9550,72.8300
2026/01/29,74.0000,0.6400,+0.87,5100856,73.3200,74.2100,72.3400
2026/01/28,73.3600,0.3100,-0.42,4525412,73.6700,73.9250,72.6600
2026/01/27,73.6700,0.3300,+0.45,5642820,73.2150,73.8800,71.8450
2026/01/26,73.3400,0.4800,+0.66,7318771,72.9500,74.0100,72.6500
2026/01/23,72.8600,1.0600,-1.43,5247368,73.0500,73.5300,71.6600
2026/01/22,73.9200,1.8100,+2.51,11335555,71.7400,75.9750,70.7800
2026/01/21,72.1100,1.3800,+1.95,5406323,71.2900,72.8100,70.7500
2026/01/20,70.7300,1.1900,+1.71,4842341,68.7700,71.3299,68.5400
2026/01/16,69.5400,0.3000,+0.43,7440493,69.3500,70.3800,69.0200
2026/01/15,69.2400,0.4600,-0.66,5636161,69.6500,70.0550,68.9700
2026/01/14,69.7000,0.5500,-0.78,5836483,70.0500,71.2800,68.7100
2026/01/13,70.2500,0.7300,-1.03,8712143,70.8900,70.9200,68.4650
2026/01/12,70.9800,3.5800,+5.31,10860589,66.7400,72.5000,65.9200
2026/01/09,67.4000,1.0300,-1.51,7876486,68.6100,68.8900,65.6000
2026/01/08,68.4300,1.6700,-2.38,4564683,69.3300,69.8400,67.3000
2026/01/07,70.1000,0.2100,+0.30,5080661,69.7600,70.9200,69.1200
2026/01/06,69.8900,2.2400,+3.31,3973695,67.6500,70.2800,67.3000
2026/01/05,67.6500,1.1100,+1.67,5200783,66.6400,67.9400,65.1900
2026/01/02,66.5400,0.1700,+0.26,2893203,66.6300,67.4900,66.1200
2025/12/31,66.3700,0.6900,-1.03,2065092,67.1000,67.1500,66.0000
2025/12/30,67.0600,0.4100,-0.61,2252360,67.3600,67.7100,66.8600
2025/12/29,67.4700,0.1000,-0.15,2708504,67.5900,68.1800,67.1200
2025/12/26,67.5700,0.1500,+0.22,1411796,67.4500,67.6600,67.0000
2025/12/24,67.4200,0.5600,+0.84,948103,66.9200,67.5100,66.7500
2025/12/23,66.8600,0.5700,-0.85,2818447,67.3600,67.3950,66.3500
2025/12/22,67.4300,1.3700,+2.07,3950512,66.1600,67.9500,66.1200
2025/12/19,66.0600,0.1500,+0.23,10644469,66.4500,66.8700,65.6400
2025/12/18,65.9100,0.1600,+0.24,3922649,66.3100,66.6700,65.5600
2025/12/17,65.7500,0.6200,-0.93,5235270,66.1800,68.1900,65.6300
2025/12/16,66.3700,0.6400,+0.97,4630392,66.3500,67.0000,65.2000
2025/12/15,65.7300,1.2300,-1.84,7428659,67.4200,67.7500,65.3600
2025/12/12,66.9600,1.9800,-2.87,6833025,69.0250,69.3100,66.6750
2025/12/11,68.9400,1.3800,+2.04,6926610,67.9800,69.7700,67.5300
2025/12/10,67.5600,1.2300,+1.85,8527643,66.4850,68.2200,65.6100
2025/12/09,66.3300,0.7100,+1.08,5136011,65.6000,66.7700,64.4000
2025/12/08,65.6200,0.1300,+0.20,4681315,65.2600,66.0400,64.0000
2025/12/05,65.4900,0.2400,+0.37,3854687,65.3800,66.7500,65.1500
2025/12/04,65.2500,0.4000,+0.62,3484310,65.1300,65.3350,64.0900
2025/12/03,64.8500,0.4000,+0.62,3710786,64.4300,65.1600,64.0900
2025/12/02,64.4500,0.9300,+1.46,4799533,65.0900,65.3150,64.3600
2025/12/01,63.5200,0.0500,+0.08,5209243,62.7900,63.9750,62.3200
2025/11/28,63.4700,0.9400,+1.50,2254792,62.5650,63.9500,62.2301
2025/11/26,62.5300,0.8400,+1.36,3665450,61.3600,63.0850,61.0800
2025/11/25,61.6900,0.5200,-0.84,6759583,61.9850,64.0000,61.4250
2025/11/24,62.2100,1.9800,+3.29,6298016,60.3800,62.8500,60.0700
2025/11/21,60.2300,1.8100,+3.10,5453686,58.5000,61.1500,58.3550
2025/11/20,58.4200,1.3100,-2.19,4820936,59.7200,60.7550,58.2850
2025/11/19,59.7300,0.4400,-0.73,6353545,59.7800,60.3300,59.1600
2025/11/18,60.1700,1.6800,+2.87,6688572,58.3500,60.4800,58.1400
2025/11/17,58.4900,0.4300,+0.74,6047666,58.1100,59.1500,57.2000
2025/11/14,58.0600,1.6600,-2.78,5375297,59.0500,59.4700,57.9200
2025/11/13,59.7200,0.1100,+0.18,6824424,59.1950,60.8500,59.1950
2025/11/12,59.6100,1.4800,+2.55,6845186,58.0700,59.7900,57.5100
2025/11/11,58.1300,3.2900,+6.00,9740898,56.2900,58.8600,55.8400
2025/11/10,54.8400,0.1600,-0.29,8877587,55.1600,55.8950,54.2000
2025/11/07,55.0000,3.0200,-5.21,10943925,58.0150,58.2500,54.1100
2025/11/06,58.0200,1.2600,-2.13,8984545,58.9700,60.0000,56.8900
2025/11/05,59.2800,1.9000,-3.11,8967393,60.9500,60.9500,58.3400
2025/11/04,61.1800,0.7500,+1.24,11623128,61.0900,62.3900,58.8800
2025/11/03,60.4300,2.2100,+3.80,17887172,58.5500,61.1450,58.5000
2025/10/31,58.2200,9.9800,-14.63,26557734,59.1900,60.3600,56.4450
2025/10/30,68.2000,0.0200,+0.03,7250695,68.3600,69.1700,68.0000
2025/10/29,68.1800,1.0500,-1.52,4434808,68.9200,69.1000,67.7950
2025/10/28,69.2300,1.4000,-1.98,8687456,70.6650,70.6650,66.4200
2025/10/27,70.6300,0.3000,+0.43,2909309,70.8700,71.1150,69.8200
2025/10/24,70.3300,0.7300,-1.03,3162013,71.1400,72.0800,70.3100
2025/10/23,71.0600,0.3600,+0.51,2856351,70.7000,71.5000,70.1100
2025/10/22,70.7000,0.9500,+1.36,4156796,70.4400,71.9900,69.7500
2025/10/21,69.7500,1.3200,+1.93,4481068,68.6800,69.8300,67.9900
2025/10/20,68.4300,1.8300,+2.75,4724688,67.0500,68.4700,66.7000
2025/10/17,66.6000,0.2700,+0.41,3516582,66.2600,66.8500,65.4100
2025/10/16,66.3300,0.9200,+1.41,3956649,66.0000,66.6800,64.9850
2025/10/15,65.4100,0.8000,-1.21,3334085,66.3500,66.6100,64.9000
2025/10/14,66.2100,1.0100,+1.55,5726732,63.8500,67.2900,63.1950
2025/10/13,65.2000,0.0800,+0.12,3379925,65.9900,66.3700,64.9300
2025/10/10,65.1200,2.9600,-4.35,3502918,68.1500,68.5000,65.0300
2025/10/09,68.0800,0.3000,+0.44,3345099,67.5600,69.0000,67.2400
2025/10/08,67.7800,1.7500,+2.65,5947157,65.9600,67.8800,64.9000
2025/10/07,66.0300,0.3300,-0.50,3703550,66.7700,67.4300,65.8800
2025/10/06,66.3600,0.6900,-1.03,5931256,67.9000,68.0000,66.1200
2025/10/03,67.0500,0.6100,+0.92,4440066,66.7800,67.6300,66.3700
2025/10/02,66.4400,0.3600,+0.54,4891592,65.7900,66.8200,64.6700
2025/10/01,66.0800,1.2100,-1.80,7619533,67.2100,67.8600,63.5300
2025/09/30,67.2900,0.8300,+1.25,3793547,66.7000,67.6100,66.1800
2025/09/29,66.4600,0.6400,-0.95,5867974,67.3400,67.3700,65.1800
2025/09/26,67.1000,1.2000,-1.76,7431517,68.0500,69.2500,66.7100
2025/09/25,68.3000,0.8000,+1.19,6570351,66.7000,68.5700,65.5000
2025/09/24,67.5000,0.7000,-1.03,6904896,68.2650,70.1800,67.1400
2025/09/23,68.2000,1.3100,-1.88,6156001,69.0100,69.9800,68.0300
2025/09/22,69.5100,2.0600,+3.05,11279298,67.6900,70.5000,66.5700
2025/09/19,67.4500,8.3300,-10.99,20848663,75.0000,75.1800,66.9000
2025/09/18,75.7800,0.6600,-0.86,9237330,72.9300,75.9600,71.8000
2025/09/17,76.4400,0.1100,-0.14,7422223,76.9900,77.8400,75.5501
2025/09/16,76.5500,0.9700,+1.28,4300567,75.7900,77.7300,75.6000
2025/09/15,75.5800,0.6400,-0.84,3861590,76.4400,78.9600,75.5250
2025/09/12,76.2200,0.2200,+0.29,3054630,75.7700,76.6900,75.3900
2025/09/11,76.0000,0.0000,0,6352978,76.2400,77.9300,75.8500
2025/09/10,76.0000,2.4000,-3.06,4889784,77.9700,78.2800,75.5550
2025/09/09,78.4000,0.4000,+0.51,2503758,77.6100,79.2000,77.6100
2025/09/08,78.0000,2.5100,-3.12,4101010,79.3500,79.6500,77.7400
2025/09/05,80.5100,0.2500,-0.31,2718286,80.8750,81.6000,79.4800
2025/09/04,80.7600,1.8400,+2.33,4977460,79.2000,81.6400,78.6800
2025/09/03,78.9200,4.6200,+6.22,6702573,74.3200,79.5100,74.0000
2025/09/02,74.3000,1.0400,-1.38,4469420,74.1700,75.1073,73.4700
2025/08/29,75.3400,0.2600,+0.35,2921982,75.0800,75.8000,74.5400
2025/08/28,75.0800,1.3000,-1.70,5969633,76.2600,76.3600,74.2100
2025/08/27,76.3800,0.2600,+0.34,4576689,75.8000,76.9700,74.7400
2025/08/26,76.1200,0.1600,+0.21,4840800,76.2500,76.8900,75.7200
2025/08/25,75.9600,6.3000,-7.66,6534615,81.7050,82.2000,75.8900
2025/08/22,82.2600,1.6400,+2.03,3667106,81.0100,82.3600,80.4750
2025/08/21,80.6200,1.0500,-1.29,3470305,81.4500,81.9300,79.8300
2025/08/20,81.6700,0.7700,+0.95,3584483,80.7700,82.0500,80.4300
2025/08/19,80.9000,0.0800,+0.10,2267882,80.6800,81.4200,80.3200
2025/08/18,80.8200,0.1300,-0.16,2976858,80.9300,81.7400,80.3227
2025/08/15,80.9500,0.9900,+1.24,2232926,80.2900,82.0400,80.2900
2025/08/14,79.9600,0.0000,0,2291904,79.7400,80.2050,78.8600
2025/08/13,79.9600,0.2100,-0.26,4278314,80.6700,81.5600,79.8700
2025/08/12,80.1700,2.3200,+2.98,3609936,78.5000,80.3600,78.1450
2025/08/11,77.8500,1.0100,-1.28,4224440,78.7400,79.2200,77.5990
2025/08/08,78.8600,2.4600,+3.22,3865848,76.2700,79.0500,76.2700
2025/08/07,76.4000,0.0000,0,3083957,77.1200,77.9500,75.5900
2025/08/06,76.4000,0.9400,+1.25,4843281,75.4800,77.9500,74.7950
2025/08/05,75.4600,0.7900,-1.04,5633134,76.3000,76.5300,74.8800
2025/08/04,76.2500,3.0300,-3.82,6537454,79.9000,80.2150,75.9400
2025/08/01,79.2800,1.4900,-1.84,5238726,80.5700,80.8600,78.9300
2025/07/31,80.7700,8.2900,-9.31,9282481,85.7000,87.0000,80.4600
2025/07/30,89.0600,0.2900,-0.32,4522233,89.3500,89.9800,88.3000
2025/07/29,89.3500,0.1800,-0.20,2472433,89.6400,89.9600,88.9700
2025/07/28,89.5300,0.5400,+0.61,2700621,88.9900,89.7600,88.6300
2025/07/25,88.9900,2.2500,+2.59,3072493,87.2150,89.0700,86.6900
2025/07/24,86.7400,0.3100,+0.36,1994678,86.5400,87.1400,86.0550
2025/07/23,86.4300,1.3100,+1.54,2188235,86.1900,86.7750,85.4900
2025/07/22,85.1200,1.0900,+1.30,1971631,84.4900,85.6500,84.2500
2025/07/21,84.0300,0.1400,+0.17,2093731,83.9550,84.5000,83.3000
2025/07/18,83.8900,0.2100,-0.25,2616547,84.7000,84.7750,83.2300
2025/07/17,84.1000,0.0300,-0.04,4777438,84.0900,85.9000,83.5400
2025/07/16,84.1300,0.6500,-0.77,2353452,85.4850,85.5700,83.8500
2025/07/15,84.7800,0.5500,-0.64,2128100,86.0300,86.1400,84.6700
2025/07/14,85.3300,1.9600,+2.35,2384116,83.4200,85.6100,82.9600
2025/07/11,83.3700,2.0900,-2.45,2328315,85.3300,85.3500,83.0500
2025/07/10,85.4600,0.5900,+0.70,3670085,85.2400,85.9200,84.0580
2025/07/09,84.8700,1.1100,+1.33,2692919,84.1400,85.2000,82.7300
2025/07/08,83.7600,0.8200,+0.99,3037999,83.1400,84.4600,82.9241
2025/07/07,82.9400,0.0100,+0.01,2782495,82.8400,83.8050,82.5000
2025/07/03,82.9300,0.6500,-0.78,1841055,83.7000,84.4900,82.5750
2025/07/02,83.5800,0.0000,0,2867130,83.2600,84.7300,82.7900
2025/07/01,83.5800,3.7100,-4.25,5589561,83.1750,85.6200,82.7500
2025/06/30,87.2900,0.9600,+1.11,2724448,85.7700,87.4900,85.5568
2025/06/27,86.3300,1.2900,+1.52,4632472,85.0000,87.4800,84.8400
2025/06/26,85.0400,0.3600,+0.43,2456012,84.9500,86.0700,84.8000
2025/06/25,84.6800,2.8900,-3.30,4435185,87.5500,87.7500,84.4000
2025/06/24,87.5700,7.7300,+9.68,10200996,80.3100,88.3200,79.4000
2025/06/23,79.8400,0.1600,-0.20,5672531,79.9900,80.3200,77.8100
2025/06/20,80.0000,1.0100,-1.25,5238850,81.6000,82.0600,79.6100
2025/06/18,81.0100,0.8200,-1.00,4738518,82.0100,82.4300,80.2300
2025/06/17,81.8300,1.1700,-1.41,2685622,82.6650,83.3500,81.6100
2025/06/16,83.0000,1.0100,+1.23,3446282,82.8000,83.7000,82.2650
2025/06/13,81.9900,0.8600,-1.04,2904103,81.6900,83.1700,81.3901
2025/06/12,82.8500,0.1400,-0.17,2805698,83.0900,83.6088,82.0244
2025/06/11,82.9900,1.8300,-2.16,3246683,85.0100,85.4900,82.9000
2025/06/10,84.8200,0.8600,-1.00,2246936,86.0500,86.4500,84.3050
2025/06/09,85.6800,0.9900,-1.14,2072842,86.9100,86.9350,85.0900
2025/06/06,86.6700,0.9300,+1.08,2422665,86.7300,87.9100,85.8300
2025/06/05,85.7400,0.1300,+0.15,2394742,85.7800,86.5400,84.8700
2025/06/04,85.6100,1.1800,-1.36,1858029,86.8700,87.2350,85.5900
2025/06/03,86.7900,1.2800,+1.50,2423031,85.4900,87.3300,84.5000
2025/06/02,85.5100,0.2900,-0.34,2524466,85.4400,85.8800,84.1000
2025/05/30,85.8000,0.9400,+1.11,4257115,86.7600,86.8000,84.8500
2025/05/29,84.8600,2.1200,-2.44,3694185,87.6500,87.6650,84.5100
2025/05/28,86.9800,1.6500,+1.93,2862709,85.2400,87.6000,85.2400
2025/05/27,85.3300,0.8200,+0.97,2034121,85.4400,85.7000,84.6000
2025/05/23,84.5100,0.3200,-0.38,2599356,83.9400,85.0100,83.4800
2025/05/22,84.8300,0.0600,-0.07,1693953,84.9000,85.3100,84.2800
2025/05/21,84.8900,2.4500,-2.81,2673498,86.4300,87.0000,84.5000
2025/05/20,87.3400,0.3800,+0.44,2743539,86.2100,87.6533,85.8750
2025/05/19,86.9600,1.4800,+1.73,2366501,84.6700,86.9900,84.3400
2025/05/16,85.4800,0.1900,-0.22,3397874,85.8800,86.0000,84.6800
2025/05/15,85.6700,0.8500,-0.98,2892321,86.2100,86.8500,84.7600
2025/05/14,86.5200,2.4100,+2.87,3828441,83.6400,86.5650,83.6400
2025/05/13,84.1100,0.9400,-1.11,5514636,84.7400,85.5400,83.8400
2025/05/12,85.0500,0.3800,+0.45,4030142,87.0200,87.0200,84.3100
2025/05/09,84.6700,0.6700,-0.79,3349024,84.7800,85.7100,84.2300
2025/05/08,85.3400,1.9900,+2.39,6159401,84.0000,85.7400,83.4800
2025/05/07,83.3500,1.8200,+2.23,3945588,81.5300,83.9000,80.5000
2025/05/06,81.5300,1.2600,+1.57,5205021,79.5150,82.4800,78.5501
2025/05/05,80.2700,1.3500,-1.65,5371566,81.6500,81.9600,80.0018
2025/05/02,81.6200,11.3600,+16.17,10696540,75.2600,81.8800,74.9600
2025/05/01,70.2600,1.1200,-1.57,6874455,71.3800,71.7100,69.7000
2025/04/30,71.3800,0.0800,+0.11,2859756,70.6650,71.5700,69.7500
2025/04/29,71.3000,0.1200,+0.17,2332053,71.2750,71.4600,70.2900
2025/04/28,71.1800,0.4800,-0.67,2782847,72.2700,72.6000,70.5731
2025/04/25,71.6600,0.8800,+1.24,2857999,70.8500,72.2800,70.3550
2025/04/24,70.7800,3.9200,+5.86,3922896,67.7900,70.9800,67.5450
2025/04/23,66.8600,0.5300,+0.80,4522417,68.4500,70.2100,66.8000
2025/04/22,66.3300,0.2200,+0.33,4142207,67.0900,67.3050,65.5300
2025/04/21,66.1100,2.4600,-3.59,4023310,68.0700,68.1200,65.1100
2025/04/17,68.5700,0.1600,-0.23,3702797,67.0000,68.7800,66.5300
2025/04/16,68.7300,0.5000,-0.72,4273569,68.8400,69.6900,67.7500
2025/04/15,69.2300,1.8400,+2.73,4615119,67.4000,69.3200,66.9780
2025/04/14,67.3900,1.2500,+1.89,3644730,67.2800,68.0700,66.4101
2025/04/11,66.1400,1.1600,-1.72,4788611,67.2300,67.6599,64.9900
2025/04/10,67.3000,0.4600,+0.69,8912116,72.8000,73.5000,66.4600
2025/04/09,66.8400,6.1500,+10.13,6697678,60.0900,67.6300,59.6200
2025/04/08,60.6900,0.9400,-1.53,5576407,62.5000,63.8900,59.9700
2025/04/07,61.6300,1.8000,+3.01,8396078,58.0300,62.9000,58.0000
2025/04/04,59.8300,1.9700,-3.19,6552482,59.6300,61.0500,57.5200
2025/04/03,61.8000,6.3400,-9.30,5404473,64.8900,65.0100,61.4800
2025/04/02,68.1400,0.8200,+1.22,2561941,66.3200,68.5200,66.3200
2025/04/01,67.3200,0.9700,-1.42,3216548,67.8500,68.4000,66.3000
2025/03/31,68.2900,0.5500,+0.81,5617469,67.2200,68.7500,66.2500
2025/03/28,67.7400,1.7300,-2.49,4681070,69.5000,69.8900,67.3700
2025/03/27,69.4700,2.6600,-3.69,5524036,71.9800,72.4700,69.4100
2025/03/26,72.1300,1.4200,-1.93,3271802,73.2500,73.3965,71.4700
2025/03/25,73.5500,1.7700,-2.35,3240581,75.2400,76.0100,72.5200
2025/03/24,75.3200,1.5200,+2.06,2692800,75.0450,75.8100,74.6000
2025/03/21,73.8000,1.3100,-1.74,5560929,74.1700,74.4850,72.7300
2025/03/20,75.1100,1.7300,+2.36,3588379,72.9000,76.2700,72.5200
2025/03/19,73.3800,2.6800,+3.79,4303239,70.7100,74.4200,70.7100
2025/03/18,70.7000,0.6500,-0.91,2604057,71.2500,71.3500,69.9200
2025/03/17,71.3500,0.6600,+0.93,3627105,70.3300,72.2000,70.3000
2025/03/14,70.6900,2.2100,+3.23,4902283,68.5900,70.7700,68.5900
2025/03/13,68.4800,2.2800,-3.22,3360485,70.7000,70.7150,68.3000
2025/03/12,70.7600,0.5000,+0.71,5172972,71.1800,72.3000,69.8600
2025/03/11,70.2600,0.4600,-0.65,6059270,71.1500,71.4500,69.0200
2025/03/10,70.7200,7.1200,-9.15,8340247,74.7400,74.9200,70.4700
2025/03/07,77.8400,1.6700,-2.10,3882539,79.5100,80.3200,76.8200
2025/03/06,79.5100,2.4500,-2.99,5366674,80.4400,81.7500,79.0900
2025/03/05,81.9600,0.4600,-0.56,3343383,82.6100,83.5400,81.5000
2025/03/04,82.4200,3.5700,-4.15,5574629,85.7600,86.1400,81.7700
2025/03/03,85.9900,2.3800,-2.69,3910629,88.6700,88.7400,85.6400
2025/02/28,88.3700,0.5600,+0.64,4965831,87.8400,88.6000,86.7900
2025/02/27,87.8100,2.1000,-2.34,2484427,89.4400,90.0000,87.7300
2025/02/26,89.9100,1.5900,+1.80,3052308,87.6800,90.6600,86.4100
2025/02/25,88.3200,2.4300,-2.68,3488404,90.7100,91.8700,87.9300
2025/02/24,90.7500,1.9700,+2.22,4021266,88.8200,91.2200,88.5000
2025/02/21,88.7800,0.5600,-0.63,3729542,88.6000,89.8700,87.5600
2025/02/20,89.3400,0.3400,-0.38,3340528,89.4500,89.8400,88.3600
2025/02/19,89.6800,0.8500,-0.94,3251731,90.7700,91.7400,89.1150
2025/02/18,90.5300,1.4600,+1.64,5693476,90.0000,93.2500,89.5700
2025/02/14,89.0700,4.9800,+5.92,7591954,86.0300,89.8400,86.0000
2025/02/13,84.0900,0.2200,+0.26,6821217,83.9600,84.5800,83.2000
2025/02/12,83.8700,2.5100,-2.91,4111749,85.0700,85.2900,83.7800
2025/02/11,86.3800,1.8900,-2.14,2586247,87.5200,88.0200,86.2800
2025/02/10,88.2700,0.1900,+0.22,3006767,88.3800,88.4250,85.6044
2025/02/07,88.0800,0.2400,-0.27,2928675,88.5200,88.7200,87.5950
2025/02/06,88.3200,0.4600,-0.52,2472161,88.8500,89.5800,87.6600
2025/02/05,88.7800,1.3200,+1.51,2011934,87.4600,88.8600,87.0100
2025/02/04,87.4600,0.4100,+0.47,2079105,85.0020,87.9500,85.0020
2025/02/03,87.0500,0.2200,+0.25,2177688,88.0000,88.4200,86.7900
2025/01/31,86.8300,0.7900,-0.90,2339488,86.8700,88.2900,86.5900
2025/01/30,87.6200,1.1900,+1.38,2160122,86.6100,88.7000,86.6100
2025/01/29,86.4300,1.9200,-2.17,2639183,88.1500,88.3100,86.0400
2025/01/28,88.3500,0.8200,+0.94,3408263,87.0100,89.0000,86.6501
2025/01/27,87.5300,1.2200,-1.37,3206222,88.5800,89.5900,87.3500
2025/01/24,88.7500,1.0500,+1.20,3256231,88.0000,88.8700,87.1600
2025/01/23,87.7000,0.6100,+0.70,3991432,87.0200,87.8600,86.6200
2025/01/22,87.0900,0.7700,+0.89,3175381,85.8500,88.2050,85.7200
2025/01/21,86.3200,1.9400,+2.30,4057763,86.2700,87.0500,85.0700
2025/01/17,84.3800,0.4600,-0.54,5135596,86.3200,86.3300,83.8900
2025/01/16,84.8400,4.4400,+5.52,6002024,83.0000,85.4850,82.4400
2025/01/15,80.4000,1.2300,+1.55,4770866,80.1700,82.2900,80.0529
2025/01/14,79.1700,0.6700,-0.84,4112953,80.6400,80.7000,77.1000
2025/01/13,79.8400,2.0800,+2.67,5520252,82.0000,82.2400,73.6200
2025/01/10,77.7600,2.3300,-2.91,4716961,79.5000,79.6350,76.8600
2025/01/08,80.0900,0.7400,+0.93,2423240,79.1000,80.7000,78.8500
2025/01/07,79.3500,0.5300,-0.66,2429086,80.4600,80.9500,79.1150
2025/01/06,79.8800,1.1900,-1.47,3441450,81.9500,82.6640,79.6400
2025/01/03,81.0700,2.5700,+3.27,2684639,79.0000,81.2188,78.5200
2025/01/02,78.5000,0.7300,+0.94,2243942,77.8700,79.9700,77.6600
2024/12/31,77.7700,0.2300,-0.29,1966385,78.6200,78.7800,77.3300
2024/12/30,78.0000,2.2400,-2.79,2753046,79.2800,79.6000,77.6700
2024/12/27,80.2400,0.3300,-0.41,1797810,80.0300,80.5000,79.6300
2024/12/26,80.5700,0.3300,+0.41,1350864,79.5400,80.6700,79.2500
2024/12/24,80.2400,0.7000,+0.88,1153109,79.5600,80.8300,78.5900
2024/12/23,79.5400,0.5000,-0.62,2389520,78.9000,80.2500,77.7987
2024/12/20,80.0400,4.2200,+5.57,11578521,75.4700,81.5100,75.4700
2024/12/19,75.8200,0.5600,+0.74,3815111,75.6400,76.2800,74.5000
2024/12/18,75.2600,2.5400,-3.26,2949352,77.2600,77.5700,75.2300
2024/12/17,77.8000,1.3900,+1.82,3613816,76.3000,78.3800,76.0500
2024/12/16,76.4100,0.7800,-1.01,4013482,76.8700,77.4200,75.0500
2024/12/13,77.1900,1.7400,-2.20,2956879,78.6000,78.7200,76.8200
2024/12/12,78.9300,1.5400,-1.91,3209972,80.1800,80.9600,77.8250
2024/12/11,80.4700,1.0600,+1.33,2913125,79.8250,81.1200,79.4100
2024/12/10,79.4100,1.0000,+1.28,2969863,78.7900,80.9000,77.8950
2024/12/09,78.4100,0.6900,+0.89,2288040,78.0900,79.1100,77.5500
2024/12/06,77.7200,1.2000,-1.52,2645420,79.2100,79.5000,77.3300
2024/12/05,78.9200,2.0900,-2.58,3275903,80.9100,81.0000,78.0600
2024/12/04,81.0100,0.1000,+0.12,3229957,80.8600,82.2600,80.6900
2024/12/03,80.9100,1.6000,+2.02,3609716,79.0000,81.1100,78.0901
2024/12/02,79.3100,1.3200,+1.69,3277964,78.1900,80.1800,77.5001
2024/11/29,77.9900,0.1100,-0.14,1510418,78.4000,79.3700,77.8900
2024/11/27,78.1000,0.1600,+0.21,2003316,78.4300,78.6200,77.1800
2024/11/26,77.9400,0.1100,+0.14,4142028,78.6500,79.3800,76.9401
2024/11/25,77.8300,5.0000,+6.87,6579325,74.2000,78.2200,73.2700
2024/11/22,72.8300,1.6300,-2.19,4562893,74.8500,75.2860,72.5100
2024/11/21,74.4600,0.7800,-1.04,3231191,74.8300,75.7600,74.1400
2024/11/20,75.2400,0.3600,+0.48,3077219,74.7300,75.3100,72.9400
2024/11/19,74.8800,1.3900,-1.82,3351898,75.7000,76.6100,74.6500
2024/11/18,76.2700,0.3900,+0.51,3898229,75.8800,78.1600,75.6900
2024/11/15,75.8800,1.2000,+1.61,6879181,75.5100,78.1100,75.1300
2024/11/14,74.6800,2.1500,+2.96,4517812,72.6000,75.7800,71.7500
2024/11/13,72.5300,1.8100,-2.43,4170400,74.4550,74.5500,71.8400
2024/11/12,74.3400,4.0300,+5.73,5469099,69.4600,75.4700,69.2300
2024/11/11,70.3100,0.3500,+0.50,4532141,70.0700,72.0400,69.6298
2024/11/08,69.9600,1.0500,+1.52,3153680,69.0000,70.9900,68.7350
2024/11/07,68.9100,0.3000,+0.44,4671422,68.7900,68.9800,67.6950
2024/11/06,68.6100,0.3900,-0.57,5193568,69.8200,70.2500,67.8950
2024/11/05,69.0000,0.7000,-1.00,3408061,69.6900,69.6900,68.3700
2024/11/04,69.7000,0.6500,-0.92,3058490,70.8800,71.0100,69.6500
2024/11/01,70.3500,0.1300,-0.18,2735060,70.1000,71.0900,69.8800
2024/10/31,70.4800,1.3200,-1.84,4043935,71.5000,71.6100,69.7400
2024/10/30,71.8000,0.4400,-0.61,3566753,72.1000,72.5600,71.0900
2024/10/29,72.2400,0.1400,+0.19,4164505,72.2500,72.5800,70.8800
2024/10/28,72.1000,1.3400,-1.82,5566362,73.4800,74.6000,71.6000
2024/10/25,73.4400,1.4100,-1.88,14562597,73.4000,76.0600,70.8800
2024/10/24,74.8500,2.3700,+3.27,9945217,73.2100,75.1300,73.0300
2024/10/23,72.4800,0.6000,-0.82,4293271,72.3200,73.2300,72.2000
2024/10/22,73.0800,0.4700,+0.65,2777881,72.1000,73.1200,71.8400
2024/10/21,72.6100,0.2300,+0.32,3233057,71.8700,73.7900,71.8100
2024/10/18,72.3800,2.8300,+4.07,3695232,69.5000,72.4000,69.2600
2024/10/17,69.5500,0.3500,-0.50,3801182,69.9000,70.4000,69.2033
2024/10/16,69.9000,2.8000,+4.17,4703733,67.5900,69.9600,67.5850
2024/10/15,67.1000,2.0800,-3.01,5620116,69.0000,69.0900,67.0400
2024/10/14,69.1800,0.0300,-0.04,3482918,69.8100,69.8100,68.1900
2024/10/11,69.2100,0.3500,-0.50,3942344,69.9800,70.0200,69.0600
2024/10/10,69.5600,0.0600,-0.09,4719426,69.1600,70.0000,68.5700
2024/10/09,69.6200,0.1900,+0.27,2625079,69.1700,69.7250,68.8300
2024/10/08,69.4300,0.8100,+1.18,3944442,68.8600,69.6300,68.5700
2024/10/07,68.6200,0.5100,+0.75,3605425,68.1000,69.5717,67.8100
2024/10/04,68.1100,2.4300,+3.70,6336526,66.4500,68.9900,66.2200
2024/10/03,65.6800,1.4200,-2.12,3457495,66.8200,67.1499,65.5800
2024/10/02,67.1000,1.1000,+1.67,3771585,65.7000,67.1900,64.7600
2024/10/01,66.0000,1.0400,-1.55,3937864,67.3900,67.3900,65.2900
2024/09/30,67.0400,0.2500,-0.37,4106205,67.7700,68.2700,66.4950
2024/09/27,67.2900,0.2400,-0.36,4246993,68.3000,68.6000,67.1400
2024/09/26,67.5300,0.8000,+1.20,3295219,67.0000,67.7100,66.3300
2024/09/25,66.7300,1.9300,-2.81,4131292,68.6100,68.6800,66.3200
2024/09/24,68.6600,1.0400,-1.49,3242519,69.8600,69.9999,68.5544
2024/09/23,69.7000,0.7300,-1.04,3301829,70.4700,70.9200,69.6100
2024/09/20,70.4300,1.4900,-2.07,7711855,71.9100,71.9100,69.7100
2024/09/19,71.9200,2.4600,+3.54,4184210,70.8800,72.3400,70.2671
2024/09/18,69.4600,0.5200,+0.75,3421445,69.4000,70.6300,69.0800
2024/09/17,68.9400,1.1500,-1.64,5084246,69.9900,70.9700,68.5900
2024/09/16,70.0900,0.5800,+0.83,4171770,70.4200,71.5200,69.9300
2024/09/13,69.5100,0.6900,+1.00,2615490,68.9700,69.9000,68.1400
2024/09/12,68.8200,0.3500,+0.51,3595249,68.4700,69.3000,67.3441
2024/09/11,68.4700,0.0800,-0.12,3962477,68.3800,68.5600,66.8600
2024/09/10,68.5500,1.1600,-1.66,2559305,69.8300,70.0100,68.0600
2024/09/09,69.7100,1.1000,+1.60,3632786,68.8700,71.5600,68.7400
2024/09/06,68.6100,0.4400,-0.64,3698941,69.2400,69.2700,66.9500
2024/09/05,69.0500,0.7700,-1.10,4723197,69.6550,69.8000,67.5200
2024/09/04,69.8200,2.5400,-3.51,4308057,71.4500,71.7100,69.3300
2024/09/03,72.3600,3.0200,+4.36,5226589,68.9100,73.2800,68.9100
2024/08/30,69.3400,0.2800,-0.40,4614225,70.0000,70.4300,68.9900
2024/08/29,69.6200,0.8600,-1.22,3876367,71.1500,71.5000,69.4500
2024/08/28,70.4800,1.7600,-2.44,4090379,72.0600,72.2200,70.3100
2024/08/27,72.2400,1.4300,-1.94,3458221,74.1400,74.3100,71.9500
2024/08/26,73.6700,0.4000,-0.54,2570091,73.6600,75.0000,73.5100
2024/08/23,74.0700,1.7900,+2.48,3358127,72.3500,75.1950,72.0800
2024/08/22,72.2800,0.9200,-1.26,3570087,73.6700,74.5600,72.1800
2024/08/21,73.2000,0.3500,+0.48,4152511,73.7500,73.7500,72.1500
2024/08/20,72.8500,4.8400,-6.23,7704715,76.0000,77.5800,72.3900
2024/08/19,77.6900,3.0400,+4.07,3645990,74.7800,77.7700,74.5000
2024/08/16,74.6500,2.2900,+3.16,3122863,72.5700,74.7300,72.5100
2024/08/15,72.3600,2.3100,+3.30,4827378,70.9700,72.4600,69.9000
2024/08/14,70.0500,0.9700,-1.37,5101958,70.4000,71.0200,69.6550
2024/08/13,71.0200,0.2500,-0.35,5309438,71.0100,72.1500,70.3700
2024/08/12,71.2700,1.5100,+2.16,3348449,69.7600,72.1200,69.0100
2024/08/09,69.7600,1.7400,-2.43,3933835,71.5600,72.3400,69.6200
2024/08/08,71.5000,2.1800,+3.14,5554353,69.8000,71.7600,69.7950
2024/08/07,69.3200,5.9300,-7.88,10012543,72.0054,73.3100,69.0700
2024/08/06,75.2500,2.8200,+3.89,9063692,72.9200,77.3200,72.6900
2024/08/05,72.4300,0.1300,+0.18,10692291,69.1600,75.1498,68.8100
2024/08/02,72.3000,1.9800,+2.82,7633973,69.4500,72.6100,68.9100
2024/08/01,70.3200,2.5000,+3.69,11193750,68.1500,71.2300,68.1100
2024/07/31,67.8200,1.8800,-2.70,11128852,69.9000,70.8800,67.0000
2024/07/30,69.7000,2.2200,+3.29,15509806,68.5400,70.8000,67.8200
2024/07/29,67.4800,3.4800,+5.44,18397278,65.0300,68.9300,64.1701
2024/07/26,64.0000,43.8500,-40.66,53914127,66.0000,67.4400,62.3400
2024/07/25,107.8500,4.0900,-3.65,11417975,111.1700,112.5500,107.5600
2024/07/24,111.9400,0.1900,-0.17,3614773,111.9700,113.0800,110.0000
2024/07/23,112.1300,0.4800,+0.43,2370361,111.6500,113.2800,110.4410
2024/07/22,111.6500,0.0100,-0.01,1728965,112.7600,113.2500,110.7500
2024/07/19,111.6600,0.9600,+0.87,2274469,111.7300,112.1550,110.0400
2024/07/18,110.7000,3.9100,-3.41,2848504,114.4900,116.3450,110.6500
2024/07/17,114.6100,1.4500,-1.25,2562757,116.0400,117.1900,114.5800
2024/07/16,116.0600,3.0500,+2.70,2520629,112.9300,116.1200,112.0800
2024/07/15,113.0100,1.0500,-0.92,1922836,113.5400,114.7700,112.0500
2024/07/12,114.0600,1.4000,+1.24,2300403,112.6500,115.3400,111.6700
2024/07/11,112.6600,1.8700,+1.69,2013224,111.1250,113.7999,110.8000
2024/07/10,110.7900,0.0500,-0.05,2151162,110.8400,111.2900,109.4200
2024/07/09,110.8400,0.1300,-0.12,1291141,111.3200,111.5185,110.4400
2024/07/08,110.9700,2.7200,-2.39,1648272,113.5000,113.5000,110.6300
2024/07/05,113.6900,2.7800,+2.51,1347262,111.1700,113.8300,110.0300
2024/07/03,110.9100,1.5800,-1.40,1353061,112.4000,112.4900,109.8100
2024/07/02,112.4900,0.3200,+0.29,1778550,112.1700,113.0800,111.0000
2024/07/01,112.1700,1.2100,-1.07,2583626,113.0000,115.2950,111.0000
2024/06/28,113.3800,1.1600,-1.01,5429492,114.2900,114.5800,111.8600
2024/06/27,114.5400,1.0300,+0.91,2473875,112.6900,114.9700,112.4900
2024/06/26,113.5100,3.2000,+2.90,2543965,110.2800,113.8300,110.1600
2024/06/25,110.3100,0.2600,-0.24,4093632,111.3600,111.8200,108.7100
2024/06/24,110.5700,6.0700,-5.20,4690341,116.4100,116.6000,109.7505
2024/06/21,116.6400,0.5700,+0.49,7133365,117.1800,117.2700,114.2200
2024/06/20,116.0700,0.5700,-0.49,1875319,116.9400,117.1200,115.4900
2024/06/18,116.6400,0.1100,+0.09,2192895,116.5300,117.4900,116.1300
2024/06/17,116.5300,0.5800,+0.50,3379666,115.1800,117.9100,114.6500
2024/06/14,115.9500,2.1400,+1.88,1813855,113.5500,116.0100,113.2300
2024/06/13,113.8100,3.3900,-2.89,2064703,115.1600,116.3300,113.6700
2024/06/12,117.2000,0.3000,+0.26,2385508,116.6000,118.8000,115.9600
2024/06/11,116.9000,0.3300,+0.28,2223270,116.9200,118.1200,115.7200
2024/06/10,116.5700,0.7800,+0.67,2298436,115.0500,116.9599,114.6200
2024/06/07,115.7900,0.4900,+0.42,3009534,114.7300,116.5800,114.2416
2024/06/06,115.3000,2.7800,-2.35,3509857,117.5000,118.1750,114.2000
2024/06/05,118.0800,1.3700,+1.17,3873946,116.7700,120.4800,116.0600
2024/06/04,116.7100,1.4800,+1.28,2904439,115.6300,117.0600,114.6800
2024/06/03,115.2300,3.5400,-2.98,4058266,118.1600,118.3800,114.3300
2024/05/31,118.7700,0.3700,+0.31,6065571,120.1500,121.4734,116.2600
2024/05/30,118.4000,9.2400,-7.24,5811458,127.6100,127.6100,117.2000
2024/05/29,127.6400,0.2600,+0.20,1349723,126.8200,128.6300,126.1900
2024/05/28,127.3800,0.0100,+0.01,1796476,126.7000,128.0400,125.1500
2024/05/24,127.3700,1.7700,+1.41,2275564,125.8200,128.2400,124.5400
2024/05/23,125.6000,4.9300,-3.78,1986875,129.9700,129.9700,125.3650
2024/05/22,130.5300,0.3100,-0.24,2089187,130.7300,131.7600,130.1000
2024/05/21,130.8400,0.1500,+0.11,1763503,131.1000,131.5600,129.9100
2024/05/20,130.6900,0.6700,-0.51,2114548,131.6900,132.0900,129.6900
2024/05/17,131.3600,0.5500,-0.42,2329399,131.7200,132.2600,130.1600
2024/05/16,131.9100,2.2000,+1.70,2018359,129.7900,132.2000,129.2800
2024/05/15,129.7100,3.7400,+2.97,2306993,126.5800,130.2200,126.0000
2024/05/14,125.9700,1.0200,+0.82,2202586,125.0300,126.5758,124.2500
2024/05/13,124.9500,2.1000,-1.65,2596547,128.2250,128.2250,124.7450
2024/05/10,127.0500,1.0900,-0.85,1689980,128.1400,129.3000,126.7200
2024/05/09,128.1400,0.7200,+0.57,1464257,128.1700,130.4800,127.6200
2024/05/08,127.4200,2.6800,-2.06,1336571,130.1800,130.3600,127.0400
2024/05/07,130.1000,0.4500,+0.35,1425267,129.6000,130.3200,128.9900
2024/05/06,129.6500,1.2800,+1.00,1858416,128.5200,129.9400,127.7900
2024/05/03,128.3700,1.7200,+1.36,1778982,127.2200,129.2200,126.9100
2024/05/02,126.6500,0.7700,+0.61,2311410,127.0300,127.8800,124.6100
2024/05/01,125.8800,1.5100,-1.19,2916511,126.2100,128.7400,123.5150
2024/04/30,127.3900,1.5800,+1.26,3049287,126.2500,128.6500,125.0800
2024/04/29,125.8100,1.4700,+1.18,3846764,125.1500,128.5100,123.0750
2024/04/26,124.3400,13.6700,-9.91,8578184,132.5000,138.8050,124.0800
2024/04/25,138.0100,0.1400,+0.10,4203199,138.9100,139.2400,134.3900
2024/04/24,137.8700,3.8700,+2.89,3238221,132.7900,138.5000,132.4700
2024/04/23,134.0000,2.4800,+1.89,2014910,131.4700,135.3100,131.0000
2024/04/22,131.5200,0.8100,+0.62,2110326,131.2600,132.3600,129.7400
2024/04/19,130.7100,3.5900,-2.67,2859646,134.6400,135.0600,129.1700
2024/04/18,134.3000,0.4400,+0.33,2116531,134.3600,135.9900,133.5800
2024/04/17,133.8600,2.6600,-1.95,3222471,136.0700,136.6400,132.8750
2024/04/16,136.5200,1.9600,+1.46,3036409,135.2900,137.8250,133.2100
2024/04/15,134.5600,1.5800,-1.16,2553508,137.8100,138.0150,134.5000
2024/04/12,136.1400,3.4800,-2.49,2413463,138.0200,138.7700,134.2800
2024/04/11,139.6200,0.7000,-0.50,2070115,140.1000,141.2500,138.1500
2024/04/10,140.3200,0.1300,-0.09,1847147,138.8100,140.6500,137.4200
2024/04/09,140.4500,0.5100,+0.36,2777247,140.7800,141.9900,138.5250
2024/04/08,139.9400,1.0100,+0.73,2285596,139.5300,140.9100,137.4700
2024/04/05,138.9300,5.5900,+4.19,2427115,133.1300,139.1100,131.7400
2024/04/04,133.3400,5.1700,-3.73,3034285,139.5600,139.7100,133.2300
2024/04/03,138.5100,1.8600,+1.36,1735012,136.7300,139.9600,136.5850
2024/04/02,136.6500,1.2900,-0.94,2376530,136.3300,137.9900,135.2100
2024/04/01,137.9400,0.7600,-0.55,1862427,138.7900,139.6200,136.9800
2024/03/28,138.7000,0.7800,-0.56,2519944,139.9800,140.8000,138.5150
2024/03/27,139.4800,0.4500,-0.32,2031775,141.5500,141.8650,138.1150
2024/03/26,139.9300,0.1700,-0.12,3096190,140.6900,142.0000,138.4950
2024/03/25,140.1000,6.9200,+5.20,3917443,133.3900,140.8800,133.3900
2024/03/22,133.1800,0.2300,-0.17,1426253,133.5400,134.3800,131.3600
2024/03/21,133.4100,0.8800,+0.66,2185478,133.4800,136.4494,133.1500
2024/03/20,132.5300,1.6400,-1.22,1921634,134.8700,135.8100,131.3100
2024/03/19,134.1700,0.5500,-0.41,2267986,133.8300,134.3300,131.6350
2024/03/18,134.7200,4.2600,+3.27,2661607,131.6820,135.5800,131.5100
2024/03/15,130.4600,0.9600,+0.74,3965403,130.9500,131.8188,128.6200
2024/03/14,129.5000,2.1800,-1.66,2590030,132.4400,133.0000,128.7200
2024/03/13,131.6800,3.7000,-2.73,2945537,136.1000,137.4599,131.5300
2024/03/12,135.3800,2.3400,+1.76,3364109,133.0000,136.7300,130.7400
2024/03/11,133.0400,2.2100,-1.63,3227866,134.6500,136.4000,133.0100
2024/03/08,135.2500,2.0100,+1.51,3761934,134.0000,136.2500,132.3300
2024/03/07,133.2400,0.4800,-0.36,5021506,135.6000,137.9300,132.2600
2024/03/06,133.7200,11.9400,+9.80,9510525,126.1000,133.9400,124.1200
2024/03/05,121.7800,0.5200,-0.43,3543599,123.0800,123.9100,120.9000
2024/03/04,122.3000,0.5600,+0.46,3477446,121.7600,124.3000,120.5101
2024/03/01,121.7400,6.6700,+5.80,4530844,114.3700,122.2300,113.6900
2024/02/29,115.0700,0.8500,+0.74,3557097,115.0900,115.5600,114.0300
2024/02/28,114.2200,1.1000,-0.95,2764224,115.6100,115.7100,113.0500
2024/02/27,115.3200,0.8500,-0.73,2269287,116.2500,116.4150,114.5500
2024/02/26,116.1700,0.0900,-0.08,2812732,116.3500,118.1900,115.8520
2024/02/23,116.2600,1.2400,-1.06,6214003,117.1300,118.4900,116.0100
2024/02/22,117.5000,1.1100,+0.95,3037323,117.5500,118.0000,115.3600
2024/02/21,116.3900,1.4800,-1.26,2933632,117.0000,117.9600,115.3000
2024/02/20,117.8700,0.8200,+0.70,3198888,116.7300,119.0950,116.7300
2024/02/16,117.0500,0.6400,-0.54,3971529,116.8300,118.8050,116.3200
2024/02/15,117.6900,0.9400,+0.81,3125665,117.0800,118.5100,116.0500
2024/02/14,116.7500,0.2800,-0.24,3158222,117.0300,117.7000,114.9600
2024/02/13,117.0300,1.3900,-1.17,3308294,116.5200,120.2400,116.2600
2024/02/12,118.4200,2.0500,-1.70,5252213,119.5300,120.5000,117.1400
2024/02/09,120.4700,6.5800,-5.18,5639150,123.0000,124.9871,120.2900
2024/02/08,127.0500,0.4400,+0.35,4298564,127.2000,127.3700,125.2100
2024/02/07,126.6100,1.6900,+1.35,2246575,124.9200,127.1300,124.2750
2024/02/06,124.9200,3.6900,+3.04,1988440,121.8100,124.9800,120.4300
2024/02/05,121.2300,0.2700,+0.22,2714769,120.7100,121.8020,119.6000
2024/02/02,120.9600,1.6400,-1.34,2559747,122.2100,122.4500,119.6302
2024/02/01,122.6000,1.2500,+1.03,2478180,122.1500,123.8700,119.9200
2024/01/31,121.3500,0.5600,+0.46,2392795,121.2300,123.0600,120.1200
2024/01/30,120.7900,3.4600,-2.78,2680756,123.1400,123.2400,120.6000
2024/01/29,124.2500,2.2900,+1.88,2675364,121.8800,124.2600,119.5500
2024/01/26,121.9600,4.5450,-3.59,3851213,126.0700,126.3900,119.7100
2024/01/25,126.5050,0.9150,-0.72,1680134,129.1400,129.3900,125.2400
2024/01/24,127.4200,0.3000,+0.24,1762073,128.1000,128.5600,125.7400
2024/01/23,127.1200,2.1700,-1.68,1823113,129.1500,129.3192,125.3883
2024/01/22,129.2900,2.0000,+1.57,3290126,129.2000,130.3100,128.6500
2024/01/19,127.2900,0.1600,-0.13,2819435,127.1200,127.9900,125.0600
2024/01/18,127.4500,2.0000,+1.59,3594834,126.2600,128.0000,125.2967
2024/01/17,125.4500,0.9900,+0.80,1905712,123.0000,125.5300,122.5400
2024/01/16,124.4600,0.5400,-0.43,3116917,123.5900,124.9400,121.2900
2024/01/12,125.0000,3.9300,-3.05,3646326,128.9300,130.0000,124.0600
2024/01/11,128.9300,0.9300,+0.73,2507331,127.9700,130.3000,126.7200
2024/01/10,128.0000,1.7000,-1.31,2350982,130.0400,130.7400,127.9700
2024/01/09,129.7000,0.0700,+0.05,2714651,128.8100,132.0300,128.3800
2024/01/08,129.6300,5.6500,+4.56,3725697,125.7100,130.3200,123.6700
2024/01/05,123.9800,2.1500,+1.76,2084883,121.2700,124.9900,120.5000
2024/01/04,121.8300,1.5600,+1.30,1946375,120.0300,122.8000,119.8600
2024/01/03,120.2700,2.8200,-2.29,1895900,123.4400,123.4400,119.6450
2024/01/02,123.0900,1.0000,-0.81,2091561,123.1500,126.2250,122.4000
2023/12/29,124.0900,0.0700,-0.06,1301730,123.7800,124.7800,123.6500
2023/12/28,124.1600,0.4300,+0.35,1290397,124.3100,125.7200,123.5100
2023/12/27,123.7300,0.1800,+0.15,1844433,124.0200,124.2500,122.2640
2023/12/26,123.5500,1.3800,+1.13,1412776,123.3000,123.8600,121.8800
2023/12/22,122.1700,0.6300,-0.51,1829088,122.3800,122.6100,120.2300
2023/12/21,122.8000,6.1600,+5.28,2837320,118.5900,122.9200,118.3600
2023/12/20,116.6400,6.6500,-5.39,5202522,122.4800,123.2899,115.6400
2023/12/19,123.2900,0.0600,-0.05,2482221,123.6300,124.5800,122.9100
2023/12/18,123.3500,0.7600,+0.62,2571283,121.8500,124.5000,119.5500
2023/12/15,122.5900,0.5100,-0.41,5084294,123.0200,123.5700,121.0800
2023/12/14,123.1000,0.8100,+0.66,3705414,123.4200,126.3700,122.3350
2023/12/13,122.2900,3.1300,+2.63,2811964,119.1400,122.3800,118.4250
2023/12/12,119.1600,1.2600,+1.07,2564421,118.5400,120.1100,116.8100
2023/12/11,117.9000,0.9300,+0.80,3735643,117.6600,118.6900,115.3800
2023/12/08,116.9700,1.9200,-1.61,2375826,118.4800,119.3900,116.9200
2023/12/07,118.8900,0.9500,+0.81,2391816,118.3000,119.4800,117.5100
2023/12/06,117.9400,0.7400,+0.63,2494462,117.7400,119.0600,116.3800
2023/12/05,117.2000,1.0400,-0.88,2768267,116.3700,117.8200,115.6400
2023/12/04,118.2400,1.6200,+1.39,3085082,116.2500,118.7900,116.1998
2023/12/01,116.6200,1.1000,+0.95,3075029,114.2400,117.5000,113.0100
2023/11/30,115.5200,0.6600,-0.57,4537499,116.9400,117.2600,114.8600
2023/11/29,116.1800,3.9800,+3.55,4734844,113.3800,117.4400,113.0000
2023/11/28,112.2000,1.7800,-1.56,4492399,113.3700,113.7700,111.2900
2023/11/27,113.9800,1.0300,+0.91,3687258,112.0700,115.0900,112.0300
2023/11/24,112.9500,2.1500,+1.94,1902075,110.8000,113.8100,110.4400
2023/11/22,110.8000,1.8400,+1.69,2747566,110.0000,112.0450,109.4150
2023/11/21,108.9600,0.0000,0,2778012,108.4200,109.6500,107.8100
2023/11/20,108.9600,3.9900,+3.80,4313257,104.3900,109.2000,104.0600
2023/11/17,104.9700,0.2000,+0.19,5315982,104.9300,106.7400,104.3100
2023/11/16,104.7700,2.6600,+2.61,5726929,102.0000,105.1900,102.0000
2023/11/15,102.1100,0.7300,+0.72,4159505,101.3800,104.2450,100.8600
2023/11/14,101.3800,3.0300,+3.08,5479586,100.0000,103.8500,99.2600
2023/11/13,98.3500,4.3000,+4.57,5725913,96.8000,100.5700,94.5501
2023/11/10,94.0500,1.6500,+1.79,4185668,93.6100,95.0700,91.5900
2023/11/09,92.4000,0.3600,-0.39,4663643,93.2700,95.2900,91.7100
2023/11/08,92.7600,2.4300,-2.55,4631696,95.2200,95.5700,91.4850
2023/11/07,95.1900,0.3500,+0.37,3273453,95.8097,97.6200,95.0900
2023/11/06,94.8400,2.6200,-2.69,4019706,97.7800,98.9100,94.3400
2023/11/03,97.4600,3.7900,+4.05,5092341,96.5700,99.0100,96.0700
2023/11/02,93.6700,0.4600,-0.49,4425684,94.8400,95.8299,92.0700
2023/11/01,94.1300,5.3000,+5.97,6016837,88.2600,94.4050,87.8101
2023/10/31,88.8300,3.9200,+4.62,5391891,85.7300,89.4700,85.4100
2023/10/30,84.9100,4.3800,-4.91,7038390,90.1600,90.5900,84.7100
2023/10/27,89.2900,8.2000,+10.11,14954605,92.7300,92.9880,86.2700
2023/10/26,81.0900,3.2600,-3.86,6707774,84.1800,84.2300,80.9250
2023/10/25,84.3500,2.0000,-2.32,4112462,85.8500,86.3700,83.0600
2023/10/24,86.3500,0.3300,+0.38,4375201,85.4000,86.8400,85.2600
2023/10/23,86.0200,0.0500,+0.06,4042385,85.7500,87.9800,85.6000
2023/10/20,85.9700,0.0700,-0.08,4652443,86.0200,87.3500,85.4800
2023/10/19,86.0400,1.9200,+2.28,6634187,83.6900,87.4800,83.6100
2023/10/18,84.1200,3.6300,+4.51,7717036,81.4900,85.2700,81.4650
2023/10/17,80.4900,1.5400,+1.95,5476119,77.3800,82.5600,76.8100
2023/10/16,78.9500,2.7600,+3.62,5271468,77.5800,80.1900,76.1700
2023/10/13,76.1900,0.7000,+0.93,5124584,75.0000,76.4350,74.7500
2023/10/12,75.4900,3.4800,-4.41,9338951,79.6900,80.1400,75.0400
2023/10/11,78.9700,6.2400,-7.32,8706833,84.3100,85.0200,77.9100
2023/10/10,85.2100,2.1200,+2.55,5266928,82.9100,86.4000,81.1150
2023/10/09,83.0900,0.1300,-0.16,3165061,82.4900,83.3200,80.8000
2023/10/06,83.2200,0.7800,-0.93,6761720,82.5500,83.6902,81.0700
2023/10/05,84.0000,3.7000,-4.22,9019418,88.1000,88.1000,80.8000
2023/10/04,87.7000,3.2400,-3.56,5793376,91.1600,91.3900,85.5400
2023/10/03,90.9400,3.6100,-3.82,3026831,93.6700,94.3600,90.2400
2023/10/02,94.5500,1.2500,+1.34,3244917,92.8600,96.1800,91.8015
2023/09/29,93.3000,2.1600,-2.26,5417039,97.3700,97.5800,93.1300
2023/09/28,95.4600,3.3700,+3.66,7205193,92.0900,96.1700,91.6300
2023/09/27,92.0900,3.4700,+3.92,6709225,89.5600,92.9400,89.5600
2023/09/26,88.6200,2.5600,+2.97,4819173,85.6200,88.7400,85.3400
2023/09/25,86.0600,1.4400,-1.65,3667641,87.1300,87.2200,85.3100
2023/09/22,87.5000,1.5800,-1.77,4556379,88.4000,89.0000,87.1400
2023/09/21,89.0800,3.5500,-3.83,5326901,92.3400,92.3800,88.8500
2023/09/20,92.6300,1.5300,-1.62,3092472,95.3700,95.8100,92.3600
2023/09/19,94.1600,1.1350,-1.19,3644661,95.2900,95.3100,92.7700
2023/09/18,95.2950,1.0550,-1.09,3176536,95.6900,96.6400,94.8500
2023/09/15,96.3500,5.2000,-5.12,9075967,101.8500,102.3300,95.8550
2023/09/14,101.5500,3.6700,-3.49,6447867,106.2300,106.6000,100.9300
2023/09/13,105.2200,0.3600,+0.34,2997691,104.9900,106.9600,104.7800
2023/09/12,104.8600,2.4300,-2.26,4416324,106.5600,107.3400,103.4000
2023/09/11,107.2900,2.9400,+2.82,3496342,104.3500,108.0900,103.9500
2023/09/08,104.3500,0.5600,-0.53,3575720,104.9200,107.1400,104.1750
2023/09/07,104.9100,1.9700,-1.84,5294961,106.7500,107.5900,100.7600
2023/09/06,106.8800,6.5500,+6.53,6645067,105.4460,108.2800,104.2200
2023/09/05,100.3300,1.5650,-1.54,3173829,101.9400,102.9700,99.9300
2023/09/01,101.8950,0.9150,+0.91,2524566,102.3200,102.6950,100.5100
2023/08/31,100.9800,2.4400,-2.36,3707435,103.5300,105.0600,100.9000
2023/08/30,103.4200,2.8400,+2.82,5806376,101.0300,106.9500,100.7500
2023/08/29,100.5800,1.2900,+1.30,7650584,99.3000,101.6500,98.0200
2023/08/28,99.2900,1.4700,-1.46,4197992,102.0700,103.2900,98.7500
2023/08/25,100.7600,0.2200,-0.22,4428357,100.9200,102.1100,99.0150
2023/08/24,100.9800,3.4000,-3.26,4648725,104.9900,105.0100,100.7800
2023/08/23,104.3800,2.6000,-2.43,3821598,107.1500,107.6800,103.9900
2023/08/22,106.9800,2.3000,+2.20,3200723,104.3800,107.4599,104.1400
2023/08/21,104.6800,1.3700,-1.29,3425109,106.0000,106.5000,104.4500
2023/08/18,106.0500,1.7600,-1.63,3729187,107.4100,107.7900,105.7500
2023/08/17,107.8100,3.3500,-3.01,3967226,111.1000,111.5000,107.6250
2023/08/16,111.1600,3.3500,-2.93,2809652,114.8400,115.4200,110.9900
2023/08/15,114.5100,1.2500,-1.08,2598242,115.0000,117.2500,114.2600
2023/08/14,115.7600,4.0700,+3.64,3141921,111.8200,116.0100,111.5400
2023/08/11,111.6900,1.5800,-1.39,3250379,112.3500,112.7000,110.5500
2023/08/10,113.2700,2.3100,+2.08,3391864,112.2500,115.9400,112.1500
2023/08/09,110.9600,0.7700,+0.70,4580817,110.7100,114.6600,109.8000
2023/08/08,110.1900,10.7800,-8.91,8884549,120.3000,120.3000,107.0700
2023/08/07,120.9700,0.6400,+0.53,1697356,121.0000,122.1000,120.1350
2023/08/04,120.3300,1.7400,-1.43,2228200,122.1400,122.8300,119.8900
2023/08/03,122.0700,1.7400,-1.41,2021115,123.8000,124.8800,120.6000
2023/08/02,123.8100,1.8100,+1.48,3295930,120.8300,124.2500,120.4600
2023/08/01,122.0000,2.5600,-2.06,3987345,124.4500,125.9500,121.8500
2023/07/31,124.5600,7.8200,-5.91,5596420,133.1400,133.4000,124.0300
2023/07/28,132.3800,3.0200,+2.33,5006774,134.4000,139.5500,132.1000
2023/07/27,129.3600,1.3300,-1.02,3378983,131.1100,131.4900,128.7700
2023/07/26,130.6900,0.7300,+0.56,1653581,129.2000,131.2600,129.0900
2023/07/25,129.9600,2.2400,+1.75,2056210,126.9000,131.1100,126.8100
2023/07/24,127.7200,2.8800,-2.21,2935595,130.5800,131.7400,127.4400
2023/07/21,130.6000,0.0500,-0.04,7299371,130.9800,132.5650,130.0600
2023/07/20,130.6500,2.9800,-2.23,3287696,134.0600,134.3500,130.4200
2023/07/19,133.6300,4.3000,-3.12,2969252,137.3400,138.9200,131.8800
2023/07/18,137.9300,0.4800,+0.35,2073499,137.0700,138.1700,135.5100
2023/07/17,137.4500,0.1300,+0.09,2290545,136.7000,138.4000,136.3650
2023/07/14,137.3200,3.3400,+2.49,3087500,134.5000,137.6200,133.9843
2023/07/13,133.9800,0.3100,+0.23,1763833,134.5600,134.9200,133.0100
2023/07/12,133.6700,2.4400,+1.86,2294374,131.3900,133.9050,131.2600
2023/07/11,131.2300,0.6100,+0.47,1706523,130.7700,132.1100,130.0950
2023/07/10,130.6200,3.9100,+3.09,2345819,128.0500,131.0300,128.0000
2023/07/07,126.7100,0.9900,-0.78,2173065,126.8000,128.5900,125.7800
2023/07/06,127.7000,0.3700,-0.29,1722892,126.6400,128.1700,125.8600
2023/07/05,128.0700,1.0500,+0.83,1933395,126.5800,128.4800,125.6900
2023/07/03,127.0200,1.4900,-1.16,1237881,127.2300,127.4200,124.7600
2023/06/30,128.5100,0.5700,+0.45,2378142,129.7600,131.7600,128.2025
2023/06/29,127.9400,1.5200,+1.20,2584651,126.5700,128.9000,125.8200
2023/06/28,126.4200,2.9200,+2.36,2360545,124.0100,127.8600,123.8301
2023/06/27,123.5000,1.1200,-0.90,2634232,124.6200,125.4800,121.7900
2023/06/26,124.6200,2.1300,-1.68,2523187,126.0000,126.1500,123.1514
2023/06/23,126.7500,0.2300,+0.18,3264769,125.9200,127.5000,124.8300
2023/06/22,126.5200,1.3400,-1.05,2510604,127.6100,128.0800,125.8900
2023/06/21,127.8600,2.1100,-1.62,2759666,130.1300,130.2650,126.5450
2023/06/20,129.9700,0.1300,-0.10,2599363,129.7300,130.8000,127.6400
2023/06/16,130.1000,0.8800,-0.67,4310131,132.0000,134.1400,129.9900
2023/06/15,130.9800,3.9200,+3.09,4232063,128.3200,131.2400,128.1000
2023/06/14,127.0600,1.1100,+0.88,3325214,126.2600,129.2000,125.9600
2023/06/13,125.9500,0.9600,-0.76,2166055,126.9800,128.0200,124.6800
2023/06/12,126.9100,2.5700,+2.07,2598875,124.8000,127.2200,123.5200
2023/06/09,124.3400,3.2100,+2.65,2121096,121.3100,124.5500,120.2000
2023/06/08,121.1300,1.4200,+1.19,1851172,119.5200,121.2800,118.3100
2023/06/07,119.7100,5.6700,-4.52,3099561,125.7600,126.1900,117.7400
2023/06/06,125.3800,0.7200,+0.58,3304151,125.4900,126.5900,124.3600
2023/06/05,124.6600,2.0900,+1.71,3347226,123.0000,126.3050,122.2200
2023/06/02,122.5700,2.9900,+2.50,2676431,120.0000,122.8400,118.6800
2023/06/01,119.5800,2.3200,+1.98,1993286,117.4800,119.6300,116.3050
2023/05/31,117.2600,3.7000,+3.26,5453663,113.7800,117.8481,113.6100
2023/05/30,113.5600,1.4900,-1.30,8040117,115.2300,116.6700,113.0100
2023/05/26,115.0500,0.4400,+0.38,1688420,114.3200,115.5600,113.5500
2023/05/25,114.6100,2.1200,-1.82,2473910,116.6600,116.6600,112.2700
2023/05/24,116.7300,1.0400,+0.90,1705289,114.8900,117.0700,114.3100
2023/05/23,115.6900,3.6000,-3.02,2282927,118.4500,119.1400,114.5500
2023/05/22,119.2900,2.1600,+1.84,2391367,117.5800,120.9900,116.1200
2023/05/19,117.1300,1.9000,-1.60,2079990,118.8100,120.5299,116.9700
2023/05/18,119.0300,0.4400,+0.37,1598042,118.2600,119.2770,116.9500
2023/05/17,118.5900,0.0200,-0.02,1690396,118.5800,119.7700,116.6000
2023/05/16,118.6100,1.0000,-0.84,1331784,119.5400,119.5400,117.8700
2023/05/15,119.6100,2.0900,-1.72,1565764,121.7500,122.6200,119.3000
2023/05/12,121.7000,0.6300,+0.52,1409984,121.3900,122.4700,120.8000
2023/05/11,121.0700,1.5000,-1.22,1730122,122.8900,123.4300,119.7600
2023/05/10,122.5700,2.9200,+2.44,1821356,120.8000,123.1300,119.8500
2023/05/09,119.6500,0.5300,-0.44,1301009,120.1900,120.4400,118.6900
2023/05/08,120.1800,0.6400,-0.53,1733527,120.1500,120.9200,118.6700
2023/05/05,120.8200,3.4000,+2.90,2170190,117.7100,121.5900,117.2800
2023/05/04,117.4200,0.1000,+0.09,1765812,116.5000,117.8700,116.0300
2023/05/03,117.3200,0.8000,-0.68,6887641,119.2000,119.8800,116.7900
2023/05/02,118.1200,0.3200,-0.27,2662506,117.0000,118.2700,115.0100
2023/05/01,118.4400,2.9000,-2.39,2447212,121.3400,121.4700,117.2100
2023/04/28,121.3400,2.2400,-1.81,3901531,119.2550,122.2800,117.6000
2023/04/27,123.5800,1.3500,-1.08,4074986,125.5750,126.4400,121.2200
2023/04/26,124.9300,0.9700,+0.78,2333269,123.0000,125.1800,122.9186
2023/04/25,123.9600,0.1300,+0.10,2263414,123.0000,125.0984,123.0000
2023/04/24,123.8300,0.1000,+0.08,1829061,124.6800,125.0100,123.5000
2023/04/21,123.7300,1.5400,+1.26,2129627,123.3500,125.4000,122.3300
2023/04/20,122.1900,1.9300,-1.55,2248022,123.5900,125.3150,121.9500
2023/04/19,124.1200,5.1900,+4.36,2410286,118.7700,124.2000,118.6700
2023/04/18,118.9300,0.2800,+0.24,1653929,119.8400,119.8400,117.9300
2023/04/17,118.6500,2.9500,+2.55,2180505,117.9100,120.2150,117.6900
2023/04/14,115.7000,0.5800,-0.50,1150067,115.6800,116.4600,114.1300
2023/04/13,116.2800,1.4600,+1.27,1093634,115.1700,116.6000,115.0500
2023/04/12,114.8200,0.2200,-0.19,1534627,116.1344,116.6800,114.5700
2023/04/11,115.0400,2.5100,+2.23,1826003,112.0000,115.1200,111.9700
2023/04/10,112.5300,0.0600,+0.05,1871285,112.5200,113.0700,110.9000
2023/04/06,112.4700,0.3500,-0.31,1835194,112.9400,112.9400,111.4300
2023/04/05,112.8200,2.8200,-2.44,1489599,115.6900,115.7393,112.4200
2023/04/04,115.6400,0.4000,+0.35,1467276,115.4400,116.1800,114.3000
2023/04/03,115.2400,0.9400,-0.81,1743393,116.0300,116.0300,113.2500
2023/03/31,116.1800,1.7800,+1.56,2118213,115.0200,116.8700,114.5200
2023/03/30,114.4000,0.4400,+0.39,1547827,114.2700,115.0000,112.6200
2023/03/29,113.9600,0.1450,+0.13,1559896,114.8300,115.7500,113.0700
2023/03/28,113.8150,2.2550,-1.94,1335680,117.3200,117.9900,113.1410
2023/03/27,116.0700,1.9800,+1.74,1571478,115.7500,117.9500,115.0400
2023/03/24,114.0900,0.4100,-0.36,1360748,114.2600,115.2100,112.7900
2023/03/23,114.5000,0.5000,-0.43,1918673,116.2600,116.8700,113.3200
2023/03/22,115.0000,3.9800,-3.35,1452638,118.9300,119.2350,114.9200
2023/03/21,118.9800,1.7700,+1.51,1706318,117.6000,119.2900,116.7401
2023/03/20,117.2100,3.2800,+2.88,1704139,113.9500,117.4300,113.9500
2023/03/17,113.9300,0.6300,-0.55,2623893,114.5000,115.4500,113.0550
2023/03/16,114.5600,0.8400,+0.74,2658451,113.0600,115.3600,112.3900
2023/03/15,113.7200,0.5600,+0.49,1967373,112.0800,114.3300,111.1850
2023/03/14,113.1600,2.5000,+2.26,2077367,111.8600,113.7100,111.3000
2023/03/13,110.6600,2.8900,+2.68,1971468,106.2700,112.9400,106.1600
2023/03/10,107.7700,4.3100,-3.85,3014495,112.2800,112.2800,107.2800
2023/03/09,112.0800,0.6600,-0.59,3223265,113.2600,116.6500,111.8700
2023/03/08,112.7400,1.0700,-0.94,1394816,113.5100,114.0150,111.8600
2023/03/07,113.8100,0.5600,+0.49,2304855,113.2400,115.3750,112.1200
2023/03/06,113.2500,9.6700,-7.87,5556435,114.1000,116.0786,112.4400
2023/03/03,122.9200,1.6800,+1.39,2771082,120.5250,123.1400,119.8900
2023/03/02,121.2400,10.4800,+9.46,4461887,112.5100,121.3700,112.3800
2023/03/01,110.7600,0.2500,-0.23,1856077,110.5100,111.3100,109.3200
2023/02/28,111.0100,0.4300,+0.39,1714560,111.6940,112.5200,109.8800
2023/02/27,110.5800,0.4900,+0.45,1528694,110.9800,111.6800,109.0200
2023/02/24,110.0900,1.7800,-1.59,1540217,110.4200,111.4800,109.3500
2023/02/23,111.8700,0.2200,+0.20,2627058,111.6100,112.1000,109.3500
2023/02/22,111.6500,2.3600,-2.07,6377812,114.5400,114.9800,104.2000
2023/02/21,114.0100,0.7500,-0.65,2393075,113.5900,114.7900,112.7900
2023/02/17,114.7600,2.5000,-2.13,1810253,116.3900,117.0300,113.4000
2023/02/16,117.2600,2.9100,-2.42,1580655,118.4900,119.3900,117.0800
2023/02/15,120.1700,1.6200,+1.37,1562267,118.6600,120.2800,118.0000
2023/02/14,118.5500,0.2700,+0.23,1995957,117.5000,119.7900,116.6200
2023/02/13,118.2800,0.3900,+0.33,2944199,119.6900,121.1100,118.0100
2023/02/10,117.8900,10.6500,+9.93,6381640,112.6500,120.0000,111.2100
2023/02/09,107.2400,2.6000,-2.37,4270790,110.0200,110.7100,106.8200
2023/02/08,109.8400,0.3400,+0.31,1917782,109.5000,110.9000,108.7400
2023/02/07,109.5000,2.7700,+2.60,2189185,105.7100,109.7500,104.6600
2023/02/06,106.7300,1.7000,-1.57,1793944,108.0900,109.0650,106.4400
2023/02/03,108.4300,0.4000,+0.37,2969339,107.1800,109.9800,106.2100
2023/02/02,108.0300,0.3200,+0.30,3316371,109.1700,110.5000,106.5900
2023/02/01,107.7100,0.6200,+0.58,2894559,107.1600,108.5700,104.4400
2023/01/31,107.0900,1.6000,+1.52,2091063,106.0600,107.5600,105.7400
2023/01/30,105.4900,1.2300,-1.15,1687666,106.1200,106.9400,105.0800
2023/01/27,106.7200,0.0700,+0.07,1428199,106.3600,107.7420,105.0400
2023/01/26,106.6500,2.6500,+2.55,2266924,105.4400,107.0300,104.1300
2023/01/25,104.0000,2.0300,-1.91,3803584,103.7500,105.0500,102.5000
2023/01/24,106.0300,0.3700,-0.35,1685609,105.2400,106.5100,103.7200
2023/01/23,106.4000,1.4600,-1.35,2818419,107.8600,108.8600,106.0000
2023/01/20,107.8600,1.6600,+1.56,2389854,106.2000,108.0000,104.9900
2023/01/19,106.2000,0.4300,-0.40,2728270,106.0000,107.6700,105.9600
2023/01/18,106.6300,2.8800,-2.63,2006487,109.9500,110.2600,106.5400
2023/01/17,109.5100,1.0400,+0.96,1590737,107.1700,109.6300,106.0500
2023/01/13,108.4700,1.3300,+1.24,2328047,106.1600,108.6000,105.1900
2023/01/12,107.1400,0.9800,+0.92,2878573,105.4400,108.4800,103.6701
2023/01/11,106.1600,4.7200,-4.26,4429412,112.4100,112.6900,105.0400
2023/01/10,110.8800,0.8200,+0.75,2380996,108.7900,111.9400,107.8400
2023/01/09,110.0600,5.7600,-4.97,4995370,112.4600,113.6900,107.4601
2023/01/06,115.8200,4.1300,+3.70,2411377,113.0300,117.0100,110.7800
2023/01/05,111.6900,2.6400,-2.31,2348230,113.2600,114.2800,110.8700
2023/01/04,114.3300,0.4000,-0.35,2188618,116.7900,117.5400,113.3900
2023/01/03,114.7300,1.4900,+1.32,2061888,114.3000,116.1600,112.6100
2022/12/30,113.2400,1.1700,+1.04,1395652,110.9300,113.3300,109.4556
2022/12/29,112.0700,2.3000,+2.10,1285974,110.9200,113.3550,109.7200
2022/12/28,109.7700,0.1100,-0.10,1187866,110.4800,111.9600,109.4600
2022/12/27,109.8800,1.5600,-1.40,1746657,111.4500,111.6000,108.6800
2022/12/23,111.4400,2.2400,-1.97,1078972,114.4700,114.4700,111.0410
2022/12/22,113.6800,1.0800,-0.94,1742344,113.7800,114.7600,111.6000
2022/12/21,114.7600,1.6100,+1.42,1948501,113.8700,116.1300,112.0600
2022/12/20,113.1500,0.9200,+0.82,2247323,111.9900,114.4300,110.2100
2022/12/19,112.2300,2.4000,-2.09,2093632,114.1400,114.2900,110.6300
2022/12/16,114.6300,1.6100,-1.39,6255831,114.1100,115.4100,113.4000
2022/12/15,116.2400,5.2500,-4.32,2651379,119.5700,119.9000,115.7750
2022/12/14,121.4900,1.9300,+1.61,3270061,119.7200,124.1100,118.8500
2022/12/13,119.5600,2.7800,+2.38,2935385,120.5000,121.5400,118.8100
2022/12/12,116.7800,0.3200,+0.27,2609401,118.0000,118.3800,115.1700
2022/12/09,116.4600,6.2100,-5.06,3274317,121.6500,122.3300,116.0100
2022/12/08,122.6700,4.7600,+4.04,5622846,123.7000,125.5500,119.1600
2022/12/07,117.9100,1.0800,+0.92,2169900,116.3100,119.1900,116.3100
2022/12/06,116.8300,0.2700,+0.23,2454057,115.8200,119.1300,115.0800
2022/12/05,116.5600,1.5500,-1.31,2387507,117.6000,119.8800,115.5000
2022/12/02,118.1100,0.0800,+0.07,1883653,116.2800,118.5100,115.3050
2022/12/01,118.0300,1.7500,+1.50,2055590,116.3900,119.9800,116.2500
2022/11/30,116.2800,5.8900,+5.34,4117909,110.6700,116.3600,110.2850
2022/11/29,110.3900,2.1800,-1.94,2659030,112.3000,113.7100,110.1340
2022/11/28,112.5700,0.5700,+0.51,3268887,111.6200,114.7500,111.6200
2022/11/25,112.0000,0.9200,-0.81,1182919,112.9100,113.0200,110.6500
2022/11/23,112.9200,1.9100,+1.72,3529182,111.6700,113.3350,110.6000
2022/11/22,111.0100,1.6500,-1.46,2654332,113.6700,113.8800,110.3100
2022/11/21,112.6600,1.0600,-0.93,1893740,112.6200,113.5500,112.1200
2022/11/18,113.7200,1.0800,+0.96,1809818,114.6000,115.3600,112.6150
2022/11/17,112.6400,2.2500,-1.96,2162568,112.6700,114.7600,111.7300
2022/11/16,114.8900,1.4200,-1.22,1536145,116.8400,117.0000,114.4300
2022/11/15,116.3100,3.3200,+2.94,2330996,115.1000,116.9900,113.7000
2022/11/14,112.9900,2.9700,-2.56,3395828,115.7500,115.7500,112.4700
2022/11/11,115.9600,3.8800,-3.24,3461462,119.1200,122.2800,114.5900
2022/11/10,119.8400,6.6900,+5.91,3473351,118.9900,120.7500,117.0400
2022/11/09,113.1500,2.2000,-1.91,1711843,114.1200,115.4000,112.5100
2022/11/08,115.3500,0.0200,+0.02,1678476,115.3300,117.7600,112.2200
2022/11/07,115.3300,0.4500,+0.39,1927298,115.9400,116.6300,113.4100
2022/11/04,114.8800,2.2800,+2.02,3208876,114.0000,116.0000,111.5900
2022/11/03,112.6000,3.3500,-2.89,3183409,114.7900,117.3300,112.4100
2022/11/02,115.9500,3.0900,-2.60,3223401,118.3300,121.4100,115.4800
2022/11/01,119.0400,1.7400,-1.44,2945353,121.5800,123.3604,118.4500
2022/10/31,120.7800,0.0900,-0.07,4048945,120.0000,122.0200,116.4103
2022/10/28,120.8700,19.6200,+19.38,9279797,113.7200,121.8800,109.8900
2022/10/27,101.2500,1.3600,-1.33,3774137,102.1800,103.2500,99.3300
2022/10/26,102.6100,1.6600,+1.64,2545787,101.5400,104.7961,101.2550
2022/10/25,100.9500,1.9800,+2.00,2197321,99.3050,102.7700,99.3050
2022/10/24,98.9700,3.2900,+3.44,1892826,96.3250,99.2700,94.8500
2022/10/21,95.6800,1.3200,+1.40,4012621,94.1800,96.7400,91.6200
2022/10/20,94.3600,2.4800,-2.56,2688362,95.9300,97.4500,93.7900
2022/10/19,96.8400,0.0900,-0.09,2480946,95.6900,97.1000,94.5900
2022/10/18,96.9300,2.8000,-2.81,3681489,102.3100,103.1300,96.0600
2022/10/17,99.7300,2.3200,+2.38,2192973,99.4100,101.6000,98.2400
2022/10/14,97.4100,4.3100,-4.24,2119798,102.8100,103.9700,97.2600
2022/10/13,101.7200,3.4000,+3.46,3077047,95.4100,103.4100,94.6500
2022/10/12,98.3200,1.3600,-1.36,2083528,100.6800,100.9200,97.5400
2022/10/11,99.6800,0.5400,-0.54,2704419,100.4500,101.7300,97.3300
2022/10/10,100.2200,1.9200,-1.88,3158805,101.9050,102.7700,99.6600
2022/10/07,102.1400,6.9300,+7.28,9426003,103.6300,105.3300,100.1100
2022/10/06,95.2100,4.1300,+4.53,4233943,91.1800,95.3100,90.3800
2022/10/05,91.0800,0.1100,+0.12,2334004,89.3100,92.1300,89.3100
2022/10/04,90.9700,5.9900,+7.05,3054854,87.6400,91.5700,87.6300
2022/10/03,84.9800,4.4400,+5.51,2589325,81.4700,85.5400,81.0600
2022/09/30,80.5400,1.5600,-1.90,2032106,81.7900,83.9800,80.3600
2022/09/29,82.1000,1.2300,-1.48,1773277,82.3100,82.9000,80.6100
2022/09/28,83.3300,3.6900,+4.63,2800773,80.6600,83.9400,80.4000
2022/09/27,79.6400,0.7100,-0.88,2782603,81.5400,81.7400,78.9400
2022/09/26,80.3500,0.3100,-0.38,1994961,80.6400,81.7400,79.1200
2022/09/23,80.6600,0.3000,-0.37,2062514,80.3900,80.7800,79.0300
2022/09/22,80.9600,3.5000,-4.14,2708678,83.6400,83.8500,79.7100
2022/09/21,84.4600,2.9100,-3.33,2264397,87.8350,88.6400,84.4200
2022/09/20,87.3700,0.5700,-0.65,2069191,87.2800,88.4250,85.6200
2022/09/19,87.9400,2.1500,-2.39,2048670,88.6200,89.1400,85.4200
2022/09/16,90.0900,0.8900,-0.98,2981949,89.7900,90.4500,88.0300
2022/09/15,90.9800,0.4100,+0.45,1808739,90.6200,93.0200,90.3100
2022/09/14,90.5700,1.4000,+1.57,1512759,89.4300,90.9400,87.2900
2022/09/13,89.1700,5.0100,-5.32,2868249,89.9200,90.6532,88.5600
2022/09/12,94.1800,1.2900,+1.39,1651058,92.9900,94.3000,92.6800
2022/09/09,92.8900,1.3000,+1.42,2642950,91.6000,93.2400,91.6000
2022/09/08,91.5900,3.2200,+3.64,2639230,87.3200,91.6400,87.2100
2022/09/07,88.3700,6.3400,+7.73,2821151,82.5600,88.5999,82.1050
2022/09/06,82.0300,0.0300,+0.04,1668990,82.0400,83.1300,81.2000
2022/09/02,82.0000,1.0800,-1.30,2014126,84.4700,85.4600,81.2800
2022/09/01,83.0800,0.8700,+1.06,3928002,81.6850,83.1500,79.3700
2022/08/31,82.2100,0.5300,-0.64,2161153,83.5000,84.1900,81.7614
2022/08/30,82.7400,0.6400,-0.77,2378051,83.5150,85.2750,82.1600
2022/08/29,83.3800,1.1100,-1.31,2107894,83.5000,84.6200,83.2000
2022/08/26,84.4900,3.8800,-4.39,3014803,87.7300,88.8800,84.2300
2022/08/25,88.3700,2.4500,+2.85,2331049,86.9900,88.4300,86.1100
2022/08/24,85.9200,2.2900,+2.74,2476636,84.1100,87.2300,84.0700
2022/08/23,83.6300,0.6700,-0.79,2008089,84.2100,84.6000,82.2101
2022/08/22,84.3000,0.8100,-0.95,2594104,83.2300,85.8000,83.2300
2022/08/19,85.1100,2.4200,-2.76,2222642,86.6700,87.7200,84.1200
2022/08/18,87.5300,0.6100,-0.69,2636064,88.2200,88.5300,86.7700
2022/08/17,88.1400,2.6500,-2.92,1979412,89.4000,89.8800,87.6500
2022/08/16,90.7900,1.5050,-1.63,2433669,91.3800,91.8900,88.8750
2022/08/15,92.2950,2.4650,+2.74,1920770,89.9100,92.7400,89.7100
2022/08/12,89.8300,1.5900,+1.80,1914913,88.6200,89.9000,87.6000
2022/08/11,88.2400,1.4900,-1.66,2584998,89.8400,91.9500,87.8400
2022/08/10,89.7300,4.6100,+5.42,3512136,88.0000,90.1000,87.5800
2022/08/09,85.1200,6.2800,-6.87,4794427,90.6700,91.2370,85.0200
2022/08/08,91.4000,2.3100,+2.59,3110212,89.5600,94.6000,89.5000
2022/08/05,89.0900,0.4500,-0.50,2220084,87.4000,90.4200,87.2500
2022/08/04,89.5400,0.8500,-0.94,2259352,90.2400,90.7800,87.8750
2022/08/03,90.3900,2.0900,+2.37,3510356,88.2900,91.2300,86.8400
2022/08/02,88.3000,4.4700,+5.33,4298548,84.0300,90.2300,83.7300
2022/08/01,83.8300,1.7500,+2.13,3162609,82.6100,86.2100,82.4500
2022/07/29,82.0800,4.9100,-5.64,9906715,78.2500,85.8600,77.5100
2022/07/28,86.9900,1.1900,+1.39,4316899,86.0600,87.2800,84.1100
2022/07/27,85.8000,3.1000,+3.75,2325680,82.7800,85.8300,82.7800
2022/07/26,82.7000,0.1000,+0.12,2569799,82.8200,83.4984,80.7800
2022/07/25,82.6000,1.1800,-1.41,1750624,83.0700,83.7200,81.3050
2022/07/22,83.7800,0.2100,-0.25,2089930,83.8500,86.0600,82.5500
2022/07/21,83.9900,1.8050,+2.20,1983037,82.4300,84.2759,81.8000
2022/07/20,82.1850,1.5450,+1.92,2119128,80.7700,83.2400,79.9350
2022/07/19,80.6400,3.6500,+4.74,2131284,78.2700,80.7700,76.6097
2022/07/18,76.9900,2.1500,-2.72,2248306,79.2900,79.9100,76.2000
2022/07/15,79.1400,2.6400,+3.45,2146874,77.9500,79.5750,77.3200
2022/07/14,76.5000,0.1500,+0.20,1584075,75.8100,77.0300,73.9300
2022/07/13,76.3500,1.7000,-2.18,1742943,76.2600,78.4400,75.0400
2022/07/12,78.0500,0.3800,-0.48,1536430,78.9300,80.6700,77.3800
2022/07/11,78.4300,2.8100,-3.46,1758753,80.1000,80.4650,77.6500
2022/07/08,81.2400,0.6800,-0.83,1658576,80.2100,82.8500,79.1100
2022/07/07,81.9200,3.5700,+4.56,3239494,78.0100,82.0600,77.5200
2022/07/06,78.3500,0.1100,-0.14,2813989,78.9600,79.8800,77.4000
2022/07/05,78.4600,0.8300,+1.07,2086508,77.2500,78.8900,74.7500
2022/07/01,77.6300,3.1000,+4.16,1981990,74.2600,78.0300,74.2300
2022/06/30,74.5300,0.9200,-1.22,3616595,74.9300,75.4700,73.7100
2022/06/29,75.4500,0.7500,+1.00,2306851,74.7400,75.6800,72.4100
2022/06/28,74.7000,1.9000,-2.48,2226626,77.1500,78.7200,74.4800
2022/06/27,76.6000,1.0700,-1.38,2664768,77.4400,77.8900,75.5700
2022/06/24,77.6700,2.4600,+3.27,3563784,76.3200,77.7300,75.1400
2022/06/23,75.2100,3.6900,+5.16,2312177,72.5500,75.5800,71.8700
2022/06/22,71.5200,1.0600,+1.50,2363834,69.9500,72.6600,69.6200
2022/06/21,70.4600,1.6500,+2.40,3145881,70.0500,71.8000,69.5600
2022/06/17,68.8100,0.8200,+1.21,6242565,67.8000,70.3000,67.7400
2022/06/16,67.9900,3.5200,-4.92,4180404,69.2300,70.1700,67.1100
2022/06/15,71.5100,2.2000,+3.17,2988637,70.3700,73.3300,69.6436
2022/06/14,69.3100,1.2500,+1.84,3292089,68.9700,70.0200,67.1550
2022/06/13,68.0600,5.4025,-7.35,3286916,70.8300,71.8200,67.6400
2022/06/10,73.4625,0.6500,-0.88,3880372,73.0425,73.6850,72.2900
2022/06/09,74.1125,2.3600,-3.09,2623160,75.5050,76.2125,74.0500
2022/06/08,76.4725,0.6275,-0.81,3147380,76.9375,77.7125,76.1275
2022/06/07,77.1000,3.0200,+4.08,3253980,73.2175,77.4250,73.2175
2022/06/06,74.0800,0.8825,+1.21,3909668,75.3925,75.8013,72.5125
2022/06/03,73.1975,4.7600,-6.11,3868336,77.0050,77.0050,72.9500
2022/06/02,77.9575,6.9950,+9.86,4857508,71.2500,78.2425,70.2525
2022/06/01,70.9625,3.5225,-4.73,3843592,74.7800,75.4325,69.7250
2022/05/31,74.4850,2.2150,+3.06,10882116,76.4175,81.2350,73.9400
2022/05/27,72.2700,2.1125,+3.01,5984776,71.4075,72.4300,69.5850
2022/05/26,70.1575,0.1725,-0.25,6690420,71.1325,71.1325,68.1450
2022/05/25,70.3300,1.7025,-2.36,11797268,71.9513,75.7975,66.8925
2022/05/24,72.0325,8.9475,-11.05,8485068,74.0825,76.6200,70.7325
2022/05/23,80.9800,0.6725,+0.84,2403432,80.6925,81.4050,77.9100
2022/05/20,80.3075,1.2775,+1.62,3301184,81.1750,81.4638,77.3075
2022/05/19,79.0300,1.9075,+2.47,3669304,77.7500,80.3638,76.2525
2022/05/18,77.1225,5.9175,-7.13,4139508,81.7650,82.2750,76.7225
2022/05/17,83.0400,1.8900,+2.33,2229580,83.4225,84.5375,80.3475
2022/05/16,81.1500,2.5350,-3.03,2742756,83.6950,84.7975,80.7725
2022/05/13,83.6850,5.8050,+7.45,4758036,79.1250,84.4201,79.1200
2022/05/12,77.8800,0.8550,-1.09,4437932,77.4000,80.1963,75.6525
2022/05/11,78.7350,3.1225,-3.81,3912368,81.8000,84.4875,78.3450
2022/05/10,81.8575,0.6475,-0.78,3253092,85.1550,86.4363,79.6825
2022/05/09,82.5050,5.4675,-6.22,6014616,85.6925,87.1375,80.5000
2022/05/06,87.9725,6.8500,-7.22,5272240,93.0525,93.4494,86.9200
2022/05/05,94.8225,6.6850,-6.59,2923836,100.2475,102.2087,93.0750
2022/05/04,101.5075,2.6575,+2.69,3529436,99.3375,102.4325,94.4900
2022/05/03,98.8500,2.9350,-2.88,2788648,101.3550,101.8825,98.2575
2022/05/02,101.7850,0.3600,-0.35,2750276,102.2400,103.4475,99.3800
2022/04/29,102.1450,1.1625,-1.13,5434512,103.0950,107.8700,101.3050
2022/04/28,103.3075,0.0525,+0.05,4605556,103.7500,104.4175,99.5675
2022/04/27,103.2550,2.6200,-2.47,2857744,106.3600,107.6550,102.7550
2022/04/26,105.8750,4.7475,-4.29,2624968,109.0700,109.4500,104.9363
2022/04/25,110.6225,0.4600,+0.42,2461316,109.9850,112.5287,108.8375
2022/04/22,110.1625,7.9400,-6.72,2460528,116.7250,116.9575,109.8638
2022/04/21,118.1025,5.9950,-4.83,1900756,124.7800,125.9450,117.5525
2022/04/20,124.0975,1.1500,+0.94,2166332,122.9350,125.6325,120.7475
2022/04/19,122.9475,2.7900,+2.32,1992200,119.4725,123.9975,119.4725
2022/04/18,120.1575,2.8700,-2.33,1343864,122.4700,122.9975,119.0275
2022/04/14,123.0275,1.6725,-1.34,1640980,124.8500,125.0000,121.8800
2022/04/13,124.7000,2.0925,+1.71,1986592,123.3975,125.7275,123.3700
2022/04/12,122.6075,0.5150,-0.42,2509576,125.2925,127.1950,122.1275
2022/04/11,123.1225,3.3750,-2.67,1979832,124.6875,125.4550,122.5025
2022/04/08,126.4975,1.6325,-1.27,1496192,127.5025,128.7025,125.4725
2022/04/07,128.1300,0.7450,+0.58,2117516,126.0700,130.1775,125.5912
2022/04/06,127.3850,1.7200,-1.33,2479420,127.1550,127.9725,125.2050
2022/04/05,129.1050,1.4450,-1.11,4176908,130.4550,130.8600,126.5650
2022/04/04,130.5500,2.3425,-1.76,3286468,132.6225,134.7650,130.2225
2022/04/01,132.8925,4.9925,+3.90,3613464,130.6250,134.1350,129.3350
2022/03/31,127.9000,1.8550,-1.43,3658356,129.9925,130.1900,127.0800
2022/03/30,129.7550,0.9325,+0.72,2854992,128.3875,130.6075,126.7000
2022/03/29,128.8225,5.0525,+4.08,3346580,125.0000,129.0000,124.5700
2022/03/28,123.7700,3.5275,+2.93,2570948,119.6950,123.8362,119.6950
2022/03/25,120.2425,3.1450,+2.69,3864484,120.3800,121.6638,118.9325
2022/03/24,117.0975,4.7700,+4.25,2718920,113.2825,117.4900,110.5234
2022/03/23,112.3275,3.8500,-3.31,2992296,114.9950,114.9950,111.2100
2022/03/22,116.1775,1.0925,+0.95,1822392,113.8025,117.1188,113.6675
2022/03/21,115.0850,1.9275,-1.65,2404548,116.2550,116.7700,111.9150
2022/03/18,117.0125,3.3300,+2.93,4040664,113.8225,117.3575,112.5000
2022/03/17,113.6825,4.3525,+3.98,3247804,108.8550,114.1662,108.6437
2022/03/16,109.3300,5.3100,+5.10,3523876,105.5025,109.7687,105.0900
2022/03/15,104.0200,2.1975,+2.16,3428760,103.1025,104.5500,100.8225
2022/03/14,101.8225,4.2575,+4.36,4262632,97.1000,104.2500,97.0925
2022/03/11,97.5650,3.8300,-3.78,2430188,103.4225,103.7375,97.5150
2022/03/10,101.3950,1.6650,-1.62,2539100,100.3175,102.4950,100.3025
2022/03/09,103.0600,2.8600,+2.85,4221224,101.0325,103.0700,100.0025
2022/03/08,100.2000,5.0025,-4.76,4589464,102.9150,104.1013,98.2500
2022/03/07,105.2025,2.8125,-2.60,4663576,109.1725,109.9425,104.6700
2022/03/04,108.0150,2.0275,+1.91,4670936,105.7350,108.7475,105.2625
2022/03/03,105.9875,0.9675,+0.92,2935820,106.5000,108.3000,105.2050
2022/03/02,105.0200,2.9175,+2.86,2445836,103.6850,106.0000,102.6037
2022/03/01,102.1025,1.3750,-1.33,2847736,103.7450,107.5062,100.9750
2022/02/28,103.4775,0.6425,+0.62,3374408,102.3375,103.6200,100.8175
2022/02/25,102.8350,0.6550,+0.64,2756916,102.1800,103.1013,99.5425
2022/02/24,102.1800,8.1025,+8.61,5588972,92.2225,102.7162,91.4325
2022/02/23,94.0775,3.6625,-3.75,2924460,99.4250,99.6825,93.8475
2022/02/22,97.7400,2.4300,+2.55,2828412,96.1650,100.1350,95.1450
2022/02/18,95.3100,1.5025,-1.55,4455332,96.7500,97.9925,94.7500
2022/02/17,96.8125,6.5950,-6.38,4331764,102.6600,103.3925,96.7275
2022/02/16,103.4075,0.9700,-0.93,2134704,104.1300,104.1300,100.7500
2022/02/15,104.3775,2.6275,+2.58,2982152,103.8000,105.4700,102.7250
2022/02/14,101.7500,3.3900,-3.22,3262700,104.5100,105.8838,100.9800
2022/02/11,105.1400,5.4275,-4.91,4631960,106.5200,111.7550,104.4025
2022/02/10,110.5675,1.4025,-1.25,4499756,108.5700,113.8075,106.8050
2022/02/09,111.9700,5.5875,+5.25,3723932,107.6925,112.5763,107.6925
2022/02/08,106.3825,1.1675,+1.11,1935860,104.5000,106.6975,103.2900
2022/02/07,105.2150,0.1275,+0.12,2379316,104.8475,108.1100,104.0925
2022/02/04,105.0875,0.4050,+0.39,3285172,103.5325,106.2112,103.1275
2022/02/03,104.6825,4.2350,-3.89,2791156,107.8550,109.5225,104.1200
2022/02/02,108.9175,0.1575,+0.14,2623740,109.7500,110.4125,106.4600
2022/02/01,108.7600,1.1400,+1.06,3302580,108.5250,109.6779,106.1725
2022/01/31,107.6200,4.2725,+4.13,3643872,103.7500,108.0625,103.7500
2022/01/28,103.3475,7.4675,+7.79,5807836,96.7400,103.5000,95.5100
2022/01/27,95.8800,3.0775,-3.11,3963572,100.0375,100.4700,95.5050
2022/01/26,98.9575,2.6000,-2.56,3733120,103.3350,104.4000,97.5025
2022/01/25,101.5575,5.1500,-4.83,4021616,104.0000,104.6800,99.7900
2022/01/24,106.7075,1.1825,+1.12,4809620,103.8487,106.8875,100.6475
2022/01/21,105.5250,3.1350,-2.89,3606992,108.6100,108.6100,105.2950
2022/01/20,108.6600,0.1475,-0.14,3406644,109.5025,113.7375,108.4875
2022/01/19,108.8075,1.3400,+1.25,3368044,108.7650,112.1100,108.5575
2022/01/18,107.4675,4.3675,-3.91,3698220,109.7025,110.7400,107.1375
2022/01/14,111.8350,2.1100,-1.85,3527520,113.2800,116.4425,109.4925
2022/01/13,113.9450,8.6500,-7.06,4412404,122.2900,122.2900,113.8075
2022/01/12,122.5950,2.3025,+1.91,4423848,121.6150,125.3487,120.9125
2022/01/11,120.2925,4.7075,+4.07,4856524,116.0175,120.6750,115.5725
2022/01/10,115.5850,2.2875,-1.94,5629540,111.0425,115.7475,108.8675
2022/01/07,117.8725,2.8775,-2.38,4933524,120.7500,123.0000,117.7875
2022/01/06,120.7500,1.2025,-0.99,2994932,121.5325,123.6088,120.1000
2022/01/05,121.9525,6.1150,-4.77,2819460,126.8350,128.5825,121.9150
2022/01/04,128.0675,2.1300,-1.64,3028848,129.2747,129.9500,125.7375
2022/01/03,130.1975,4.0400,-3.01,3694372,132.9500,133.1975,128.2500
2021/12/31,134.2375,1.0900,-0.81,1286468,136.0375,136.8037,134.0950
2021/12/30,135.3275,1.4775,+1.10,1424524,133.1750,136.9375,132.9750
2021/12/29,133.8500,1.4750,+1.11,2115408,133.9950,133.9950,131.6887
2021/12/28,132.3750,10.0950,-7.09,3051116,142.7500,143.0675,132.2000
2021/12/27,142.4700,0.5325,-0.37,1544460,143.5725,143.7825,141.4300
2021/12/23,143.0025,0.1950,-0.14,1565944,143.7500,144.9625,143.0025
2021/12/22,143.1975,1.7225,+1.22,1250724,140.9375,143.3225,140.9375
2021/12/21,141.4750,5.2525,+3.86,2331100,137.4225,141.5750,136.9200
2021/12/20,136.2225,2.6125,-1.88,2485204,137.5900,138.0825,133.8625
2021/12/17,138.8350,6.4950,+4.91,5200440,132.8150,140.3450,131.9625
2021/12/16,132.3400,2.9825,-2.20,3510228,135.0575,136.1225,131.7425
2021/12/15,135.3225,1.4875,+1.11,8296856,134.5950,136.3225,131.9400
2021/12/14,133.8350,3.5675,-2.60,5462180,136.7875,138.3025,132.4313
2021/12/13,137.4025,4.2225,-2.98,4450688,140.9825,143.1471,137.3213
2021/12/10,141.6250,1.5875,+1.13,2078844,140.2175,142.1375,139.4250
2021/12/09,140.0375,1.1750,-0.83,2760624,141.1775,143.7525,140.0000
2021/12/08,141.2125,1.6125,+1.16,2560352,140.0000,143.1875,138.9925
2021/12/07,139.6000,8.4925,+6.48,4663768,134.5675,139.9025,133.8400
2021/12/06,131.1075,1.2350,+0.95,4261988,129.3975,132.8300,127.6225
2021/12/03,129.8725,10.1825,-7.27,5745044,140.2675,140.2675,128.6325
2021/12/02,140.0550,2.9675,+2.16,3264544,137.0800,140.4213,136.2662
2021/12/01,137.0875,3.5600,-2.53,3599084,141.8525,142.6175,136.7000
2021/11/30,140.6475,2.1050,-1.47,5761620,143.0000,145.0875,140.1575
2021/11/29,142.7525,5.2375,-3.54,5260376,147.9875,149.5150,142.2350
2021/11/26,147.9900,1.6550,-1.11,1464412,149.2325,152.6150,147.3625
2021/11/24,149.6450,2.1450,+1.45,2916404,147.4975,150.2025,145.0025
2021/11/23,147.5000,7.0150,-4.54,4164876,153.0650,154.5150,146.2500
2021/11/22,154.5150,5.7800,-3.61,3353512,159.6625,160.8950,154.5000
2021/11/19,160.2950,1.8075,-1.12,2267912,163.3950,163.5100,158.4850
2021/11/18,162.1025,0.7125,-0.44,2017912,164.2575,164.8630,161.6300
2021/11/17,162.8150,0.8075,+0.50,3759456,161.8225,163.7600,158.7525
2021/11/16,162.0075,1.5200,+0.95,1772612,160.9925,163.8625,160.1125
2021/11/15,160.4875,1.1525,-0.71,1145308,162.5000,163.4975,158.7900
2021/11/12,161.6400,2.2925,+1.44,1636316,159.9900,162.1525,158.6125
2021/11/11,159.3475,4.2425,+2.74,1970300,155.6150,159.7625,155.1575
2021/11/10,155.1050,4.1575,-2.61,2019820,157.9800,159.4600,154.7325
2021/11/09,159.2625,0.0100,-0.01,1589240,158.5300,161.9975,158.0000
2021/11/08,159.2725,0.4075,+0.26,1554276,159.3525,160.7400,157.3675
2021/11/05,158.8650,1.4100,+0.90,1779876,158.2650,160.6000,156.8688
2021/11/04,157.4550,2.5200,+1.63,2272524,154.8911,158.2300,154.0475
2021/11/03,154.9350,4.9750,-3.11,3042228,161.7625,162.3850,153.8125
2021/11/02,159.9100,3.0925,+1.97,3514572,157.6625,160.3950,155.1100
2021/11/01,156.8175,1.0150,+0.65,2920324,156.8175,158.6250,153.1300
2021/10/29,155.8025,13.2225,+9.27,5215124,145.0000,156.9900,138.0975
2021/10/28,142.5800,2.9450,+2.11,2025956,140.4250,142.8025,139.1162
2021/10/27,139.6350,1.7750,-1.26,1436100,140.9325,141.8825,138.3875
2021/10/26,141.4100,0.6750,-0.48,1691544,141.9400,142.7200,140.3088
2021/10/25,142.0850,0.4425,+0.31,1166576,141.7500,143.4125,140.2325
2021/10/22,141.6425,0.3825,-0.27,1336400,142.5000,142.5000,140.3075
2021/10/21,142.0250,2.8900,+2.08,1381884,138.4450,142.2875,137.5000
2021/10/20,139.1350,1.6225,+1.18,1222460,138.6500,140.0675,137.2850
2021/10/19,137.5125,2.1925,+1.62,2685184,136.2600,138.1963,135.7575
2021/10/18,135.3200,0.7975,-0.59,2824504,134.2150,135.5100,132.9950
2021/10/15,136.1175,2.5100,-1.81,1860832,138.9200,139.0288,135.7800
2021/10/14,138.6275,1.6150,+1.18,1909968,138.0875,140.2912,137.7725
2021/10/13,137.0125,2.3975,+1.78,2139980,136.3850,137.8825,135.4437
2021/10/12,134.6150,2.4200,+1.83,1592412,134.6575,136.4375,133.1825
2021/10/11,132.1950,0.0800,-0.06,1255056,131.1025,134.3175,130.2696
2021/10/08,132.2750,2.5225,-1.87,1289036,135.0000,136.1225,132.1366
2021/10/07,134.7975,0.6600,-0.49,1973032,136.2500,137.5400,134.1838
2021/10/06,135.4575,0.3600,+0.27,1932384,134.3075,136.3800,133.1300
2021/10/05,135.0975,3.4900,+2.65,2370268,132.0550,136.3063,132.0550
2021/10/04,131.6075,5.8725,-4.27,2207572,136.2500,136.3775,130.2525
2021/10/01,137.4800,0.7650,+0.56,1772288,137.8950,138.0875,134.2350
2021/09/30,136.7150,0.3200,+0.23,2284488,136.2525,138.0650,135.6875
2021/09/29,136.3950,2.1600,+1.61,2243940,134.9950,138.5000,134.7000
2021/09/28,134.2350,3.0325,-2.21,2231352,135.2350,135.6275,130.7300
2021/09/27,137.2675,2.9175,-2.08,2739652,139.2875,139.6100,135.2600
2021/09/24,140.1850,2.9975,-2.09,1753372,142.7275,143.0100,139.5000
2021/09/23,143.1825,0.5775,+0.40,1869916,143.3200,144.7500,142.0025
2021/09/22,142.6050,4.1575,+3.00,2089756,141.0375,144.3125,138.0000
2021/09/21,138.4475,0.9925,-0.71,1766624,140.3925,140.8775,138.3350
2021/09/20,139.4400,1.3450,-0.96,3132012,140.1125,141.5550,136.7800
2021/09/17,140.7850,0.4975,-0.35,3365532,140.0000,141.2000,138.9525
2021/09/16,141.2825,3.3650,+2.44,2194364,139.0000,141.9525,138.9500
2021/09/15,137.9175,2.3600,+1.74,1438244,136.1636,138.4475,134.0325
2021/09/14,135.5575,0.4500,+0.33,1506656,135.6425,137.4300,135.0325
2021/09/13,135.1075,2.2375,-1.63,2741704,135.3675,135.7125,131.7925
2021/09/10,137.3450,0.8200,-0.59,1508372,139.5825,139.9375,137.2700
2021/09/09,138.1650,0.5275,+0.38,2346144,135.3400,139.6075,134.5650
2021/09/08,137.6375,0.2775,-0.20,1637276,136.4675,139.5800,136.2500
2021/09/07,137.9150,2.3075,+1.70,1838304,136.3525,138.7400,135.6875
2021/09/03,135.6075,0.6800,+0.50,1573276,134.0300,136.0938,133.0325
2021/09/02,134.9275,1.3025,-0.96,2143500,136.4525,138.7500,134.4625
2021/09/01,136.2300,3.8750,+2.93,3350192,132.9750,136.8825,131.7350
2021/08/31,132.3550,1.9700,+1.51,2320876,130.8875,132.6100,129.5075
2021/08/30,130.3850,0.2075,+0.16,2114712,130.3975,131.7375,129.4250
2021/08/27,130.1775,0.9125,+0.71,1548756,129.6525,131.1975,128.6075
2021/08/26,129.2650,0.1250,-0.10,2251892,129.3100,132.0750,128.6025
2021/08/25,129.3900,0.5650,+0.44,961976,128.6000,129.7975,127.9250
2021/08/24,128.8250,0.6450,+0.50,1563812,127.0000,130.6150,127.0000
2021/08/23,128.1800,1.5675,-1.21,1883472,129.4900,129.4900,127.2775
2021/08/20,129.7475,3.3600,+2.66,1946668,126.2750,130.7109,125.7575
2021/08/19,126.3875,0.9975,-0.78,2241476,126.5375,128.1125,126.0050
2021/08/18,127.3850,0.1750,-0.14,2157780,127.2000,128.5375,127.1300
2021/08/17,127.5600,1.0150,+0.80,1352028,126.0900,127.8900,125.4925
2021/08/16,126.5450,3.6925,+3.01,1872780,123.0425,126.8175,122.2125
2021/08/13,122.8525,0.3600,-0.29,1347532,122.8150,123.8500,121.7500
2021/08/12,123.2125,0.6475,+0.53,1787240,123.0650,124.8325,122.5650
2021/08/11,122.5650,2.4200,-1.94,4074688,125.5050,126.0056,122.1350
2021/08/10,124.9850,4.4100,-3.41,3065388,129.2450,129.5637,124.7625
2021/08/09,129.3950,0.2350,+0.18,4002192,129.4600,130.9625,128.1807
2021/08/06,129.1600,1.8225,-1.39,2202088,129.8125,130.5275,126.5000
2021/08/05,130.9825,2.3500,+1.83,1796136,128.3525,131.3425,127.0650
2021/08/04,128.6325,1.6725,-1.28,4629444,130.2000,131.7750,128.2875
2021/08/03,130.3050,2.4675,+1.93,2144324,128.0900,130.7025,127.8075
2021/08/02,127.8375,1.0400,-0.81,2853888,129.2975,129.3050,124.3753
2021/07/30,128.8775,14.8650,+13.04,9673624,119.1750,131.0775,118.3100
2021/07/29,114.0125,0.9675,-0.84,2992492,114.9100,116.5513,113.8525
2021/07/28,114.9800,2.8350,+2.53,1762192,112.1400,115.2500,111.9000
2021/07/27,112.1450,1.0000,-0.88,1916856,113.0725,113.6459,111.3175
2021/07/26,113.1450,2.0350,-1.77,1547072,114.6975,114.6975,112.6838
2021/07/23,115.1800,2.4575,+2.18,2437864,113.1625,115.8050,112.5925
2021/07/22,112.7225,0.9775,+0.87,1380484,112.1900,113.1893,111.5350
2021/07/21,111.7450,0.1800,-0.16,1723856,112.3725,112.4500,109.2500
2021/07/20,111.9250,3.1625,+2.91,3154508,108.7200,112.8325,107.7875
2021/07/19,108.7625,3.4100,-3.04,3145488,111.0300,112.8675,107.9900
2021/07/16,112.1725,1.8175,+1.65,2731160,110.6375,112.8575,110.2425
2021/07/15,110.3550,0.2325,+0.21,2180988,109.7350,110.5425,108.4775
2021/07/14,110.1225,1.4750,-1.32,2082312,112.1225,112.4350,109.7112
2021/07/13,111.5975,0.1550,+0.14,1971328,111.3450,112.4550,110.5075
2021/07/12,111.4425,1.2600,+1.14,1502016,111.3550,112.2150,110.3825
2021/07/09,110.1825,1.5600,-1.40,2040896,111.2800,111.3725,109.0725
2021/07/08,111.7425,0.1375,-0.12,2524676,110.1575,111.8325,108.8550
2021/07/07,111.8800,1.7175,+1.56,3762920,111.1200,112.2862,109.2825
2021/07/06,110.1625,2.2650,+2.10,2187592,108.0125,110.6500,107.0312
2021/07/02,107.8975,1.1875,+1.11,1468208,107.1150,108.2500,106.5500
2021/07/01,106.7100,0.0400,-0.04,2195708,106.2475,107.0050,105.1850
2021/06/30,106.7500,0.0500,+0.05,2819120,106.1350,106.9713,105.6175
2021/06/29,106.7000,0.0900,-0.08,2748912,106.4375,106.8425,104.6500
2021/06/28,106.7900,0.8000,-0.74,4731572,107.8725,107.8950,105.6125
2021/06/25,107.5900,1.3400,+1.26,13446496,106.4000,107.6200,104.9062
2021/06/24,106.2500,1.6800,-1.56,4763428,108.3000,109.9050,106.1225
2021/06/23,107.9300,1.0525,+0.98,2382640,106.9625,108.2750,105.8150
2021/06/22,106.8775,1.1200,+1.06,2357064,105.2200,106.8975,104.3850
2021/06/21,105.7575,1.1850,+1.13,2565836,104.5725,106.0700,101.9051
2021/06/18,104.5725,1.4600,+1.42,4016332,102.9775,104.7975,102.7804
2021/06/17,103.1125,2.1750,+2.15,3024684,100.7050,104.3550,100.0200
2021/06/16,100.9375,0.3375,-0.33,3069712,101.4500,102.1800,99.4675
2021/06/15,101.2750,0.9975,-0.98,2483748,102.5000,103.9025,101.0000
2021/06/14,102.2725,2.2250,+2.22,3144124,100.0783,102.4300,99.7975
2021/06/11,100.0475,0.3025,+0.30,2441652,100.2725,100.4775,99.1300
2021/06/10,99.7450,2.2375,+2.29,4040516,97.6000,99.9200,96.6246
2021/06/09,97.5075,0.0200,+0.02,1712984,98.7500,99.5375,97.3912
2021/06/08,97.4875,0.7425,+0.77,3216332,97.0725,98.3275,96.1550
2021/06/07,96.7450,1.0175,+1.06,1868932,96.0025,98.0525,95.1900
2021/06/04,95.7275,1.5425,+1.64,2414636,94.8800,96.9875,93.7500
2021/06/03,94.1850,1.4375,+1.55,2808368,91.7475,94.7175,91.7475
2021/06/02,92.7475,1.3300,+1.45,2687184,91.3275,93.1025,90.7475
2021/06/01,91.4175,0.9300,-1.01,2646264,92.8000,93.5812,90.3950
2021/05/28,92.3475,1.8700,+2.07,3473276,93.7500,94.6100,92.0062
2021/05/27,90.4775,1.8050,+2.04,3370544,88.4050,90.7500,87.0200
2021/05/26,88.6725,0.3600,+0.41,3724704,87.3975,89.4950,87.2300
2021/05/25,88.3125,0.5350,-0.60,2459016,88.6975,89.8050,88.2075
2021/05/24,88.8475,3.3250,+3.89,5541904,86.6850,90.7525,85.9350
2021/05/21,85.5225,0.5525,-0.64,2522124,86.1475,87.8750,85.3900
2021/05/20,86.0750,3.0025,+3.61,2067832,84.0200,86.4400,83.4250
2021/05/19,83.0725,0.5450,+0.66,2201124,80.8675,83.2250,80.7500
2021/05/18,82.5275,1.1775,+1.45,3340144,82.4965,84.3700,82.2175
2021/05/17,81.3500,1.9625,-2.36,3251972,82.8000,83.4200,80.4825
2021/05/14,83.3125,2.3225,+2.87,3219196,81.6750,84.0950,81.1475
2021/05/13,80.9900,2.3800,-2.85,5070964,84.0850,84.5000,79.6125
2021/05/12,83.3700,3.6300,-4.17,4522472,86.0000,86.0000,82.3900
2021/05/11,87.0000,1.3275,+1.55,6265352,84.3800,88.7450,84.0450
2021/05/10,85.6725,4.0125,-4.47,3306212,89.8175,89.8175,85.6050
2021/05/07,89.6850,0.3500,+0.39,2849536,90.6425,92.5950,89.6250
2021/05/06,89.3350,2.1500,-2.35,3480916,90.1875,90.7200,87.6612
2021/05/05,91.4850,1.3700,-1.48,3365260,92.9975,93.5337,90.1875
2021/05/04,92.8550,2.2875,-2.40,3737896,94.6575,94.7425,91.5563
2021/05/03,95.1425,1.3825,-1.43,3723420,96.5250,96.6362,93.8750
2021/04/30,96.5250,8.9000,-8.44,10977756,100.0000,100.7900,96.2050
2021/04/29,105.4250,1.0175,-0.96,2930340,107.0000,107.2350,104.6625
2021/04/28,106.4425,1.0175,+0.97,2047116,104.5675,106.6550,104.2925
2021/04/27,105.4250,0.7325,+0.70,3025640,104.2100,105.7500,104.2100
2021/04/26,104.6925,0.9425,+0.91,2087244,103.9575,104.7500,102.6037
2021/04/23,103.7500,1.1550,+1.13,1636816,102.1375,104.1475,102.0000
2021/04/22,102.5950,2.1900,+2.18,3198624,100.7850,103.4050,100.7850
2021/04/21,100.4050,3.1775,+3.27,2273952,97.8325,100.9000,97.1875
2021/04/20,97.2275,1.0325,-1.05,2902792,97.4525,98.8950,95.8162
2021/04/19,98.2600,1.7500,-1.75,1558968,99.1500,99.7525,97.9112
2021/04/16,100.0100,0.1375,+0.14,2200200,100.1425,100.4125,98.4100
2021/04/15,99.8725,2.0975,+2.15,2102140,98.5775,100.2650,98.2325
2021/04/14,97.7750,0.7500,+0.77,2041188,97.2600,98.3700,96.4950
2021/04/13,97.0250,0.2375,+0.25,1898908,96.0750,97.5475,95.6850
2021/04/12,96.7875,1.0650,+1.11,2360780,95.0675,97.1600,94.2188
2021/04/09,95.7225,1.1275,+1.19,1725400,94.6000,95.7925,93.2750
2021/04/08,94.5950,2.2450,+2.43,1727972,94.3300,95.5675,93.0450
2021/04/07,92.3500,0.9000,-0.97,1802520,93.3925,93.4213,91.6475
2021/04/06,93.2500,1.2100,+1.31,3251720,90.8725,94.6750,90.8725
2021/04/05,92.0400,0.6650,+0.73,1834788,91.8750,92.2925,90.3850
2021/04/01,91.3750,1.5275,+1.70,2214656,90.6025,92.6615,90.2525
2021/03/31,89.8475,3.0475,+3.51,2905048,87.5000,90.8750,87.0000
2021/03/30,86.8000,0.5425,-0.62,2626400,86.6450,87.6038,85.3175
2021/03/29,87.3425,0.8400,-0.95,2506348,88.2200,88.7125,86.3250
2021/03/26,88.1825,1.1350,+1.30,2802128,86.7325,88.3625,85.1112
2021/03/25,87.0475,1.8850,-2.12,3526984,88.9475,89.3525,85.0837
2021/03/24,88.9325,2.1100,-2.32,3529848,90.6675,90.6675,88.6125
2021/03/23,91.0425,1.0875,+1.21,3465324,88.2200,91.6750,88.2200
2021/03/22,89.9550,3.7975,+4.41,4216848,85.8800,90.5300,85.7069
2021/03/19,86.1575,1.3700,+1.62,3724072,84.9225,86.9300,84.4700
2021/03/18,84.7875,3.1375,-3.57,4789176,87.0000,87.2900,84.2850
2021/03/17,87.9250,0.7375,-0.83,4123084,88.3900,88.3900,85.2900
2021/03/16,88.6625,1.8200,-2.01,3118388,91.7425,91.8850,88.2500
2021/03/15,90.4825,1.0500,+1.17,3287272,88.4400,90.7450,87.7600
2021/03/12,89.4325,2.2625,-2.47,3695900,89.8075,90.1410,88.1475
2021/03/11,91.6950,2.5975,+2.92,2452832,88.9650,91.7763,88.7425
2021/03/10,89.0975,1.6375,-1.80,4384732,92.4400,92.9700,89.0950
2021/03/09,90.7350,2.7200,+3.09,3337968,89.2350,91.3475,89.2350
2021/03/08,88.0150,3.0075,-3.30,3461344,90.4075,91.7400,87.1925
2021/03/05,91.0225,1.9550,+2.19,3169508,90.3775,91.8625,86.8075
2021/03/04,89.0675,3.1075,-3.37,4117652,91.9700,92.9450,88.0350
2021/03/03,92.1750,5.8025,-5.92,5245296,96.6975,96.6975,91.1500
2021/03/02,97.9775,1.1900,-1.20,2661860,99.0000,99.6150,96.7900
2021/03/01,99.1675,0.2775,-0.28,2867844,100.1000,100.4975,98.2463
2021/02/26,99.4450,0.5775,+0.58,2733004,99.1975,100.6225,96.5300
2021/02/25,98.8675,2.5425,-2.51,2497460,101.4100,101.4537,97.6675
2021/02/24,101.4100,0.2850,-0.28,2356300,100.7950,101.8312,99.9325
2021/02/23,101.6950,1.3200,-1.28,3146400,101.7450,102.9325,99.1225
2021/02/22,103.0150,1.7200,-1.64,2588432,104.1875,105.5650,102.2000
2021/02/19,104.7350,2.0250,+1.97,3828688,102.9650,105.8500,101.6350
2021/02/18,102.7100,0.8200,-0.79,2414152,103.1050,103.3550,100.6600
2021/02/17,103.5300,2.4350,+2.41,2606644,101.5700,104.3225,100.0475
2021/02/16,101.0950,2.0450,-1.98,3509120,102.7500,103.1500,100.0775
2021/02/12,103.1400,0.5900,+0.58,7701036,96.9950,103.5850,95.2625
2021/02/11,102.5500,2.6900,+2.69,2747296,101.1550,102.7650,99.7875
2021/02/10,99.8600,0.3975,-0.40,2784232,101.6075,101.6075,99.0450
2021/02/09,100.2575,0.5675,-0.56,3064456,101.4375,102.0000,99.4525
2021/02/08,100.8250,1.9325,-1.88,3482000,103.6950,103.7500,100.6538
2021/02/05,102.7575,1.9450,+1.93,2238420,102.0050,103.0600,101.0000
2021/02/04,100.8125,2.8900,+2.95,3154288,98.8700,102.0249,98.2100
2021/02/03,97.9225,0.7350,-0.75,2952132,98.1175,98.7500,95.7648
2021/02/02,98.6575,3.0025,+3.14,3459920,96.8075,100.4125,96.3000
2021/02/01,95.6550,1.9425,+2.07,2893816,94.0875,96.6475,93.2500
2021/01/29,93.7125,1.9900,+2.17,4383140,90.6425,94.7650,89.9500
2021/01/28,91.7225,4.3125,+4.93,3906112,88.3225,92.2425,87.6250
2021/01/27,87.4100,2.9450,-3.26,4143284,89.9250,90.3025,87.2500
2021/01/26,90.3550,3.7425,-3.98,3574160,94.4225,94.4600,90.0650
2021/01/25,94.0975,1.5675,+1.69,2271548,93.3875,94.5000,91.1150
2021/01/22,92.5300,0.6550,+0.71,1697092,91.9075,93.4975,91.3200
2021/01/21,91.8750,0.8450,+0.93,2757388,91.6750,92.6975,90.4250
2021/01/20,91.0300,1.6200,+1.81,4673720,89.8575,91.8225,89.4900
2021/01/19,89.4100,0.8600,+0.97,3178192,89.6225,90.0125,87.0062
2021/01/15,88.5500,0.5300,+0.60,3011808,88.0575,89.1875,86.8975
2021/01/14,88.0200,2.6175,-2.89,3562476,90.5450,91.0685,87.5099
2021/01/13,90.6375,0.5950,+0.66,3947300,89.9800,91.1100,86.9700
2021/01/12,90.0425,2.6175,-2.82,4542316,92.8425,92.8775,89.0650
2021/01/11,92.6600,4.3625,-4.50,5777408,93.4975,93.8750,90.7925
2021/01/08,97.0225,0.2325,+0.24,5110672,97.3175,99.2450,95.3175
2021/01/07,96.7900,2.8100,+2.99,4798928,94.1750,97.4000,94.1750
2021/01/06,93.9800,1.7925,+1.94,7632840,92.7425,96.1275,91.6725
2021/01/05,92.1875,2.7525,+3.08,2850776,89.5100,92.6475,88.8050
2021/01/04,89.4350,2.9950,-3.24,4080004,91.5175,92.3675,87.9600
2020/12/31,92.4300,1.7375,+1.92,3233492,91.2375,92.6600,90.3868
2020/12/30,90.6925,1.4675,+1.64,2493752,89.9400,90.7875,88.5100
2020/12/29,89.2250,1.3525,-1.49,1973648,91.9163,92.1725,88.1375
2020/12/28,90.5775,1.8225,+2.05,4018196,88.8475,91.3450,88.0925
2020/12/24,88.7550,0.2425,-0.27,1129804,89.1350,89.5697,87.9300
2020/12/23,88.9975,0.4400,+0.50,2450328,89.2925,91.2475,88.9950
2020/12/22,88.5575,1.3450,+1.54,2807872,87.2375,88.5625,86.3575
2020/12/21,87.2125,2.4300,-2.71,3480540,88.1675,88.7325,86.6600
2020/12/18,89.6425,0.1650,+0.18,4991924,90.3640,91.3750,88.3700
2020/12/17,89.4775,1.3900,+1.58,2645936,88.8425,89.8875,88.1350
2020/12/16,88.0875,0.4650,-0.53,3284432,88.0500,89.2050,87.2200
2020/12/15,88.5525,0.1550,+0.18,5116060,89.1625,89.3450,86.2500
2020/12/14,88.3975,1.4700,+1.69,6190368,87.2875,89.7350,87.0087
2020/12/11,86.9275,0.1300,+0.15,4313176,85.6125,87.8750,85.4338
2020/12/10,86.7975,3.4500,+4.14,5680948,83.0000,87.3574,82.5225
2020/12/09,83.3475,3.6925,-4.24,6437836,86.9525,87.3750,82.4000
2020/12/08,87.0400,2.6900,+3.19,3515768,84.6125,87.0700,83.3325
2020/12/07,84.3500,2.6575,-3.05,3526632,87.6850,88.4567,83.9838
2020/12/04,87.0075,0.8500,+0.99,4669376,85.8800,87.4900,84.5400
2020/12/03,86.1575,2.8575,+3.43,6918660,83.3500,87.2675,82.8147
2020/12/02,83.3000,1.3700,+1.67,4467572,81.6700,83.4645,80.6550
2020/12/01,81.9300,2.0100,+2.52,6228952,80.3375,82.2775,79.7925
2020/11/30,79.9200,0.3675,+0.46,8849296,79.3925,80.4825,78.3451
2020/11/27,79.5525,1.4150,+1.81,2344492,79.4075,79.9150,78.0025
2020/11/25,78.1375,0.1925,-0.25,3271348,78.7700,80.0350,77.7527
2020/11/24,78.3300,1.9425,-2.42,3915304,80.7491,80.7491,78.1300
2020/11/23,80.2725,1.3050,+1.65,5198704,79.7475,81.2500,78.6565
2020/11/20,78.9675,3.6925,-4.47,6636200,82.7875,83.0697,78.8850
2020/11/19,82.6600,0.3575,+0.43,3407256,81.7250,83.6000,81.0675
2020/11/18,82.3025,1.2850,-1.54,3338372,83.8113,83.9563,81.8925
2020/11/17,83.5875,1.4200,-1.67,3374404,84.2125,84.6625,83.3100
2020/11/16,85.0075,0.9075,+1.08,3214024,84.1000,86.1150,83.2375
2020/11/13,84.1000,0.0750,-0.09,2561612,85.7050,86.6475,83.6675
2020/11/12,84.1750,2.7000,-3.11,5052280,87.1175,89.8200,83.5050
2020/11/11,86.8750,1.9925,+2.35,3633488,85.7125,88.1200,85.1250
2020/11/10,84.8825,1.0775,-1.25,4222836,84.0525,85.3150,81.7150
2020/11/09,85.9600,4.3700,-4.84,4772216,90.3325,91.5100,85.7750
2020/11/06,90.3300,1.5525,+1.75,3709256,89.0950,91.2650,87.2756
2020/11/05,88.7775,2.6525,+3.08,5623036,88.4550,91.5613,87.4525
2020/11/04,86.1250,3.1825,+3.84,5573552,86.5025,87.5900,83.8250
2020/11/03,82.9425,4.9425,+6.34,4890956,78.7525,83.3750,78.7525
2020/11/02,78.0000,1.8950,-2.37,7264896,82.1350,82.1350,76.4075
2020/10/30,79.8950,3.9275,-4.69,8897044,84.1850,84.5000,79.3750
2020/10/29,83.8225,3.4575,-3.96,9402028,88.1900,88.5975,83.0925
2020/10/28,87.2800,7.8775,-8.28,22844272,91.5850,92.0000,82.6550
2020/10/27,95.1575,9.3425,-8.94,11525748,98.8075,99.5000,95.0275
2020/10/26,104.5000,1.7500,+1.70,3588976,101.4150,104.7475,100.8750
2020/10/23,102.7500,3.8013,+3.84,2192968,99.5000,102.8025,99.2413
2020/10/22,98.9487,1.9887,+2.05,1857980,96.6250,99.5625,96.4650
2020/10/21,96.9600,1.1475,-1.17,3056032,98.4725,99.1987,96.2725
2020/10/20,98.1075,1.2675,-1.28,3259016,99.3600,101.0500,97.4075
2020/10/19,99.3750,1.8750,-1.85,3773768,100.9025,102.5000,98.7550
2020/10/16,101.2500,1.3550,+1.36,3354160,100.8000,104.4975,99.7350
2020/10/15,99.8950,1.3925,+1.41,4233460,97.7675,100.1150,97.1328
2020/10/14,98.5025,1.7325,-1.73,2228260,100.0850,100.8175,97.5850
2020/10/13,100.2350,1.6900,+1.71,2457000,99.6250,100.7250,98.6250
2020/10/12,98.5450,2.0450,+2.12,3730888,98.1300,100.4575,97.0050
2020/10/09,96.5000,0.3750,-0.39,2635008,98.3825,99.2450,96.3000
2020/10/08,96.8750,1.5800,-1.60,2159684,99.1650,99.9500,96.7925
2020/10/07,98.4550,4.7325,+5.05,4076924,94.1875,98.6075,94.1875
2020/10/06,93.7225,1.9050,-1.99,3647416,94.9175,97.3375,93.3525
2020/10/05,95.6275,0.5025,-0.52,3311728,97.0000,97.4387,94.6838
2020/10/02,96.1300,7.3300,-7.08,5284708,99.2475,100.4000,94.7775
2020/10/01,103.4600,0.4025,+0.39,1986872,104.2700,105.0000,102.4575
2020/09/30,103.0575,2.5125,+2.50,2511820,100.6025,103.9075,99.3775
2020/09/29,100.5450,0.4975,+0.50,2238364,99.9475,102.3888,99.4875
2020/09/28,100.0475,0.5425,-0.54,4324604,99.7500,100.3750,96.7525
