일자,종가,대비,등락률,거래량,시가,고가,저가
2026/09/17,86.6200,2.3300,+2.76,4268703,86.1900,87.8600,86.1500
2026/09/16,84.2900,1.0800,-1.27,6428913,85.0500,85.3500,83.4700
2026/09/15,85.3700,1.7900,-2.05,6300089,87.0500,87.6500,84.9000
2026/09/14,87.1600,1.5400,+1.80,5558164,85.8400,87.3900,85.4800
2026/09/11,85.6200,0.5000,-0.58,7370109,87.2500,87.7700,85.3100
2026/09/10,86.1200,2.3600,+2.82,6142806,83.8000,86.1800,82.8582
2026/09/09,83.7600,2.0300,-2.37,7780490,85.2200,86.3000,83.7600
2026/09/08,85.7900,1.9700,-2.24,6239759,87.3800,87.8500,85.3100
2026/09/04,87.7600,0.7200,+0.83,5440717,86.4100,87.7600,85.6850
2026/09/03,87.0400,2.3452,+2.77,5226961,85.5481,87.1997,84.9451
2026/09/02,84.6948,0.7585,-0.89,5900072,85.4633,86.4612,83.7767
2026/09/01,85.4533,0.6886,-0.80,5371520,86.1419,87.0101,85.0441
2026/08/31,86.1419,0.0499,+0.06,8277309,86.1019,87.0101,85.8275
2026/08/28,86.0920,0.0899,+0.10,7363756,87.4492,88.0878,85.4633
2026/08/27,86.0021,0.1497,-0.17,7609640,85.7028,86.9103,85.7028
2026/08/26,86.1518,0.5189,+0.61,5409459,85.8026,86.3814,84.7402
2026/08/25,85.6329,1.1676,-1.35,4863514,86.8304,86.9202,85.4633
2026/08/24,86.8005,0.9480,-1.08,4757269,87.7585,88.0878,85.5331
2026/08/21,87.7485,1.7763,+2.07,5284960,85.6130,88.1776,85.6130
2026/08/20,85.9722,1.1875,+1.40,4928693,84.0262,86.2616,83.5572
2026/08/19,84.7847,1.2475,+1.49,4740112,84.3057,85.9173,83.9434
2026/08/18,83.5372,0.6587,-0.78,3732984,84.6849,84.6849,83.4175
2026/08/17,84.1959,2.3950,-2.77,4744603,86.0720,86.3115,84.1659
2026/08/14,86.5909,0.3792,+0.44,3501057,86.6408,87.0001,85.9722
2026/08/13,86.2117,0.3692,-0.43,3549177,86.6708,87.1697,86.0471
2026/08/12,86.5809,2.5847,-2.90,4842245,88.9361,88.9361,86.5410
2026/08/11,89.1656,1.3871,+1.58,4802024,87.9481,89.5548,87.6986
2026/08/10,87.7785,0.3792,+0.43,3453814,87.2396,88.6267,86.2017
2026/08/07,87.3993,0.6387,+0.74,4032364,86.7107,87.6986,86.1528
2026/08/06,86.7606,2.2154,-2.49,5442515,88.9760,89.1157,86.3215
2026/08/05,88.9760,0.8482,+0.96,6874431,88.2774,89.7943,88.0729
2026/08/04,88.1278,0.6287,+0.72,5340775,87.2296,88.4072,85.8525
2026/08/03,87.4991,1.1775,-1.33,4823357,89.3253,90.1136,87.1049
2026/07/31,88.6766,0.4590,+0.52,6691806,88.6666,88.9261,86.8604
2026/07/30,88.2176,0.9979,-1.12,6241979,89.5548,89.5847,86.4263
2026/07/29,89.2155,0.8981,-1.00,7998840,90.5128,91.6604,88.9211
2026/07/28,90.1136,3.2532,+3.75,13410009,87.4242,90.9619,87.0300
2026/07/27,86.8604,4.3909,+5.32,9892110,84.8246,86.9003,83.9214
2026/07/24,82.4695,1.9660,+2.44,5617330,80.3738,83.5871,80.2640
2026/07/23,80.5035,1.4570,-1.78,9532582,81.1921,81.5753,78.8370
2026/07/22,81.9605,2.6046,+3.28,13086553,80.3339,84.1560,79.8748
2026/07/21,79.3559,3.7123,+4.91,11944480,75.9330,79.9347,74.6456
2026/07/20,75.6436,0.2694,-0.35,8827369,76.8311,77.0307,75.2045
2026/07/17,75.9130,1.6466,-2.12,5840159,76.9808,77.7792,75.8332
2026/07/16,77.5596,0.0798,+0.10,5407986,77.3401,77.8091,76.4569
2026/07/15,77.4798,0.7684,+1.00,6306291,77.0806,77.9987,76.6315
2026/07/14,76.7114,0.1497,+0.20,4973141,76.6215,77.1754,75.7982
2026/07/13,76.5617,1.1276,-1.45,3260411,77.8889,78.3380,76.2723
2026/07/10,77.6893,1.1975,+1.57,4793433,76.7313,78.5076,76.7163
2026/07/09,76.4918,0.4091,+0.54,4211016,76.2124,76.7413,75.2943
2026/07/08,76.0827,0.2096,+0.28,5284684,75.0598,76.1525,74.4261
2026/07/07,75.8731,1.8162,-2.34,7841945,77.5596,77.5596,75.4857
2026/07/06,77.6893,1.8461,+2.43,9034381,76.3721,77.9089,75.9587
2026/07/02,75.8432,0.4791,+0.64,6031871,76.7263,77.0407,74.0668
2026/07/01,75.3641,1.5568,-2.02,7677812,76.8311,77.3550,75.0448
2026/06/30,76.9209,0.2595,-0.34,7861527,77.1006,77.1006,75.7434
2026/06/29,77.1804,0.7584,-0.97,7125703,78.0885,78.2981,76.8960
2026/06/26,77.9388,0.4291,-0.55,12618084,78.2282,79.3359,77.6444
2026/06/25,78.3679,0.4192,-0.53,8468602,78.9368,80.2640,78.2282
2026/06/24,78.7871,0.0000,0,9378348,78.9667,80.4027,78.7771
2026/06/23,78.7871,1.4769,-1.84,7877021,79.0266,80.0445,78.4378
2026/06/22,80.2640,1.1376,+1.44,10868041,80.6283,83.1431,79.9048
2026/06/18,79.1264,0.2894,-0.36,18939937,80.4387,80.7829,78.7771
2026/06/17,79.4158,2.9239,-3.55,11429632,82.3297,83.0033,78.9916
2026/06/16,82.3397,1.5568,-1.86,7910529,84.4753,85.2337,82.0504
2026/06/15,83.8965,2.5647,+3.15,7909673,82.4695,84.7797,82.4695
2026/06/12,81.3318,0.6487,+0.80,4964214,81.5514,81.9555,80.3339
2026/06/11,80.6831,1.4470,+1.83,6033203,79.8748,80.9227,78.9218
2026/06/10,79.2361,4.3510,-5.21,11389662,83.3377,83.6196,78.8370
2026/06/09,83.5871,0.0100,-0.01,9005620,84.3755,84.9244,81.4900
2026/06/08,83.5971,1.6566,+2.02,8953807,81.5015,83.9963,81.3418
2026/06/05,81.9405,0.9281,-1.12,7386830,81.8008,82.9284,81.2320
2026/06/04,82.8686,1.5136,+1.86,6888366,81.7135,83.2869,81.2953
2026/06/03,81.3550,0.0299,-0.04,9760727,80.3692,83.7648,80.0008
2026/06/02,81.3849,0.9460,-1.15,10595500,82.5400,83.8495,80.6820
2026/06/01,82.3309,0.5576,-0.67,7542439,83.0777,83.0877,80.1103
2026/05/29,82.8885,1.1054,-1.32,15619397,84.4420,84.6511,80.8771
2026/05/28,83.9939,0.2291,+0.27,7691272,83.2470,84.8303,83.0280
2026/05/27,83.7648,4.3117,+5.43,10415299,80.3095,84.1631,80.3095
2026/05/26,79.4531,0.9958,+1.27,5043569,78.9652,79.8315,78.3329
2026/05/22,78.4573,1.5733,+2.05,6473529,77.6707,79.5129,77.3570
2026/05/21,76.8840,1.0655,+1.41,6389589,75.0617,77.0433,74.6833
2026/05/20,75.8185,3.4952,+4.83,8103298,73.0801,75.8384,72.8860
2026/05/19,72.3233,0.4681,-0.64,7025236,71.9350,72.5723,70.1276
2026/05/18,72.7914,1.7525,-2.35,5675690,74.5041,74.6634,72.7814
2026/05/15,74.5439,2.8778,-3.72,8513466,76.2766,76.8342,74.4842
2026/05/14,77.4217,1.9318,+2.56,8069046,75.5596,78.9353,75.5596
2026/05/13,75.4899,0.6274,-0.82,8135998,75.8982,77.3321,75.1314
2026/05/12,76.1173,1.1452,+1.53,5294977,75.0816,76.5654,74.6435
2026/05/11,74.9721,3.4952,-4.45,6393856,78.4673,78.6664,74.7906
2026/05/08,78.4673,0.3884,+0.50,2962809,78.7959,78.9951,77.7395
2026/05/07,78.0789,0.2888,-0.37,6763608,78.4872,79.0349,77.8399
2026/05/06,78.3677,2.5392,+3.35,5457830,77.8698,79.1145,77.4964
2026/05/05,75.8285,0.4481,+0.59,5137464,75.9480,76.8292,75.6990
2026/05/04,75.3804,0.0697,-0.09,7798298,75.5895,76.6848,74.8930
2026/05/01,75.4501,1.1153,-1.46,7192223,76.7944,77.1728,75.2011
2026/04/30,76.5654,0.2689,+0.35,11067329,76.7944,77.7453,76.1870
2026/04/29,76.2965,2.3202,-2.95,9289393,77.8698,77.9794,75.0567
2026/04/28,78.6167,0.9859,+1.27,15105434,77.6856,79.0648,74.4653
2026/04/27,77.6308,0.0897,-0.12,8357958,76.2865,78.4972,76.2865
2026/04/24,77.7205,0.4680,-0.60,6149320,77.8997,78.1885,76.5952
2026/04/23,78.1885,0.4779,-0.61,4761677,78.6067,78.7660,76.8342
2026/04/22,78.6664,0.0498,-0.06,3183656,79.2540,79.4587,78.2980
2026/04/21,78.7162,1.4837,-1.85,5378594,80.1004,80.8572,78.6664
2026/04/20,80.1999,0.7767,-0.96,3975643,80.5186,80.8173,79.9858
2026/04/17,80.9766,3.2561,+4.19,7329163,79.0648,82.3209,79.0648
2026/04/16,77.7205,0.2689,+0.35,5638922,77.2624,78.0192,76.6859
2026/04/15,77.4516,1.6729,-2.11,6503040,79.2042,79.2042,77.4317
2026/04/14,79.1245,2.6189,+3.42,5884471,78.2980,79.5228,77.7741
2026/04/13,76.5056,0.4083,+0.54,3987041,75.2908,76.5355,74.8327
2026/04/10,76.0973,0.3087,-0.40,4087012,76.7844,77.1429,75.8185
2026/04/09,76.4060,0.0100,-0.01,6703297,75.2708,76.9836,75.0617
2026/04/08,76.4160,3.9632,+5.47,7279498,75.6940,76.7346,75.3953
2026/04/07,72.4528,0.6672,-0.91,5929659,72.6719,72.8710,71.2977
2026/04/06,73.1200,0.8863,+1.23,5086487,72.2138,73.3191,71.8454
2026/04/02,72.2337,2.4895,-3.33,8217535,73.0303,73.3689,71.3674
2026/04/01,74.7232,0.5378,+0.72,5169564,74.8825,75.5497,74.3995
2026/03/31,74.1854,1.7326,+2.39,5802664,73.7373,74.7730,73.0951
2026/03/30,72.4528,0.2191,-0.30,7222808,73.3988,73.9166,72.1142
2026/03/27,72.6719,2.6089,-3.47,7595297,74.8924,74.9422,72.3731
2026/03/26,75.2808,1.0057,-1.32,8507227,75.6492,76.8442,74.5887
2026/03/25,76.2865,0.0398,+0.05,7221608,77.5711,77.9594,76.0675
2026/03/24,76.2467,0.8464,+1.12,7152437,74.6634,76.5454,74.4543
2026/03/23,75.4003,2.8977,+4.00,7727400,74.4344,76.5255,74.2850
2026/03/20,72.5026,0.9758,-1.33,17835337,73.2096,73.5880,71.7906
2026/03/19,73.4784,0.2589,+0.35,9535461,72.1939,74.0859,72.1939
2026/03/18,73.2195,0.5079,-0.69,6026309,73.2195,74.4941,73.1050
2026/03/17,73.7274,1.0854,+1.49,4710022,73.2793,74.2551,73.2345
2026/03/16,72.6420,0.5576,+0.77,7503392,73.0104,73.5382,72.1242
2026/03/13,72.0844,1.0555,-1.44,7260364,73.2793,73.6278,71.7856
2026/03/12,73.1399,1.3343,-1.79,7372098,72.9308,73.7075,72.7914
2026/03/11,74.4742,0.1394,-0.19,5661389,75.1414,76.2567,74.0560
2026/03/10,74.6136,0.2390,+0.32,8953374,74.5240,76.8740,74.5240
2026/03/09,74.3746,0.5178,-0.69,8867070,73.0901,74.3846,71.6183
2026/03/06,74.8924,0.8066,-1.07,8225683,74.4244,74.9024,73.0403
2026/03/05,75.6990,2.3842,-3.05,8700106,77.4872,77.6561,74.5765
2026/03/04,78.0832,1.3212,+1.72,8566952,77.7057,78.8134,77.5269
2026/03/03,76.7620,0.4868,-0.63,9333125,74.9242,76.9259,73.6973
2026/03/02,77.2488,0.9437,-1.21,9008160,76.8514,77.2488,74.5467
2026/02/27,78.1925,2.0663,-2.57,13439769,79.4591,79.5535,77.3192
2026/02/26,80.2588,1.6293,-1.99,6446049,81.8583,82.3748,79.4790
2026/02/25,81.8881,1.1325,+1.40,9370936,80.9046,82.5139,80.8365
2026/02/24,80.7556,1.6193,+2.05,5853020,79.4840,82.0470,79.2257
2026/02/23,79.1363,1.8378,-2.27,7540121,80.5370,80.9940,77.9243
2026/02/20,80.9741,0.0397,+0.05,8659252,80.6612,81.4907,80.0701
2026/02/19,80.9344,2.1855,-2.63,6102712,82.7027,82.9510,80.4824
2026/02/18,83.1199,2.4339,+3.02,8482650,81.4112,83.3782,81.1629
2026/02/17,80.6860,0.1391,+0.17,8005960,80.4079,80.8400,79.0767
2026/02/13,80.5469,1.1424,+1.44,6356084,79.9608,80.9741,79.5238
2026/02/12,79.4045,0.1093,+0.14,6908840,79.6827,81.6298,79.0767
2026/02/11,79.2952,0.4471,-0.56,9718285,79.9608,81.4609,78.5601
2026/02/10,79.7423,0.4073,-0.51,7474944,80.5171,80.9642,78.9277
2026/02/09,80.1496,3.5366,-4.23,9831466,81.7291,81.8583,80.0502
2026/02/06,83.6862,0.9339,+1.13,8105955,82.9908,84.1433,82.0967
2026/02/05,82.7523,2.9704,-3.47,9203243,84.5902,85.1465,82.7225
2026/02/04,85.7227,0.5762,+0.68,8897386,85.5935,87.0439,84.7591
2026/02/03,85.1465,1.4305,+1.71,6948693,84.9081,86.0605,84.3220
2026/02/02,83.7160,0.2683,+0.32,6994375,83.6961,83.9743,82.5537
2026/01/30,83.4477,2.2452,-2.62,7818568,85.4445,85.8568,82.8616
2026/01/29,85.6929,1.3511,+1.60,9760385,85.6233,86.0505,84.5803
2026/01/28,84.3418,1.4703,-1.71,10139407,85.5041,85.5041,83.8749
2026/01/27,85.8121,6.9043,+8.75,23788349,83.0802,86.7360,81.8682
2026/01/26,78.9078,0.2483,-0.31,11011560,78.7290,80.0850,78.6495
2026/01/23,79.1561,1.4504,-1.80,6911002,80.1396,80.2191,78.7091
2026/01/22,80.6065,0.2086,+0.26,6834242,80.6761,81.7391,80.2290
2026/01/21,80.3979,3.0995,+4.01,8269763,78.7389,80.7258,78.5104
2026/01/20,77.2984,2.9903,-3.72,12151576,79.2257,79.4641,76.8415
2026/01/16,80.2887,0.0894,-0.11,9903826,80.4675,81.1033,79.7025
2026/01/15,80.3781,0.3179,-0.39,6459217,81.3268,81.6198,80.0850
2026/01/14,80.6960,1.9967,-2.41,7600002,82.4543,83.1398,80.4178
2026/01/13,82.6927,0.3377,+0.41,6062677,82.4245,83.3087,82.0768
2026/01/12,82.3550,0.0298,+0.04,7425210,81.6596,82.3550,80.5271
2026/01/09,82.3252,2.2451,-2.65,12223249,82.9610,83.8551,80.4675
2026/01/08,84.5703,3.1988,+3.93,11720437,82.2556,84.6200,81.8881
2026/01/07,81.3715,0.2682,-0.33,6404125,81.5602,82.1563,81.0536
2026/01/06,81.6397,0.9636,-1.17,8025620,82.1563,82.2556,80.6463
2026/01/05,82.6033,2.1557,+2.68,10537648,80.0105,82.8318,79.4442
2026/01/02,80.4476,0.3378,-0.42,7518615,80.8748,80.9493,79.0369
2025/12/31,80.7854,1.0033,-1.23,4513513,81.7093,81.7291,80.7158
2025/12/30,81.7887,0.5961,-0.72,3261957,82.6232,82.6629,81.6347
2025/12/29,82.3848,0.1291,-0.16,4790933,82.5239,82.8120,81.9576
2025/12/26,82.5139,0.1788,+0.22,3434612,82.2556,82.5338,82.0172
2025/12/24,82.3351,0.1291,+0.16,2385807,82.2060,82.6033,82.0569
2025/12/23,82.2060,0.2781,-0.34,4851847,82.1861,82.8815,82.1166
2025/12/22,82.4841,0.6755,+0.83,9180258,82.0569,83.1298,82.0383
2025/12/19,81.8086,1.1722,+1.45,23908232,80.5569,82.1414,80.5569
2025/12/18,80.6364,0.6557,+0.82,9146700,79.9708,81.4410,79.8615
2025/12/17,79.9807,1.2418,-1.53,8922946,80.6463,80.9542,79.8565
2025/12/16,81.2225,0.2185,-0.27,10803601,81.5304,82.4941,80.6463
2025/12/15,81.4410,1.0828,+1.35,14457266,80.1198,81.4808,80.0480
2025/12/12,80.3582,0.0397,+0.05,9713356,80.3284,81.0089,80.1098
2025/12/11,80.3185,0.0497,+0.06,9750928,79.8019,80.6860,79.7721
2025/12/10,80.2688,3.6161,+4.72,14516738,76.6527,80.4178,76.5931
2025/12/09,76.6527,1.4405,+1.92,8022860,75.5798,76.8415,75.3861
2025/12/08,75.2122,0.3378,-0.45,10084451,75.8182,76.1610,74.7056
2025/12/05,75.5500,0.9040,+1.21,8876151,74.5864,76.4938,74.5069
2025/12/04,74.6460,0.5949,+0.80,12768269,74.3585,75.5730,74.2593
2025/12/03,74.0511,1.0212,+1.40,8464762,72.9804,74.2742,72.9804
2025/12/02,73.0299,0.7039,+0.97,9051093,72.5243,73.2084,71.4734
2025/12/01,72.3260,0.5651,-0.78,9911635,72.4648,73.2972,72.2864
2025/11/28,72.8911,0.7039,+0.98,3787394,72.3161,73.2282,72.2864
2025/11/26,72.1872,0.0297,+0.04,7770735,71.8204,72.8168,71.6023
2025/11/25,72.1575,1.7648,+2.51,12193974,70.5414,72.4797,70.5414
2025/11/24,70.3927,0.6643,+0.95,13886926,69.8771,70.6109,69.6491
2025/11/21,69.7284,2.2704,+3.37,10946068,67.7059,69.9256,67.6067
2025/11/20,67.4580,0.4561,-0.67,9466169,68.3503,69.2922,67.2002
2025/11/19,67.9141,0.5651,+0.84,10648207,67.4184,69.0642,67.0317
2025/11/18,67.3490,0.0199,+0.03,6145221,67.2498,67.8348,66.4864
2025/11/17,67.3291,2.5877,-3.70,8101357,69.7086,69.8573,66.9137
2025/11/14,69.9168,1.3583,-1.91,7162137,70.7496,71.1511,69.8375
2025/11/13,71.2751,0.0496,+0.07,9081945,71.5428,72.2467,70.8686
2025/11/12,71.2255,0.6147,+0.87,9246337,70.5612,71.7708,70.3778
2025/11/11,70.6108,0.1685,+0.24,6217183,70.5117,71.0272,70.3778
2025/11/10,70.4423,0.2975,+0.42,8666866,70.3927,70.7248,69.2724
2025/11/07,70.1448,1.8936,+2.77,8481078,68.3602,70.1547,67.9884
2025/11/06,68.2512,0.0694,+0.10,6139255,68.0975,68.8064,67.6266
2025/11/05,68.1818,1.8838,+2.84,7874394,66.4666,68.6676,66.4666
2025/11/04,66.2980,1.3385,-1.98,8551358,67.4184,67.5472,66.1790
2025/11/03,67.6365,0.8625,-1.26,10340734,68.3007,68.3404,67.1953
2025/10/31,68.4990,0.4164,+0.61,7053946,68.1917,68.7271,68.0430
2025/10/30,68.0826,0.4561,-0.67,7624728,68.0727,69.1831,67.8014
2025/10/29,68.5387,0.7337,-1.06,10667129,69.0146,69.6392,68.0033
2025/10/28,69.2724,0.4859,+0.71,13185011,68.8659,69.5896,68.0727
2025/10/27,68.7865,0.2777,-0.40,9808655,68.9749,69.0344,68.2016
2025/10/24,69.0642,2.7860,+4.20,12679428,66.8830,69.1038,66.7144
2025/10/23,66.2782,0.4561,-0.68,12756311,67.3886,67.8942,66.0006
2025/10/22,66.7343,0.6841,+1.04,18994342,66.4765,67.0069,65.3264
2025/10/21,66.0502,8.5463,+14.86,44083609,63.2146,66.9722,61.8266
2025/10/20,57.5039,0.3767,-0.65,10272475,58.0393,58.0541,57.1866
2025/10/17,57.8806,1.0311,+1.81,8024811,57.2362,58.6639,57.0577
2025/10/16,56.8495,0.4561,-0.80,6113551,57.3899,57.9005,56.3241
2025/10/15,57.3056,0.6444,+1.14,8045739,56.7702,57.7517,56.5224
2025/10/14,56.6612,1.5170,+2.75,9082700,54.0437,56.7603,53.8653
2025/10/13,55.1442,0.2676,+0.49,4028034,55.4219,55.7193,54.8766
2025/10/10,54.8766,0.5651,-1.02,5501445,55.7589,56.0663,54.7427
2025/10/09,55.4417,0.4759,-0.85,5488768,56.2943,56.3786,55.4318
2025/10/08,55.9176,0.8526,-1.50,5476840,56.8396,57.2065,55.7589
2025/10/07,56.7702,0.9221,-1.60,10795229,58.1285,58.1582,56.1456
2025/10/06,57.6923,1.9234,-3.23,8998498,59.4273,59.4273,57.6278
2025/10/03,59.6157,0.7634,+1.30,13144352,58.8126,60.0916,58.1682
2025/10/02,58.8523,1.9630,-3.23,9697574,60.9541,60.9740,58.7035
2025/10/01,60.8153,0.3668,+0.61,8164266,60.4187,61.0582,59.6157
2025/09/30,60.4485,0.1487,-0.25,7024886,61.1822,61.5292,60.0321
2025/09/29,60.5972,0.1190,-0.20,9872891,61.3210,61.6085,60.2304
2025/09/26,60.7162,0.6445,+1.07,8715935,60.1312,61.4531,59.9379
2025/09/25,60.0717,0.6642,+1.12,7806877,59.0208,60.1114,58.6044
2025/09/24,59.4075,1.3286,+2.29,10848942,59.5859,59.6405,58.5548
2025/09/23,58.0789,0.2975,-0.51,5949892,58.5449,59.4075,57.9550
2025/09/22,58.3764,0.0991,-0.17,7700040,58.2772,58.6708,57.9600
2025/09/19,58.4755,0.2776,-0.47,13273095,58.9911,59.0109,58.2276
2025/09/18,58.7531,0.5255,+0.90,5973896,58.2970,58.8919,57.9748
2025/09/17,58.2276,0.2676,+0.46,6306993,57.7716,59.0605,57.7220
2025/09/16,57.9600,0.4858,-0.83,6845501,58.4755,58.8820,57.6625
2025/09/15,58.4458,0.4462,+0.77,4814713,58.4557,58.5152,57.8212
2025/09/12,57.9996,0.2082,-0.36,12124270,59.3381,59.4868,57.9748
2025/09/11,58.2078,1.3583,+2.39,5858615,57.0478,58.2078,56.9784
2025/09/10,56.8495,0.6643,-1.16,7269637,57.3849,57.3849,56.1208
2025/09/09,57.5138,0.1884,-0.33,4656664,57.6427,57.6576,57.1073
2025/09/08,57.7022,0.0694,-0.12,6454831,57.6328,57.7567,56.9090
2025/09/05,57.7716,0.2677,+0.47,7441746,57.5832,58.3020,57.2610
2025/09/04,57.5039,0.3956,+0.69,5946136,57.3556,57.5929,56.8413
2025/09/03,57.1083,0.7714,-1.33,6838662,57.4742,58.1961,57.0589
2025/09/02,57.8797,0.0593,-0.10,5740102,56.9007,57.9835,56.3568
2025/08/29,57.9390,0.0989,+0.17,5028394,57.8302,58.0181,57.2171
2025/08/28,57.8401,0.2571,-0.44,7290545,58.3346,58.3444,57.1182
2025/08/27,58.0972,0.0495,-0.09,9958752,57.9093,58.5719,57.7709
2025/08/26,58.1467,0.5143,+0.89,7393242,57.5929,58.2802,57.4544
2025/08/25,57.6324,0.0890,-0.15,3844681,57.5533,57.7709,57.2413
2025/08/22,57.7214,1.8393,+3.29,6391219,56.4161,58.1269,56.3617
2025/08/21,55.8821,0.2571,-0.46,8284336,55.7634,55.9966,54.4779
2025/08/20,56.1392,0.2868,-0.51,7339752,56.2678,56.5545,56.0107
2025/08/19,56.4260,0.8208,+1.48,6055195,55.8524,56.7721,55.6843
2025/08/18,55.6052,0.0791,-0.14,6816531,55.5063,55.9217,55.4668
2025/08/15,55.6843,0.1088,-0.20,5660163,56.2876,56.3568,55.6744
2025/08/14,55.7931,0.8307,+1.51,6722306,55.0119,55.8821,54.2110
2025/08/13,54.9624,1.4042,+2.62,7020106,53.8747,55.1652,53.5582
2025/08/12,53.5582,0.1483,+0.28,6858403,53.7164,54.1417,53.3515
2025/08/11,53.4099,0.4747,+0.90,6765885,53.3506,54.1417,52.7473
2025/08/08,52.9352,0.5735,+1.10,4172972,52.5100,53.2220,52.5001
2025/08/07,52.3617,0.4747,+0.91,6097183,52.2133,52.8363,51.9607
2025/08/06,51.8870,0.1088,-0.21,5451055,52.1441,52.5347,51.5112
2025/08/05,51.9958,0.1879,-0.36,6990772,52.7276,52.7373,51.6694
2025/08/04,52.1837,0.2374,+0.46,7501294,52.1144,52.6435,51.8919
2025/08/01,51.9463,0.8010,-1.52,9647658,51.5706,52.4387,51.3036
2025/07/31,52.7473,1.2163,+2.36,14617558,51.9859,54.1021,51.8771
2025/07/30,51.5310,0.0000,0,7942494,51.8079,52.1639,51.1157
2025/07/29,51.5310,1.3251,-2.51,8537815,53.1923,53.1923,51.5013
2025/07/28,52.8561,0.0494,+0.09,7032600,52.6237,53.3357,52.4408
2025/07/25,52.8067,1.0483,+2.03,6564257,52.2727,52.8759,51.5013
2025/07/24,51.7584,0.7813,-1.49,10334652,52.3814,52.8067,51.6546
2025/07/23,52.5397,4.1929,+8.67,25945303,49.3456,52.6781,49.3109
2025/07/22,48.3468,4.2720,-8.12,34172121,51.1453,51.5112,48.3270
2025/07/21,52.6188,0.0099,-0.02,13202225,52.7572,53.6967,52.5891
2025/07/18,52.6287,0.0099,+0.02,6570271,52.8166,53.1132,52.2875
2025/07/17,52.6188,0.0297,+0.06,6903693,52.7078,53.2912,52.3023
2025/07/16,52.5891,0.4648,+0.89,8335542,52.1540,52.9253,52.1540
2025/07/15,52.1243,0.6131,-1.16,7789271,52.8660,53.1528,52.1046
2025/07/14,52.7374,0.0594,-0.11,7011863,52.7572,53.0934,52.0996
2025/07/11,52.7968,0.2374,+0.45,7784743,52.2331,52.9599,51.9760
2025/07/10,52.5594,0.5735,+1.10,6474374,51.8524,52.6929,51.6793
2025/07/09,51.9859,0.3758,+0.73,5382403,52.0452,52.2034,51.6793
2025/07/08,51.6101,0.3659,+0.71,7607976,51.5804,52.2727,51.4222
2025/07/07,51.2442,1.0581,-2.02,11152513,51.6991,52.6781,50.8388
2025/07/03,52.3023,0.2076,+0.40,6686585,52.2034,53.3605,52.1144
2025/07/02,52.0947,0.6428,+1.25,9568098,51.4519,52.1837,51.3827
2025/07/01,51.4519,2.7887,+5.73,13902503,48.2776,51.5458,48.2578
2025/06/30,48.6632,0.4648,-0.95,9743145,49.0291,49.0687,48.3863
2025/06/27,49.1280,0.5142,+1.06,10816022,48.7720,49.5829,48.5347
2025/06/26,48.6138,1.0186,+2.14,10502962,47.5062,48.6434,47.1898
2025/06/25,47.5952,0.8604,-1.78,6984365,48.4753,48.5543,47.2887
2025/06/24,48.4556,0.4747,+0.99,12691446,48.4160,48.8165,48.3072
2025/06/23,47.9809,0.3165,+0.66,10745883,47.4271,48.0402,47.1008
2025/06/20,47.6644,0.1087,+0.23,22499838,47.8820,48.1935,47.2541
2025/06/18,47.5557,0.1879,-0.39,8512666,47.7633,48.1589,47.4073
2025/06/17,47.7436,0.9790,-2.01,9180665,48.3270,48.6988,47.7139
2025/06/16,48.7226,0.6132,+1.27,5950771,48.7028,48.9154,48.1094
2025/06/13,48.1094,0.6033,-1.24,8799617,48.0798,48.6336,47.8672
2025/06/12,48.7127,0.6032,-1.22,6676360,48.9104,48.9896,48.0600
2025/06/11,49.3159,0.9296,+1.92,10724942,48.7819,49.8400,48.7226
2025/06/10,48.3863,0.9889,+2.09,8031793,47.5557,48.7769,47.3084
2025/06/09,47.3974,0.4548,+0.97,6540419,47.3381,48.0303,47.1997
2025/06/06,46.9426,0.3659,+0.79,8038775,47.1107,47.3084,46.6706
2025/06/05,46.5767,0.4140,-0.88,10243180,46.8330,47.1681,46.1479
2025/06/04,46.9907,1.3702,-2.83,10032288,48.3609,48.4003,46.9217
2025/06/03,48.3609,1.3505,+2.87,12582804,46.8724,48.4397,46.6112
2025/06/02,47.0104,1.8926,-3.87,13207455,48.4003,48.4890,46.3647
2025/05/30,48.9030,1.0054,+2.10,17978966,47.7694,49.2234,47.6018
2025/05/29,47.8976,0.4535,+0.96,8522141,47.7596,47.9271,47.2815
2025/05/28,47.4441,0.9463,-1.96,8541273,48.3904,48.3904,47.3308
2025/05/27,48.3904,0.3943,+0.82,9066043,48.4693,48.7552,47.8089
2025/05/23,47.9961,0.5816,-1.20,5693443,47.6807,48.4693,47.6236
2025/05/22,48.5777,0.0888,-0.18,6470364,48.6467,48.9720,48.2032
2025/05/21,48.6665,0.8280,-1.67,7624258,49.1692,49.8198,48.5876
2025/05/20,49.4945,0.1775,+0.36,6660277,49.5438,49.8296,49.1889
2025/05/19,49.3170,0.3352,-0.68,9542473,49.0016,49.6325,48.4792
2025/05/16,49.6522,0.2464,+0.50,6187946,49.3959,49.6719,49.1396
2025/05/15,49.4058,0.1873,-0.38,7391961,49.0805,49.5191,48.8735
2025/05/14,49.5931,0.1478,-0.30,9078695,49.6423,50.0859,49.3762
2025/05/13,49.7409,0.8379,+1.71,10578337,48.8537,49.8937,48.6911
2025/05/12,48.9030,2.0799,+4.44,13350839,49.0312,49.4255,48.1736
2025/05/09,46.8231,0.1479,+0.32,8706992,46.8822,47.2815,46.5767
2025/05/08,46.6752,1.8532,+4.13,14709082,45.4431,47.0350,45.4332
2025/05/07,44.8220,0.0098,+0.02,8837805,45.0586,45.2853,44.3292
2025/05/06,44.8122,0.0789,+0.18,9777550,44.3686,45.3149,44.2010
2025/05/05,44.7333,0.0788,+0.18,8201138,44.6347,45.0980,44.5066
2025/05/02,44.6545,0.2465,+0.56,11818185,45.0586,45.1621,44.3094
2025/05/01,44.4080,0.1873,-0.42,16105000,45.8374,45.8768,44.0827
2025/04/30,44.5953,1.6758,-3.62,18208108,45.5515,45.8768,44.0827
2025/04/29,46.2711,0.2957,-0.64,24532686,45.2558,46.7837,44.6958
2025/04/28,46.5668,0.1281,+0.28,15490511,46.5274,47.1287,45.9852
2025/04/25,46.4387,0.2268,+0.49,8225331,45.8768,46.8822,45.8768
2025/04/24,46.2119,1.0251,+2.27,7617759,45.5515,46.3992,45.1868
2025/04/23,45.1868,0.6704,+1.51,9163374,45.8374,46.7393,45.0290
2025/04/22,44.5164,0.7590,+1.73,8560499,44.4573,44.9995,44.1024
2025/04/21,43.7574,0.1775,-0.40,6517716,43.8363,44.0531,43.1413
2025/04/17,43.9349,0.3451,+0.79,11876713,43.6391,44.6347,43.3040
2025/04/16,43.5898,0.3155,-0.72,10019757,43.7278,44.4129,43.2645
2025/04/15,43.9053,0.5914,-1.33,9940960,43.5701,44.2306,43.5011
2025/04/14,44.4967,1.4884,+3.46,22339286,43.2448,45.2163,42.4957
2025/04/11,43.0083,0.0985,-0.23,10890791,42.8801,43.3138,42.1408
2025/04/10,43.1068,1.9814,-4.39,17689963,43.5307,43.8264,42.0126
2025/04/09,45.0882,3.2136,+7.67,24263884,41.2635,45.6401,41.0417
2025/04/08,41.8746,1.0351,-2.41,16652900,44.2996,44.7530,41.3423
2025/04/07,42.9097,0.6407,-1.47,25891069,41.1550,44.7037,41.0072
2025/04/04,43.5504,1.6955,-3.75,27103676,43.8264,44.0926,42.1211
2025/04/03,45.2459,2.0504,-4.34,19144023,46.2809,47.0991,45.1917
2025/04/02,47.2963,0.7098,+1.52,12483448,46.2021,47.5821,46.2021
2025/04/01,46.5865,0.2267,+0.49,14268965,46.3401,47.0893,45.8374
2025/03/31,46.3598,0.3450,+0.75,16108122,45.0093,46.5964,44.9600
2025/03/28,46.0148,0.5126,-1.10,19092156,46.2415,46.4682,45.1572
2025/03/27,46.5274,3.6965,-7.36,36316508,46.3204,47.7103,45.6008
2025/03/26,50.2239,1.6167,-3.12,21209663,51.9391,52.5306,49.9282
2025/03/25,51.8406,1.1139,+2.20,15050653,50.7661,52.0081,50.7661
2025/03/24,50.7267,1.6364,+3.33,16256006,50.0366,51.1456,49.7409
2025/03/21,49.0903,0.3548,+0.73,38168857,48.2820,49.3269,48.0405
2025/03/20,48.7355,0.3450,-0.70,13093454,48.1144,49.2678,48.0553
2025/03/19,49.0805,1.1041,+2.30,13483715,48.1292,49.4945,48.0060
2025/03/18,47.9764,0.3253,-0.67,19543940,48.6467,49.1199,47.5033
2025/03/17,48.3017,0.6506,+1.37,14306229,47.8187,48.5669,47.5920
2025/03/14,47.6511,1.2124,+2.61,14348334,47.1090,48.0553,46.9611
2025/03/13,46.4387,0.7787,-1.65,14395067,47.0893,48.5679,46.2021
2025/03/12,47.2174,0.3746,-0.79,10186928,47.8089,48.0454,46.2640
2025/03/11,47.5920,0.1972,+0.42,22196170,47.3160,48.1238,45.3741
2025/03/10,47.3948,0.6308,+1.35,21934148,46.1429,47.4934,46.1035
2025/03/07,46.7640,0.3549,+0.76,14024282,47.0991,47.1385,45.3839
2025/03/06,46.4091,1.2585,-2.64,14576263,46.9695,47.5202,45.6127
2025/03/05,47.6676,3.2053,+7.21,28430643,45.9175,48.2478,45.4553
2025/03/04,44.4623,2.1238,-4.56,21141028,45.6372,45.6422,43.6658
2025/03/03,46.5861,1.7206,-3.56,17168199,49.1425,49.6538,45.9568
2025/02/28,48.3067,1.4748,+3.15,21744909,46.7237,48.6607,46.3382
2025/02/27,46.8319,0.8161,-1.71,15134717,46.9990,48.1076,46.7631
2025/02/26,47.6480,1.7207,+3.75,17373152,48.0904,49.3490,47.3481
2025/02/25,45.9273,0.1377,+0.30,8038466,45.9371,46.2321,44.9244
2025/02/24,45.7896,0.2753,+0.60,8265617,45.8880,46.1239,45.2685
2025/02/21,45.5143,1.5732,-3.34,6891185,47.1269,47.2842,45.1555
2025/02/20,47.0875,0.0885,+0.19,5900694,46.9892,47.1072,45.9765
2025/02/19,46.9990,0.3245,-0.69,6952496,46.9302,47.1662,46.4288
2025/02/18,47.3235,0.2360,-0.50,7085989,47.8840,47.8938,46.8024
2025/02/14,47.5595,0.4720,+1.00,5725996,47.5791,47.8643,47.1170
2025/02/13,47.0875,0.1966,+0.42,7880331,47.3333,47.8151,46.5566
2025/02/12,46.8909,0.9734,+2.12,10752574,45.6422,47.1859,45.4848
2025/02/11,45.9175,0.1279,+0.28,7178767,45.5832,46.0551,45.4848
2025/02/10,45.7896,0.8063,-1.73,9170850,46.6057,46.8024,45.6618
2025/02/07,46.5959,0.5310,-1.13,9772292,46.8909,47.5103,46.4189
2025/02/06,47.1269,0.1180,+0.25,9375541,47.1859,47.5791,46.6451
2025/02/05,47.0089,0.7472,-1.56,10902058,47.8938,47.9724,46.9400
2025/02/04,47.7561,0.6587,+1.40,9912778,46.3796,48.1150,46.3206
2025/02/03,47.0974,1.5338,-3.15,29042540,45.7208,48.4051,45.5930
2025/01/31,48.6312,0.0393,-0.08,20929392,48.8377,50.8632,48.3559
2025/01/30,48.6705,0.2754,-0.56,16723400,49.6046,50.1307,46.9597
2025/01/29,48.9459,0.2556,-0.52,15380701,49.4375,49.7619,48.2969
2025/01/28,49.2015,4.7982,-8.89,34352278,50.1257,50.1257,47.9036
2025/01/27,53.9997,0.9930,+1.87,12281215,53.3508,54.1374,53.1689
2025/01/24,53.0067,0.3048,-0.57,6732410,53.2820,53.6851,52.8051
2025/01/23,53.3115,1.4356,+2.77,7579928,52.1512,53.4393,51.8543
2025/01/22,51.8759,1.1111,-2.10,7910611,52.4364,52.5544,51.5515
2025/01/21,52.9870,2.8711,+5.73,13183013,50.9173,53.1541,50.4306
2025/01/17,50.1159,0.8554,-1.68,9783938,51.0598,51.3147,49.8799
2025/01/16,50.9713,0.1376,+0.27,6524782,50.7944,51.1483,50.3027
2025/01/15,50.8337,0.7473,+1.49,7647073,51.3253,52.0578,50.7550
2025/01/14,50.0864,0.9931,+2.02,7292259,49.5850,50.5535,49.3588
2025/01/13,49.0933,0.0786,+0.16,8086409,48.2133,49.2605,48.1986
2025/01/10,49.0147,1.1307,-2.25,7981446,49.9291,49.9881,48.9262
2025/01/08,50.1454,0.9636,-1.89,7367111,50.8828,50.8828,49.4621
2025/01/07,51.1090,1.5240,-2.90,9248243,52.8002,52.8002,51.0500
2025/01/06,52.6330,1.7305,+3.40,9894029,51.8759,53.4835,51.3745
2025/01/03,50.9025,0.3933,+0.78,9102455,50.6370,51.0844,49.6095
2025/01/02,50.5092,1.8682,-3.57,10343749,52.4265,52.5740,50.1690
2024/12/31,52.3774,0.3834,-0.73,4815078,52.9870,53.3115,52.0627
2024/12/30,52.7608,0.6097,-1.14,7370276,52.8395,53.1886,52.0431
2024/12/27,53.3705,0.0984,+0.18,5984720,52.9083,53.9407,52.8592
2024/12/26,53.2721,0.6587,+1.25,6177008,52.4757,53.4688,52.2496
2024/12/24,52.6134,0.9341,+1.81,4618530,51.8169,52.7313,51.6399
2024/12/23,51.6793,0.7375,+1.45,7681834,50.6272,51.7088,50.4994
2024/12/20,50.9418,1.4453,+2.92,24325461,49.2507,51.2663,49.2310
2024/12/19,49.4965,0.3442,+0.70,11405336,49.7718,50.4748,49.4473
2024/12/18,49.1523,1.1406,-2.27,13796129,50.4011,50.9910,49.1278
2024/12/17,50.2929,1.0717,-2.09,11392502,50.7255,51.0621,50.2732
2024/12/16,51.3646,0.2852,-0.55,11887574,51.1778,51.7334,50.4207
2024/12/13,51.6498,0.2262,+0.44,9000128,51.3745,51.9349,51.0303
2024/12/12,51.4236,0.2556,+0.50,9615995,51.5220,51.8071,51.0697
2024/12/11,51.1680,0.6883,-1.33,12823948,52.3577,52.5544,50.4404
2024/12/10,51.8563,0.0295,+0.06,7853589,52.8690,52.8690,51.4630
2024/12/09,51.8268,0.6882,-1.31,8095277,53.0951,53.5474,51.7776
2024/12/06,52.5150,0.1376,+0.26,8772896,52.8100,52.9968,52.1168
2024/12/05,52.3774,0.0295,+0.06,10211562,52.5932,52.8875,52.0046
2024/12/04,52.3479,0.2944,-0.56,13481369,52.6030,52.8090,51.7544
2024/12/03,52.6423,1.3538,-2.51,14510003,54.0549,54.1644,52.4657
2024/12/02,53.9961,0.5395,-0.99,10807585,54.4474,54.5651,53.6527
2024/11/29,54.5356,0.0882,+0.16,8220645,55.3597,55.9091,54.5356
2024/11/27,54.4474,0.6966,+1.30,11606906,54.1530,55.0065,54.1040
2024/11/26,53.7508,5.3074,-8.99,26316462,56.5566,57.2139,53.6920
2024/11/25,59.0582,1.6383,+2.85,25837364,58.0379,60.0785,57.7829
2024/11/22,57.4199,2.7960,+5.12,14873806,54.6828,57.7780,54.5945
2024/11/21,54.6239,0.7946,+1.48,11545702,54.1530,54.7515,53.6920
2024/11/20,53.8293,0.2355,-0.44,12419240,53.9568,54.4375,53.5399
2024/11/19,54.0648,1.1183,-2.03,14811474,53.9765,55.7031,53.7312
2024/11/18,55.1831,0.7750,-1.38,12515147,56.3996,56.4290,54.7809
2024/11/15,55.9581,0.5690,-1.01,12869046,56.4389,56.7283,55.8600
2024/11/14,56.5271,0.0883,-0.16,18093366,56.6939,58.2636,56.0857
2024/11/13,56.6154,0.2943,+0.52,10242824,56.5173,57.3120,56.4438
2024/11/12,56.3211,0.2453,-0.43,10417255,56.4094,57.1844,55.9336
2024/11/11,56.5664,2.0406,+3.74,11494514,55.1046,57.1158,54.8986
2024/11/08,54.5258,0.1864,+0.34,10445649,54.0549,55.0115,53.8048
2024/11/07,54.3394,0.3335,+0.62,11176828,54.0844,54.8692,53.1720
2024/11/06,54.0059,1.3244,+2.51,19520372,53.4467,54.3296,52.1321
2024/11/05,52.6815,1.8640,+3.67,11757020,50.6802,52.7207,50.5330
2024/11/04,50.8175,0.8240,+1.65,9967586,50.0229,51.7703,50.0229
2024/11/01,49.9935,0.1962,+0.39,10488452,50.1799,50.7979,49.8267
2024/10/31,49.7973,1.1870,-2.33,9545606,50.7685,51.1315,49.7727
2024/10/30,50.9843,0.4218,+0.83,8337748,50.5232,51.7299,50.5232
2024/10/29,50.5625,1.1674,-2.26,14074546,51.1364,51.2296,50.0033
2024/10/28,51.7299,0.6475,+1.27,11727370,51.2590,51.8525,51.0628
2024/10/25,51.0824,0.6377,-1.23,8608379,52.1910,52.3970,50.9254
2024/10/24,51.7201,0.1962,-0.38,12028887,52.6324,53.2652,51.4846
2024/10/23,51.9163,0.7946,-1.51,16421246,53.0249,53.1622,51.5190
2024/10/22,52.7109,4.7089,+9.81,43482421,49.0713,53.1475,49.0419
2024/10/21,48.0020,0.2452,-0.51,11714273,48.3257,48.6593,47.7077
2024/10/18,48.2472,0.1962,-0.41,9683785,48.6985,48.8064,48.1638
2024/10/17,48.4434,0.3630,+0.75,8494688,48.0706,48.5464,47.7175
2024/10/16,48.0804,1.1379,+2.42,10349098,47.5703,48.3306,47.4428
2024/10/15,46.9425,0.7652,-1.60,12774347,47.3054,47.9774,46.9032
2024/10/14,47.7077,0.7456,+1.59,6905100,46.8443,47.8401,46.7266
2024/10/11,46.9621,0.1766,+0.38,9358510,46.4716,47.3329,46.3931
2024/10/10,46.7855,0.2354,-0.50,9928417,46.7168,47.0504,46.4617
2024/10/09,47.0209,1.8836,+4.17,17517963,45.1668,47.0651,44.8038
2024/10/08,45.1373,0.0294,+0.07,16929532,45.1962,46.4519,44.9019
2024/10/07,45.1079,0.2943,+0.66,11494689,44.5585,45.2453,44.4016
2024/10/04,44.8136,0.6867,+1.56,11650376,44.9411,45.2698,44.6370
2024/10/03,44.1269,0.1570,+0.36,9591779,43.5775,44.1759,43.2243
2024/10/02,43.9699,0.0589,-0.13,10937556,43.9307,44.6763,43.8816
2024/10/01,44.0288,0.0393,+0.09,15450204,44.2937,44.6174,43.5383
2024/09/30,43.9895,1.6089,-3.53,20646636,44.0680,45.0294,43.6266
2024/09/27,45.5984,0.6573,+1.46,13555699,45.4905,46.1772,45.1177
2024/09/26,44.9411,0.0784,+0.17,12121966,44.8528,45.2452,44.5880
2024/09/25,44.8627,2.2956,-4.87,23353530,45.0785,45.5591,44.1269
2024/09/24,47.1583,0.0295,+0.06,9684680,47.5409,47.8401,46.6727
2024/09/23,47.1288,0.8241,-1.72,14455329,46.6972,47.3643,46.0840
2024/09/20,47.9529,0.2551,+0.53,18441330,47.3251,48.0657,46.9915
2024/09/19,47.6978,0.0393,-0.08,13751012,48.5513,48.9143,47.2858
2024/09/18,47.7371,1.1184,+2.40,14814754,46.8149,48.6102,46.7953
2024/09/17,46.6187,0.6377,+1.39,9114474,46.4617,47.2613,46.1871
2024/09/16,45.9810,0.5592,+1.23,10119952,45.5690,46.7855,45.5690
2024/09/13,45.4218,0.1765,+0.39,9159986,45.4317,46.1576,45.2943
2024/09/12,45.2453,1.4225,+3.25,14882153,43.8424,45.7358,43.7737
2024/09/11,43.8228,0.1471,-0.33,16154121,43.8424,44.0386,42.9693
2024/09/10,43.9699,2.5311,-5.44,19283991,45.1040,45.6279,43.3911
2024/09/09,46.5010,0.2551,+0.55,11594214,46.4323,46.9768,46.1576
2024/09/06,46.2459,0.8731,-1.85,16391827,47.1583,47.7273,46.1184
2024/09/05,47.1190,0.2936,-0.62,15214490,47.6377,48.0144,46.8744
2024/09/04,47.4126,0.0391,+0.08,8474769,47.6279,48.2248,47.1582
2024/09/03,47.3735,1.3406,-2.75,15273845,48.0976,48.7924,47.0897
2024/08/30,48.7141,0.3033,+0.63,16081219,48.6261,48.7925,48.0586
2024/08/29,48.4108,0.4110,+0.86,8633443,48.4303,48.7484,48.0585
2024/08/28,47.9998,0.1957,-0.41,7559183,47.9508,48.3912,47.7943
2024/08/27,48.1955,0.4893,+1.03,10480899,47.5203,48.4010,47.5203
2024/08/26,47.7062,0.1762,+0.37,8993281,47.8236,48.1172,47.5985
2024/08/23,47.5300,2.0648,+4.54,13200732,46.2970,47.5888,46.1828
2024/08/22,45.4652,0.0979,-0.21,6774426,45.6903,45.9643,45.3879
2024/08/21,45.5631,0.5676,+1.26,12157339,45.2597,45.9105,45.2548
2024/08/20,44.9955,0.2153,+0.48,9389741,44.7215,45.4750,44.6921
2024/08/19,44.7802,0.4306,+0.97,9808091,44.4768,44.9417,44.2126
2024/08/16,44.3496,0.4501,+1.03,10824348,43.7918,44.4573,43.6940
2024/08/15,43.8995,1.2233,+2.87,13196496,43.8114,44.2224,43.6646
2024/08/14,42.6762,0.2837,+0.67,11007916,42.6860,43.0090,42.5148
2024/08/13,42.3925,0.3230,+0.77,10529753,42.1380,42.4218,41.6096
2024/08/12,42.0695,0.4795,-1.13,9540598,42.4120,42.6665,41.8249
2024/08/09,42.5490,0.7339,+1.76,14428620,41.6879,43.1606,41.5509
2024/08/08,41.8151,2.0355,+5.12,18105543,40.2102,42.0597,40.2102
2024/08/07,39.7796,0.0391,+0.10,11491346,40.3472,40.6163,39.6524
2024/08/06,39.7405,0.6459,+1.65,15023630,39.1631,40.2689,38.9283
2024/08/05,39.0946,1.1939,-2.96,24371254,38.5564,39.4371,38.1258
2024/08/02,40.2885,2.1529,-5.07,22100217,41.4726,41.5117,40.1075
2024/08/01,42.4414,0.9296,-2.14,16267338,43.7135,44.1833,42.1967
2024/07/31,43.3710,0.0880,+0.20,14420812,43.3613,44.1148,42.7350
2024/07/30,43.2830,0.0783,+0.18,12438028,43.2047,44.0110,43.2047
2024/07/29,43.2047,0.0294,+0.07,12795452,43.1851,43.3221,42.7252
2024/07/26,43.1753,0.0098,-0.02,18813953,43.3319,43.5961,42.7252
2024/07/25,43.1851,2.3095,-5.08,27852766,44.6921,44.7900,43.1655
2024/07/24,45.4946,0.1077,+0.24,21597300,44.3203,45.5973,44.1539
2024/07/23,45.3869,3.1119,-6.42,42052504,48.2836,48.4401,44.8487
2024/07/22,48.4988,1.2330,+2.61,17438108,47.4224,48.6358,47.2218
2024/07/19,47.2658,1.3211,-2.72,17301453,48.4793,48.4988,47.1288
2024/07/18,48.5869,0.2447,-0.50,12536431,48.9294,49.4187,48.1123
2024/07/17,48.8316,0.1272,+0.26,9358880,48.3423,48.8952,48.0878
2024/07/16,48.7044,0.4600,+0.95,10415492,48.2640,48.9196,47.7649
2024/07/15,48.2444,0.2838,+0.59,11315727,48.4401,48.9294,48.1074
2024/07/12,47.9606,1.0569,+2.25,16645971,46.9918,48.2933,46.8842
2024/07/11,46.9037,1.3700,+3.01,17051723,45.8958,46.9722,45.8273
2024/07/10,45.5337,0.2642,+0.58,6858587,45.5142,45.7686,45.3674
2024/07/09,45.2695,0.2838,-0.62,9875700,45.4554,45.8371,45.1961
2024/07/08,45.5533,0.0294,+0.06,11106719,45.7979,46.4634,45.2255
2024/07/05,45.5239,0.1860,-0.41,11703274,45.6218,46.0768,45.2010
2024/07/03,45.7099,0.2348,-0.51,5559726,45.9741,46.0622,45.2911
2024/07/02,45.9447,0.2642,+0.58,11586346,45.4065,46.0719,45.3771
2024/07/01,45.6805,0.2153,+0.47,11061924,45.5239,46.1551,45.2989
2024/06/28,45.4652,0.8611,+1.93,15349087,45.0444,45.6609,44.9857
2024/06/27,44.6041,0.1859,-0.42,10637529,44.7117,45.0638,44.3301
2024/06/26,44.7900,0.6263,-1.38,13341610,44.9172,45.1423,44.5453
2024/06/25,45.4163,1.6636,-3.53,18462432,46.9722,47.0701,44.9466
2024/06/24,47.0799,0.3817,+0.82,47719405,46.7472,47.6475,46.7472
2024/06/21,46.6982,0.0490,-0.10,17103472,46.7570,46.8352,46.0426
2024/06/20,46.7472,0.3230,+0.70,10339390,46.2970,46.9184,46.2432
2024/06/18,46.4242,0.0391,+0.08,9903111,46.2775,47.0114,46.2677
2024/06/17,46.3851,0.6165,+1.35,9933307,45.7784,46.5123,45.7050
2024/06/14,45.7686,0.8611,-1.85,15038544,46.1258,46.3753,44.9466
2024/06/13,46.6297,1.1841,-2.48,19877327,47.5790,47.6768,46.3753
2024/06/12,47.8138,0.6360,+1.35,14533391,47.7943,48.2933,47.5888
2024/06/11,47.1778,0.6263,+1.35,21650563,47.2267,47.8989,46.6591
2024/06/10,46.5515,1.8104,+4.05,18985281,44.7117,46.7374,44.6628
2024/06/07,44.7411,0.2251,+0.51,11048257,44.3790,45.0934,44.2322
2024/06/06,44.5160,0.0098,-0.02,10419713,44.4867,44.8722,44.3354
2024/06/05,44.5258,0.3514,+0.80,25332554,44.4574,44.5892,43.7401
2024/06/04,44.1744,0.4685,-1.05,9738955,44.2329,44.6722,43.9597
2024/06/03,44.6429,0.7320,+1.67,16084336,43.8816,44.8576,43.8816
2024/05/31,43.9109,1.5421,+3.64,33477633,42.1736,43.9401,41.9686
2024/05/30,42.3688,0.7516,+1.81,9496435,41.7832,42.4371,41.5977
2024/05/29,41.6172,0.4392,-1.04,13588256,41.5977,41.7197,41.2561
2024/05/28,42.0564,0.9956,-2.31,14087096,42.6518,42.7201,41.7734
2024/05/24,43.0520,0.3709,+0.87,7554205,43.0129,43.2569,42.8128
2024/05/23,42.6811,0.2342,-0.55,10905232,42.9153,42.9983,42.3395
2024/05/22,42.9153,0.9272,-2.11,12166321,43.5302,43.5693,42.6811
2024/05/21,43.8425,0.1855,-0.42,10154540,43.8913,44.0963,43.4912
2024/05/20,44.0280,0.6344,-1.42,9293645,44.6526,44.8088,43.9889
2024/05/17,44.6624,0.1074,-0.24,11693279,44.9650,44.9747,44.4916
2024/05/16,44.7698,0.3709,+0.84,11614447,44.2915,44.9894,44.2857
2024/05/15,44.3989,0.4490,+1.02,11326374,44.4086,44.5453,43.9889
2024/05/14,43.9499,0.1366,-0.31,11162052,44.4086,44.6917,43.6766
2024/05/13,44.0865,0.0391,-0.09,14166187,44.4672,44.8771,43.9987
2024/05/10,44.1256,0.1464,-0.33,8112382,44.4867,44.5354,43.9694
2024/05/09,44.2720,0.3026,+0.69,9579549,43.9011,44.5648,43.7254
2024/05/08,43.9694,0.2245,-0.51,7754503,43.7742,44.3061,43.5107
2024/05/07,44.1939,0.2147,+0.49,9360385,44.1061,44.7405,44.0817
2024/05/06,43.9792,0.1952,+0.45,10554750,44.0182,44.4477,43.8816
2024/05/03,43.7840,0.1855,+0.43,10292893,43.9499,44.4526,43.4375
2024/05/02,43.5985,0.1952,+0.45,13539614,43.8230,44.0670,43.5009
2024/05/01,43.4033,0.0586,-0.13,14331384,43.4326,44.1109,43.3155
2024/04/30,43.4619,1.4738,-3.28,16343317,44.1256,44.3305,43.1984
2024/04/29,44.9357,0.1952,+0.44,10837352,44.8966,45.0430,44.4477
2024/04/26,44.7405,0.2147,+0.48,12451957,44.5062,45.0577,44.3208
2024/04/25,44.5258,0.5271,+1.20,15278991,43.5985,44.7502,43.4229
2024/04/24,43.9987,0.0195,-0.04,15382857,44.2232,44.2232,43.5497
2024/04/23,44.0182,1.8446,+4.37,29474275,44.7893,44.8576,43.3057
2024/04/22,42.1736,0.8199,+1.98,21838908,41.6563,42.5152,41.1927
2024/04/19,41.3537,0.0683,-0.16,15896243,41.4903,41.9296,41.1731
2024/04/18,41.4220,0.0195,-0.05,14528952,41.7441,41.8076,41.0023
2024/04/17,41.4415,0.1953,-0.47,10925385,41.8808,42.1248,41.2761
2024/04/16,41.6368,0.0292,-0.07,12689217,41.4708,41.8905,41.1195
2024/04/15,41.6660,0.3807,-0.91,13831351,42.6811,42.9251,41.5001
2024/04/12,42.0467,0.7417,-1.73,12196434,42.4566,42.5347,41.6221
2024/04/11,42.7884,0.0976,-0.23,20043732,42.8470,42.9348,42.1540
2024/04/10,42.8860,0.7711,-1.77,11922324,42.8470,43.4814,42.4664
2024/04/09,43.6571,0.3806,+0.88,9010941,43.5107,43.7889,43.0129
2024/04/08,43.2765,0.1074,+0.25,8453167,43.3643,43.7742,43.2182
2024/04/05,43.1691,0.5368,+1.26,11485960,42.6713,43.2423,42.4176
2024/04/04,42.6323,1.4542,-3.30,17406134,44.6136,44.9357,42.5737
2024/04/03,44.0865,0.2732,+0.62,14730460,43.5985,44.3305,43.5693
2024/04/02,43.8133,0.4977,-1.12,13382883,43.8913,44.1744,43.5205
2024/04/01,44.3110,0.0488,+0.11,11278800,44.0475,44.6331,43.9011
2024/03/28,44.2622,0.7417,+1.70,15129269,43.5595,44.4428,43.5302
2024/03/27,43.5205,0.5759,+1.34,22717016,43.0032,43.7352,42.9934
2024/03/26,42.9446,0.4392,+1.03,16353511,42.6420,43.5009,42.3834
2024/03/25,42.5054,0.4782,+1.14,15004627,42.0272,42.9056,42.0272
2024/03/22,42.0272,0.3513,-0.83,9624684,42.2614,42.6079,41.9686
2024/03/21,42.3785,0.5563,+1.33,15643481,41.8905,42.5444,41.8124
2024/03/20,41.8222,1.3079,+3.23,17324899,40.4265,41.8612,40.3679
2024/03/19,40.5143,0.6734,+1.69,16328073,39.9385,40.6803,39.7433
2024/03/18,39.8409,0.1269,+0.32,16522899,39.9092,39.9434,39.3626
2024/03/15,39.7140,1.2786,+3.33,84784885,38.3281,39.8409,38.3281
2024/03/14,38.4354,0.8589,-2.19,18455624,39.2162,39.3724,38.0109
2024/03/13,39.2943,1.0248,+2.68,19550258,38.5135,39.4993,38.3964
2024/03/12,38.2695,0.3123,-0.81,19920286,38.6306,38.6697,38.0255
2024/03/11,38.5818,0.0293,+0.08,11945596,38.3378,38.8551,38.2793
2024/03/08,38.5525,0.1464,+0.38,13241486,38.4061,39.1821,38.3671
2024/03/07,38.4061,0.7809,-1.99,15807181,39.2065,39.3528,38.3134
2024/03/06,39.1870,0.4880,-1.23,15892376,39.6750,39.7616,38.8749
2024/03/05,39.6750,0.2732,-0.68,19378284,39.7238,39.9043,39.1674
2024/03/04,39.9482,0.0586,-0.15,15064423,40.0166,40.5241,39.7823
2024/03/01,40.0068,0.0098,+0.02,13401052,39.8262,40.7974,39.4261
2024/02/29,39.9970,0.4587,+1.16,18447710,39.7921,40.3435,39.6603
2024/02/28,39.5383,0.4379,+1.12,16130939,38.9836,39.9762,38.9739
2024/02/27,39.1004,0.3795,+0.98,11825456,39.1491,39.5091,38.7793
2024/02/26,38.7209,0.1557,+0.40,17068843,38.5749,39.6356,38.5360
2024/02/23,38.5652,0.2822,+0.74,15613953,38.3024,38.8766,38.2635
2024/02/22,38.2830,0.1460,-0.38,11774509,38.4873,38.7306,38.1078
2024/02/21,38.4290,0.4672,+1.23,16429244,37.9132,38.7501,37.9132
2024/02/20,37.9618,0.3016,+0.80,17439914,37.3196,38.1175,37.1006
2024/02/16,37.6602,0.2822,-0.74,12738931,37.7575,38.0056,37.5823
2024/02/15,37.9424,0.6034,+1.62,16121758,37.6310,38.4484,37.6018
2024/02/14,37.3390,0.0583,+0.16,13645118,37.5434,37.7088,37.0276
2024/02/13,37.2807,0.9439,-2.47,19503061,37.7575,37.8937,36.8136
2024/02/12,38.2246,0.7007,+1.87,18613249,37.5045,38.4727,37.4753
2024/02/09,37.5239,0.0876,-0.23,13426734,37.5823,37.9278,37.4169
2024/02/08,37.6115,0.0681,-0.18,16302532,37.7964,37.8937,37.3877
2024/02/07,37.6796,0.6714,+1.81,19620945,37.5045,38.0689,37.0763
2024/02/06,37.0082,0.2336,+0.64,16738643,36.5897,37.6309,36.5897
2024/02/05,36.7746,1.0899,-2.88,20266949,37.4947,37.6504,36.6676
2024/02/02,37.8645,0.0389,+0.10,20365482,37.4947,38.1370,37.2612
2024/02/01,37.8256,0.0681,+0.18,21932324,38.1273,38.2538,37.4947
2024/01/31,37.7575,0.6325,+1.70,35147446,37.1736,38.6820,37.1055
2024/01/30,37.1250,2.6859,+7.80,59583557,37.3215,37.9132,36.3951
2024/01/29,34.4391,0.2043,+0.60,24718926,34.2542,34.6532,33.9915
2024/01/26,34.2348,0.0195,+0.06,14581898,34.2153,34.5899,34.0985
2024/01/25,34.2153,0.4476,+1.33,22114505,34.0207,34.3126,33.7774
2024/01/24,33.7677,0.5157,-1.50,15910939,34.3418,34.6386,33.6314
2024/01/23,34.2834,0.0876,-0.25,17287323,34.6629,34.7992,34.0012
2024/01/22,34.3710,0.1849,-0.54,15544726,34.5948,35.0814,34.3321
2024/01/19,34.5559,0.9050,+2.69,18084940,33.6606,34.7019,33.4173
2024/01/18,33.6509,0.4184,-1.23,23195060,34.3515,34.4099,33.3979
2024/01/17,34.0693,0.3698,-1.07,15776660,33.8942,34.2639,33.7968
2024/01/16,34.4391,0.1265,+0.37,18792157,33.7968,34.6240,33.6898
2024/01/12,34.3126,0.5839,-1.67,17111217,34.7116,35.1495,34.2574
2024/01/11,34.8965,0.4379,-1.24,15032132,35.1398,35.2747,34.6532
2024/01/10,35.3344,0.2238,-0.63,16485562,35.5874,35.6361,35.0279
2024/01/09,35.5582,0.1557,-0.44,14276379,35.3733,35.7431,35.2176
2024/01/08,35.7139,0.6909,+1.97,14155100,34.8673,35.8599,34.8576
2024/01/05,35.0230,0.4866,+1.41,15433891,34.5559,35.6263,34.4878
2024/01/04,34.5364,0.2141,+0.62,20694065,34.7019,35.0128,34.3321
2024/01/03,34.3223,0.7591,-2.16,20869493,34.5559,34.6629,33.7677
2024/01/02,35.0814,0.1265,+0.36,17984573,34.6824,35.6458,34.4878
2023/12/29,34.9549,0.2724,-0.77,14517782,35.1592,35.4804,34.8965
2023/12/28,35.2273,0.1167,+0.33,9987809,35.0327,35.2663,34.9451
2023/12/27,35.1106,0.0486,-0.14,11435807,35.1300,35.2857,34.7408
2023/12/26,35.1592,0.1070,+0.31,11030219,35.0522,35.4463,35.0522
2023/12/22,35.0522,0.2238,-0.63,15442536,35.1398,35.6361,34.8722
2023/12/21,35.2760,0.7590,+2.20,18930513,34.8673,35.3441,34.7311
2023/12/20,34.5170,0.3892,-1.11,17043305,34.7700,35.4220,34.5072
2023/12/19,34.9062,0.4184,+1.21,12203325,34.5559,35.0279,34.4197
2023/12/18,34.4878,0.2822,-0.81,18652978,34.8186,35.1836,34.4780
2023/12/15,34.7700,0.5060,-1.43,35101196,35.3247,35.5096,34.6581
2023/12/14,35.2760,2.1993,+6.65,36575811,33.6898,35.3393,33.6217
2023/12/13,33.0767,0.5547,+1.71,29602490,32.4053,33.1448,31.9430
2023/12/12,32.5220,0.1557,-0.48,23113082,32.5999,32.9989,32.4637
2023/12/11,32.6777,0.1655,-0.50,23958131,32.5999,33.1011,32.5415
2023/12/08,32.8432,0.2336,+0.72,20840178,32.6096,33.3979,32.6096
2023/12/07,32.6096,0.5839,+1.82,20715434,32.0939,32.7118,31.9284
2023/12/06,32.0257,0.2238,+0.70,22336327,32.1620,32.7653,31.9868
2023/12/05,31.8019,0.3795,-1.18,26427676,32.0744,32.5318,31.7825
2023/12/04,32.1814,0.6909,+2.19,30407145,31.7922,32.5415,31.7241
2023/12/01,31.4905,0.7396,+2.41,32535881,30.6731,31.7143,30.6731
2023/11/30,30.7509,0.0875,+0.29,46485475,30.8969,31.4029,30.7315
2023/11/29,30.6634,2.6297,+9.38,87796012,30.9254,31.3329,30.4887
2023/11/28,28.0337,0.3785,+1.37,18711333,27.5970,28.1356,27.4903
2023/11/27,27.6552,0.3105,+1.14,20486005,27.1895,27.6747,27.1070
2023/11/24,27.3447,0.0776,+0.28,7153438,27.3350,27.6577,27.2865
2023/11/22,27.2671,0.1941,+0.72,11703688,27.2283,27.5097,27.0100
2023/11/21,27.0730,0.6017,-2.17,20295073,27.4127,27.7232,26.8790
2023/11/20,27.6747,0.4755,+1.75,19959348,27.3447,27.9172,27.3059
2023/11/17,27.1992,0.5337,+2.00,20533539,27.0342,27.1992,26.7140
2023/11/16,26.6655,0.6404,-2.35,17201827,27.1021,27.3544,26.6024
2023/11/15,27.3059,0.0582,-0.21,20228441,27.2380,27.3932,26.9081
2023/11/14,27.3641,1.2614,+4.83,24959496,26.6364,27.5776,26.5976
2023/11/13,26.1027,0.0485,+0.19,16895064,25.9377,26.3064,25.8455
2023/11/10,26.0542,0.1941,+0.75,17469227,25.9183,26.1997,25.5205
2023/11/09,25.8601,0.8830,-3.30,16536003,26.8887,26.8887,25.8358
2023/11/08,26.7431,0.8248,-2.99,18841080,27.5000,27.5194,26.7043
2023/11/07,27.5679,0.6793,-2.40,18811668,27.9561,28.0919,27.2283
2023/11/06,28.2472,0.6404,-2.22,12788950,28.8876,28.9361,28.1307
2023/11/03,28.8876,0.9412,+3.37,17956382,28.5092,29.1690,28.4606
2023/11/02,27.9464,0.7763,+2.86,16005819,27.5970,28.0046,27.3253
2023/11/01,27.1701,0.1940,-0.71,17894384,27.8784,27.9464,26.9081
2023/10/31,27.3641,0.8151,+3.07,18041923,26.6849,27.4709,26.5296
2023/10/30,26.5490,0.1358,+0.51,23936753,26.7334,26.8984,25.9959
2023/10/27,26.4132,1.2906,-4.66,26614477,27.6455,27.7813,26.3162
2023/10/26,27.7038,0.4463,-1.59,23484273,28.9264,29.3243,27.5873
2023/10/25,28.1501,0.4366,+1.58,25145710,27.7038,28.2763,26.8887
2023/10/24,27.7135,0.6404,-2.26,26854024,27.5485,28.8973,27.1798
2023/10/23,28.3539,0.4270,-1.48,18465023,28.4606,29.0138,28.3442
2023/10/20,28.7809,0.3203,+1.13,22304622,28.9943,29.3485,28.5771
2023/10/19,28.4606,0.1456,-0.51,18605283,28.2375,29.0720,28.1987
2023/10/18,28.6062,0.8248,-2.80,14756273,28.9555,29.1010,28.5868
2023/10/17,29.4310,0.2620,+0.90,20417530,28.9167,29.7027,28.8973
2023/10/16,29.1690,0.3881,+1.35,15160860,29.0235,29.2855,28.7663
2023/10/13,28.7809,0.6404,-2.18,17230745,29.1108,29.3340,28.6644
2023/10/12,29.4213,0.6404,-2.13,11702352,29.7803,29.7900,29.1350
2023/10/11,30.0617,0.4852,-1.59,10999729,30.7895,31.0321,29.8628
2023/10/10,30.5469,0.4755,+1.58,12351805,29.9744,30.7216,29.7997
2023/10/09,30.0714,0.0873,+0.29,9390290,29.5863,30.3431,29.4310
2023/10/06,29.9841,0.5725,+1.95,23107124,29.2078,30.4305,28.9846
2023/10/05,29.4116,0.7084,-2.35,26026816,29.8677,30.2170,28.8391
2023/10/04,30.1200,0.3299,-1.08,13821912,30.4208,30.5663,29.7173
2023/10/03,30.4499,1.0577,-3.36,13459852,31.1000,31.2359,30.3820
2023/10/02,31.5076,0.4852,-1.52,11301057,31.8666,32.0801,31.2019
2023/09/29,31.9928,0.1843,-0.57,14002941,32.3227,32.4294,31.7890
2023/09/28,32.1771,0.7860,+2.50,13060976,31.3329,32.4100,31.1194
2023/09/27,31.3911,0.0873,+0.28,8593825,31.4494,31.5852,31.0224
2023/09/26,31.3038,0.7763,-2.42,8502778,31.6434,32.0316,31.2553
2023/09/25,32.0801,0.4658,+1.47,7505856,31.4202,32.2014,31.3087
2023/09/22,31.6143,0.1262,-0.40,14707934,32.0219,32.5798,31.5367
2023/09/21,31.7405,0.4754,-1.48,11689372,31.9345,32.4440,31.7211
2023/09/20,32.2159,0.7375,-2.24,11145364,33.0699,33.1184,32.1771
2023/09/19,32.9534,0.6016,+1.86,9840331,32.4585,33.2882,32.3615
2023/09/18,32.3518,0.5919,-1.80,10791407,32.7496,32.9437,32.3227
2023/09/15,32.9437,0.2814,+0.86,20311767,32.5459,33.5744,32.4294
2023/09/14,32.6623,0.0000,0,12157609,32.6041,32.7983,32.0558
2023/09/13,32.6623,0.1844,+0.57,14723817,32.9340,33.2785,32.4391
2023/09/12,32.4779,0.8248,+2.61,16054210,31.7890,32.7690,31.7890
2023/09/11,31.6531,0.3202,-1.00,12136692,32.0995,32.2839,31.5367
2023/09/08,31.9733,0.3687,+1.17,12492669,31.6337,32.1480,31.5755
2023/09/07,31.6046,0.2426,-0.76,12667268,31.4494,31.6483,31.0661
2023/09/06,31.8472,0.4464,-1.38,12090273,32.0704,32.4149,31.5658
2023/09/05,32.2936,0.2523,-0.78,9449734,32.3712,32.4876,32.0510
2023/09/01,32.5459,0.0291,+0.09,9073703,32.5944,32.8370,32.2742
2023/08/31,32.5168,0.2038,+0.63,10478986,32.5168,33.0262,32.3056
2023/08/30,32.3130,0.0677,-0.21,8118371,32.3807,32.6130,32.2743
2023/08/29,32.3807,0.3290,+1.03,7762304,32.1485,32.4291,32.0130
2023/08/28,32.0517,0.1645,+0.52,7639917,32.1872,32.3710,31.8678
2023/08/25,31.8872,0.0678,+0.21,14774589,32.0033,32.2259,31.0162
2023/08/24,31.8194,0.6581,-2.03,8138117,32.3227,32.4968,31.6985
2023/08/23,32.4775,0.6097,+1.91,10604752,31.7807,32.4872,31.7033
2023/08/22,31.8678,0.3290,-1.02,8922397,32.3904,32.4001,31.7904
2023/08/21,32.1968,0.1451,+0.45,11124925,32.1775,32.3323,31.9114
2023/08/18,32.0517,0.1936,+0.61,12172573,31.5291,32.1291,31.5230
2023/08/17,31.8581,0.0967,+0.30,11858610,32.0033,32.2549,31.7033
2023/08/16,31.7614,0.4645,-1.44,15763032,32.0807,32.2109,31.6501
2023/08/15,32.2259,0.7451,-2.26,13811332,32.5162,32.6904,32.1485
2023/08/14,32.9710,0.1742,+0.53,16382220,32.3710,33.1017,32.3420
2023/08/11,32.7968,0.2613,-0.79,21203799,32.9323,33.0678,32.3420
2023/08/10,33.0581,2.0323,-5.79,26454799,35.1291,35.1872,32.9033
2023/08/09,35.0904,0.5613,-1.57,8529647,35.3227,35.6178,35.0420
2023/08/08,35.6517,0.2419,-0.67,10624427,35.1098,35.6856,34.9356
2023/08/07,35.8936,0.5032,+1.42,10241030,35.6420,35.9033,35.1872
2023/08/04,35.3904,0.3387,-0.95,12822486,35.6614,35.8936,35.1969
2023/08/03,35.7291,0.4549,-1.26,15252617,35.9904,35.9904,35.4485
2023/08/02,36.1840,0.7064,-1.91,16041508,36.4162,36.6098,36.0581
2023/08/01,36.8904,0.2419,-0.65,10577392,36.8130,37.1227,36.6775
2023/07/31,37.1323,0.3096,+0.84,12547092,36.9194,37.1323,36.5807
2023/07/28,36.8227,0.8903,-2.36,18065871,37.5001,37.7227,36.5178
2023/07/27,37.7130,0.6581,+1.78,18175545,37.4807,38.1727,37.2872
2023/07/26,37.0549,0.3580,+0.98,16195886,36.7356,37.2072,36.4259
2023/07/25,36.6969,1.3354,-3.51,31619046,36.5130,37.5291,35.9130
2023/07/24,38.0323,0.7258,+1.95,18816113,37.6162,38.2065,37.5098
2023/07/21,37.3065,0.6871,-1.81,14075908,38.3614,38.3904,37.1033
2023/07/20,37.9936,0.0290,+0.08,10980601,37.7130,38.0565,37.4662
2023/07/19,37.9646,0.0968,+0.26,13201131,38.0323,38.3033,37.8969
2023/07/18,37.8678,0.3677,+0.98,13750476,37.4904,37.9259,37.3065
2023/07/17,37.5001,1.2097,-3.13,16681038,38.2065,38.2646,37.2678
2023/07/14,38.7098,0.4838,-1.23,11415883,39.3001,39.3872,38.6469
2023/07/13,39.1936,0.0871,+0.22,12861220,39.4065,39.7162,39.1065
2023/07/12,39.1065,0.4258,+1.10,15018641,39.5227,39.6485,39.0775
2023/07/11,38.6807,0.3193,+0.83,11779510,38.2936,38.8065,37.8920
2023/07/10,38.3614,0.0291,+0.08,10857548,38.3033,38.4678,37.9259
2023/07/07,38.3323,0.1451,+0.38,10962064,38.2646,38.6904,38.0469
2023/07/06,38.1872,0.0387,+0.10,13548890,37.6646,38.1969,37.3549
2023/07/05,38.1485,0.4452,+1.18,12523125,37.8388,38.2646,37.6549
2023/07/03,37.7033,0.3871,+1.04,5764271,37.4904,37.8775,37.3840
2023/06/30,37.3162,0.3484,+0.94,12000782,37.0743,37.6065,36.7762
2023/06/29,36.9678,0.0097,+0.03,10809001,37.0936,37.3743,36.7743
2023/06/28,36.9581,0.6871,+1.89,13311515,36.2904,36.9775,36.2033
2023/06/27,36.2710,0.7548,+2.13,9429373,35.8162,36.3049,35.2743
2023/06/26,35.5162,0.5032,+1.44,12301682,34.8678,35.7969,34.8678
2023/06/23,35.0130,0.4645,-1.31,10541861,34.7710,35.2646,34.6452
2023/06/22,35.4775,0.3387,-0.95,8905639,35.5936,35.7630,35.1872
2023/06/21,35.8162,0.3000,-0.83,9388651,36.1065,36.1065,35.6904
2023/06/20,36.1162,0.6194,-1.69,14861299,36.4840,36.6194,35.7243
2023/06/16,36.7356,0.0677,-0.18,15007243,36.8904,37.0162,36.4356
2023/06/15,36.8033,0.6484,+1.79,16215569,35.9904,37.0259,35.9807
2023/06/14,36.1549,0.2807,-0.77,15375148,36.6194,36.7429,35.8452
2023/06/13,36.4356,0.9484,+2.67,16998233,35.7678,36.6194,35.7678
2023/06/12,35.4872,0.4258,+1.21,15400232,35.1001,35.8259,35.0904
2023/06/09,35.0614,0.3678,+1.06,25129444,36.2807,36.9342,35.0565
2023/06/08,34.6936,0.3581,-1.02,16735926,35.0323,35.2672,34.5291
2023/06/07,35.0517,0.9484,+2.78,23939351,34.2485,35.2839,34.0888
2023/06/06,34.1033,1.0742,+3.25,16116758,32.9033,34.2388,32.8839
2023/06/05,33.0291,0.1452,-0.44,9338228,33.3388,33.2662,32.5743
2023/06/02,33.1743,1.2194,+3.82,15827087,32.5743,33.3678,32.3904
2023/06/01,31.9549,0.6774,+2.17,12882275,31.4420,32.2259,31.0985
2023/05/31,31.2775,0.9168,-2.85,18583568,31.7986,31.8903,30.7467
2023/05/30,32.1943,0.0676,+0.21,13130525,32.5224,33.0773,32.1509
2023/05/26,32.1267,0.8492,+2.72,14151305,31.4802,32.3198,31.2197
2023/05/25,31.2775,0.1255,+0.40,10872613,31.0362,31.4946,31.0073
2023/05/24,31.1520,1.1002,-3.41,13841206,31.8469,31.8855,30.8915
2023/05/23,32.2522,0.5404,+1.70,18359489,31.8469,32.6527,31.7890
2023/05/22,31.7118,0.1930,+0.61,9187485,31.5670,31.7793,31.2582
2023/05/19,31.5188,0.2316,-0.73,13060226,31.9627,32.0109,31.3595
2023/05/18,31.7504,0.4440,+1.42,14756647,31.1520,31.8034,31.1231
2023/05/17,31.3064,0.8685,+2.85,11677545,30.6985,31.4512,30.5296
2023/05/16,30.4379,0.8010,-2.56,11470452,30.9397,31.1134,30.3993
2023/05/15,31.2389,0.0289,-0.09,19523319,31.2582,31.3354,30.9976
2023/05/12,31.2678,0.6949,-2.17,13507448,32.0881,32.1219,31.0073
2023/05/11,31.9627,0.0386,+0.12,12765533,31.7021,32.1219,31.6973
2023/05/10,31.9241,0.1930,-0.60,15976667,32.6865,32.7830,31.4657
2023/05/09,32.1171,0.3667,-1.13,12270690,32.1557,32.3970,31.9048
2023/05/08,32.4838,0.3860,+1.20,11675382,32.2232,32.5610,31.9723
2023/05/05,32.0978,1.5152,+4.95,17813516,31.1906,32.2281,31.0845
2023/05/04,30.5826,0.7624,-2.43,15343565,31.1713,31.5284,30.4572
2023/05/03,31.3450,0.5791,-1.81,13982987,31.6153,32.2232,31.2389
2023/05/02,31.9241,0.3860,-1.19,15053666,32.0399,32.2425,31.3740
2023/05/01,32.3101,0.4246,+1.33,17503940,32.8119,33.0818,32.2667
2023/04/28,31.8855,0.3088,+0.98,16072315,31.2871,32.1364,31.2775
2023/04/27,31.5767,0.4826,+1.55,20444461,31.2292,31.6732,30.7226
2023/04/26,31.0941,0.6659,-2.10,19460885,31.7504,31.9627,30.9590
2023/04/25,31.7600,1.3318,-4.02,35277127,32.8023,32.8891,31.5381
2023/04/24,33.0918,0.7141,+2.21,17446404,32.5900,33.1980,32.3873
2023/04/21,32.3777,0.0097,+0.03,12806232,32.3584,32.5900,31.8179
2023/04/20,32.3680,1.0037,-3.01,15848624,32.1171,32.5514,31.6925
2023/04/19,33.3717,0.7238,-2.12,11400642,33.6515,33.6612,33.0242
2023/04/18,34.0955,0.1834,+0.54,9786605,34.2113,34.3271,33.8445
2023/04/17,33.9121,0.6273,+1.88,10619954,33.1787,33.9217,33.1304
2023/04/14,33.2848,0.0386,-0.12,9494624,33.5357,34.0569,33.0532
2023/04/13,33.3234,0.0869,-0.26,16647925,33.3524,33.4778,32.5417
2023/04/12,33.4103,0.7624,-2.23,12462905,34.7324,34.7999,33.3186
2023/04/11,34.1727,0.3088,-0.90,17004683,34.6262,34.7083,34.1051
2023/04/10,34.4815,1.1002,+3.30,11947935,33.1497,34.4911,33.0628
2023/04/06,33.3813,0.4825,-1.42,10432701,33.7770,33.8638,33.2655
2023/04/05,33.8638,0.6273,-1.82,11345899,34.0376,34.1437,33.1980
2023/04/04,34.4911,0.5115,-1.46,11688375,35.2342,35.2632,34.0569
2023/04/03,35.0026,0.3957,-1.12,11282151,35.1088,35.5286,34.7372
2023/03/31,35.3983,0.6659,+1.92,11266346,35.0026,35.4369,34.8675
2023/03/30,34.7324,0.2799,+0.81,9636925,34.9833,35.2053,34.6118
2023/03/29,34.4525,1.4283,+4.33,13771260,33.6708,34.4815,33.4971
2023/03/28,33.0242,0.2220,-0.67,12656475,33.2559,33.4392,32.8602
2023/03/27,33.2462,0.7141,+2.20,11728234,33.1207,33.3331,32.5730
2023/03/24,32.5321,0.0289,-0.09,12345749,32.2908,32.5996,31.8324
2023/03/23,32.5610,0.2992,-0.91,13041133,33.1690,33.5457,32.0158
2023/03/22,32.8602,1.0133,-2.99,13397865,33.9024,34.0858,32.8409
2023/03/21,33.8735,1.4283,+4.40,14180660,33.4199,34.0858,33.2559
2023/03/20,32.4452,0.2316,+0.72,15479702,32.2811,33.0532,32.1049
2023/03/17,32.2136,1.1870,-3.55,28748055,33.0821,33.0821,31.9627
2023/03/16,33.4006,0.2702,+0.82,24753029,32.6672,33.6998,32.5803
2023/03/15,33.1304,1.2256,-3.57,18643520,33.4006,33.4103,32.4549
2023/03/14,34.3560,0.1544,-0.45,19623969,35.1860,35.3886,33.8494
2023/03/13,34.5104,0.7335,-2.08,22365775,34.3753,35.0412,33.6419
2023/03/10,35.2439,1.2545,-3.44,14651367,36.3826,36.4550,34.9930
2023/03/09,36.4984,1.8723,-4.88,16169070,38.1390,38.3128,36.4405
2023/03/08,38.3707,0.0193,+0.05,11061353,38.3128,38.6216,37.9943
2023/03/07,38.3514,0.6851,-1.76,12566033,38.8146,39.0172,38.2355
2023/03/06,39.0365,0.5405,-1.37,10165171,39.5866,39.7507,38.8454
2023/03/03,39.5770,1.4283,+3.74,13916008,38.9786,39.9051,38.8435
2023/03/02,38.1487,0.8686,+2.33,13381880,37.0630,38.1776,36.7880
2023/03/01,37.2801,0.0193,-0.05,14711920,37.2416,37.8675,37.2031
2023/02/28,37.2994,0.5488,-1.45,17829718,37.7519,37.7856,37.0635
2023/02/27,37.8482,0.1252,+0.33,17979199,38.0600,38.5222,37.6845
2023/02/24,37.7230,0.0674,-0.18,13429011,37.4631,37.8578,37.0298
2023/02/23,37.7904,1.5790,-4.01,20700510,39.5235,39.7257,37.4246
2023/02/22,39.3694,0.2311,-0.58,10251234,39.6968,39.9279,39.1191
2023/02/21,39.6005,1.9642,-4.73,12795896,40.8522,41.4780,39.5620
2023/02/17,41.5647,0.0674,+0.16,13537496,41.4010,41.5647,40.6211
2023/02/16,41.4973,0.1445,+0.35,15111513,40.8137,42.0076,40.6548
2023/02/15,41.3528,0.5006,+1.23,12111219,40.5730,41.3817,40.4863
2023/02/14,40.8522,0.3948,+0.98,13514961,40.1493,41.1410,40.1397
2023/02/13,40.4574,0.6451,+1.62,13351256,39.2154,40.5152,39.2066
2023/02/10,39.8123,0.2696,-0.67,11889580,39.7064,40.0771,39.4368
2023/02/09,40.0819,0.0577,+0.14,21654157,40.5248,41.3865,39.9471
2023/02/08,40.0242,0.1637,+0.41,12794301,39.5524,40.5345,39.4597
2023/02/07,39.8605,0.0578,+0.15,11988260,39.7257,40.2215,39.2250
2023/02/06,39.8027,0.2022,+0.51,14837495,39.3791,40.0627,39.2491
2023/02/03,39.6005,0.3563,-0.89,19283800,39.1384,40.4237,38.8110
2023/02/02,39.9568,2.1182,+5.60,29867709,38.7821,40.4863,38.4355
2023/02/01,37.8386,0.0192,-0.05,26557095,37.9830,38.3585,37.1261
2023/01/31,37.8578,2.9173,+8.35,49226832,37.4823,38.2525,36.9046
2023/01/30,34.9405,1.5983,-4.37,24508138,35.3834,35.8889,34.8731
2023/01/27,36.5388,1.4154,+4.03,22844898,35.2197,36.8180,35.0849
2023/01/26,35.1234,0.1540,+0.44,20314413,35.6145,35.7974,34.8827
2023/01/25,34.9694,0.1155,+0.33,14245334,34.6517,35.1908,34.0643
2023/01/24,34.8539,0.2310,-0.66,12538360,34.6613,35.2967,34.4880
2023/01/23,35.0849,1.0494,+3.08,17658551,34.3580,35.2342,34.2064
2023/01/20,34.0355,0.3658,-1.06,17850970,34.3532,34.6709,33.9729
2023/01/19,34.4013,0.6836,-1.95,11844053,34.3243,34.6805,33.8236
2023/01/18,35.0849,0.1637,-0.46,11759992,35.6819,36.1344,35.0705
2023/01/17,35.2486,0.0963,+0.27,14453528,35.1427,35.7589,34.8635
2023/01/13,35.1523,1.7523,-4.75,22063211,35.1234,35.3641,34.4735
2023/01/12,36.9046,0.4910,+1.35,15910109,36.7217,37.1742,36.4232
2023/01/11,36.4136,0.6836,+1.91,15777017,35.9611,36.6928,35.7685
2023/01/10,35.7300,1.1457,+3.31,10677473,34.7961,35.7589,34.5602
2023/01/09,34.5843,0.0097,+0.03,12066664,35.1716,35.4701,34.5121
2023/01/06,34.5746,0.8761,+2.60,10161368,33.4000,34.6661,33.2652
2023/01/05,33.6985,0.2985,+0.89,12392889,32.9282,34.1173,32.8512
2023/01/04,33.4000,0.8376,+2.57,11763705,33.0149,33.6455,32.8223
2023/01/03,32.5624,0.1734,+0.54,12248808,32.7501,33.0630,32.1532
2022/12/30,32.3890,0.0289,-0.09,12263452,32.0906,32.4998,31.9943
2022/12/29,32.4179,1.0976,+3.50,12084233,31.5995,32.4227,31.5995
2022/12/28,31.3203,0.7606,-2.37,9919795,32.0809,32.2543,31.3059
2022/12/27,32.0809,0.4911,-1.51,10370065,32.2735,32.4950,31.7921
2022/12/23,32.5720,0.2889,+0.89,11029255,32.4276,32.6201,31.9462
2022/12/22,32.2831,2.2819,-6.60,21011104,33.8622,33.8718,32.0424
2022/12/21,34.5650,0.6740,+1.99,10344527,34.3917,34.6950,34.1510
2022/12/20,33.8910,0.2119,-0.62,11356610,33.9488,34.2617,33.4867
2022/12/19,34.1029,0.7028,-2.02,12721023,34.9309,35.0464,34.0451
2022/12/16,34.8057,1.4153,-3.91,28593845,35.6530,35.8167,34.5361
2022/12/15,36.2210,0.7125,-1.93,11731388,36.3847,36.3972,35.8070
2022/12/14,36.9335,0.3948,-1.06,12426672,37.2994,37.6364,36.5485
2022/12/13,37.3283,0.2696,+0.73,12623969,38.1852,38.5222,37.0972
2022/12/12,37.0587,0.2022,+0.55,14409005,36.8950,37.2320,36.6018
2022/12/09,36.8565,0.0770,+0.21,9207885,36.4425,37.1213,36.3751
2022/12/08,36.7795,0.2311,+0.63,8955487,36.6543,36.8372,36.2018
2022/12/07,36.5484,0.0578,-0.16,12062394,36.2644,36.9046,36.1633
2022/12/06,36.6062,0.7413,-1.98,13268947,37.4823,37.6364,35.9611
2022/12/05,37.3475,1.0688,-2.78,7928049,38.0023,38.1467,37.2464
2022/12/02,38.4163,0.5103,-1.31,9580341,38.3777,38.6473,38.0793
2022/12/01,38.9266,0.0385,-0.10,12811531,39.2539,39.8412,38.9121
2022/11/30,38.9651,0.7782,+2.04,15411981,38.4079,38.9651,37.6874
2022/11/29,38.1869,0.3554,+0.94,11015582,38.0620,38.4655,37.9852
2022/11/28,37.8315,1.0375,-2.67,20191854,38.3502,38.7825,37.7594
2022/11/25,38.8690,0.3362,+0.87,4804256,38.2446,38.8786,38.2446
2022/11/23,38.5328,0.1345,+0.35,9469399,38.2830,38.6191,38.0140
2022/11/22,38.3983,0.4323,+1.14,8737960,38.3214,38.6865,38.0668
2022/11/21,37.9660,0.2401,-0.63,12784615,37.8891,38.1581,37.4664
2022/11/18,38.2061,1.0855,+2.92,23784470,37.9467,38.4175,37.5048
2022/11/17,37.1206,0.1633,+0.44,27071412,36.5346,38.0428,36.0001
2022/11/16,36.9573,1.7003,-4.40,12524974,38.1869,38.2926,36.9573
2022/11/15,38.6576,0.2978,+0.78,12897119,39.0996,39.7432,38.4367
2022/11/14,38.3598,1.1432,-2.89,15581644,39.3974,39.5703,38.3550
2022/11/11,39.5030,1.3257,+3.47,13568777,38.2926,39.9402,38.2542
2022/11/10,38.1773,1.6139,+4.41,21024345,37.6105,38.9987,37.3319
2022/11/09,36.5634,0.9510,-2.54,10957027,37.0341,37.3415,36.5346
2022/11/08,37.5144,0.3267,-0.86,11394491,37.9179,37.9564,36.9957
2022/11/07,37.8411,0.3747,+1.00,11998696,37.8123,37.9179,37.1686
2022/11/04,37.4664,0.4707,+1.27,15707305,37.8411,38.1773,36.9476
2022/11/03,36.9957,0.0096,-0.03,12625035,36.2944,37.2214,36.1695
2022/11/02,37.0053,0.7973,-2.11,13877018,37.6778,38.4943,36.9476
2022/11/01,37.8026,0.0960,+0.25,11284357,38.3502,38.5232,37.3224
2022/10/31,37.7066,0.3843,+1.03,14529015,37.0341,38.0957,36.8516
2022/10/28,37.3223,0.6629,+1.81,10887929,36.6979,37.3463,36.5922
2022/10/27,36.6594,0.2882,+0.79,14409229,36.5442,37.1206,35.9341
2022/10/26,36.3712,0.8165,+2.30,20449188,35.8909,36.7651,35.7180
2022/10/25,35.5547,1.2393,+3.61,26582792,35.0167,36.0062,34.4211
2022/10/24,34.3154,0.6917,+2.06,19335395,33.5372,34.4691,33.1049
2022/10/21,33.6237,1.4987,+4.67,14671610,32.1827,33.6333,32.0098
2022/10/20,32.1250,0.1826,-0.57,14135696,32.4132,32.8071,31.8368
2022/10/19,32.3076,0.5956,-1.81,10733356,32.4613,32.8456,31.9905
2022/10/18,32.9032,0.6533,+2.03,11600852,33.4124,33.5276,32.6438
2022/10/17,32.2499,0.6532,+2.07,11409120,32.3748,32.6150,31.7601
2022/10/14,31.5967,0.1249,+0.40,12490017,31.7696,31.9137,31.1740
2022/10/13,31.4718,0.5380,+1.74,17903870,30.0596,31.6735,30.0404
2022/10/12,30.9338,0.1057,+0.34,11253092,30.8570,31.2466,30.3574
2022/10/11,30.8281,0.1922,-0.62,17450060,30.7513,31.5775,30.0500
2022/10/10,31.0203,1.2777,-3.96,23937361,31.1067,31.3325,29.8819
2022/10/07,32.2980,0.9703,-2.92,11652105,32.7207,32.9109,32.0818
2022/10/06,33.2683,0.2017,-0.60,11903924,33.2202,33.7870,33.0281
2022/10/05,33.4700,0.9222,-2.68,19444042,33.0281,33.6381,32.4805
2022/10/04,34.3922,2.8147,+8.91,20622588,32.8552,34.3922,32.5862
2022/10/03,31.5775,0.7494,+2.43,15298924,31.1836,31.9809,30.3682
2022/09/30,30.8281,1.1240,-3.52,16821367,31.6351,31.9041,30.7897
2022/09/29,31.9521,1.9118,-5.65,15431939,32.6726,33.0281,31.5294
2022/09/28,33.8639,0.5188,+1.56,12539228,33.3835,34.1040,33.0089
2022/09/27,33.3451,0.3170,-0.94,14095984,34.1521,34.2770,32.7303
2022/09/26,33.6621,0.4227,-1.24,17464469,33.7198,34.6324,33.3067
2022/09/23,34.0848,1.8253,-5.08,18621179,35.0359,35.2761,33.4652
2022/09/22,35.9101,0.2882,-0.80,14073115,36.3232,36.5442,35.7276
2022/09/21,36.1983,1.3258,-3.53,21292922,37.6201,38.1293,36.1839
2022/09/20,37.5241,2.2383,-5.63,26441265,38.6480,39.0035,37.3703
2022/09/19,39.7624,1.3641,+3.55,13810786,37.9467,39.8105,37.8795
2022/09/16,38.3983,0.6628,-1.70,21755100,38.4847,38.9747,38.1485
2022/09/15,39.0611,0.0384,+0.10,15815818,38.9747,40.4733,38.9459
2022/09/14,39.0227,0.0865,+0.22,15862959,39.1380,39.2437,38.1821
2022/09/13,38.9362,1.4603,-3.61,15449076,39.0035,39.7912,38.7633
2022/09/12,40.3965,0.7301,+1.84,17001429,40.0218,40.6943,39.7768
2022/09/09,39.6664,0.7590,+1.95,13443457,39.1476,39.9065,39.0996
2022/09/08,38.9074,0.3746,+0.97,16399546,37.8987,39.0755,37.7978
2022/09/07,38.5328,1.3450,+3.62,16480452,37.0053,38.5904,36.8900
2022/09/06,37.1878,0.2305,+0.62,20524331,37.2839,37.9188,36.8948
2022/09/02,36.9573,0.0864,-0.23,11305058,37.7738,37.9708,36.8180
2022/09/01,37.0437,0.3362,+0.92,11836192,36.3232,37.0821,36.0350
2022/08/31,36.7075,0.8838,-2.35,16020247,37.6585,37.6874,36.6210
2022/08/30,37.5913,0.2786,-0.74,15708337,38.1965,38.3118,37.0581
2022/08/29,37.8699,0.2684,+0.71,13989659,37.1606,38.3156,37.0945
2022/08/26,37.6015,1.1119,-2.87,16880250,39.0584,39.3843,37.5919
2022/08/25,38.7134,1.0927,+2.90,15870759,37.7261,39.0872,37.7070
2022/08/24,37.6207,0.6614,+1.79,13260798,37.0073,38.0808,36.7293
2022/08/23,36.9593,0.0096,+0.03,16061127,37.3427,37.7740,36.8251
2022/08/22,36.9497,1.1023,-2.90,21827504,36.6526,37.2085,36.3459
2022/08/19,38.0520,0.9393,+2.53,24315892,37.6111,38.6079,37.4673
2022/08/18,37.1127,0.3067,+0.83,7307456,36.7389,37.2852,36.4801
2022/08/17,36.8060,0.5655,-1.51,11118264,36.6047,37.0791,36.0871
2022/08/16,37.3715,0.3930,-1.04,14548290,37.3331,37.9610,37.1127
2022/08/15,37.7645,0.0766,-0.20,10043294,37.2660,38.0424,37.1990
2022/08/12,37.8411,0.9776,+2.65,9290989,37.2181,37.8651,36.8827
2022/08/11,36.8635,0.4888,+1.34,10664117,37.0839,37.4194,36.5951
2022/08/10,36.3747,1.2748,+3.63,11125077,36.1254,36.8827,35.9385
2022/08/09,35.0999,0.9009,-2.50,13304490,35.7229,35.7996,34.7165
2022/08/08,36.0008,1.4377,+4.16,18158975,35.0999,36.5951,34.9465
2022/08/05,34.5631,0.1630,-0.47,11349771,34.4289,34.7788,34.1126
2022/08/04,34.7261,1.0351,-2.89,17613288,35.4833,35.6174,34.5727
2022/08/03,35.7612,1.1310,+3.27,16742716,35.2628,36.6047,35.2245
2022/08/02,34.6302,0.6134,-1.74,13692398,34.8123,35.4257,34.6110
2022/08/01,35.2436,0.4888,+1.41,12753669,34.5631,35.4449,34.1270
2022/07/29,34.7548,0.4984,+1.45,14998518,34.2660,34.9273,33.9209
2022/07/28,34.2564,1.0160,+3.06,12313252,33.5519,34.2660,33.1637
2022/07/27,33.2404,1.2844,+4.02,12825209,32.6078,33.3554,32.2340
2022/07/26,31.9560,1.1310,-3.42,15162445,32.6222,32.6653,31.6685
2022/07/25,33.0870,0.1438,-0.43,15422968,33.4129,33.5950,32.7132
2022/07/22,33.2308,0.4409,-1.31,14206395,33.7101,33.7388,32.8666
2022/07/21,33.6717,0.3546,+1.06,11327647,33.3171,33.6717,32.9337
2022/07/20,33.3171,0.3451,+1.05,10548451,32.7611,33.5615,32.6365
2022/07/19,32.9720,1.7061,+5.46,13757417,31.9656,33.1890,31.8937
2022/07/18,31.2659,0.2396,-0.76,13228378,31.9177,32.1956,31.1317
2022/07/15,31.5055,1.2268,+4.05,13545200,30.9113,31.5582,30.3937
2022/07/14,30.2787,0.1246,-0.41,15076238,29.8569,30.3362,29.3969
2022/07/13,30.4033,0.1821,+0.60,16898168,29.5694,30.5231,29.0997
2022/07/12,30.2212,0.6326,+2.14,20629756,29.6365,30.7292,29.5215
2022/07/11,29.5886,1.3802,-4.46,17874499,30.5854,30.8633,29.5119
2022/07/08,30.9688,0.3354,-1.07,12274790,31.3330,31.7547,30.9113
2022/07/07,31.3042,1.3323,+4.45,14630220,30.6716,31.4816,30.6237
2022/07/06,29.9719,1.0544,-3.40,17841684,30.7196,31.1413,29.6509
2022/07/05,31.0263,0.1725,+0.56,20501783,29.8186,31.0838,29.0710
2022/07/01,30.8538,0.4122,+1.35,22092112,29.9815,31.5151,29.9624
2022/06/30,30.4416,1.6199,-5.05,21017254,31.2372,31.3761,30.1037
2022/06/29,32.0615,0.5175,-1.59,11921618,32.3969,32.4640,31.3042
2022/06/28,32.5790,0.6135,-1.85,15857733,33.7292,34.6280,32.5407
2022/06/27,33.1925,0.1821,-0.55,10895360,33.5375,33.8538,32.9145
2022/06/24,33.3746,1.7541,+5.55,19198576,31.7356,33.5471,31.6876
2022/06/23,31.6205,0.1533,+0.49,15034230,31.5535,31.9608,30.8921
2022/06/22,31.4672,0.1821,+0.58,15625405,30.8538,32.1190,30.7004
2022/06/21,31.2851,0.7285,+2.38,17347720,31.4624,31.7260,30.5662
2022/06/17,30.5566,0.4409,+1.46,24673940,30.1445,31.0455,29.3777
2022/06/16,30.1157,2.6454,-8.07,23769960,31.4864,31.4864,29.6365
2022/06/15,32.7611,0.9393,+2.95,19943892,31.9752,33.1637,31.9656
2022/06/14,31.8218,0.8818,+2.85,18665851,31.3138,32.1956,31.1221
2022/06/13,30.9400,2.6167,-7.80,24206885,32.4544,32.6653,30.8154
2022/06/10,33.5567,1.5719,-4.47,16568905,34.2468,34.8602,33.5471
2022/06/09,35.1286,0.9968,-2.76,9714506,35.9242,36.1159,35.1094
2022/06/08,36.1254,0.6518,-1.77,10652490,36.7485,37.1606,36.0679
2022/06/07,36.7772,0.5176,+1.43,15146331,35.6750,36.8635,35.2916
2022/06/06,36.2596,0.2108,+0.58,11506635,36.7580,36.8347,35.9529
2022/06/03,36.0488,1.2077,-3.24,12175987,36.5088,36.7005,35.9242
2022/06/02,37.2565,0.5751,+1.57,11200412,36.8060,37.6207,36.7676
2022/06/01,36.6814,0.3929,-1.06,12718730,37.3906,37.9945,36.3219
2022/05/31,37.0743,0.1054,+0.29,20717944,37.0073,37.3331,36.3794
2022/05/27,36.9689,1.1022,+3.07,16363387,36.2309,36.9881,35.8091
2022/05/26,35.8667,1.3803,+4.00,15199343,34.8698,36.1925,34.8698
2022/05/25,34.4864,0.7380,+2.19,16076841,33.4513,34.8411,33.4513
2022/05/24,33.7484,0.7572,-2.19,17440969,34.0551,34.0934,32.8857
2022/05/23,34.5056,0.5751,+1.69,20824227,34.4385,35.0902,33.6334
2022/05/20,33.9305,0.6901,-1.99,25465111,35.4737,35.5408,32.9576
2022/05/19,34.6206,0.2779,+0.81,16218371,33.9113,35.1286,33.6909
2022/05/18,34.3427,2.1757,-5.96,20089612,35.9433,36.2021,34.1126
2022/05/17,36.5184,0.9585,+2.70,16177255,36.4513,36.9496,35.7948
2022/05/16,35.5599,1.0640,-2.91,17227349,36.4322,36.4609,35.2340
2022/05/13,36.6239,2.5400,+7.45,23993274,34.6781,36.8922,34.5727
2022/05/12,34.0839,1.6390,-4.59,45041975,33.9880,34.6973,33.1445
2022/05/11,35.7229,1.3706,-3.69,18832598,37.1702,37.8028,35.6270
2022/05/10,37.0935,0.4217,+1.15,21081482,37.7549,37.8507,35.9625
2022/05/09,36.6718,1.2652,-3.34,19310432,37.3619,38.5504,36.4945
2022/05/06,37.9370,0.3546,-0.93,15320842,38.1383,38.4536,37.1894
2022/05/05,38.2916,1.1694,-2.96,15980489,38.6463,39.0584,37.7165
2022/05/04,39.4610,1.1790,+3.08,16498620,37.9562,39.5281,37.6686
2022/05/03,38.2820,1.4281,+3.88,19961348,37.6878,38.5983,37.2057
2022/05/02,36.8539,0.5176,+1.42,16818073,36.1063,36.8922,35.7037
2022/04/29,36.3363,0.8051,-2.17,17462724,37.1990,37.7836,36.2117
2022/04/28,37.1414,0.0862,+0.23,23782847,37.7165,37.9657,35.7612
2022/04/27,37.0552,0.5943,+1.63,20686377,36.7005,37.8795,36.1350
2022/04/26,36.4609,1.7061,-4.47,22618411,37.5919,37.8124,36.3123
2022/04/25,38.1670,0.0192,-0.05,19514493,37.7165,38.3300,37.0648
2022/04/22,38.1862,0.8339,-2.14,18485768,38.7805,39.0488,38.1287
2022/04/21,39.0201,0.9681,-2.42,13087293,40.9850,41.2150,38.8763
2022/04/20,39.9882,0.3450,-0.86,13552383,40.4962,41.4451,39.9594
2022/04/19,40.3332,1.3898,+3.57,14452751,39.1159,40.4386,39.1159
2022/04/18,38.9434,0.4792,+1.25,12308910,38.4642,39.2309,38.2916
2022/04/14,38.4642,0.0862,-0.22,13892390,38.4833,39.0872,38.4258
2022/04/13,38.5504,0.1725,+0.45,11369530,37.9753,38.7709,37.9034
2022/04/12,38.3779,0.2780,-0.72,17958252,38.9242,39.0872,37.9945
2022/04/11,38.6559,0.9394,+2.49,26098635,37.1990,39.6196,37.0839
2022/04/08,37.7165,0.6038,+1.63,23043397,36.7580,38.3875,36.5845
2022/04/07,37.1127,0.7476,-1.97,29523119,37.6590,37.8891,36.0392
2022/04/06,37.8603,1.8403,-4.64,30521864,39.0968,39.6143,37.8411
2022/04/05,39.7006,1.6869,-4.08,20713718,41.1767,41.3683,39.6048
2022/04/04,41.3875,0.2108,+0.51,13144164,41.4738,41.6176,40.7645
2022/04/01,41.1767,0.7476,-1.78,17518684,42.3269,42.6048,40.6495
2022/03/31,41.9243,1.4186,-3.27,18085797,42.9786,43.0361,41.9243
2022/03/30,43.3429,0.9968,-2.25,13373987,43.7454,44.1192,43.1703
2022/03/29,44.3397,1.9553,+4.61,17511008,43.5250,44.7998,43.3620
2022/03/28,42.3844,0.5464,+1.31,12702483,42.0777,42.4131,41.4834
2022/03/25,41.8380,0.6710,-1.58,10809912,42.4371,42.4706,41.5936
2022/03/24,42.5090,0.5464,+1.30,11587218,42.2214,42.9978,42.1256
2022/03/23,41.9626,0.7477,-1.75,15798081,42.1735,42.6719,41.9531
2022/03/22,42.7103,0.9106,+2.18,15339811,42.4035,43.3908,42.2598
2022/03/21,41.7997,1.1598,-2.70,18679291,42.4419,42.8157,41.4259
2022/03/18,42.9595,1.1119,+2.66,20693437,41.4355,43.1703,41.3396
2022/03/17,41.8476,0.1821,-0.43,14511388,41.1383,42.0106,40.8316
2022/03/16,42.0297,1.6486,+4.08,17751376,41.2150,42.3365,40.6112
2022/03/15,40.3811,1.2460,+3.18,16746187,39.1351,40.4962,39.1063
2022/03/14,39.1351,0.6518,-1.64,19733109,40.0073,40.6687,38.6942
2022/03/11,39.7869,0.3259,-0.81,14207688,40.3332,40.5823,39.7581
2022/03/10,40.1128,0.4121,-1.02,18770402,39.6862,40.4770,39.1591
2022/03/09,40.5249,1.9936,+5.17,22231919,40.5057,41.0808,40.0648
2022/03/08,38.5313,0.3547,+0.93,25190773,39.1447,40.5537,38.2964
2022/03/07,38.1766,2.4633,-6.06,27073773,40.5345,40.6783,38.0999
2022/03/04,40.6399,2.3962,-5.57,27693123,42.2023,42.3269,40.2469
2022/03/03,43.0361,1.3611,-3.07,19777307,44.2918,44.7998,42.7534
2022/03/02,44.3972,1.7253,+4.04,19829581,42.8253,44.6656,42.7103
2022/03/01,42.6719,2.1087,-4.71,22466787,44.1097,44.2436,42.3221
2022/02/28,44.7806,0.6805,-1.50,19016122,44.3205,45.1640,43.9371
2022/02/25,45.4611,1.0351,+2.33,14048222,44.4260,45.5043,43.9467
2022/02/24,44.4260,0.0287,-0.06,21913323,42.3173,44.4787,42.0872
2022/02/23,44.4547,0.3738,-0.83,14259664,45.2982,46.2902,44.3397
2022/02/22,44.8285,1.7541,-3.77,20469998,45.7966,45.9500,44.2391
2022/02/18,46.5826,0.2108,-0.45,17335514,46.8893,47.1672,45.9308
2022/02/17,46.7934,1.5432,-3.19,14066745,47.7423,47.7801,46.6401
2022/02/16,48.3366,0.7285,+1.53,14466019,47.3781,48.4660,47.2152
2022/02/15,47.6081,1.2172,+2.62,15902597,47.3110,47.8382,46.8989
2022/02/14,46.3909,0.4121,-0.88,18309895,46.8413,47.1481,46.0075
2022/02/11,46.8030,1.4473,-3.00,21057958,48.5379,48.8542,46.5255
2022/02/10,48.2503,0.3643,-0.75,17754583,47.6657,49.6353,47.5410
2022/02/09,48.6146,1.2077,+2.55,25342781,48.2216,49.5347,48.0778
2022/02/08,47.4069,1.1981,-2.46,40302686,46.7167,47.8094,45.6049
2022/02/07,48.6050,0.5559,-1.13,18828116,49.3526,49.8414,48.4229
2022/02/04,49.1609,1.7444,-3.43,23782123,49.4772,49.6976,48.4181
2022/02/03,50.9053,0.3739,-0.73,24780493,50.4165,52.1610,50.3686
2022/02/02,51.2792,0.5463,-1.05,35860294,52.6402,53.2441,49.5347
2022/02/01,51.8255,1.2844,+2.54,24173001,50.6561,51.9884,49.9564
2022/01/31,50.5411,2.3866,+4.96,21132433,48.4037,50.5603,47.8957
2022/01/28,48.1545,1.1598,-2.35,27890339,49.1226,49.1226,47.1960
2022/01/27,49.3143,0.8626,-1.72,22282381,50.6513,51.1354,48.9499
2022/01/26,50.1769,0.4313,+0.87,24177967,51.3462,51.7488,49.3334
2022/01/25,49.7456,0.7093,-1.41,23124406,49.4580,50.3334,48.7104
2022/01/24,50.4549,0.6134,-1.20,34426139,49.2663,50.4740,47.3158
2022/01/21,51.0683,1.3131,-2.51,26805558,52.2568,52.4293,50.4987
2022/01/20,52.3814,1.5240,-2.83,22487585,53.6945,54.9459,52.1562
2022/01/19,53.9054,2.4442,-4.34,21467160,56.8480,57.3559,53.7952
2022/01/18,56.3496,2.2141,-3.78,19110892,57.6339,57.8448,56.1099
2022/01/14,58.5637,0.6422,-1.08,16881049,58.5637,59.2011,57.4997
2022/01/13,59.2059,0.7093,+1.21,20118081,58.8991,60.7490,58.6116
2022/01/12,58.4966,0.4121,-0.70,21090448,59.8768,60.1164,57.1595
2022/01/11,58.9087,0.3738,+0.64,17176856,58.7074,58.9998,57.6532
2022/01/10,58.5349,1.1502,-1.93,19802418,58.9662,59.4263,57.5429
2022/01/07,59.6851,0.5751,-0.95,17878257,61.1612,61.2570,58.8704
2022/01/06,60.2602,0.1246,+0.21,21545308,60.5429,60.8640,59.1100
2022/01/05,60.1356,2.8755,-4.56,45466045,62.8002,64.4200,60.0014
2022/01/04,63.0111,4.3803,+7.47,46626796,59.3832,63.2411,59.3832
2022/01/03,58.6308,2.4346,+4.33,21911669,57.3847,59.0142,57.2601
2021/12/31,56.1962,0.4792,+0.86,10283206,55.5924,56.5988,55.5157
2021/12/30,55.7170,0.8627,+1.57,12484148,55.0652,56.3400,54.8831
2021/12/29,54.8543,0.1150,+0.21,8328021,54.7393,55.3048,54.3847
2021/12/28,54.7393,0.3067,-0.56,8955736,55.0173,55.7074,54.6434
2021/12/27,55.0460,0.4984,+0.91,9479286,54.5284,55.3527,54.1834
2021/12/23,54.5476,0.7955,+1.48,14316603,53.7425,54.7245,53.4549
2021/12/22,53.7521,1.2365,+2.35,17416956,52.5156,54.0061,52.4773
2021/12/21,52.5156,0.7189,+1.39,16245636,52.2376,52.6210,51.6050
2021/12/20,51.7967,1.0735,-2.03,19899934,51.7776,52.2760,50.9341
2021/12/17,52.8702,3.0960,-5.53,44065685,53.8671,54.0492,52.2472
2021/12/16,55.9662,0.2108,-0.38,18541933,56.9342,58.1036,55.6163
2021/12/15,56.1770,0.2013,+0.36,15098315,55.8799,56.4454,54.6674
2021/12/14,55.9757,0.6997,-1.23,18705218,55.5636,56.7425,55.3051
2021/12/13,56.6754,3.9107,-6.45,28510516,59.4934,59.5988,56.5700
2021/12/10,60.5861,3.4410,+6.02,23828989,57.6052,60.6580,57.6052
2021/12/09,57.1451,1.1119,-1.91,13526248,57.8736,58.1132,57.1164
2021/12/08,58.2570,0.7188,-1.22,10437363,59.0908,59.2442,57.9107
2021/12/07,58.9758,1.6198,+2.82,14747936,58.3816,59.7905,58.1803
2021/12/06,57.3560,0.1246,+0.22,17452697,57.9598,58.2090,56.2633
2021/12/03,57.2314,1.2556,-2.15,20444738,58.6931,59.1292,56.4262
2021/12/02,58.4870,2.8371,+5.10,26463645,56.3112,58.7554,56.2633
2021/12/01,55.6499,0.1822,+0.33,27513786,56.7905,58.0748,55.6019
2021/11/30,55.4677,1.9074,-3.32,22203895,56.7425,57.3560,55.0556
2021/11/29,57.3751,0.2972,-0.52,15684145,58.5733,58.9854,57.1739
2021/11/26,57.6723,1.9361,-3.25,13847386,57.3176,58.0557,56.9917
2021/11/24,59.6084,0.8243,-1.36,13234379,59.7139,60.0014,59.0717
2021/11/23,60.4327,0.9681,-1.58,16934183,61.0845,61.3816,59.6755
2021/11/22,61.4008,2.1662,+3.66,20703740,59.3784,62.2586,59.1963
2021/11/19,59.2346,0.5080,-0.85,20366059,59.8864,60.3559,59.0046
2021/11/18,59.7426,2.1854,-3.53,24317550,61.6596,62.4743,59.5126
2021/11/17,61.9280,1.9170,+3.19,31281931,60.7011,62.3689,59.7857
2021/11/16,60.0110,0.3450,-0.57,16812912,60.6148,60.6532,59.3592
2021/11/15,60.3560,0.4122,-0.68,14994576,61.0126,61.0845,60.0254
2021/11/12,60.7682,1.5144,+2.56,32501552,59.0333,61.3720,58.7362
2021/11/11,59.2538,2.4442,+4.30,30291309,57.3368,59.5701,56.8446
2021/11/10,56.8096,0.6230,+1.11,23765069,55.4486,58.0413,55.3336
2021/11/09,56.1866,0.9393,-1.64,14421522,57.3272,57.4422,55.4102
2021/11/08,57.1259,1.0351,+1.85,15008472,56.3208,57.8256,56.0524
2021/11/05,56.0908,0.1150,-0.20,17008240,56.6946,56.8863,55.6403
2021/11/04,56.2058,2.5304,+4.71,25066644,54.1259,56.3304,53.9342
2021/11/03,53.6754,0.3930,+0.74,15043861,52.9661,53.8383,52.8032
2021/11/02,53.2824,0.0959,+0.18,17086780,52.7456,53.6514,52.4102
2021/11/01,53.1865,1.0160,+1.95,16356547,52.5731,53.4262,52.1610
2021/10/29,52.1705,0.1821,+0.35,17403165,51.6625,52.7552,51.3865
2021/10/28,51.9884,0.0192,-0.04,24017282,52.3335,53.2728,51.8159
2021/10/27,52.0076,2.9809,-5.42,37973901,53.2920,53.4453,51.9070
2021/10/26,54.9885,0.3738,-0.68,17043247,55.6115,55.8751,54.5955
2021/10/25,55.3623,0.0096,-0.02,14763900,55.6403,55.8895,54.4805
2021/10/22,55.3719,0.6134,-1.10,11557366,55.9470,56.2633,55.2473
2021/10/21,55.9853,0.7092,+1.28,12087153,55.5924,56.2345,55.3336
2021/10/20,55.2761,0.7860,+1.44,13980185,54.0204,55.8224,53.8862
2021/10/19,54.4901,0.0383,-0.07,11047614,54.6339,54.6914,54.1834
2021/10/18,54.5284,1.0640,-1.91,13216536,55.0268,55.1898,54.4853
2021/10/15,55.5924,0.2972,+0.54,13473904,55.9182,56.2773,55.4486
2021/10/14,55.2952,0.0767,-0.14,11953765,55.6882,55.8703,55.0652
2021/10/13,55.3719,1.1406,-2.02,19628602,56.4933,56.4933,54.7105
2021/10/12,56.5125,0.8339,+1.50,17835335,56.0908,56.8671,55.4582
2021/10/11,55.6786,0.4601,-0.82,18430795,56.3496,56.8815,55.3719
2021/10/08,56.1387,2.0416,+3.77,35185531,54.1930,56.7521,54.0407
2021/10/07,54.0971,2.4058,+4.65,32348804,52.5731,54.3847,52.1753
2021/10/06,51.6913,0.3930,-0.75,30799309,52.2281,53.1961,50.9437
2021/10/05,52.0843,0.3451,+0.67,18989806,51.9405,52.4629,51.4218
2021/10/04,51.7392,0.8147,+1.60,30471591,52.6210,53.3303,51.4517
2021/10/01,50.9245,0.4026,+0.80,17381964,50.8287,51.1641,50.0810
2021/09/30,50.5219,0.2109,-0.42,17035350,50.7328,50.9916,50.0139
2021/09/29,50.7328,0.0767,+0.15,11352303,51.0875,51.1450,50.3494
2021/09/28,50.6561,0.3738,-0.73,17134166,51.5379,51.9597,50.5124
2021/09/27,51.0299,0.9680,+1.93,14461703,50.2344,51.3462,50.2056
2021/09/24,50.0619,0.2972,+0.60,12147817,49.7264,50.4453,49.5730
2021/09/23,49.7647,1.0926,+2.24,14651407,48.9788,49.9133,48.9213
2021/09/22,48.6721,1.3515,+2.86,14646283,47.9532,49.0938,47.9532
2021/09/21,47.3206,0.0000,0,14786523,47.5123,47.7088,46.7599
2021/09/20,47.3206,1.8786,-3.82,25603428,47.3973,47.4835,46.3621
2021/09/17,49.1992,0.1821,-0.37,47073323,49.1992,49.7743,48.8733
2021/09/16,49.3813,0.2876,-0.58,13163769,49.4484,49.7456,48.7967
2021/09/15,49.6689,1.0352,+2.13,14250069,48.6816,49.7743,48.4420
2021/09/14,48.6337,0.0767,-0.16,13132395,49.0938,49.2855,48.4037
2021/09/13,48.7104,1.2748,+2.69,19307966,48.0299,48.8350,47.5410
2021/09/10,47.4356,1.0256,+2.21,23761065,46.6688,48.3270,46.6688
2021/09/09,46.4100,0.5272,-1.12,14334573,46.9180,46.9180,45.8158
2021/09/08,46.9372,0.2396,+0.51,11618645,46.6209,47.4644,46.4100
2021/09/07,46.6976,0.0958,-0.20,12849597,46.4771,47.1816,46.4101
2021/09/03,46.7934,0.1246,-0.27,10368335,46.7743,46.9612,46.4100
2021/09/02,46.9180,0.1534,-0.33,13949827,47.1097,47.4452,46.7838
2021/09/01,47.0714,0.0959,+0.20,11457700,47.0618,47.5794,46.6592
2021/08/31,46.9755,0.1534,-0.33,14912127,47.1289,47.3781,46.6497
2021/08/30,47.1289,0.6038,-1.26,14302716,47.8765,47.8765,46.9180
2021/08/27,47.7327,1.1310,+2.43,15518467,46.7263,47.9915,46.6401
2021/08/26,46.6017,1.0352,-2.17,17318133,47.4164,47.4164,46.5060
2021/08/25,47.6369,0.1246,+0.26,15030519,47.4356,47.8573,47.1193
2021/08/24,47.5123,1.3323,+2.89,22321284,46.4867,47.7950,46.2279
2021/08/23,46.1800,0.5943,-1.27,31454885,46.1608,46.3429,45.1161
2021/08/20,46.7743,0.2683,-0.57,17630253,46.9276,47.1001,46.3429
2021/08/19,47.0426,1.6870,-3.46,24400213,47.9244,48.1353,46.6497
2021/08/18,48.7296,0.3547,+0.73,15932744,48.4324,49.3525,48.3078
2021/08/17,48.3749,2.3771,-4.68,29711152,49.8222,49.9181,48.1161
2021/08/16,50.7520,0.6709,-1.30,17766755,50.8095,51.0443,50.3111
2021/08/13,51.4229,0.9298,-1.78,12362370,52.2952,52.4389,51.3654
2021/08/12,52.3527,0.3355,+0.64,11232478,52.1801,52.7552,51.9357
2021/08/11,52.0172,0.0096,+0.02,16499485,52.1610,52.2376,51.2312
2021/08/10,52.0076,0.2971,+0.57,15106130,51.7584,52.1226,51.4325
2021/08/09,51.7105,1.0543,-2.00,16776385,52.0172,52.1130,51.1833
2021/08/06,52.7648,0.5847,+1.12,15618434,52.5348,53.0476,52.0076
2021/08/05,52.1801,1.6486,+3.26,29808843,51.6242,52.6019,51.3271
2021/08/04,50.5315,4.9458,-8.91,70597760,52.9373,53.1482,50.0427
2021/08/03,55.4773,0.8147,+1.49,12805071,55.0844,55.5540,54.2601
2021/08/02,54.6626,0.1821,+0.33,12934452,54.9885,56.1674,54.5188
2021/07/30,54.4805,0.4217,-0.77,13756513,54.3655,55.4054,54.2696
2021/07/29,54.9022,1.7157,+3.23,16107630,54.6339,55.3430,54.4613
2021/07/28,53.1865,0.4696,+0.89,11006119,53.1195,53.5412,52.4150
2021/07/27,52.7169,0.7380,-1.38,13954135,52.9182,53.0619,51.9645
2021/07/26,53.4549,0.7955,+1.51,10004333,52.9469,53.5891,52.8127
2021/07/23,52.6594,0.6709,-1.26,15165500,53.0140,53.4703,52.5348
2021/07/22,53.3303,1.3515,-2.47,12540450,54.3942,54.4038,53.1865
2021/07/21,54.6818,0.8627,+1.60,11513088,54.4422,55.0844,54.2121
2021/07/20,53.8191,1.8882,+3.64,13867662,52.0076,54.0396,51.8734
2021/07/19,51.9309,1.2269,-2.31,21849060,51.6625,52.1705,50.4453
2021/07/16,53.1578,1.4281,-2.62,14200910,55.0939,55.0939,53.0715
2021/07/15,54.5859,1.0065,-1.81,12627617,54.7489,55.2952,54.2409
2021/07/14,55.5924,0.6996,-1.24,13062791,56.4454,56.8959,55.3096
2021/07/13,56.2920,0.2301,-0.41,15236725,56.5892,56.8000,55.8368
2021/07/12,56.5221,0.2013,+0.36,15141752,56.1291,56.7138,55.4198
2021/07/09,56.3208,2.5879,+4.82,25416409,56.3591,56.4742,55.4821
2021/07/08,53.7329,0.5080,-0.94,14697480,53.0044,54.2361,52.5827
2021/07/07,54.2409,0.8339,-1.51,13643961,54.9598,55.0173,53.8000
2021/07/06,55.0748,1.4377,-2.54,16855257,56.4742,56.4837,54.6434
2021/07/02,56.5125,0.1438,-0.25,10119641,56.6563,56.8576,56.0908
2021/07/01,56.6563,0.0575,-0.10,12261089,56.9726,57.2505,56.3352
2021/06/30,56.7138,0.3259,+0.58,12864519,56.3016,56.9965,56.1770
2021/06/29,56.3879,0.1821,+0.32,12698978,56.7425,57.0732,56.2633
2021/06/28,56.2058,1.5911,-2.75,17895571,57.8065,57.8736,56.0074
2021/06/25,57.7969,0.2492,+0.43,14872473,57.7873,58.0653,57.5286
2021/06/24,57.5477,0.0766,-0.13,15070947,57.8831,57.9886,57.2793
2021/06/23,57.6243,0.8434,+1.49,12027145,57.3656,57.9215,56.9917
2021/06/22,56.7809,0.0575,-0.10,9315200,57.0684,57.1259,56.5700
2021/06/21,56.8384,0.5176,+0.92,12808593,57.2697,57.2697,56.3783
2021/06/18,56.3208,1.2652,-2.20,26711588,56.8192,57.1164,55.9853
2021/06/17,57.5860,1.6103,-2.72,20565796,59.2538,59.8114,56.8959
2021/06/16,59.1963,0.9106,+1.56,32426041,59.8672,60.4711,58.6595
2021/06/15,58.2857,0.0192,+0.03,11201987,58.1611,58.5733,57.4902
2021/06/14,58.2665,0.6710,-1.14,16112121,58.9183,59.0813,57.8017
2021/06/11,58.9375,0.1438,+0.24,10646983,58.8129,59.4369,58.6235
2021/06/10,58.7937,1.3706,-2.28,16840950,60.2219,60.4322,58.6260
2021/06/09,60.1643,1.1023,-1.80,14993737,61.2954,61.4947,60.0877
2021/06/08,61.2666,0.6614,+1.09,13591387,60.4040,61.3097,59.8385
2021/06/07,60.6052,0.1342,-0.22,16223191,61.3241,61.6308,60.0302
2021/06/04,60.7394,0.0863,-0.14,21984912,60.9311,61.2283,59.8001
2021/06/03,60.8257,3.6518,+6.39,39833237,59.0142,61.0318,58.1899
2021/06/02,57.1739,0.0000,0,12494018,57.7585,57.7585,56.6754
2021/06/01,57.1739,0.3259,+0.57,10880636,57.4997,57.7490,56.7905
2021/05/28,56.8480,0.4409,-0.77,13216710,57.3943,57.4997,56.1579
2021/05/27,57.2889,1.6199,+2.91,35309525,57.5093,58.1994,56.7521
2021/05/26,55.6690,1.2652,+2.33,14859545,54.6051,55.7553,54.4134
2021/05/25,54.4038,0.1533,+0.28,17070881,54.5093,55.7553,54.3511
2021/05/24,54.2505,0.1150,-0.21,9330343,54.6818,54.8256,53.9821
2021/05/21,54.3655,1.1598,+2.18,15807059,53.6850,56.3400,53.4549
2021/05/20,53.2057,0.0192,-0.04,12002276,53.5987,53.7137,52.8990
2021/05/19,53.2249,0.3450,-0.64,12200114,52.7169,53.3111,51.8740
2021/05/18,53.5699,0.1438,-0.27,11960922,53.8958,54.4518,53.5316
2021/05/17,53.7137,0.0383,+0.07,11519189,53.5220,53.7856,52.8990
2021/05/14,53.6754,1.3419,+2.56,11802984,52.8319,53.7137,52.7265
2021/05/13,52.3335,0.8051,+1.56,13891546,52.1705,53.2057,51.8830
2021/05/12,51.5284,1.8882,-3.53,20186620,53.2345,53.3974,51.2983
2021/05/11,53.4166,1.6102,-2.93,23759472,53.8191,54.3942,52.5923
2021/05/10,55.0268,1.5145,-2.68,15223550,56.5508,57.1068,54.9789
2021/05/07,56.5413,0.2588,+0.46,16150923,55.5924,56.5940,54.8927
2021/05/06,56.2825,1.0927,+1.98,20978945,55.0460,56.3304,55.0460
2021/05/05,55.1898,2.1470,+4.05,27436179,54.7201,55.4869,53.9917
2021/05/04,53.0428,1.7348,-3.17,23226428,54.2025,54.2409,52.5444
2021/05/03,54.7776,0.0671,-0.12,12086880,55.2090,55.9182,54.3511
2021/04/30,54.8447,0.6230,+1.15,16012987,53.8479,54.9598,53.7616
2021/04/29,54.2217,1.8978,-3.38,22238788,55.3431,55.3527,53.3782
2021/04/28,56.1195,0.4026,-0.71,10939309,56.5508,56.5508,55.8511
2021/04/27,56.5221,0.7285,+1.31,9696013,55.8464,56.6467,55.6115
2021/04/26,55.7936,0.6517,+1.18,12054333,55.4582,56.1483,55.2664
2021/04/23,55.1419,0.8339,+1.54,11276557,54.4134,55.3414,54.0875
2021/04/22,54.3080,0.7955,-1.44,16507457,55.1514,55.4007,53.8000
2021/04/21,55.1035,1.6486,+3.08,15283131,52.9853,55.1131,52.4389
2021/04/20,53.4549,2.0224,-3.65,24764059,54.7489,54.9022,52.6402
2021/04/19,55.4773,0.7956,-1.41,12793532,56.1387,56.3016,54.8543
2021/04/16,56.2729,0.0959,+0.17,11567511,56.5604,56.8480,55.8607
2021/04/15,56.1770,0.1246,+0.22,15019140,56.9822,57.0588,55.9470
2021/04/14,56.0524,0.0096,-0.02,15251204,56.1579,57.1739,55.8320
2021/04/13,56.0620,1.1214,-1.96,18170903,56.7713,57.0684,55.4869
2021/04/12,57.1834,0.4793,-0.83,10674048,57.7010,57.7873,56.8288
2021/04/09,57.6627,0.0671,+0.12,12709910,57.0876,57.8736,56.9534
2021/04/08,57.5956,0.7093,-1.22,19839897,57.8544,58.2282,56.3687
2021/04/07,58.3049,1.0639,-1.79,17911473,59.2921,59.2969,58.1707
2021/04/06,59.3688,0.8626,+1.47,41230214,57.9886,60.8065,57.9311
2021/04/05,58.5062,3.1055,+5.61,25699818,56.5508,58.6451,56.3112
2021/04/01,55.4007,0.3259,+0.59,18553810,55.5157,55.8032,54.6674
2021/03/31,55.0748,1.0064,-1.79,21660502,55.8607,56.1483,54.8879
2021/03/30,56.0812,2.4633,+4.59,20455964,54.2505,56.1962,54.0588
2021/03/29,53.6179,0.5559,-1.03,16753899,53.7521,54.8256,53.4262
2021/03/26,54.1738,0.0767,-0.14,17067358,54.6434,54.9598,53.0476
2021/03/25,54.2505,0.7572,+1.42,16879135,52.3335,54.4613,51.9980
2021/03/24,53.4933,0.3354,-0.62,21457957,54.3271,55.0939,53.3974
2021/03/23,53.8287,1.8595,-3.34,22202400,54.6243,55.3643,53.3926
2021/03/22,55.6882,1.6486,-2.88,31398284,56.3112,56.4837,54.1642
2021/03/19,57.3368,0.5272,+0.93,24357311,56.8767,57.8160,55.7649
2021/03/18,56.8096,0.7477,-1.30,36354039,57.5668,59.6563,56.4358
2021/03/17,57.5573,2.8084,+5.13,24774588,54.8639,57.6196,54.7776
2021/03/16,54.7489,0.7859,-1.42,16877641,55.9374,56.1387,54.4422
2021/03/15,55.5348,1.2652,-2.23,20607966,56.8480,56.8480,54.8351
2021/03/12,56.8000,2.8083,+5.20,31121504,53.6754,57.1451,53.3878
2021/03/11,53.9917,0.4792,-0.88,21121448,54.5093,54.7968,53.6179
2021/03/10,54.4709,2.0895,+3.99,23746315,52.7169,54.5859,52.6019
2021/03/09,52.3814,0.3163,-0.60,18677483,53.0619,53.1290,51.7907
2021/03/08,52.6977,1.1789,+2.29,25509378,52.0364,53.8671,51.5092
2021/03/05,51.5188,1.8403,+3.70,26280944,50.4069,51.7488,48.3845
2021/03/04,49.6785,0.8051,-1.59,27367946,50.7903,51.9308,48.1641
2021/03/03,50.4836,1.3802,-2.66,20519009,52.2376,52.6019,50.4740
2021/03/02,51.8638,1.5048,+2.99,37837889,50.4165,52.9948,50.0235
2021/03/01,50.3590,1.1598,+2.36,16051582,50.2344,50.6258,49.6689
2021/02/26,49.1992,0.6997,+1.44,17866812,48.7583,49.5826,47.8478
2021/02/25,48.4995,2.2046,-4.35,21522356,50.5124,50.7328,48.4518
2021/02/24,50.7041,1.7157,+3.50,19170764,49.7935,51.0012,49.1609
2021/02/23,48.9884,0.8338,-1.67,22120951,48.8829,49.2472,47.3014
2021/02/22,49.8222,0.5656,-1.12,15129300,49.8414,50.7328,49.7267
2021/02/19,50.3878,0.3930,+0.79,16019363,50.3207,51.0779,50.0523
2021/02/18,49.9948,0.6997,-1.38,18378820,50.3782,50.4357,49.4580
2021/02/17,50.6945,0.5463,-1.07,14931825,50.6466,51.1162,49.9181
2021/02/16,51.2408,0.1342,-0.26,19344603,51.4804,51.7488,51.0108
2021/02/12,51.3750,0.0958,+0.19,15980803,50.7999,51.9405,50.7616
2021/02/11,51.2792,1.3227,-2.51,31165146,51.3846,51.5667,50.1769
2021/02/10,52.6019,1.1310,-2.10,57726031,53.3016,53.3782,50.3302
2021/02/09,53.7329,0.7859,-1.44,26258849,54.1930,54.5764,53.4214
2021/02/08,54.5188,2.3674,+4.54,28158904,53.6754,54.6818,53.3591
2021/02/05,52.1514,0.2684,+0.52,17997273,52.5444,52.7648,51.9022
2021/02/04,51.8830,0.1150,-0.22,20076711,51.1258,52.2952,50.7712
2021/02/03,51.9980,1.4665,+2.90,32036322,51.0875,52.7648,50.9820
2021/02/02,50.5315,1.1597,+2.35,21343402,50.1290,50.7807,49.7983
2021/02/01,49.3718,0.7956,+1.64,22380325,49.3238,49.7935,48.3462
2021/01/29,48.5762,0.3451,-0.71,27613048,48.5954,49.6306,47.8861
2021/01/28,48.9213,1.6295,+3.45,39200690,47.8094,50.7999,47.5027
2021/01/27,47.2918,2.5880,-5.19,39974552,48.6912,48.7487,46.6880
2021/01/26,49.8798,1.2939,-2.53,22585761,51.1737,51.3606,49.6593
2021/01/25,51.1737,1.9266,-3.63,41569764,52.6690,52.8663,48.9021
2021/01/22,53.1003,0.3067,+0.58,24930484,52.2376,53.4549,52.0172
2021/01/21,52.7936,0.7476,-1.40,41614021,53.9869,54.6051,52.4868
2021/01/20,53.5412,0.9777,+1.86,49482600,53.8958,54.2505,52.5731
2021/01/19,52.5635,4.6678,+9.75,66921980,51.4613,52.8510,50.0906
2021/01/15,47.8957,1.4952,-3.03,26389188,49.1705,49.2663,47.2104
2021/01/14,49.3909,2.6837,+5.75,38435342,47.4452,49.7168,47.2823
2021/01/13,46.7072,0.8723,+1.90,51361789,48.6721,48.8542,46.0650
2021/01/12,45.8349,2.6933,+6.24,66656289,44.3780,46.9180,43.7550
2021/01/11,43.1416,1.8691,+4.53,27008412,41.2294,43.4004,40.8604
2021/01/08,41.2725,0.2492,-0.60,19224247,41.5122,41.6847,40.5585
2021/01/07,41.5217,0.3258,+0.79,14215847,42.1543,42.1543,41.1767
2021/01/06,41.1959,1.2653,+3.17,23677793,40.1799,42.0297,40.1223
2021/01/05,39.9306,1.1022,+2.84,18827377,38.3971,40.1032,38.3783
2021/01/04,38.8284,1.0831,-2.71,16450978,40.2086,40.3716,38.4737
2020/12/31,39.9115,0.1917,-0.48,11582120,40.0265,40.0648,39.4897
2020/12/30,40.1032,0.2588,+0.65,6773087,39.9211,40.4482,39.8444
2020/12/29,39.8444,0.0862,-0.22,8333613,40.1511,40.3811,39.6527
2020/12/28,39.9306,0.0766,+0.19,10924861,40.2565,40.4386,39.9019
2020/12/24,39.8540,0.8339,-2.05,8164278,40.3140,40.4482,39.4945
2020/12/23,40.6879,1.4857,+3.79,18334154,39.4706,41.1096,39.3939
2020/12/22,39.2022,0.2971,-0.75,11061908,39.6335,39.6814,38.8667
2020/12/21,39.4993,0.1917,+0.49,16206701,38.5888,39.7773,38.3971
2020/12/18,39.3076,0.9777,-2.43,22752767,40.2757,40.3045,38.9051
2020/12/17,40.2853,0.5847,+1.47,12604797,39.9786,40.2853,39.7102
2020/12/16,39.7006,0.2300,-0.58,15789535,40.0552,40.1319,39.1159
2020/12/15,39.9306,0.0383,+0.10,13074319,40.2469,40.4104,39.5952
2020/12/14,39.8923,0.2876,-0.72,10428590,40.7262,40.7741,39.7006
2020/12/11,40.1799,0.9105,-2.22,16229339,40.7166,40.9083,39.8923
2020/12/10,41.0904,1.4953,-3.51,19025336,42.0106,42.0585,40.6974
2020/12/09,42.5857,0.6039,+1.44,13010544,42.2981,42.7007,42.0872
2020/12/08,41.9818,0.4888,-1.15,10600473,41.9051,42.3460,41.6176
2020/12/07,42.4706,0.0863,-0.20,9606301,42.5569,42.5569,41.7662
2020/12/04,42.5569,0.2971,+0.70,12410371,42.5569,42.8780,42.2981
2020/12/03,42.2598,0.4696,-1.10,14019812,42.9307,43.0074,42.1352
2020/12/02,42.7294,0.0959,-0.22,11769293,42.1735,42.7485,41.8572
2020/12/01,42.8253,0.8051,+1.92,13557801,42.9211,43.5633,42.1735
2020/11/30,42.0202,1.1693,-2.71,22535958,43.0937,43.4387,41.8093
2020/11/27,43.1895,0.3834,-0.88,7854855,43.4675,43.6975,42.8924
2020/11/25,43.5729,0.9585,-2.15,16820488,43.7167,44.1480,42.7869
2020/11/24,44.5314,1.6199,+3.77,20917033,44.0042,44.7710,43.1991
2020/11/23,42.9115,1.6581,+4.02,23547024,42.1352,43.2854,41.7518
2020/11/20,41.2534,0.2109,+0.51,17619239,41.0329,41.5217,40.6112
2020/11/19,41.0425,0.0959,+0.23,17960011,40.8412,41.3923,40.4291
2020/11/18,40.9466,0.7092,+1.76,28829278,40.4386,42.2981,40.3140
2020/11/17,40.2374,0.1437,-0.36,16784970,40.1128,40.7741,39.4322
2020/11/16,40.3811,0.9009,+2.28,17414980,40.0361,40.4003,39.2214
2020/11/13,39.4802,1.7924,+4.76,15671867,38.0424,39.6048,37.9514
2020/11/12,37.6878,1.1885,-3.06,21146129,38.4450,38.5696,37.2002
2020/11/11,38.8763,0.4984,-1.27,20700347,39.5760,40.0361,38.4450
2020/11/10,39.3747,2.0320,+5.44,27905319,38.0999,39.8636,37.9178
2020/11/09,37.3427,1.4281,+3.98,23057915,37.1130,38.0712,37.0264
2020/11/06,35.9146,0.3163,+0.89,18872626,35.9433,36.5568,35.4737
2020/11/05,35.5983,1.8212,+5.39,36594066,35.3682,35.7037,33.8730
2020/11/04,33.7771,0.1055,-0.31,15379021,33.8442,34.2851,32.8091
2020/11/03,33.8826,0.7668,+2.32,11934526,33.6430,34.4912,33.4449
2020/11/02,33.1158,0.0192,+0.06,15282815,33.6621,33.9160,32.9528
2020/10/30,33.0966,0.3451,-1.03,13640872,33.0295,33.5759,32.5503
2020/10/29,33.4417,0.7668,+2.35,14846653,33.0774,34.1797,32.9337
2020/10/28,32.6749,0.7668,-2.29,15660903,32.3298,33.1925,32.1573
2020/10/27,33.4417,0.8914,-2.60,11652265,34.0743,34.3666,33.3075
2020/10/26,34.3331,0.9680,-2.74,16117169,34.7644,34.9177,33.7388
2020/10/23,35.3011,0.5560,-1.55,17002108,35.9337,36.4513,35.2532
2020/10/22,35.8571,1.5720,+4.59,24297487,34.4097,35.8762,34.3906
2020/10/21,34.2851,0.1629,+0.48,24286014,34.6014,34.7740,33.6717
2020/10/20,34.1222,2.1566,+6.75,40335307,32.5503,34.8554,32.3682
2020/10/19,31.9656,0.0959,-0.30,10983220,32.1094,32.4592,31.6781
2020/10/16,32.0615,0.8243,+2.64,12473918,31.5151,32.0806,31.3234
2020/10/15,31.2372,0.8819,+2.91,12342167,29.7036,31.3330,29.6652
2020/10/14,30.3553,0.1917,-0.63,8365251,30.7483,30.9017,30.2212
2020/10/13,30.5470,0.3259,-1.06,8181702,30.7962,30.9400,30.1589
2020/10/12,30.8729,0.0479,+0.16,7232825,31.0167,31.3138,30.7883
2020/10/09,30.8250,0.0479,-0.16,9819266,30.9592,31.3234,30.6860
2020/10/08,30.8729,0.5655,+1.87,18073587,30.5758,31.2803,30.4752
2020/10/07,30.3074,1.1693,+4.01,12305801,29.5694,30.4416,29.5310
2020/10/06,29.1381,0.5367,-1.81,10739471,29.9719,30.1445,29.0422
2020/10/05,29.6748,0.4792,+1.64,8674220,29.5694,29.9911,29.5215
2020/10/02,29.1956,0.0767,+0.26,9884344,28.4192,29.6173,28.3617
2020/10/01,29.1189,0.7572,+2.67,15704866,28.2946,29.2435,27.9399
2020/09/30,28.3617,0.8147,+2.96,12022840,27.6907,28.5821,27.6907
2020/09/29,27.5470,0.6709,-2.38,7760776,28.0550,28.1796,27.3169
2020/09/28,28.2179,0.4217,+1.52,8759278,28.5821,28.7930,28.1604
2020/09/25,27.7962,0.1054,-0.38,9755376,27.6620,28.0070,27.3744
2020/09/24,27.9016,0.2205,-0.78,12930500,27.8441,28.3569,27.0677
2020/09/23,28.1221,0.0958,-0.34,11371770,28.2658,28.7451,27.9880
2020/09/22,28.2179,0.5368,-1.87,11587839,28.6109,29.0997,28.1077
2020/09/21,28.7547,1.4377,-4.76,21469137,29.0422,29.1572,27.9495
2020/09/18,30.1924,0.4026,-1.32,15692343,30.5279,30.7196,30.0582
2020/09/17,30.5950,0.1246,+0.41,11956244,30.0103,30.6237,29.6652
2020/09/16,30.4704,0.2013,+0.67,17112773,31.3234,31.4288,30.4224
2020/09/15,30.2691,0.3834,+1.28,22009964,30.0582,31.7643,29.5454
2020/09/14,29.8857,0.6901,+2.36,12490568,29.4448,30.2499,29.2675
2020/09/11,29.1956,0.2780,+0.96,14229332,29.0422,29.3010,28.6301
2020/09/10,28.9176,1.7061,-5.57,25924374,30.4991,30.5566,28.8889
2020/09/09,30.6237,0.4122,-1.33,23345370,30.7771,31.3905,30.4081
2020/09/08,31.0359,2.2812,+7.93,54252106,30.4033,31.9464,29.7611
2020/09/04,28.7547,0.4984,+1.76,14420605,28.6876,29.1093,28.1364
2020/09/03,28.2563,1.4185,-4.78,23326419,29.6461,30.2116,27.9208
2020/09/02,29.6748,1.1214,+3.93,16949759,28.6109,29.7994,28.5634
2020/09/01,28.5534,0.1534,+0.54,9402348,28.3042,28.6109,28.1221
2020/08/31,28.4000,0.3738,-1.30,10000429,28.7738,28.9368,28.3809
2020/08/28,28.7738,0.3163,+1.11,9577784,28.6205,28.9703,28.4048
2020/08/27,28.4575,0.2012,+0.71,9124156,28.3713,28.9799,28.2946
2020/08/26,28.2563,0.2012,-0.71,10161837,28.5438,28.5917,27.9112
2020/08/25,28.4575,0.5943,-2.05,13569971,29.1381,29.4544,28.2563
2020/08/24,29.0518,1.6774,+6.13,21010033,28.0646,29.4783,27.7866
2020/08/21,27.3744,0.2588,-0.94,10267414,27.5470,27.7529,27.2498
2020/08/20,27.6332,0.3738,-1.33,10099406,27.5086,27.9591,27.4511
2020/08/19,28.0070,0.5943,-2.08,15132366,28.4192,28.7816,27.8729
2020/08/18,28.6013,0.1630,-0.57,24103388,29.2818,29.8282,28.5534
2020/08/17,28.7643,2.0608,+7.72,35292880,27.4128,29.4975,27.2483
2020/08/14,26.7035,0.2971,+1.13,8959647,26.1572,26.9575,26.0230
2020/08/13,26.4064,0.4600,-1.71,7914617,26.5789,27.0486,26.3584
2020/08/12,26.8664,0.4697,-1.72,10498240,27.7866,28.5150,26.6268
2020/08/11,27.3361,0.5176,+1.93,18007725,27.2882,28.1298,27.2546
2020/08/10,26.8185,1.2077,+4.72,11323655,25.7929,26.8952,25.7450
2020/08/07,25.6108,0.0958,+0.38,8386911,25.3808,25.6971,25.0837
2020/08/06,25.5150,0.2780,+1.10,14785578,25.0837,26.0613,25.0645
2020/08/05,25.2370,0.5080,+2.05,9653473,25.1124,25.2562,24.8057
2020/08/04,24.7290,0.1533,+0.62,16285641,24.7961,24.9495,24.4511
2020/08/03,24.5757,0.7189,+3.01,10897976,24.0197,24.7003,23.7897
2020/07/31,23.8568,0.2971,-1.23,18554537,24.0772,24.1060,23.4255
2020/07/30,24.1539,0.6614,-2.67,16705471,24.0868,24.4031,23.9814
2020/07/29,24.8153,0.4217,-1.67,30039105,25.9175,25.9271,23.8951
2020/07/28,25.2370,0.6038,+2.45,13411001,24.7098,25.6348,24.6236
2020/07/27,24.6332,0.5271,-2.09,17316955,24.8057,24.8440,24.2594
2020/07/24,25.1603,0.4889,-1.91,8956629,25.4958,25.7594,25.0261
2020/07/23,25.6492,0.4409,+1.75,14244831,25.3424,26.1907,25.2370
2020/07/22,25.2083,0.1438,+0.57,11166115,24.7961,25.4000,24.7290
2020/07/21,25.0645,0.1342,+0.54,10161976,25.0837,25.3808,24.8920
2020/07/20,24.9303,0.4217,-1.66,9038705,25.1220,25.4383,24.7003
2020/07/17,25.3520,0.3834,-1.49,8597997,25.8696,25.8792,25.1603
2020/07/16,25.7354,0.0288,-0.11,10158088,25.2562,26.0565,25.1699
2020/07/15,25.7642,1.1885,+4.84,15538730,25.2274,25.9080,25.0453
2020/07/14,24.5757,0.7477,+3.14,17190683,23.7705,24.7721,23.6459
2020/07/13,23.8280,0.4505,+1.93,15406341,23.6267,24.1443,23.3584
2020/07/10,23.3775,0.9297,+4.14,16338225,22.5724,23.3871,22.3615
2020/07/09,22.4478,1.4569,-6.09,18548103,23.7322,23.7992,22.3615
2020/07/08,23.9047,0.1821,-0.76,11592798,24.1443,24.2066,23.6459
2020/07/07,24.0868,0.5751,-2.33,12468103,24.5277,24.5613,24.0197
2020/07/06,24.6619,0.4696,+1.94,9569376,24.8824,24.9590,24.3743
2020/07/02,24.1923,0.2684,+1.12,23163816,24.5565,24.7769,24.0408
2020/07/01,23.9239,0.3259,-1.34,12481140,24.2498,24.8584,23.8951
2020/06/30,24.2498,0.0000,0,14942240,24.0485,24.5325,23.7130
2020/06/29,24.2498,0.8052,+3.43,10445290,23.6843,24.2977,23.4590
2020/06/26,23.4446,0.7381,-3.05,17190425,23.9622,24.0677,23.2434
2020/06/25,24.1827,0.0479,-0.20,14948866,23.9622,24.2402,23.5165
2020/06/24,24.2306,0.9297,-3.70,15532561,24.7769,24.9015,23.9718
2020/06/23,25.1603,0.1151,-0.46,12994880,25.6396,25.7354,25.1412
2020/06/22,25.2754,0.2108,-0.83,13645941,25.4958,25.5341,24.7769
2020/06/19,25.4862,0.4793,-1.85,29087873,26.5885,26.6747,25.2370
2020/06/18,25.9655,0.0671,-0.26,11566507,25.7833,26.4064,25.6012
2020/06/17,26.0326,0.5942,-2.23,11605604,26.6268,26.8857,26.0038
2020/06/16,26.6268,0.0096,+0.04,18222585,27.9016,27.9687,26.3345
2020/06/15,26.6172,0.1821,-0.68,15984745,25.5054,26.9335,25.4670
2020/06/12,26.7993,1.3993,+5.51,22522119,27.5278,27.7578,25.9463
2020/06/11,25.4000,2.1566,-7.83,19950066,25.5150,26.6460,25.1987
2020/06/10,27.5566,1.0639,-3.72,16325680,28.5630,28.6013,27.2403
2020/06/09,28.6205,0.7859,-2.67,17679412,28.1796,28.9607,27.5182
2020/06/08,29.4064,0.0671,+0.23,15893977,29.9240,30.3458,29.3298
2020/06/05,29.3393,1.3898,+4.97,30692736,29.7132,29.8569,28.5726
2020/06/04,27.9495,0.0862,+0.31,17035976,27.6620,28.2131,27.3361
2020/06/03,27.8633,1.5911,+6.06,17591130,27.2403,27.9208,27.0773
2020/06/02,26.2722,0.4505,+1.74,11428170,26.1859,26.4687,25.8265
2020/06/01,25.8217,1.0160,+4.10,10932785,24.9111,26.0901,24.8344
2020/05/29,24.8057,0.7668,-3.00,23185931,25.2562,25.4670,24.6236
2020/05/28,25.5725,1.0639,-3.99,12179548,26.7035,26.7802,25.4958
2020/05/27,26.6364,0.3738,+1.42,15681710,27.3457,27.6332,25.7929
2020/05/26,26.2626,1.3611,+5.47,19687740,26.6652,26.7323,26.1188
2020/05/22,24.9015,0.1725,+0.70,14937471,24.9111,25.1412,24.1683
2020/05/21,24.7290,0.3067,+1.26,14940932,24.2402,24.9399,24.1635
2020/05/20,24.4223,0.7572,+3.20,14665565,24.2594,24.8153,24.1683
2020/05/19,23.6651,0.1150,-0.48,19285146,23.7226,24.6332,23.2817
2020/05/18,23.7801,2.0895,+9.63,24297825,23.0037,24.1587,23.0037
2020/05/15,21.6906,0.3067,+1.43,14837191,21.0580,21.7385,20.9238
2020/05/14,21.3839,0.8147,+3.96,16305972,19.8024,21.4126,19.6394
2020/05/13,20.5692,1.0543,-4.88,17561583,21.5085,21.5181,20.2529
2020/05/12,21.6235,0.2300,-1.05,12710550,22.0357,22.3040,21.6139
2020/05/11,21.8535,1.0831,-4.72,17479636,22.2849,22.4191,21.6523
2020/05/08,22.9366,1.4281,+6.64,17279646,22.1123,23.0037,22.0932
2020/05/07,21.5085,0.5272,+2.51,17718728,21.2593,22.0261,21.1155
2020/05/06,20.9813,0.6038,+2.96,35921694,22.0932,22.6683,20.9238
