일자,종가,대비,등락률,거래량,시가,고가,저가
2026/09/17,313.1300,5.0000,-1.57,3033732,319.1700,323.8600,312.5800
2026/09/16,318.1300,11.1400,-3.38,2496472,322.2070,323.9500,316.7500
2026/09/15,329.2700,9.8800,-2.91,2907429,334.4500,338.9700,328.6647
2026/09/14,339.1500,17.5800,+5.47,3633230,332.0200,342.3100,329.8750
2026/09/11,321.5700,8.8000,+2.81,2305922,313.0200,323.0900,312.7700
2026/09/10,312.7700,1.1700,-0.37,2716165,314.0300,317.3900,309.8000
2026/09/09,313.9400,4.9900,-1.56,2417982,319.0700,321.3050,312.8000
2026/09/08,318.9300,13.7700,-4.14,4472998,326.0850,327.0000,313.0500
2026/09/04,332.7000,11.6000,-3.37,3540238,341.3600,346.0000,330.1200
2026/09/03,344.3000,1.3600,+0.40,3697127,351.9300,363.7000,340.8200
2026/09/02,342.9400,1.9900,-0.58,3135304,346.3050,348.4000,339.3200
2026/09/01,344.9300,14.3700,-4.00,2673411,353.1000,357.2050,343.0000
2026/08/31,359.3000,1.2400,+0.35,3083258,356.0500,365.7733,355.0700
2026/08/28,358.0600,10.0600,+2.89,4121260,347.8150,358.4250,345.2500
2026/08/27,348.0000,2.1200,+0.61,4750599,353.5350,355.5000,335.0000
2026/08/26,345.8800,11.5800,-3.24,11449466,323.4650,351.3900,322.5700
2026/08/25,357.4600,12.4600,-3.37,7200880,364.3500,367.8499,356.0200
2026/08/24,369.9200,2.9200,+0.80,3140947,366.4700,372.9800,365.0100
2026/08/21,367.0000,5.1300,+1.42,3450555,364.9400,371.7000,360.0700
2026/08/20,361.8700,0.6000,-0.17,3288867,363.0900,366.6300,358.3850
2026/08/19,362.4700,12.0600,+3.44,4018274,349.3200,365.3800,349.3200
2026/08/18,350.4100,14.8100,+4.41,3894052,348.0100,355.8600,343.0000
2026/08/17,335.6000,10.0600,-2.91,3531557,339.0800,344.5800,332.1000
2026/08/14,345.6600,12.6300,-3.53,3226900,362.0000,362.0000,344.9500
2026/08/13,358.2900,23.5800,+7.04,4610688,336.9500,361.0950,336.7750
2026/08/12,334.7100,1.7300,-0.51,2547182,331.7900,336.9800,328.6000
2026/08/11,336.4400,2.0100,+0.60,2889548,332.2700,338.0900,330.1800
2026/08/10,334.4300,9.1800,+2.82,2701190,322.8150,334.5000,321.6559
2026/08/07,325.2500,3.3400,+1.04,2977656,327.0000,336.3000,324.6400
2026/08/06,321.9100,6.0300,-1.84,2956520,319.7000,322.6500,316.0500
2026/08/05,327.9400,4.3400,+1.34,3650746,327.3100,328.7900,320.4400
2026/08/04,323.6000,5.2100,+1.64,3491440,311.1900,324.3700,309.0470
2026/08/03,318.3900,2.3200,+0.73,4036209,324.3450,331.1500,317.7700
2026/07/31,316.0700,0.5700,+0.18,3118109,310.4250,317.5300,306.8100
2026/07/30,315.5000,17.6300,-5.29,4686578,317.0000,318.9900,303.8000
2026/07/29,333.1300,20.1400,+6.43,5986099,313.4600,336.9400,313.4600
2026/07/28,312.9900,9.0800,+2.99,5767049,305.7300,319.9900,305.7300
2026/07/27,303.9100,7.5800,+2.56,3830977,304.9600,310.1200,299.6286
2026/07/24,296.3300,14.8000,+5.26,3457367,286.6400,296.7000,286.3000
2026/07/23,281.5300,2.9400,-1.03,2494777,289.1000,289.8900,278.9400
2026/07/22,284.4700,5.4500,-1.88,3005252,294.5500,296.4400,284.0000
2026/07/21,289.9200,3.9000,-1.33,3176585,280.0600,295.3800,278.9600
2026/07/20,293.8200,2.7300,+0.94,4583814,284.5100,295.4100,279.4400
2026/07/17,291.0900,3.7000,-1.26,3629445,295.1000,302.0700,290.0100
2026/07/16,294.7900,15.0900,+5.40,5043002,286.0000,298.4500,277.5650
2026/07/15,279.7000,2.7300,-0.97,3390980,287.6000,289.5000,278.7300
2026/07/14,282.4300,7.3300,-2.53,5302564,273.4800,287.6200,271.7000
2026/07/13,289.7600,14.8000,+5.38,6564707,278.7000,296.0000,278.7000
2026/07/10,274.9600,1.5800,+0.58,2574780,278.1700,280.3500,272.3500
2026/07/09,273.3800,2.4800,+0.92,4013327,260.6300,273.8600,259.3700
2026/07/08,270.9000,9.0300,-3.23,4309369,277.9388,277.9388,267.8734
2026/07/07,279.9300,8.9902,+3.32,4840387,279.2928,282.5384,273.1500
2026/07/06,270.9398,3.1959,-1.17,5564441,270.7208,273.7474,262.4972
2026/07/02,274.1357,8.2336,+3.10,5072130,268.0626,276.0870,267.7639
2026/07/01,265.9021,6.0531,+2.33,4828656,268.9486,274.9321,265.2650
2026/06/30,259.8490,5.3761,-2.03,5283874,262.3031,264.9363,257.9673
2026/06/29,265.2251,1.3142,-0.49,5426036,272.8414,276.3459,264.0603
2026/06/26,266.5393,12.5942,+4.96,10826980,259.1720,269.9193,258.2361
2026/06/25,253.9451,7.1334,-2.73,4335356,255.1398,261.2029,252.0933
2026/06/24,261.0785,4.1665,+1.62,5272712,256.9817,269.2671,254.9307
2026/06/23,256.9120,0.2788,+0.11,5807335,261.1830,262.5072,254.5225
2026/06/22,256.6332,9.1893,-3.46,6386356,258.2709,266.2506,251.7249
2026/06/18,265.8225,2.0708,-0.77,10103679,259.8490,268.6798,258.0868
2026/06/17,267.8933,11.8575,-4.24,4730795,278.6158,284.6302,267.2960
2026/06/16,279.7508,0.7766,-0.28,4835220,280.9555,283.5440,274.1655
2026/06/15,280.5274,5.0178,+1.82,5121162,276.5350,286.4212,274.9919
2026/06/12,275.5096,0.1792,-0.07,5181179,274.8027,275.6390,266.8280
2026/06/11,275.6888,7.2777,-2.57,6147471,278.6258,281.7519,272.0648
2026/06/10,282.9665,9.5179,-3.25,6185545,285.4157,291.0926,280.6866
2026/06/09,292.4844,11.6783,-3.84,4944742,297.7809,307.3784,289.8959
2026/06/08,304.1627,8.7115,+2.95,5612130,293.8981,304.6903,289.9556
2026/06/05,295.4512,5.1970,-1.73,6334198,302.4801,305.6411,292.3749
2026/06/04,300.6482,9.4183,-3.04,7061189,318.3946,319.6939,299.7223
2026/06/03,310.0665,10.6528,-3.32,5747966,318.1109,318.1109,308.9216
2026/06/02,320.7193,31.4806,-8.94,7415458,328.4252,330.9639,314.1086
2026/06/01,352.1999,22.1320,+6.71,6594284,337.2063,361.5733,336.0912
2026/05/29,330.0679,18.4483,+5.92,8962095,315.6319,331.0535,313.6108
2026/05/28,311.6196,5.2467,+1.71,7533267,306.6019,317.5932,301.7732
2026/05/27,306.3729,3.3651,+1.11,7956576,300.2599,313.3121,299.1748
2026/05/26,303.0078,15.5212,-4.87,9813363,313.0831,315.6617,301.0465
2026/05/22,318.5290,12.8132,+4.19,12536076,306.3629,319.6242,305.1582
2026/05/21,305.7158,76.5210,-20.02,22452568,310.9078,314.1186,301.0304
2026/05/20,382.2368,15.7104,-3.95,7023541,382.7545,388.7778,373.2566
2026/05/19,397.9472,3.4348,-0.86,3206875,417.2069,422.1201,396.1552
2026/05/18,401.3820,10.1152,+2.59,2648868,390.1020,405.9617,385.8110
2026/05/15,391.2668,14.6451,+3.89,3539810,382.9686,397.6286,382.9686
2026/05/14,376.6217,6.5510,+1.77,2472831,370.0209,384.1284,364.6893
2026/05/13,370.0707,15.9593,-4.13,3509752,381.5100,383.1727,367.9302
2026/05/12,386.0300,5.5255,-1.41,2586629,393.3128,394.4129,383.8895
2026/05/11,391.5555,3.0067,-0.76,1629654,390.7889,398.3156,387.2846
2026/05/08,394.5622,10.4238,-2.57,2358875,393.7956,397.9472,383.5012
2026/05/07,404.9860,18.1496,+4.69,2210183,393.6363,409.9839,393.2580
2026/05/06,386.8364,9.7270,-2.45,2257637,388.2800,396.5200,379.8275
2026/05/05,396.5634,8.6317,-2.13,2087626,402.8405,402.8405,388.6185
2026/05/04,405.1951,7.9149,+1.99,2390273,398.4898,416.3059,397.6386
2026/05/01,397.2802,10.4935,+2.71,2111316,400.4262,406.6188,385.0742
2026/04/30,386.7867,6.5509,-1.67,2461761,380.3153,388.4692,378.3241
2026/04/29,393.3376,5.2767,-1.32,1893391,394.9405,395.1496,387.2894
2026/04/28,398.6143,10.4139,+2.68,2234944,396.2448,402.4274,394.8509
2026/04/27,388.2004,6.0034,-1.52,2391383,388.3298,397.2304,382.9785
2026/04/24,394.2038,12.5942,+3.30,2346501,380.1859,394.9804,379.3197
2026/04/23,381.6096,25.2681,-6.21,3917508,383.2971,384.1185,372.3058
2026/04/22,406.8777,3.8131,+0.95,3369187,403.7216,411.9552,400.9439
2026/04/21,403.0646,0.0200,+0,3151584,406.0215,417.1521,398.9040
2026/04/20,403.0446,11.5289,+2.94,2826773,392.1628,403.0845,390.1816
2026/04/17,391.5157,6.1129,+1.59,3200424,394.5025,397.4395,387.4935
2026/04/16,385.4028,2.5985,-0.67,2687344,398.7337,403.2139,383.9990
2026/04/15,388.0013,22.8189,+6.25,3367654,373.3462,390.3210,371.1161
2026/04/14,365.1824,2.6283,-0.71,2494247,371.9822,376.8007,362.7233
2026/04/13,367.8107,18.4184,+5.27,3499110,352.9366,368.8163,350.4576
2026/04/10,349.3923,10.7026,-2.97,7825745,358.1983,358.8106,340.5963
2026/04/09,360.0949,26.5026,-6.86,7504886,378.5233,380.3412,352.9864
2026/04/08,386.5975,20.5750,-5.05,4751740,413.6785,414.0804,383.3222
2026/04/07,407.1725,7.0668,-1.71,2170369,410.5272,415.8273,404.4629
2026/04/06,414.2393,5.0817,-1.21,2199128,416.7801,419.4599,408.1253
2026/04/02,419.3210,3.3646,-0.80,2574006,427.7177,433.3255,417.3458
2026/04/01,422.6856,6.4613,-1.51,2764222,428.0304,428.3926,410.6562
2026/03/31,429.1469,3.3249,+0.78,3318100,425.0329,432.1543,417.5444
2026/03/30,425.8220,12.4959,+3.02,2313993,416.2541,429.0576,415.2711
2026/03/27,413.3261,15.9896,-3.72,2669818,423.3010,424.2737,406.4381
2026/03/26,429.3157,5.6475,+1.33,2209379,420.6261,440.2979,420.6261
2026/03/25,423.6682,5.5482,-1.29,2229240,434.9830,439.1913,414.0905
2026/03/24,429.2164,24.3863,-5.38,2845880,447.9949,449.4639,427.9758
2026/03/23,453.6027,1.4491,+0.32,3148242,452.5903,461.5131,446.3622
2026/03/20,452.1536,0.3176,+0.07,4754050,441.1664,459.3980,437.3750
2026/03/19,451.8360,8.3868,+1.89,2618071,449.4937,466.4856,448.1637
2026/03/18,443.4492,12.3966,-2.72,2485925,447.2009,455.5580,439.9754
2026/03/17,455.8458,6.9179,+1.54,2552022,451.6772,471.2200,451.1015
2026/03/16,448.9279,12.2576,+2.81,3074490,441.9902,452.4812,438.8042
2026/03/13,436.6703,4.7939,+1.11,2357643,428.7003,438.6355,425.7823
2026/03/12,431.8764,5.2802,-1.21,3570541,437.1070,447.2803,431.1816
2026/03/11,437.1566,13.3991,-2.97,2889555,454.6746,455.0715,432.2535
2026/03/10,450.5557,19.5725,-4.16,5050998,470.4657,471.4483,444.9181
2026/03/09,470.1282,7.4439,-1.56,4015924,472.1529,477.4034,462.6148
2026/03/06,477.5721,14.2725,+3.08,5550425,463.5081,479.5969,460.1360
2026/03/05,463.2996,26.4507,+6.05,7425011,435.8862,467.8553,435.6480
2026/03/04,436.8489,6.7392,+1.57,4274204,429.7127,438.7446,423.9560
2026/03/03,430.1097,14.1832,+3.41,5947083,411.4850,435.2212,408.5233
2026/03/02,415.9265,9.9550,+2.45,5716101,399.4407,426.4175,398.4482
2026/02/27,405.9715,14.5007,+3.70,8246369,381.7987,406.5671,381.7987
2026/02/26,391.4708,13.0914,+3.46,9860893,385.0988,403.8277,382.6770
2026/02/25,378.3794,22.3516,+6.28,5339291,353.8840,378.7367,350.8865
2026/02/24,356.0278,0.8337,-0.23,6625503,365.2583,370.0520,353.8542
2026/02/23,356.8615,20.8430,-5.52,5537268,372.1414,372.1414,346.3904
2026/02/20,377.7045,0.9826,-0.26,4153818,378.0320,390.0217,376.0470
2026/02/19,378.6871,7.9699,-2.06,2984029,387.5751,387.5751,376.3249
2026/02/18,386.6570,10.3222,+2.74,4561000,377.4067,395.1530,372.6923
2026/02/17,376.3348,20.0787,-5.07,5522596,390.1408,394.0315,372.5930
2026/02/13,396.4135,1.4292,+0.36,4925124,394.0464,404.3437,386.4089
2026/02/12,394.9843,1.7171,-0.43,4366656,394.9744,405.9368,388.2252
2026/02/11,396.7014,21.5377,-5.15,6134844,416.4625,418.8446,389.4460
2026/02/10,418.2391,15.9896,-3.68,5223009,431.4000,447.7170,417.2168
2026/02/09,434.2287,6.2231,-1.41,3748510,435.3899,437.8613,427.7177
2026/02/06,440.4518,8.7938,+2.04,3673053,433.8515,444.6501,432.1444
2026/02/05,431.6580,10.6498,-2.41,5250552,445.1464,456.9773,427.9162
2026/02/04,442.3078,11.4636,+2.66,7023501,424.7352,447.1215,408.0360
2026/02/03,430.8442,52.6334,-10.89,7626094,464.9969,466.4757,424.0603
2026/02/02,483.4776,11.7118,-2.37,2902333,496.6633,498.8569,482.9814
2026/01/30,495.1894,4.0296,-0.81,3914748,497.7501,502.3222,492.9463
2026/01/29,499.2190,35.4530,-6.63,5959983,508.6282,509.8787,488.0432
2026/01/28,534.6720,6.6499,-1.23,2278395,544.6617,548.8650,533.3320
2026/01/27,541.3219,16.2475,-2.91,2478152,556.3883,557.3709,533.3221
2026/01/26,557.5694,2.1786,-0.39,2127484,559.9317,565.1225,557.4776
2026/01/23,559.7480,16.1533,+2.97,3298675,542.7312,560.3485,541.6395
2026/01/22,543.5947,22.5997,+4.34,3252602,522.9006,544.1505,522.9006
2026/01/21,520.9950,3.9999,-0.76,2663561,528.0220,533.4061,516.7966
2026/01/20,524.9949,16.2178,-3.00,3615804,533.7390,536.8653,522.8014
2026/01/16,541.2127,9.2205,-1.68,4809115,548.6467,549.8575,531.0989
2026/01/15,550.4332,11.9301,-2.12,3430610,561.5495,567.0679,547.5053
2026/01/14,562.3633,38.3908,-6.39,4870409,586.5710,588.2285,552.4977
2026/01/13,600.7541,29.9345,-4.75,2676840,627.3736,632.4950,599.8708
2026/01/12,630.6886,11.3743,-1.77,1613495,635.3137,638.1524,623.9394
2026/01/09,642.0629,4.6152,-0.71,1314477,645.5864,647.8295,631.2444
2026/01/08,646.6781,1.5851,+0.25,1667109,634.6412,651.6911,632.8084
2026/01/07,645.0930,3.9132,+0.61,1409656,643.9537,651.1264,639.5848
2026/01/06,641.1798,13.2358,+2.11,2588462,624.3379,643.1980,621.8810
2026/01/05,627.9440,4.3392,+0.70,2191071,623.6048,633.5712,613.9356
2026/01/02,623.6048,32.6534,-4.98,2764731,654.4551,655.8322,616.4421
2025/12/31,656.2582,7.3906,-1.11,957398,661.8061,663.5695,656.0501
2025/12/30,663.6488,4.2303,-0.63,1203540,665.3132,667.9980,662.3807
2025/12/29,667.8791,2.3776,-0.35,894356,666.5416,672.2580,664.7485
2025/12/26,670.2567,1.7040,+0.25,560245,668.0673,671.8220,666.9627
2025/12/24,668.5527,0.6835,+0.10,337228,666.4128,670.2023,665.7788
2025/12/23,667.8692,1.0551,-0.16,963465,665.3924,669.7119,660.2012
2025/12/22,668.9243,3.8687,+0.58,1195376,668.9391,672.9415,664.7584
2025/12/19,665.0556,2.3975,+0.36,4598280,661.5881,669.3156,659.2501
2025/12/18,662.6581,8.0247,+1.23,2059707,657.5758,670.2441,655.3467
2025/12/17,654.6334,8.4903,-1.28,2258645,664.7782,669.9199,654.0192
2025/12/16,663.1237,14.6128,+2.25,1791914,648.3029,665.2636,642.1804
2025/12/15,648.5109,16.1732,-2.43,1723484,663.8073,665.1200,646.9457
2025/12/12,664.6841,5.0377,-0.75,1959102,673.0802,674.8585,660.6668
2025/12/11,669.7218,13.4537,+2.05,2842187,653.2960,672.0202,651.8000
2025/12/10,656.2681,6.6179,+1.02,1611517,647.8670,663.2030,646.6781
2025/12/09,649.6502,0.4855,-0.07,1399883,647.3419,654.6235,644.4193
2025/12/08,650.1357,17.2282,-2.58,1896856,664.7980,665.5311,647.6589
2025/12/05,667.3639,10.4519,+1.59,2378596,658.2990,670.3063,657.3678
2025/12/04,656.9120,15.2567,+2.38,2194569,642.5568,659.1312,641.4869
2025/12/03,641.6553,11.9379,+1.90,1795789,624.9918,642.0714,624.0357
2025/12/02,629.7174,3.9727,+0.63,1551815,626.5075,629.8264,618.1857
2025/12/01,625.7447,2.4371,-0.39,1882445,623.2580,629.9874,621.3064
2025/11/28,628.1818,4.9040,+0.79,881136,623.2778,629.0184,620.6674
2025/11/26,623.2778,18.7639,-2.92,2304995,641.4076,645.8162,614.0544
2025/11/25,642.0417,5.1120,-0.79,1939950,645.8856,652.3449,634.3836
2025/11/24,647.1537,9.8277,-1.50,3214120,659.1857,664.7683,641.1302
2025/11/21,656.9814,25.4709,+4.03,3837933,663.3714,675.9235,653.3753
2025/11/20,631.5105,13.0574,-2.03,2540192,647.5400,658.3585,631.5105
2025/11/19,644.5679,0.8817,+0.14,1300180,642.5469,650.7004,639.8621
2025/11/18,643.6862,3.7151,+0.58,2460178,649.6948,655.8421,638.1581
2025/11/17,639.9711,16.2772,-2.48,1455371,656.3424,657.8235,637.5092
2025/11/14,656.2483,12.1856,+1.89,1451873,644.5184,660.6173,638.3662
2025/11/13,644.0627,9.1045,-1.39,1796226,649.4125,656.4167,642.9630
2025/11/12,653.1672,4.9337,+0.76,1590421,649.3926,655.3566,645.6577
2025/11/11,648.2335,1.0402,+0.16,1161000,646.9456,651.3641,642.7649
2025/11/10,647.1933,4.3789,+0.68,1545052,643.4980,648.2038,639.4163
2025/11/07,642.8144,4.7455,-0.73,1713813,647.6688,648.5201,627.5775
2025/11/06,647.5599,1.6742,-0.26,1883844,642.9630,653.2266,634.6114
2025/11/05,649.2341,5.0427,-0.77,1480991,650.7400,656.4266,647.6391
2025/11/04,654.2768,15.6233,-2.33,1557154,669.9001,669.9001,647.4645
2025/11/03,669.9001,8.5596,+1.29,1282718,663.0445,670.8214,654.4254
2025/10/31,661.3405,11.2643,+1.73,1600385,649.8979,665.6401,647.7085
2025/10/30,650.0762,0.1387,+0.02,1448712,647.0051,659.7355,646.4305
2025/10/29,649.9375,22.6771,-3.37,2009576,661.3702,663.3912,643.0621
2025/10/28,672.6146,4.4185,-0.65,1113639,678.3607,682.4906,671.9360
2025/10/27,677.0331,0.2972,+0.04,1330837,680.5798,682.7594,670.9899
2025/10/24,676.7359,5.3200,+0.79,1037400,677.8950,681.6002,673.8877
2025/10/23,671.4159,6.8854,+1.04,1488187,665.2141,674.6455,663.3318
2025/10/22,664.5305,4.2303,-0.63,1284059,667.9286,676.1217,664.1937
2025/10/21,668.7608,10.1745,+1.54,1212955,659.4780,670.5837,654.8514
2025/10/20,658.5863,3.3485,+0.51,1217128,657.1102,662.6383,652.3598
2025/10/17,655.2378,14.2661,+2.23,1829873,641.5463,656.1121,640.8182
2025/10/16,640.9717,5.6470,-0.87,1259965,653.0780,653.2663,636.7612
2025/10/15,646.6187,4.4284,-0.68,1709034,650.9877,651.3047,641.7345
2025/10/14,651.0471,1.4662,+0.23,1255350,639.8126,654.5641,638.4553
2025/10/13,649.5809,13.7608,+2.16,1357764,637.2170,650.3635,636.6622
2025/10/10,635.8201,3.1009,-0.49,3088004,639.3965,647.1041,635.2653
2025/10/09,638.9210,11.5713,-1.78,1714692,648.9072,651.8793,637.1773
2025/10/08,650.4923,0.1879,-0.03,1718977,652.2427,656.6234,647.9509
2025/10/07,650.6802,11.9656,-1.81,1615746,663.4666,664.2676,647.0708
2025/10/06,662.6458,9.7406,-1.45,2566916,659.6099,668.6558,651.0164
2025/10/03,672.3864,1.8986,-0.28,1308528,669.5384,680.7178,669.5384
2025/10/02,674.2850,2.3338,+0.35,2314898,669.2516,675.3629,660.9350
2025/10/01,671.9512,3.3722,-0.50,2175919,672.2875,678.5620,666.5915
2025/09/30,675.3234,11.6491,-1.70,2405306,689.2766,694.3200,672.5644
2025/09/29,686.9725,3.5303,-0.51,1837034,692.2730,696.1395,683.7906
2025/09/26,690.5028,5.5180,+0.81,1497170,684.9947,692.2235,682.5472
2025/09/25,684.9848,2.0866,-0.30,1565354,683.9069,688.0603,675.9315
2025/09/24,687.0714,4.3412,-0.63,1747273,695.8923,695.8923,681.3062
2025/09/23,691.4126,2.8777,-0.41,2427065,692.0257,694.7353,686.5077
2025/09/22,694.2903,14.0126,+2.06,2430637,678.9032,697.2471,677.9340
2025/09/19,680.2777,12.8160,+1.92,4274164,685.1579,692.2235,675.3679
2025/09/18,667.4617,12.1436,+1.85,3040715,659.6643,685.6771,658.1414
2025/09/17,655.3181,11.2536,+1.75,1882207,646.4181,658.6259,645.2512
2025/09/16,644.0645,0.0297,-0,1596131,644.5985,647.8322,637.3005
2025/09/15,644.0942,5.2411,+0.82,2211698,640.1683,645.3896,633.1422
2025/09/12,638.8531,14.3290,-2.19,2227055,651.1400,653.0634,638.1411
2025/09/11,653.1821,4.2127,+0.65,2225980,652.9547,658.9869,649.6122
2025/09/10,648.9694,14.4675,-2.18,2821020,661.9536,662.5568,646.0918
2025/09/09,663.4369,0.7812,-0.12,1269043,661.8745,666.2157,657.3750
2025/09/08,664.2181,1.1274,-0.17,1576344,669.0637,671.8532,660.5394
2025/09/05,665.3455,4.4797,+0.68,1632281,664.7521,669.4790,659.8373
2025/09/04,660.8658,0.3857,-0.06,1738569,657.6123,664.3467,651.9064
2025/09/03,661.2515,6.6157,+1.01,2009585,657.8991,662.4777,650.9917
2025/09/02,654.6358,4.9543,-0.75,1699134,647.9805,657.2860,647.8009
2025/08/29,659.5901,1.1867,-0.18,1612203,660.7768,666.2552,656.9697
2025/08/28,660.7768,4.9741,+0.76,2094380,656.2872,667.1283,654.6259
2025/08/27,655.8027,3.5897,+0.55,1709642,654.4429,656.9498,647.0905
2025/08/26,652.2130,2.5513,+0.39,3805177,650.6901,659.0166,649.1474
2025/08/25,649.6617,5.6366,-0.86,2226277,657.6024,662.9775,648.4651
2025/08/22,655.2983,34.7101,-5.03,6440330,647.7234,662.9425,635.3812
2025/08/21,690.0084,1.3746,-0.20,2539684,689.2667,693.2124,685.1282
2025/08/20,691.3830,1.8591,-0.27,2119723,696.1593,697.2669,687.9614
2025/08/19,693.2421,16.0002,-2.26,2611148,707.1360,711.1084,691.0072
2025/08/18,709.2423,0.4648,+0.07,1647509,709.1335,713.5242,706.9036
2025/08/15,708.7775,6.0322,+0.86,1771438,704.4264,712.0923,699.6402
2025/08/14,702.7453,1.0581,-0.15,1255024,704.0803,708.0260,698.2755
2025/08/13,703.8034,1.7504,-0.25,1620578,705.5538,709.5785,696.1395
2025/08/12,705.5538,7.3079,+1.05,2170229,699.2842,706.5278,691.2890
2025/08/11,698.2459,42.4333,-5.73,3231214,739.3145,742.2119,694.8737
2025/08/08,740.6792,12.4699,-1.66,1689036,752.0514,754.0094,738.9437
2025/08/07,753.1491,17.6616,-2.29,1452240,774.7761,777.5450,743.6855
2025/08/06,770.8107,10.0867,+1.33,1167674,765.2679,771.0084,757.1739
2025/08/05,760.7240,15.4267,-1.99,1272232,776.6946,785.2682,759.3890
2025/08/04,776.1507,8.6232,+1.12,1501084,775.4683,781.7577,772.6302
2025/08/01,767.5275,8.8803,-1.14,1506879,777.4066,778.6254,763.7698
2025/07/31,776.4078,22.0127,-2.76,1799111,798.1831,798.1831,775.2261
2025/07/30,798.4205,1.0384,+0.13,1624405,795.9285,804.6604,792.0619
2025/07/29,797.3821,7.5254,+0.95,1712888,795.5428,798.9545,786.0000
2025/07/28,789.8567,12.6380,+1.63,1955022,776.3089,791.6070,774.3014
2025/07/25,777.2187,4.6874,+0.61,1422205,774.2124,781.7181,771.8292
2025/07/24,772.5313,5.1521,+0.67,1395496,769.3570,775.4584,766.6623
2025/07/23,767.3792,9.1176,+1.20,1961822,757.2826,769.4163,751.0872
2025/07/22,758.2616,3.0556,+0.40,1039137,758.9242,762.5534,751.8487
2025/07/21,755.2060,10.9372,+1.47,1427740,745.6088,759.4007,743.1613
2025/07/18,744.2688,2.7096,-0.36,1526324,754.7511,754.7511,742.4987
2025/07/17,746.9784,4.5984,+0.62,1083353,740.8868,748.0414,740.5902
2025/07/16,742.3800,4.7170,+0.64,1277465,743.4480,743.4480,734.1426
2025/07/15,737.6630,6.7245,-0.90,1468911,742.5630,746.1181,734.6370
2025/07/14,744.3875,4.7961,+0.65,1127630,741.2626,750.4316,739.1909
2025/07/11,739.5914,0.0000,0,1059782,737.2675,743.5074,735.2446
2025/07/10,739.5914,20.4206,-2.69,1803906,759.8933,761.4261,736.8521
2025/07/09,760.0120,11.7420,-1.52,1505290,772.9292,773.2551,756.5160
2025/07/08,771.7540,2.1035,-0.27,1455772,774.8055,774.8549,766.1842
2025/07/07,773.8575,2.9331,+0.38,1312307,770.5590,778.3212,769.0678
2025/07/03,770.9244,6.8536,+0.90,833344,767.8927,774.7759,767.0236
2025/07/02,764.0708,5.8365,-0.76,1512178,764.2683,765.6805,756.3773
2025/07/01,769.9073,7.9201,-1.02,1948120,778.8841,780.7605,756.2791
2025/06/30,777.8274,10.9223,+1.42,1971783,772.7810,780.6617,769.4283
2025/06/27,766.9051,3.6638,+0.48,2077640,761.5624,777.4176,761.5624
2025/06/26,763.2413,14.8133,+1.98,1437969,749.9290,763.7553,749.0896
2025/06/25,748.4280,1.1554,-0.15,1550421,748.6255,750.1661,741.7126
2025/06/24,749.5834,3.4762,-0.46,1924505,759.5676,761.5427,748.7045
2025/06/23,753.0596,1.3925,+0.19,1238833,750.2154,755.4742,745.0110
2025/06/20,751.6671,6.2314,+0.84,2743569,751.1931,752.9016,745.6529
2025/06/18,745.4357,9.9446,-1.32,2251585,752.8818,756.0568,741.0410
2025/06/17,755.3803,3.1405,-0.41,1361517,758.8960,760.0613,752.1708
2025/06/16,758.5208,13.9246,+1.87,1446933,752.3387,760.3379,748.1417
2025/06/13,744.5962,12.0778,-1.60,1162590,749.2871,753.5139,742.9767
2025/06/12,756.6740,1.4418,+0.19,1316614,753.8496,761.1773,753.8496
2025/06/11,755.2322,2.6170,+0.35,1292613,749.3661,755.9334,745.1394
2025/06/10,752.6152,2.2516,-0.30,1440872,752.8719,756.6542,744.7246
2025/06/09,754.8668,7.1104,-0.93,1359343,760.6341,762.3920,753.1485
2025/06/06,761.9772,4.8785,+0.64,1494063,760.5551,762.2537,754.7532
2025/06/05,757.0987,0.1679,-0.02,1258273,756.5358,763.8239,754.3039
2025/06/04,757.2666,2.1233,+0.28,1297142,752.8423,758.5010,752.5164
2025/06/03,755.1433,0.3259,-0.04,1546133,753.3361,758.5306,748.7242
2025/06/02,755.4692,11.3766,+1.53,1893781,741.2089,755.5581,739.0264
2025/05/30,744.0926,3.7033,-0.50,2923652,750.5413,751.5486,737.9698
2025/05/29,747.7959,2.7355,+0.37,1609838,750.0475,750.0475,737.5155
2025/05/28,745.0604,2.4590,+0.33,2536168,742.6409,749.3266,741.6533
2025/05/27,742.6014,31.4339,+4.42,4131422,715.4930,742.6014,713.4587
2025/05/23,711.1675,53.3872,+8.12,5394873,711.0391,725.0427,705.1138
2025/05/22,657.7803,6.0142,+0.92,2330182,654.2646,662.2145,650.7983
2025/05/21,651.7661,11.0409,-1.67,1497637,660.4122,662.7132,651.3958
2025/05/20,662.8070,0.2963,+0.04,1060950,657.0940,663.1428,654.9757
2025/05/19,662.5107,0.5728,+0.09,1344592,658.1655,666.5992,654.9457
2025/05/16,661.9379,8.8583,+1.36,1574808,664.4365,664.4365,653.9494
2025/05/15,653.0796,8.3745,+1.30,1568468,646.1766,657.0891,644.0435
2025/05/14,644.7051,3.9206,-0.60,1972648,647.8357,652.2451,643.9941
2025/05/13,648.6257,5.4316,-0.83,1580328,652.2204,653.1586,643.6188
2025/05/12,654.0573,8.3152,+1.29,1865379,656.7237,662.2540,646.7691
2025/05/09,645.7421,2.1726,-0.34,1173437,647.1049,649.9935,641.9745
2025/05/08,647.9147,14.7541,+2.33,2085781,635.5209,654.2458,633.3285
2025/05/07,633.1606,14.4084,+2.33,1671411,618.8016,634.4741,618.8016
2025/05/06,618.7522,5.5599,-0.89,917263,617.7153,626.0206,615.1871
2025/05/05,624.3121,0.4938,+0.08,1452326,622.8209,633.5260,621.5568
2025/05/02,623.8183,8.3843,+1.36,1384629,625.5713,628.8845,619.7397
2025/05/01,615.4340,4.2267,-0.68,1468171,616.7228,627.2748,614.6736
2025/04/30,619.6607,4.2662,+0.69,1332011,606.4473,621.4729,602.6254
2025/04/29,615.3945,4.8588,+0.80,854146,610.9801,616.4216,608.4125
2025/04/28,610.5357,5.8167,-0.94,1374388,615.5624,620.7717,606.9213
2025/04/25,616.3524,9.1743,+1.51,1560065,608.3927,617.4239,605.3461
2025/04/24,607.1781,18.5463,+3.15,1621174,591.3772,609.4198,589.2441
2025/04/23,588.6318,12.3346,+2.14,1766835,589.5700,601.1490,586.4197
2025/04/22,576.2972,14.5368,+2.59,1485953,567.0389,577.5613,564.3577
2025/04/21,561.7604,16.3342,-2.83,1521628,571.2311,574.1345,552.1416
2025/04/17,578.0946,2.6664,-0.46,1663568,584.6322,586.5184,577.5514
2025/04/16,580.7610,5.9253,-1.01,2010492,580.3363,590.6217,573.8481
2025/04/15,586.6863,0.5234,+0.09,1193004,591.5154,593.0857,583.9903
2025/04/14,586.1629,6.4290,+1.11,1242866,592.5326,592.5326,578.5254
2025/04/11,579.7339,9.4509,+1.66,1498541,566.1550,581.1362,562.3776
2025/04/10,570.2830,17.7464,-3.02,2317960,575.8232,578.6772,551.7022
2025/04/09,588.0294,51.6675,+9.63,2925265,533.8677,590.0700,531.4771
2025/04/08,536.3619,11.9976,-2.19,2803753,556.6306,560.5493,529.9343
2025/04/07,548.3595,5.2150,-0.94,2875388,540.2461,567.7311,525.0988
2025/04/04,553.5745,36.4758,-6.18,3383159,579.7681,585.7915,552.9929
2025/04/03,590.0503,22.0630,-3.60,2874607,595.4428,607.6893,589.7250
2025/04/02,612.1133,7.0290,+1.16,1627571,596.4878,616.1453,596.3892
2025/04/01,605.0843,0.2070,-0.03,1852813,602.2155,608.3770,597.5624
2025/03/31,605.2913,14.8565,+2.52,3115873,591.8347,609.2444,585.3183
2025/03/28,590.4348,16.1479,-2.66,1597317,602.9056,605.0892,587.1125
2025/03/27,606.5827,0.4337,+0.07,1223505,606.7701,611.8175,603.6351
2025/03/26,606.1490,3.8053,-0.62,1740461,610.0134,611.4823,604.3843
2025/03/25,609.9543,5.5502,+0.92,1142791,602.8563,612.1330,596.6453
2025/03/24,604.4041,8.9218,+1.50,1727558,601.3578,605.5821,596.7096
2025/03/21,595.4823,3.5687,+0.60,2425799,584.5888,596.6751,581.6609
2025/03/20,591.9136,2.6518,-0.45,1104283,590.6221,597.0004,587.6434
2025/03/19,594.5654,4.0222,+0.68,1265828,597.1976,600.4065,589.0399
2025/03/18,590.5432,3.0364,-0.51,1248079,590.4151,593.0374,583.4157
2025/03/17,593.5796,3.2631,+0.55,1581505,586.9844,596.7491,583.5340
2025/03/14,590.3165,17.2323,+3.01,2092855,580.8722,593.0177,578.5161
2025/03/13,573.0842,9.6808,-1.66,2302404,577.7767,577.8753,555.7335
2025/03/12,582.7650,4.3672,+0.76,1901683,580.6652,588.8082,577.2887
2025/03/11,578.3978,6.8318,+1.20,1936879,571.5660,586.6788,569.1950
2025/03/10,571.5660,29.4074,-4.89,2410078,595.3344,597.7595,567.2875
2025/03/07,600.9734,3.1941,+0.53,1714075,597.2765,605.9222,586.1070
2025/03/06,597.7793,10.9821,-1.80,1695012,604.3350,611.0685,593.5895
2025/03/05,608.7614,19.1646,+3.25,1638687,600.2931,609.6388,592.6924
2025/03/04,589.5968,2.9773,-0.50,2341634,595.7189,600.2734,578.9598
2025/03/03,592.5741,12.5693,-2.08,1620682,609.1065,612.0147,590.9080
2025/02/28,605.1434,13.2298,+2.24,2479749,592.4065,606.1391,589.8954
2025/02/27,591.9136,24.7345,-4.01,2486901,616.1453,619.0930,591.1347
2025/02/26,616.6481,68.8900,+12.58,4741339,626.4966,629.9371,606.7169
2025/02/25,547.7581,11.4455,-2.05,3057863,559.2726,563.3244,545.4020
2025/02/24,559.2036,1.7449,+0.31,2070233,557.9418,564.6356,555.3176
2025/02/21,557.4587,13.4172,-2.35,2035475,572.3251,573.9024,553.2985
2025/02/20,570.8759,3.0659,-0.53,2742729,574.7601,577.7964,565.2665
2025/02/19,573.9418,2.2181,+0.39,2092832,570.5407,574.6220,567.4353
2025/02/18,571.7237,7.3346,-1.27,2083784,581.5032,581.6806,567.8987
2025/02/14,579.0583,3.4307,+0.60,1368497,576.4064,583.0115,571.8716
2025/02/13,575.6276,7.2557,+1.28,1633120,572.3349,583.6128,570.7970
2025/02/12,568.3719,9.2076,-1.59,1762854,569.8802,572.7397,560.6528
2025/02/11,577.5795,0.9464,-0.16,1883462,572.8574,583.5931,572.8574
2025/02/10,578.5259,7.8768,+1.38,1594037,566.8537,580.4582,566.8537
2025/02/07,570.6491,11.1892,-1.92,1451532,582.2228,587.7336,569.0422
2025/02/06,581.8383,1.9125,+0.33,1556212,579.9258,586.7231,577.5007
2025/02/05,579.9258,3.4110,-0.58,2165159,585.0127,585.1754,571.8765
2025/02/04,583.3368,8.9119,-1.50,1762424,587.8914,599.8594,581.7595
2025/02/03,592.2487,0.7394,-0.12,2276778,591.8938,593.3036,576.7219
2025/01/31,592.9881,3.0462,-0.51,1663861,596.3104,602.2451,591.3615
2025/01/30,596.0343,11.4455,+1.96,1237540,586.9055,597.0793,585.2888
2025/01/29,584.5888,7.5614,-1.28,1478439,591.1545,594.9894,581.8285
2025/01/28,592.1502,5.8755,-0.98,1699145,599.9974,605.0153,591.6868
2025/01/27,598.0257,8.5472,+1.45,2014248,578.6442,605.6856,577.6978
2025/01/24,589.4785,0.3451,-0.06,1928700,593.4613,593.9937,587.0041
2025/01/23,589.8236,13.1904,-2.19,2273637,600.1748,600.1748,589.0251
2025/01/22,603.0140,2.2378,+0.37,1231499,601.0424,608.7910,601.0424
2025/01/21,600.7762,5.2052,+0.87,1690250,597.4046,602.4028,594.1415
2025/01/17,595.5710,3.0955,-0.52,2877435,607.1447,607.1447,587.7533
2025/01/16,598.6665,13.9791,-2.28,2874798,614.4891,614.9130,598.1489
2025/01/15,612.6456,2.3167,-0.38,1966082,614.9623,618.6099,601.9592
2025/01/14,614.9623,10.4301,+1.73,1721742,606.2870,615.1496,605.5575
2025/01/13,604.5322,10.0654,-1.64,1708613,611.5908,613.1878,603.6252
2025/01/10,614.5976,1.5576,-0.25,2424423,610.0726,624.6432,608.5445
2025/01/08,616.1552,10.4522,+1.73,1246090,606.6872,617.6856,604.0102
2025/01/07,605.7030,9.5762,-1.56,1046889,613.5077,616.7457,602.2534
2025/01/06,615.2792,4.9899,-0.80,1281120,617.0606,623.3890,613.1534
2025/01/03,620.2691,7.3224,+1.19,1009394,618.5665,621.0269,614.6494
2025/01/02,612.9467,5.6198,-0.91,1198988,626.9321,627.6506,609.6398
2024/12/31,618.5665,1.7715,-0.29,1004337,620.9285,623.6400,616.4898
2024/12/30,620.3380,8.1393,-1.30,1120462,622.8477,624.1030,613.5569
2024/12/27,628.4773,7.4996,-1.18,982168,633.0735,633.0735,621.2041
2024/12/26,635.9769,0.8858,+0.14,649587,631.2134,638.7326,630.6720
2024/12/24,635.0911,6.8795,+1.10,679431,628.9005,635.3371,626.0266
2024/12/23,628.2116,5.0095,-0.79,1640350,630.5244,632.0991,623.7335
2024/12/20,633.2211,6.3382,+1.01,3506396,619.2554,638.7277,614.1671
2024/12/19,626.8829,12.6567,-1.98,2351933,643.4272,651.4878,626.6467
2024/12/18,639.5396,27.5181,-4.13,2447187,666.3097,666.3097,637.0792
2024/12/17,667.0577,6.1709,+0.93,1844053,659.4105,669.1049,653.5497
2024/12/16,660.8868,14.8121,+2.29,1711597,646.3995,662.2795,646.3995
2024/12/13,646.0747,15.5503,-2.35,1661063,658.4165,662.0679,643.6421
2024/12/12,661.6250,1.6633,+0.25,1655915,663.3768,665.4633,652.4720
2024/12/11,659.9617,23.1187,+3.63,1898772,636.8430,660.1379,636.0458
2024/12/10,636.8430,0.4823,+0.08,1509541,639.0279,648.8157,634.5104
2024/12/09,636.3607,0.1083,+0.02,1401993,633.4376,640.4943,630.0520
2024/12/06,636.2524,2.1948,-0.34,1143251,638.9098,643.7717,635.6127
2024/12/05,638.4472,5.8461,-0.91,1239328,641.6557,642.7334,631.3118
2024/12/04,644.2933,18.3257,+2.93,1646062,628.9005,649.9524,626.8780
2024/12/03,625.9676,1.9192,+0.31,1122774,619.6491,626.6172,616.4996
2024/12/02,624.0484,7.5390,-1.19,1526382,626.9813,630.2636,621.6864
2024/11/29,631.5874,5.4722,+0.87,842192,630.7508,635.1600,626.2728
2024/11/27,626.1152,2.6180,-0.42,1398397,623.9008,630.9525,621.2238
2024/11/26,628.7332,4.1435,+0.66,1812831,622.9953,631.3610,620.3675
2024/11/25,624.5897,5.4131,-0.86,2999230,631.4692,640.8191,622.8772
2024/11/22,630.0028,37.9702,-5.68,3347142,657.6193,664.3315,629.0481
2024/11/21,667.9730,27.6558,+4.32,2355536,649.3521,670.8168,646.3700
2024/11/20,640.3172,6.3284,+1.00,1910875,631.9417,641.9706,627.5226
2024/11/19,633.9888,34.0925,-5.10,2576745,626.0463,636.6460,622.4048
2024/11/18,668.0813,8.9168,-1.32,1605789,674.8083,677.2441,665.1139
2024/11/15,676.9981,12.6863,-1.84,1828275,680.2361,681.8994,669.4592
2024/11/14,689.6844,5.4032,-0.78,1798253,690.4914,694.8416,682.4407
2024/11/13,695.0876,6.6728,+0.97,1496069,686.2298,703.4828,684.0351
2024/11/12,688.4148,2.0865,+0.30,1432161,684.0154,692.7551,683.3265
2024/11/11,686.3283,12.9225,+1.92,1538812,672.9826,687.9128,671.5161
2024/11/08,673.4058,9.9109,+1.49,1733167,667.2841,677.9921,661.6053
2024/11/07,663.4949,25.3528,+3.97,1958982,641.4391,664.4299,641.4391
2024/11/06,638.1421,29.0928,+4.78,3011509,632.9554,657.4421,632.5912
2024/11/05,609.0493,0.1771,-0.03,1589409,610.0630,612.4497,601.0576
2024/11/04,609.2264,2.6869,-0.44,1171038,613.1534,614.6494,606.0967
2024/11/01,611.9133,11.2592,+1.87,1460076,595.4379,616.4800,593.4695
2024/10/31,600.6541,10.6392,-1.74,1502349,610.3681,611.9084,598.9318
2024/10/30,611.2933,2.5490,-0.42,1099780,613.9309,619.5211,610.1073
2024/10/29,613.8423,11.4265,+1.90,1153025,603.3016,615.7123,599.7486
2024/10/28,602.4158,2.7754,+0.46,1312730,603.1540,604.0693,598.2822
2024/10/25,599.6404,5.2064,+0.88,1016744,600.3588,607.4647,598.2231
2024/10/24,594.4340,1.9389,+0.33,897502,593.3809,599.1680,592.4853
2024/10/23,592.4951,7.4602,-1.24,1137178,598.4101,600.3490,590.1724
2024/10/22,599.9553,4.2714,-0.71,1106022,599.2959,603.5968,595.7134
2024/10/21,604.2267,0.6299,+0.10,1075113,598.6168,605.8900,597.5145
2024/10/18,603.5968,3.9958,+0.67,1320356,591.8357,605.7129,590.6252
2024/10/17,599.6010,0.1575,-0.03,1153584,609.2953,609.3544,598.2428
2024/10/16,599.7585,8.3656,-1.38,1150613,606.8349,608.3013,597.8590
2024/10/15,608.1241,0.7184,+0.12,1279540,610.0236,613.1878,606.0278
2024/10/14,607.4057,0.4724,+0.08,1005963,610.5059,610.5059,603.1146
2024/10/11,606.9333,2.5786,-0.42,1296174,609.3938,612.5087,604.0299
2024/10/10,609.5119,1.2499,-0.20,1146030,608.2324,611.6671,606.2640
2024/10/09,610.7618,8.0962,+1.34,1204599,604.2671,611.1155,600.9363
2024/10/08,602.6656,10.7491,+1.82,1223276,597.3991,603.8250,593.2823
2024/10/07,591.9165,8.0962,-1.35,1741609,596.4362,599.8850,590.2265
2024/10/04,600.0127,6.7403,+1.14,1241941,597.5858,603.6187,594.5596
2024/10/03,593.2724,3.4095,-0.57,1312913,590.8161,596.4068,589.4208
2024/10/02,596.6819,0.9826,+0.16,1185414,596.7998,601.9385,593.7146
2024/10/01,595.6993,14.4631,-2.37,1902256,607.2344,607.8043,593.3117
2024/09/30,610.1624,1.9356,+0.32,1385747,607.4113,612.8153,605.4462
2024/09/27,608.2268,17.4894,-2.80,1450743,625.7162,627.3472,607.5346
2024/09/26,625.7162,2.0536,+0.33,1103758,633.7436,634.6523,622.8078
2024/09/25,623.6626,3.3997,-0.54,1439709,623.8100,631.9652,621.3045
2024/09/24,627.0623,3.7042,-0.59,1480526,629.7741,632.7320,624.4290
2024/09/23,630.7665,2.9673,-0.47,1088459,638.1651,638.1651,628.3445
2024/09/20,633.7338,9.0885,-1.41,3013583,633.1148,639.8649,627.6351
2024/09/19,642.8223,20.8005,+3.34,1595219,639.6978,649.0800,634.7851
2024/09/18,622.0218,11.5449,-1.82,1017920,631.7097,634.8539,621.0687
2024/09/17,633.5667,1.4051,-0.22,951354,638.6563,638.6563,632.9674
2024/09/16,634.9718,8.9019,-1.38,956530,643.8049,644.5614,632.2010
2024/09/13,643.8737,8.7840,+1.38,1248462,631.6802,649.3661,630.1769
2024/09/12,635.0897,2.4073,+0.38,1199876,632.4958,635.6006,627.2034
2024/09/11,632.6824,10.1202,+1.63,1350687,620.6659,634.4805,603.2306
2024/09/10,622.5622,6.5143,+1.06,1040392,619.6047,622.6899,610.0249
2024/09/09,616.0479,11.6628,+1.93,1023642,610.6439,617.7656,606.2322
2024/09/06,604.3851,6.2490,-1.02,1017491,614.0926,615.1833,601.1328
2024/09/05,610.6341,1.5917,-0.26,787281,610.5162,612.0588,601.2409
2024/09/04,612.2258,1.6801,-0.27,882320,610.1919,615.4436,606.7333
2024/09/03,613.9059,5.3549,-0.86,1348258,621.5993,627.7304,610.1624
2024/08/30,619.2608,7.3298,+1.20,2106224,614.1123,620.1549,606.6277
2024/08/29,611.9310,5.6595,+0.93,1004289,611.7738,620.5185,610.3786
2024/08/28,606.2715,9.1181,-1.48,1053408,613.4245,616.9120,603.6874
2024/08/27,615.3896,9.0395,+1.49,1504005,604.7388,617.4136,601.0125
2024/08/26,606.3501,2.6824,-0.44,2003058,612.1275,622.8864,604.9844
2024/08/23,609.0325,44.6470,-6.83,4186487,648.4818,648.4818,599.7475
2024/08/22,653.6795,5.1092,-0.78,1493791,661.2648,663.0039,651.5572
2024/08/21,658.7887,3.1539,+0.48,1278396,658.0027,660.8063,653.3651
2024/08/20,655.6348,3.9106,+0.60,1130563,651.7242,658.0125,650.3290
2024/08/19,651.7242,9.5995,+1.49,1238943,643.0778,653.1096,641.6236
2024/08/16,642.1247,1.3657,+0.21,779381,641.2601,645.7307,639.5799
2024/08/15,640.7590,15.1313,+2.42,953742,634.1268,641.5647,632.9576
2024/08/14,625.6277,8.9314,-1.41,1527948,616.3230,629.0568,614.0926
2024/08/13,634.5591,18.0985,+2.94,1058646,623.6135,637.2415,619.0152
2024/08/12,616.4606,2.7413,-0.44,658572,618.2390,624.2030,613.9256
2024/08/09,619.2019,4.0088,+0.65,817052,614.0926,623.7118,611.3366
2024/08/08,615.1931,16.3791,+2.74,1060884,604.7781,617.5708,603.0291
2024/08/07,598.8140,2.7904,-0.46,1143491,612.0882,619.1233,597.4188
2024/08/06,601.6044,9.1573,+1.55,1363281,599.4821,611.2039,596.4215
2024/08/05,592.4471,20.5844,-3.36,1818868,597.6448,604.0412,586.7974
2024/08/02,613.0315,13.6574,-2.18,1820497,615.9988,615.9988,600.4254
2024/08/01,626.6889,9.3637,-1.47,1324348,635.7087,648.6881,619.0938
2024/07/31,636.0526,11.3485,+1.82,1449205,640.6214,651.1016,630.7026
2024/07/30,624.7041,0.5503,-0.09,1083092,628.8308,634.2103,618.5436
2024/07/29,625.2544,2.9477,+0.47,1264261,626.3254,631.4248,618.6025
2024/07/26,622.3067,6.9171,+1.12,1004685,621.5600,632.2698,617.4333
2024/07/25,615.3896,5.9739,+0.98,1263020,618.8776,629.9312,609.4452
2024/07/24,609.4157,16.5658,-2.65,1618547,618.8285,625.9422,608.2956
2024/07/23,625.9815,7.2905,-1.15,1214817,632.4466,636.9467,625.5000
2024/07/22,633.2720,7.8211,+1.25,1499749,632.3778,634.7065,624.8122
2024/07/19,625.4509,0.8941,-0.14,1075336,627.6321,629.2681,621.3586
2024/07/18,626.3450,21.0658,-3.25,1408460,650.1128,650.1128,621.6582
2024/07/17,647.4108,7.1137,-1.09,1176917,651.4982,654.6915,646.5757
2024/07/16,654.5245,7.8309,+1.21,1006270,648.4818,656.9710,644.0898
2024/07/15,646.6936,15.9468,+2.53,1062437,629.8527,647.0473,629.0077
2024/07/12,630.7468,12.3211,+1.99,1063451,620.6167,634.8244,618.6123
2024/07/11,618.4257,3.3701,-0.54,1257065,627.4455,631.9455,616.2739
2024/07/10,621.7958,16.3889,-2.57,1997476,625.5786,625.5786,611.7836
2024/07/09,638.1847,8.9877,-1.39,877946,647.1724,647.5845,636.8797
2024/07/08,647.1724,8.9975,-1.37,1042077,648.1536,650.6164,643.6009
2024/07/05,656.1699,8.6835,+1.34,1546156,642.6786,661.6547,641.0694
2024/07/03,647.4864,3.6108,+0.56,949796,639.0187,649.9786,638.3123
2024/07/02,643.8756,5.3475,+0.84,969410,638.7538,644.6409,637.4684
2024/07/01,638.5281,6.3189,-0.98,1218119,640.2354,640.8437,630.3941
2024/06/28,644.8470,5.6615,+0.89,1787609,639.7350,650.0473,635.7906
2024/06/27,639.1855,13.6974,+2.19,1506534,627.0580,644.7979,623.5552
2024/06/26,625.4881,6.8781,+1.11,1192011,616.1865,626.6312,612.7425
2024/06/25,618.6100,6.4660,+1.06,1296509,617.3344,618.6885,612.6444
2024/06/24,612.1440,8.1144,-1.31,1636780,618.8553,621.7989,610.7507
2024/06/21,620.2584,15.7677,+2.61,3753190,614.0671,622.2208,606.9142
2024/06/20,604.4907,6.2796,+1.05,1875295,599.0058,606.0410,596.8619
2024/06/18,598.2111,7.0253,+1.19,1402532,592.3730,598.9666,590.5774
2024/06/17,591.1858,6.6917,+1.14,1272675,578.7443,593.2561,575.2218
2024/06/14,584.4941,1.0597,+0.18,1091024,587.1433,588.6936,583.4049
2024/06/13,583.4344,2.3549,+0.41,2173100,583.3461,589.1155,575.0060
2024/06/12,581.0795,25.0399,+4.50,2641469,569.0894,591.3330,567.7648
2024/06/11,556.0396,0.5298,-0.10,1601105,554.3716,558.7084,551.9873
2024/06/10,556.5694,6.5348,-1.16,1597806,558.7182,561.9464,555.1271
2024/06/07,563.1042,1.2265,+0.22,1068697,561.8973,565.4492,555.8041
2024/06/06,561.8777,1.5895,-0.28,1476532,562.9472,564.7722,559.2824
2024/06/05,563.4672,2.1684,+0.39,1626628,561.1222,564.0265,549.9857
2024/06/04,561.2988,4.7490,+0.85,1194566,557.6880,563.5457,553.0911
2024/06/03,556.5498,9.0466,-1.60,1596976,564.7820,565.6724,552.0265
2024/05/31,565.5964,13.2166,+2.39,3196327,551.1827,566.5481,546.8066
2024/05/30,552.3798,34.6457,-5.90,3475269,577.3903,577.3903,550.3585
2024/05/29,587.0255,1.7073,-0.29,1929541,582.0411,599.8006,582.0411
2024/05/28,588.7328,6.8389,-1.15,2690598,593.2070,593.7211,581.0010
2024/05/24,595.5717,54.2303,-8.35,4334169,609.3201,612.2617,589.1891
2024/05/23,649.8020,7.8593,-1.20,1922340,662.3023,663.8919,647.0939
2024/05/22,657.6613,2.4039,+0.37,1005922,657.7692,660.9581,653.6708
2024/05/21,655.2574,2.2862,-0.35,1112919,657.9851,657.9851,652.6180
2024/05/20,657.5436,8.8013,+1.36,949444,647.4668,658.8583,647.0596
2024/05/17,648.7423,7.6631,+1.20,789615,642.9238,649.3016,642.4038
2024/05/16,641.0792,1.7269,-0.27,975749,642.3744,645.9067,639.5633
2024/05/15,642.8061,19.3392,+3.10,1103565,631.7874,644.5428,629.9231
2024/05/14,623.4669,8.0752,+1.31,896566,612.9583,625.4685,611.4375
2024/05/13,615.3917,5.0237,-0.81,933774,626.1651,626.1651,614.0965
2024/05/10,620.4154,5.3475,+0.87,935135,616.7752,625.8806,616.1963
2024/05/09,615.0679,5.4652,-0.88,1317462,620.5331,621.9558,612.4678
2024/05/08,620.5331,8.5560,-1.36,906817,629.0891,629.3638,617.6877
2024/05/07,629.0891,6.3875,+1.03,772298,623.1431,629.5404,619.4342
2024/05/06,622.7016,5.2690,+0.85,818282,620.3761,623.0548,615.7745
2024/05/03,617.4326,14.9435,+2.48,1130784,612.0458,619.5127,610.4465
2024/05/02,602.4891,1.1381,-0.19,1124701,605.4523,609.1808,595.8611
2024/05/01,603.6272,10.2240,-1.67,1222142,613.3704,617.8152,598.5643
2024/04/30,613.8512,12.5298,-2.00,1335025,625.0270,625.9199,613.4686
2024/04/29,626.3810,1.8054,+0.29,903527,625.3409,632.8569,622.4415
2024/04/26,624.5756,9.9689,+1.62,1215359,615.2740,628.0883,614.8030
2024/04/25,614.6067,8.9289,-1.43,1266792,618.7964,620.9109,608.1260
2024/04/24,623.5356,4.5233,+0.73,1404594,611.7711,630.0261,610.8488
2024/04/23,619.0123,20.7129,+3.46,1489970,603.5487,620.9207,600.5561
2024/04/22,598.2994,4.5135,+0.76,1077140,597.0140,602.5185,589.5962
2024/04/19,593.7859,3.1496,-0.53,1639931,597.6714,599.6927,586.7606
2024/04/18,596.9355,4.7392,-0.79,806238,605.2855,605.2855,594.8750
2024/04/17,601.6747,1.6877,+0.28,1138866,603.8137,606.1783,600.3305
2024/04/16,599.9870,0.6182,-0.10,1289128,602.1064,606.9240,599.4278
2024/04/15,600.6052,8.8209,-1.45,1086201,617.4424,618.1488,599.0009
2024/04/12,609.4261,6.4758,-1.05,1482596,606.8554,614.4498,604.4956
2024/04/11,615.9019,0.6378,-0.10,1643738,619.0613,621.7890,612.0949
2024/04/10,616.5397,15.4341,-2.44,980758,618.8749,623.3295,614.7637
2024/04/09,631.9738,0.2845,-0.04,864186,637.7726,638.1847,624.3450
2024/04/08,632.2583,9.3475,+1.50,1037617,626.2716,634.3257,624.2238
2024/04/05,622.9108,14.1682,+2.33,1653186,610.9178,624.3904,609.0072
2024/04/04,608.7426,1.6853,-0.28,1320118,620.9904,624.2042,607.8118
2024/04/03,610.4279,3.5176,-0.57,1598787,613.9455,620.0890,608.9092
2024/04/02,613.9455,12.9826,-2.07,2163098,617.7178,617.7178,609.7323
2024/04/01,626.9281,9.9550,-1.56,711340,639.9499,641.1943,623.0480
2024/03/28,636.8831,1.2346,+0.19,1187404,637.7747,641.7822,634.6589
2024/03/27,635.6485,8.5146,+1.36,1142967,632.7874,636.8537,627.5650
2024/03/26,627.1339,0.9407,+0.15,1022740,629.2013,631.1070,626.0659
2024/03/25,626.1932,4.5562,-0.72,1042061,624.7137,629.0151,619.1679
2024/03/22,630.7494,7.3976,-1.16,855822,636.3736,637.4612,626.5166
2024/03/21,638.1470,11.4051,+1.82,1375317,630.5240,645.8190,627.5748
2024/03/20,626.7419,4.9970,+0.80,1363063,622.3719,629.2209,620.5299
2024/03/19,621.7449,4.0761,+0.66,1710170,618.7564,622.5189,612.9657
2024/03/18,617.6688,4.7717,+0.78,1848379,617.4728,623.9005,616.2677
2024/03/15,612.8971,24.0252,-3.77,3210625,632.4641,635.9033,608.5075
2024/03/14,636.9223,4.9285,-0.77,1152400,646.6813,646.6813,632.5327
2024/03/13,641.8508,7.4172,-1.14,974565,646.6813,648.1952,640.4888
2024/03/12,649.2680,11.5325,+1.81,1119890,642.4974,653.0109,634.5609
2024/03/11,637.7355,0.8427,-0.13,1067286,636.0502,639.9793,625.7229
2024/03/08,638.5782,2.3418,+0.37,1076194,631.1511,643.9378,628.9269
2024/03/07,636.2364,0.9210,-0.14,921802,642.7620,643.7418,633.5125
2024/03/06,637.1574,10.3371,+1.65,1093153,632.7384,637.8433,627.3788
2024/03/05,626.8203,28.1013,-4.29,1410686,651.2472,652.0899,618.8544
2024/03/04,654.9216,1.8519,+0.28,915249,650.9337,657.4691,647.2692
2024/03/01,653.0697,3.5567,+0.55,1024554,645.7505,653.6478,642.9776
2024/02/29,649.5130,3.6548,+0.57,1973959,648.1706,654.0985,646.6813
2024/02/28,645.8582,9.9942,-1.52,1081507,648.5429,652.2957,643.0214
2024/02/27,655.8524,5.4086,+0.83,1081036,651.5804,657.1948,647.9844
2024/02/26,650.4438,3.9487,+0.61,1611909,645.7407,654.7991,638.3087
2024/02/23,646.4951,1.8518,+0.29,1776290,639.5874,654.7550,633.1108
2024/02/22,644.6433,19.2535,+3.08,2016302,636.9615,646.0738,636.4136
2024/02/21,625.3898,7.4858,-1.18,1169786,627.5748,630.8474,617.7962
2024/02/20,632.8756,9.6316,-1.50,1500889,637.5788,642.2133,628.1108
2024/02/16,642.5072,8.3677,-1.29,1364334,649.5815,649.6207,637.9805
2024/02/15,650.8749,7.0057,+1.09,1467804,649.2876,651.4138,643.7418
2024/02/14,643.8692,18.4598,+2.95,1311931,630.0145,644.3738,630.0145
2024/02/13,625.4094,18.3226,-2.85,1822070,621.7253,633.3557,616.0129
2024/02/12,643.7320,1.1464,-0.18,1305503,642.4877,646.4069,638.7349
2024/02/09,644.8784,4.9873,+0.78,1025897,644.2611,649.4542,641.4784
2024/02/08,639.8911,9.7002,+1.54,1026474,633.3851,641.0375,630.1909
2024/02/07,630.1909,7.7112,+1.24,990624,627.6140,636.2070,624.1209
2024/02/06,622.4797,5.1931,-0.83,927348,631.5823,632.8168,618.2175
2024/02/05,627.6728,0.9994,+0.16,1028734,625.7915,628.9073,616.5812
2024/02/02,626.6734,6.5844,+1.06,1313787,615.5426,629.5638,615.5426
2024/02/01,620.0890,1.4992,+0.24,1055441,618.7760,622.0682,610.6190
2024/01/31,618.5898,16.0593,-2.53,1233472,628.8779,629.5589,613.5683
2024/01/30,634.6491,5.0559,-0.79,1137603,634.8157,638.9799,633.0912
2024/01/29,639.7050,11.2876,+1.80,887258,630.0243,640.8220,629.1278
2024/01/26,628.4174,0.1274,-0.02,786735,629.8284,633.1598,626.7966
2024/01/25,628.5448,5.2028,+0.83,1064937,636.3638,636.3638,624.2140
2024/01/24,623.3420,0.3528,+0.06,1038458,628.7996,631.7194,621.9898
2024/01/23,622.9892,5.1048,+0.83,871312,617.8648,623.8417,611.5449
2024/01/22,617.8844,8.2599,+1.35,974030,613.9063,619.6774,613.3674
2024/01/19,609.6245,10.6017,+1.77,1361915,602.4718,611.5547,598.6407
2024/01/18,599.0228,11.2875,+1.92,1171413,591.2235,599.7626,589.6557
2024/01/17,587.7353,3.9095,-0.66,1571695,588.4408,589.6949,581.3126
2024/01/16,591.6448,7.8092,-1.30,1462639,595.4857,600.5905,589.0875
2024/01/12,599.4540,3.0277,+0.51,818915,599.6499,601.5998,593.8494
2024/01/11,596.4263,0.0098,+0,1342345,598.8367,603.2459,588.3918
2024/01/10,596.4165,3.4490,+0.58,1318976,590.9491,600.9825,590.8511
2024/01/09,592.9675,7.5446,+1.29,1297280,579.2207,594.4961,578.2344
2024/01/08,585.4229,9.1573,+1.59,1727264,580.2573,587.5459,579.0979
2024/01/05,576.2656,2.1524,+0.37,857468,574.1132,579.3474,573.4578
2024/01/04,574.1132,4.2265,-0.73,977955,577.8212,581.6367,573.1251
2024/01/03,578.3397,12.3467,-2.09,1471428,584.6207,585.4229,576.6472
2024/01/02,590.6864,20.8095,-3.40,1703739,608.7761,609.5685,586.6459
2023/12/29,611.4959,2.9252,-0.48,740697,614.4211,617.1703,608.9815
2023/12/28,614.4211,1.0762,-0.17,695727,617.0822,617.4051,613.5993
2023/12/27,615.4973,4.1775,+0.68,750714,610.4784,616.1626,608.7858
2023/12/26,611.3198,0.7632,+0.13,652469,611.6328,614.7244,609.2457
2023/12/22,610.5566,3.0133,+0.50,838964,609.3386,611.6084,604.3050
2023/12/21,607.5433,5.1656,+0.86,1023129,606.5748,610.1115,604.7942
2023/12/20,602.3777,5.6255,-0.93,1570651,605.6160,614.2352,602.1722
2023/12/19,608.0032,2.9644,+0.49,1279861,602.1527,608.7369,601.3993
2023/12/18,605.0388,9.7052,+1.63,1572837,597.1631,606.8585,596.5369
2023/12/15,595.3336,7.1713,+1.22,3532047,589.0624,598.6159,589.0624
2023/12/14,588.1623,8.8442,-1.48,2603146,601.3798,604.2365,583.0504
2023/12/13,597.0065,15.6926,+2.70,1642198,585.1001,597.2120,580.8492
2023/12/12,581.3139,7.3572,+1.28,1279694,575.5318,581.9889,570.9023
2023/12/11,573.9567,12.4837,+2.22,1653071,564.8190,576.3047,564.5059
2023/12/08,561.4730,2.3578,+0.42,1221636,553.9006,562.1871,552.1689
2023/12/07,559.1152,5.1461,+0.93,918815,557.8825,560.5925,552.6385
2023/12/06,553.9691,5.4298,-0.97,1134143,562.9405,563.7427,553.4506
2023/12/05,559.3989,1.2816,+0.23,1010755,553.0984,559.8734,551.1906
2023/12/04,558.1173,3.7666,-0.67,1365397,556.3073,558.8119,548.5393
2023/12/01,561.8839,2.7981,+0.50,1363625,559.0271,564.1928,552.2227
2023/11/30,559.0858,5.6451,-1.00,1984080,564.8874,569.5541,553.4408
2023/11/29,564.7309,11.8967,+2.15,2544941,570.3662,586.0295,563.4297
2023/11/28,552.8342,3.7568,+0.68,1784110,547.4827,554.8692,545.8684
2023/11/27,549.0774,2.7785,-0.50,1669837,549.7426,554.0180,546.8956
2023/11/24,551.8559,0.1565,-0.03,620722,550.3101,552.6826,547.9229
2023/11/22,552.0124,2.0056,+0.36,919213,555.6910,559.4380,551.2884
2023/11/21,550.0068,2.2698,-0.41,1023301,547.9620,552.6679,547.8740
2023/11/20,552.2766,4.2461,+0.77,1031168,551.7874,553.3381,546.7391
2023/11/17,548.0305,3.1405,+0.58,1152033,544.5867,549.0382,542.0235
2023/11/16,544.8900,1.3794,+0.25,1224951,545.1444,548.3436,540.7126
2023/11/15,543.5106,0.0196,+0,1749211,546.8859,554.7469,542.6692
2023/11/14,543.4910,22.8346,+4.39,2050155,529.6767,545.9075,529.6767
2023/11/13,520.6564,3.2188,+0.62,1203258,514.2482,522.8577,511.9882
2023/11/10,517.4376,14.0392,+2.79,1173250,508.2803,518.5970,505.0713
2023/11/09,503.3984,7.6702,-1.50,1414827,507.4096,515.8496,502.8407
2023/11/08,511.0686,8.2866,+1.65,1460183,509.9239,512.8834,504.1713
2023/11/07,502.7820,13.1196,+2.68,1440572,497.1761,506.1280,495.9923
2023/11/06,489.6624,1.9469,+0.40,1508163,488.2731,489.7798,483.6455
2023/11/03,487.7155,1.8001,-0.37,2473155,482.2074,492.0691,478.9495
2023/11/02,489.5156,10.9379,+2.29,1542619,488.1068,493.0866,479.7322
2023/11/01,478.5777,5.6549,-1.17,2086529,482.0215,482.8237,471.5043
2023/10/31,484.2326,7.2887,+1.53,1095692,478.4310,485.8467,474.9334
2023/10/30,476.9439,7.8072,+1.66,1441380,473.2164,479.0865,471.3575
2023/10/27,469.1367,0.0685,+0.01,1598390,469.2541,472.0619,463.6286
2023/10/26,469.0682,3.5025,-0.74,1619422,472.5413,476.3764,463.3057
2023/10/25,472.5707,22.2965,-4.51,2513850,489.5645,489.7553,471.8369
2023/10/24,494.8672,1.7513,+0.36,980216,495.5227,502.0287,488.6351
2023/10/23,493.1159,2.7198,-0.55,1556969,494.0649,501.9993,487.6861
2023/10/20,495.8357,14.3915,-2.82,1914804,509.0239,510.2468,493.8399
2023/10/19,510.2272,5.7723,-1.12,1357745,519.0128,522.5250,508.6374
2023/10/18,515.9995,11.1140,-2.11,1168416,523.7088,525.5188,514.1846
2023/10/17,527.1135,2.0741,-0.39,1427087,524.3643,534.2456,521.5174
2023/10/16,529.1876,7.6800,+1.47,1087514,528.1505,531.7313,522.8968
2023/10/13,521.5076,10.1356,-1.91,1663089,531.6432,533.8152,518.8171
2023/10/12,531.6432,1.7903,+0.34,1554397,533.2868,538.2079,528.9136
2023/10/11,529.8529,1.4382,+0.27,903749,529.9213,532.8172,525.1372
2023/10/10,528.4147,5.0874,+0.97,1399833,520.6270,533.4532,519.1693
2023/10/09,523.3273,1.5752,+0.30,1070895,516.3321,523.9534,514.8548
2023/10/06,521.7521,16.6318,+3.29,1805793,500.9134,523.0827,500.2090
2023/10/05,505.1203,0.2543,-0.05,1143458,504.8267,508.8184,499.5045
2023/10/04,505.3746,9.7469,+1.97,1598321,501.3508,507.7576,496.7899
2023/10/03,495.6277,10.0790,-1.99,1783290,499.3487,506.3610,492.6001
2023/10/02,505.7067,6.6998,+1.34,1660375,498.8995,506.1657,497.0292
2023/09/29,499.0069,1.2696,-0.25,1535513,509.8379,511.8791,496.1209
2023/09/28,500.2765,3.9065,+0.79,1292870,492.6782,505.5797,489.4748
2023/09/27,496.3700,4.9321,+1.00,1290295,495.7254,499.4855,491.2182
2023/09/26,491.4379,5.0004,-1.01,1263094,495.6863,496.9852,488.5080
2023/09/25,496.4383,0.2540,-0.05,1309776,494.3874,499.2608,492.5708
2023/09/22,496.6923,4.1020,+0.83,1263335,492.2290,500.1740,488.9670
2023/09/21,492.5903,18.7712,-3.67,1770945,507.4451,509.1933,491.6039
2023/09/20,511.3615,5.4692,-1.06,967942,518.6961,519.0086,511.1857
2023/09/19,516.8307,5.6840,-1.09,1051016,517.7487,518.4421,513.8394
2023/09/18,522.5147,2.9983,-0.57,908160,523.7941,525.8549,521.2842
2023/09/15,525.5130,9.2977,-1.74,2503974,535.3381,535.3479,524.4680
2023/09/14,534.8107,5.5180,+1.04,996640,532.3886,536.6859,525.3958
2023/09/13,529.2927,3.9554,-0.74,1163519,531.5292,532.9062,526.2748
2023/09/12,533.2481,3.2229,-0.60,1344007,530.3181,534.9279,527.3980
2023/09/11,536.4710,1.2306,-0.23,1272185,538.3364,540.7585,535.1789
2023/09/08,537.7016,2.9787,-0.55,1274822,539.4107,545.5929,536.9300
2023/09/07,540.6803,2.5978,+0.48,1238669,536.9788,544.4404,535.1183
2023/09/06,538.0825,0.3614,+0.07,1266560,536.5882,540.6901,532.8672
2023/09/05,537.7211,0.9571,+0.18,1405029,535.8264,542.0379,532.7988
2023/09/01,536.7640,7.6081,+1.44,1368645,532.5937,537.0081,527.8375
2023/08/31,529.1559,1.2012,+0.23,1818743,527.9547,532.2714,522.1045
2023/08/30,527.9547,3.9945,+0.76,1728397,525.1419,530.3132,523.7557
2023/08/29,523.9602,17.2085,+3.40,1607711,505.7555,524.9173,504.5640
2023/08/28,506.7517,0.1758,-0.03,1339224,506.9275,510.4678,501.8294
2023/08/25,506.9275,20.0701,+4.12,2516284,482.6969,509.6328,482.6969
2023/08/24,486.8574,2.3049,-0.47,2270651,492.6392,496.6727,484.8553
2023/08/23,489.1623,12.6573,+2.66,1493448,477.8430,491.3647,477.8430
2023/08/22,476.5050,0.3516,-0.07,920236,478.7318,482.8825,474.6103
2023/08/21,476.8566,2.2463,+0.47,1234963,476.3780,478.5560,470.6256
2023/08/18,474.6103,0.4786,-0.10,977262,468.7016,477.3547,466.6018
2023/08/17,475.0889,8.9851,-1.86,1125084,484.2693,485.2069,473.8192
2023/08/16,484.0740,1.4943,-0.31,1081587,485.4999,492.3169,483.9177
2023/08/15,485.5683,8.4186,-1.70,1163876,490.6175,494.3367,484.2107
2023/08/14,493.9869,7.8424,+1.61,1487948,485.9296,494.8659,483.6833
2023/08/11,486.1445,3.6136,-0.74,1029660,486.1836,492.0373,484.6502
2023/08/10,489.7581,4.6586,+0.96,1036970,492.2290,498.8213,486.7012
2023/08/09,485.0995,4.0140,-0.82,1107510,489.5725,491.3988,482.5504
2023/08/08,489.1135,4.3461,-0.88,1010722,488.1173,489.7385,479.6547
2023/08/07,493.4596,8.0867,+1.67,802996,488.6642,494.1139,488.1515
2023/08/04,485.3729,0.0000,0,1207252,491.4770,496.9804,484.6795
2023/08/03,485.3729,1.0450,-0.21,933845,483.7712,488.6349,479.4935
2023/08/02,486.4179,10.2060,-2.06,1198327,490.0511,491.5746,481.3101
2023/08/01,496.6239,3.1252,-0.63,1531742,498.6358,498.6358,491.0863
2023/07/31,499.7491,0.1368,-0.03,1567698,499.6027,502.1322,496.6825
2023/07/28,499.8859,14.9525,+3.08,1911800,489.7776,501.2336,489.7776
2023/07/27,484.9334,0.3223,-0.07,1659055,492.3559,493.9869,483.2341
2023/07/26,485.2557,0.3809,+0.08,1803245,481.1929,487.1211,480.4116
2023/07/25,484.8748,7.7838,+1.63,1149506,477.3742,488.1661,477.3742
2023/07/24,477.0910,3.9261,-0.82,1281660,484.9920,486.9258,474.5712
2023/07/21,481.0171,0.7227,+0.15,4683455,485.2557,490.2171,480.4409
2023/07/20,480.2944,8.5749,-1.75,1307576,486.4961,491.6283,479.4642
2023/07/19,488.8693,5.0102,+1.04,2051733,492.1020,496.2235,486.6133
2023/07/18,483.8591,4.5023,+0.94,1272509,479.3373,486.0664,477.0910
2023/07/17,479.3568,6.6705,+1.41,1362369,470.6940,481.2320,469.2583
2023/07/14,472.6863,2.5783,+0.55,1185772,467.8129,475.1182,467.2591
2023/07/13,470.1080,4.4047,+0.95,1513013,468.9360,472.3152,467.4710
2023/07/12,465.7033,12.8331,+2.83,1721786,461.2303,467.2562,458.2710
2023/07/11,452.8702,0.6153,-0.14,1204773,454.7747,455.9759,444.9203
2023/07/10,453.4855,15.7631,+3.60,2270733,437.0388,455.6927,436.5700
2023/07/07,437.7224,2.4709,-0.56,868116,440.2031,446.7369,437.3708
2023/07/06,440.1933,6.1813,-1.38,1186758,439.1209,442.4894,433.0664
2023/07/05,446.3746,6.1130,+1.39,1395718,436.7810,446.7938,435.8158
2023/07/03,440.2616,6.4542,-1.44,1491878,441.4023,443.5862,437.7511
2023/06/30,446.7158,2.3106,+0.52,2017664,445.3411,450.4109,442.7867
2023/06/29,444.4052,3.7146,-0.83,1162247,449.2020,449.4067,442.0263
2023/06/28,448.1198,0.5850,+0.13,1534061,447.6615,448.3927,441.1781
2023/06/27,447.5348,5.5865,+1.26,1286010,444.4734,449.2702,441.9483
2023/06/26,441.9483,0.5948,+0.13,1454628,440.3493,450.8399,440.3493
2023/06/23,441.3535,1.8036,+0.41,1528192,432.7447,445.6385,431.6527
2023/06/22,439.5499,0.3023,+0.07,1061398,437.5122,440.4468,434.4898
2023/06/21,439.2476,4.4848,-1.01,1134984,443.3132,444.1078,438.0387
2023/06/20,443.7324,0.0975,+0.02,1430999,442.9330,449.4554,439.8180
2023/06/16,443.6349,1.2480,-0.28,2686893,449.7187,450.1282,438.9162
2023/06/15,444.8829,9.8373,+2.26,1700897,431.1165,447.6615,429.9953
2023/06/14,435.0456,1.2967,-0.30,1753255,436.7517,442.0165,429.4298
2023/06/13,436.3423,1.3942,+0.32,1358379,440.3396,440.6711,430.9313
2023/06/12,434.9481,14.2052,+3.38,1987116,424.3990,435.7475,423.6971
2023/06/09,420.7429,7.9849,+1.93,1740217,412.2218,421.2304,409.7259
2023/06/08,412.7580,0.9749,+0.24,1653772,410.8276,416.7944,408.7997
2023/06/07,411.7831,25.4756,-5.83,2492340,436.8980,441.5875,410.8871
2023/06/06,437.2587,5.5085,+1.28,1886831,435.4356,446.6427,434.8993
2023/06/05,431.7502,12.0407,+2.87,2257968,419.6705,433.6368,419.2025
2023/06/02,419.7095,8.1604,+1.98,1745902,412.6508,421.7715,412.6508
2023/06/01,411.5491,2.9249,+0.72,1959566,407.1325,415.3319,405.8358
2023/05/31,408.6242,12.7037,+3.21,6339540,390.7532,409.7259,390.1975
2023/05/30,395.9205,12.0310,-2.95,3488015,413.7427,416.6676,395.4525
2023/05/26,407.9515,5.1965,+1.29,3371695,403.3984,417.2818,402.7647
2023/05/25,402.7550,2.7494,-0.68,4225574,408.0197,410.4571,397.3293
2023/05/24,405.5044,33.0315,-7.53,6835541,410.4571,415.0687,403.0085
2023/05/23,438.5359,4.2021,-0.95,2726927,444.1712,449.2117,438.5359
2023/05/22,442.7380,7.8777,+1.81,1998617,438.3507,443.9957,434.3241
2023/05/19,434.8603,1.5892,-0.36,1266173,438.2629,438.9942,433.6806
2023/05/18,436.4495,15.4043,+3.66,1816432,422.7026,437.4732,421.4932
2023/05/17,421.0452,10.1883,+2.48,1313876,412.7190,422.0104,409.6284
2023/05/16,410.8569,4.6798,-1.13,1614679,411.5783,419.3049,408.5852
2023/05/15,415.5367,1.3747,-0.33,2141775,402.6575,416.5701,400.1908
2023/05/12,416.9114,2.6617,+0.64,1255640,415.7122,419.2415,413.7578
2023/05/11,414.2497,6.4640,-1.54,1613819,421.5034,422.1176,413.0408
2023/05/10,420.7137,3.7438,+0.90,1461736,422.1371,425.3837,416.2386
2023/05/09,416.9699,0.7703,+0.19,803829,413.8110,419.7386,412.2218
2023/05/08,416.1996,0.9164,+0.22,1394575,411.8513,417.0527,406.1381
2023/05/05,415.2832,3.4124,+0.83,1846425,417.1649,428.2501,414.5325
2023/05/04,411.8708,7.0197,-1.68,1316932,421.8056,421.9129,410.7594
2023/05/03,418.8905,6.6395,-1.56,1307555,429.1763,429.9190,417.4768
2023/05/02,425.5300,5.8985,-1.37,1244709,433.9341,434.2169,420.0187
2023/05/01,431.4285,1.4039,-0.32,1455848,430.7265,435.5526,428.9521
2023/04/28,432.8324,14.4196,+3.45,2603420,417.9936,450.9179,414.1522
2023/04/27,418.4128,15.0728,+3.74,1517251,406.4208,419.6120,403.9639
2023/04/26,403.3400,5.9764,-1.46,1997913,407.8443,411.9327,402.5990
2023/04/25,409.3164,21.9268,-5.08,2327421,426.0077,427.5949,408.3610
2023/04/24,431.2432,3.9779,-0.91,1207395,438.7992,438.9552,428.5914
2023/04/21,435.2211,0.9749,-0.22,1313475,437.4050,441.3730,432.1694
2023/04/20,436.1960,1.8621,+0.43,1132070,428.8643,439.8229,428.8643
2023/04/19,434.3339,2.8274,+0.66,823277,426.5342,434.4606,426.0565
2023/04/18,431.5065,2.4374,+0.57,900961,433.8561,434.4850,428.5816
2023/04/17,429.0691,1.4917,-0.35,1018651,432.7934,432.7934,425.0425
2023/04/14,430.5608,0.1852,-0.04,1362860,428.0161,432.5789,425.3155
2023/04/13,430.7460,6.5517,+1.54,995523,428.4646,432.4229,427.2118
2023/04/12,424.1943,2.3496,-0.55,1006957,432.3644,433.4076,423.5606
2023/04/11,426.5439,7.0392,-1.62,1299928,430.7850,432.5009,423.5135
2023/04/10,433.5831,1.9889,-0.46,1195909,430.2390,434.7921,425.0184
2023/04/06,435.5720,8.1798,+1.91,1716691,422.9658,436.7225,421.5311
2023/04/05,427.3922,0.6423,-0.15,1535872,427.8593,428.2681,420.3071
2023/04/04,428.0345,0.8370,-0.20,1150801,428.3654,434.7692,425.4069
2023/04/03,428.8715,5.0218,-1.16,1268082,431.1488,431.1488,424.4822
2023/03/31,433.8933,5.5863,+1.30,1747795,430.7790,436.0441,429.6791
2023/03/30,428.3070,6.6179,+1.57,1557428,427.9469,430.5649,425.7085
2023/03/29,421.6891,13.5863,+3.33,1356568,415.6356,422.6039,412.6575
2023/03/28,408.1028,7.4063,-1.78,1358784,415.5091,416.2779,405.7817
2023/03/27,415.5091,2.5596,-0.61,1723166,418.1465,419.9762,411.9081
2023/03/24,418.0687,2.8418,-0.68,1705376,417.2414,420.4336,411.1101
2023/03/23,420.9105,17.7906,+4.41,2813396,407.9568,423.3241,404.4532
2023/03/22,403.1199,7.6106,-1.85,1601344,409.4653,416.7743,402.9253
2023/03/21,410.7305,9.9171,+2.47,1479310,403.2464,411.3729,400.1808
2023/03/20,400.8134,1.8004,-0.45,1561944,401.1248,402.6965,394.8961
2023/03/17,402.6138,4.3406,-1.07,3210239,405.6698,406.9544,397.5822
2023/03/16,406.9544,11.5133,+2.91,2020256,394.5360,409.0274,390.4631
2023/03/15,395.4411,1.9270,-0.48,1903632,393.4558,397.3487,390.8767
2023/03/14,397.3681,16.2918,+4.28,2298200,389.9035,398.1856,388.2685
2023/03/13,381.0763,1.0219,-0.27,2460586,381.9036,387.1687,373.7674
2023/03/10,382.0982,11.6495,-2.96,2933934,392.6285,393.7964,378.4097
2023/03/09,393.7477,11.7663,-2.90,1771180,407.5870,413.3096,392.9302
2023/03/08,405.5140,7.1824,+1.80,1488706,397.2319,406.9787,397.0762
2023/03/07,398.3316,3.3285,-0.83,1296217,402.0202,407.0031,397.5044
2023/03/06,401.6601,4.0779,+1.03,1499379,397.6406,408.4726,395.8304
2023/03/03,397.5822,7.9317,+2.04,1593599,390.8378,399.7233,389.3780
2023/03/02,389.6505,0.8759,-0.22,1558237,388.1809,392.1030,383.3245
2023/03/01,390.5264,5.7517,-1.45,1696480,394.1565,395.4995,385.8062
2023/02/28,396.2781,5.2944,-1.32,2279987,399.0226,402.0240,394.5166
2023/02/27,401.5725,6.9975,-1.71,2225997,410.0979,411.2366,401.0062
2023/02/24,408.5700,7.7177,+1.93,4155937,394.1468,418.4774,393.2903
2023/02/23,400.8523,5.3528,+1.35,2544216,399.8304,405.0956,393.2222
2023/02/22,395.4995,9.8490,+2.55,1734457,389.8062,397.1638,387.1395
2023/02/21,385.6505,7.9026,-2.01,1368562,385.7381,389.4461,383.1493
2023/02/17,393.5531,3.8734,-0.97,1671027,395.5287,395.6261,386.2442
2023/02/16,397.4265,12.5352,-3.06,1316981,398.2148,405.4264,395.6650
2023/02/15,409.9617,0.7104,-0.17,889407,407.0907,411.8595,403.3437
2023/02/14,410.6721,3.7761,+0.93,902796,405.2805,414.8083,401.2270
2023/02/13,406.8960,4.4476,+1.11,1057255,404.8425,407.9958,402.8279
2023/02/10,402.4484,6.0534,-1.48,1025836,403.8888,404.9690,397.9521
2023/02/09,408.5018,1.9465,-0.47,1128840,419.1100,420.4239,407.0859
2023/02/08,410.4483,5.7712,-1.39,1084083,415.2268,419.1197,406.5166
2023/02/07,416.2195,12.3405,+3.06,1439290,401.6893,418.3704,398.0640
2023/02/06,403.8790,8.5352,-2.07,1374728,406.4678,407.0615,401.6503
2023/02/03,412.4142,27.6396,-6.28,1893918,428.9590,429.1050,410.3996
2023/02/02,440.0538,16.1653,+3.81,1970389,432.0734,445.6791,430.2534
2023/02/01,423.8885,12.5351,+3.05,1563514,409.0955,426.2340,404.8668
2023/01/31,411.3534,6.0535,+1.49,1206933,405.2999,411.5967,403.9861
2023/01/30,405.2999,6.0048,-1.46,1585998,404.9982,409.2707,401.2026
2023/01/27,411.3047,9.8004,+2.44,1772453,397.3876,417.2219,396.3657
2023/01/26,401.5043,10.3648,+2.65,1317894,398.9740,402.1564,391.3147
2023/01/25,391.1395,0.3406,+0.09,1163138,383.7430,393.1346,375.1689
2023/01/24,390.7989,8.2237,-2.06,1222361,399.0226,399.0226,388.0641
2023/01/23,399.0226,11.6106,+3.00,2272718,390.0008,399.5190,388.4339
2023/01/20,387.4120,18.9487,+5.14,1748887,373.0083,389.5920,372.3076
2023/01/19,368.4633,7.2700,-1.93,1111919,372.8818,378.5557,368.0935
2023/01/18,375.7333,4.0194,-1.06,1647415,381.6019,390.5702,375.3148
2023/01/17,379.7527,2.9295,-0.77,1704289,381.5046,384.7065,376.3951
2023/01/13,382.6822,3.3965,-0.88,1347249,379.5581,384.0641,376.1129
2023/01/12,386.0787,1.3528,+0.35,1129205,387.6067,387.6067,375.6944
2023/01/11,384.7259,6.4525,+1.71,1631100,377.8842,385.2320,374.0010
2023/01/10,378.2734,6.4817,-1.68,1099364,377.2029,384.3853,375.2078
2023/01/09,384.7551,9.3429,+2.49,1368187,380.6287,391.8597,377.7674
2023/01/06,375.4122,10.5868,+2.90,1351703,369.3126,378.1511,359.9691
2023/01/05,364.8254,15.4916,-4.07,1301283,375.2470,376.3349,364.2232
2023/01/04,380.3170,0.3788,+0.10,1245511,386.1543,388.2328,376.4611
2023/01/03,379.9382,1.9036,+0.50,1929450,385.2996,392.8269,374.1495
2022/12/30,378.0346,1.6025,-0.42,976994,374.9168,378.2482,371.6825
2022/12/29,379.6371,13.9570,+3.82,1034285,369.4486,380.7153,366.7048
2022/12/28,365.6801,6.4201,-1.73,868525,374.2855,377.3335,364.0484
2022/12/27,372.1002,1.3403,-0.36,847709,372.4207,374.2660,366.6162
2022/12/23,373.4405,0.5245,+0.14,726036,372.3041,374.3535,367.6226
2022/12/22,372.9160,9.1105,-2.38,1353503,374.2758,376.6068,365.9326
2022/12/21,382.0265,6.0704,+1.61,1369482,378.2385,384.9985,373.2171
2022/12/20,375.9561,3.4577,+0.93,1359283,370.8958,378.8504,369.8760
2022/12/19,372.4984,1.4180,-0.38,1580884,377.5684,377.5684,366.6514
2022/12/16,373.9164,11.2181,-2.91,3671165,381.4437,382.6674,369.6129
2022/12/15,385.1345,21.7465,-5.34,1793053,399.1304,403.2291,382.9103
2022/12/14,406.8810,9.1979,-2.21,1679720,414.2723,421.7559,404.1907
2022/12/13,416.0789,17.1039,+4.29,3343785,419.6920,429.2783,410.0765
2022/12/12,398.9750,10.6353,+2.74,1864093,389.2138,399.1692,386.8828
2022/12/09,388.3397,5.3710,-1.36,1092732,392.5744,394.1672,387.8055
2022/12/08,393.7107,16.2298,+4.30,1570869,380.3462,395.0317,378.2677
2022/12/07,377.4809,1.0976,-0.29,997329,376.9079,382.8617,374.3146
2022/12/06,378.5785,5.2059,-1.36,1245658,384.0855,384.1244,374.0912
2022/12/05,383.7844,12.4128,-3.13,1543386,389.6314,392.5792,381.8808
2022/12/02,396.1972,7.9158,-1.96,1931539,390.3210,397.4112,388.6602
2022/12/01,404.1130,8.2364,+2.08,2000551,396.1680,406.2012,393.3611
2022/11/30,395.8766,27.0787,+7.34,5047389,364.6991,399.6646,363.2520
2022/11/29,368.7979,5.7595,-1.54,1767123,370.6627,374.2612,366.5834
2022/11/28,374.5574,6.6338,-1.74,1741628,383.0463,387.2421,372.4595
2022/11/25,381.1912,3.2828,-0.85,887267,383.5028,384.4546,380.2296
2022/11/23,384.4740,3.5159,+0.92,1533127,379.2001,388.6019,378.8504
2022/11/22,380.9581,16.7349,+4.59,2366756,369.0698,382.6772,364.2232
2022/11/21,364.2232,4.9243,-1.33,1471753,365.7481,369.4680,361.4648
2022/11/18,369.1475,1.7580,-0.47,2106713,377.3061,378.2385,359.3086
2022/11/17,370.9055,11.4415,-2.99,2110923,373.5473,377.3255,367.1564
2022/11/16,382.3470,12.9760,-3.28,1297401,395.3230,395.4007,379.5983
2022/11/15,395.3230,9.0910,+2.35,2137812,402.5881,404.5112,390.2336
2022/11/14,386.2320,10.0817,-2.54,1855150,388.5533,391.9722,379.8023
2022/11/11,396.3137,4.6620,+1.19,1771082,390.6950,400.0968,387.1839
2022/11/10,391.6517,33.6931,+9.41,3179701,385.9309,392.1470,376.8496
2022/11/09,357.9586,13.6171,-3.66,1489776,366.1366,368.7396,357.5507
2022/11/08,371.5757,12.1019,+3.37,2747551,361.7465,379.8605,359.4932
2022/11/07,359.4738,8.6637,+2.47,1698984,353.1120,359.8525,347.2067
2022/11/04,350.8101,3.6908,-1.04,3282143,360.9792,360.9792,342.4961
2022/11/03,354.5009,19.4641,-5.20,3348356,365.0391,371.6242,353.8599
2022/11/02,373.9650,9.4601,-2.47,2782557,390.9524,397.2364,373.7610
2022/11/01,383.4251,31.7894,-7.66,4367415,421.0226,421.6627,375.9366
2022/10/31,415.2145,4.1667,-0.99,1069264,415.2727,418.4196,411.6257
2022/10/28,419.3812,9.5087,+2.32,1204232,409.8725,420.3719,404.6423
2022/10/27,409.8725,2.3213,-0.56,1028056,417.8660,419.2646,408.0563
2022/10/26,412.1938,7.4691,-1.78,1395459,413.3788,424.5677,408.0174
2022/10/25,419.6629,13.9085,+3.43,1330257,408.7362,421.3237,408.2602
2022/10/24,405.7544,0.5633,+0.14,1453674,407.9300,408.9693,393.5068
2022/10/21,405.1911,15.5694,+4.00,1532982,392.4092,406.5800,384.4449
2022/10/20,389.6217,0.8936,-0.23,1440531,391.6322,396.8673,386.5331
2022/10/19,390.5153,6.3909,-1.61,1330108,397.0713,400.3590,388.2911
2022/10/18,396.9062,4.7689,+1.22,1755015,403.8993,407.9300,389.9714
2022/10/17,392.1373,22.9509,+6.22,2379993,381.9293,393.4971,380.5307
2022/10/14,369.1864,15.2196,-3.96,1858030,390.7969,391.4963,368.6619
2022/10/13,384.4060,7.4981,+1.99,1782891,362.3973,387.5238,360.3479
2022/10/12,376.9079,4.4484,+1.19,2276072,375.3733,388.3008,372.0904
2022/10/11,372.4595,4.0405,-1.07,1839644,373.2754,378.2580,363.7667
2022/10/10,376.5000,5.1671,-1.35,1343958,381.7059,383.5631,368.7979
2022/10/07,381.6671,17.8324,-4.46,1456194,390.6027,392.1179,380.1422
2022/10/06,399.4995,1.4374,-0.36,1320629,400.5193,405.3076,395.5173
2022/10/05,400.9369,1.5220,+0.38,1238669,392.9100,404.6789,388.5379
2022/10/04,399.4149,14.7450,+3.83,1845302,394.0152,402.0421,392.7937
2022/10/03,384.6699,9.1902,+2.45,1876405,377.4185,387.3164,376.1389
2022/09/30,375.4797,9.1999,-2.39,2064617,383.1867,390.6804,375.1792
2022/09/29,384.6796,12.0985,-3.05,2062284,388.8772,392.4156,382.0718
2022/09/28,396.7781,8.2596,+2.13,1764536,391.7079,399.4052,386.6184
2022/09/27,388.5185,4.8180,+1.26,1675602,387.4812,394.8392,383.1479
2022/09/26,383.7005,1.7741,+0.46,1876561,382.3045,392.4544,381.0781
2022/09/23,381.9264,2.6562,-0.69,1733836,382.8280,383.3708,374.5587
2022/09/22,384.5826,11.6041,-2.93,2332776,392.4447,394.2188,383.3612
2022/09/21,396.1867,8.8606,-2.19,1532797,409.2352,414.8386,396.0122
2022/09/20,405.0473,5.6906,-1.39,1311530,407.2188,408.3143,401.4216
2022/09/19,410.7379,0.6689,+0.16,1310037,402.5850,411.2468,402.3630
2022/09/16,410.0690,0.8531,+0.21,2161833,405.9004,411.4165,401.3635
2022/09/15,409.2159,14.2700,-3.37,1514539,419.9911,423.5730,406.8311
2022/09/14,423.4859,7.2998,+1.75,1521827,417.5723,423.8930,412.7155
2022/09/13,416.1861,25.2633,-5.72,1751303,420.9847,426.2487,414.9306
2022/09/12,441.4494,5.1767,+1.19,1289747,443.3495,445.9282,436.1272
2022/09/09,436.2727,10.6541,+2.50,1332938,427.8774,438.7641,427.8289
2022/09/08,425.6186,3.6353,+0.86,1166740,416.3896,427.3927,414.5574
2022/09/07,421.9833,16.0247,+3.95,1466760,408.4112,425.3084,406.2009
2022/09/06,405.9586,1.2602,-0.31,1434885,407.6454,409.7103,401.0823
2022/09/02,407.2188,5.2737,-1.28,1340915,419.5112,420.7133,405.2218
2022/09/01,412.4925,6.0881,-1.45,2057139,414.3248,415.1051,402.9485
2022/08/31,418.5806,1.3765,-0.33,1335067,425.6671,427.7900,416.7192
2022/08/30,419.9571,3.4900,-0.82,1290447,426.5493,430.2525,415.0712
2022/08/29,423.4471,11.3035,-2.60,1853287,424.8528,432.7439,422.8364
2022/08/26,434.7506,16.8584,-3.73,1833901,452.6754,453.5479,434.1496
2022/08/25,451.6090,0.0775,+0.02,1755501,450.5911,452.4234,443.6985
2022/08/24,451.5315,15.7145,+3.61,3700521,464.9872,472.8880,451.1049
2022/08/23,435.8170,3.3348,+0.77,2413510,438.1533,439.1906,430.7954
2022/08/22,432.4822,17.2849,-3.84,1746173,442.7678,443.4658,431.4061
2022/08/19,449.7671,13.3830,-2.89,1557175,455.0796,456.3689,445.7149
2022/08/18,463.1501,0.5283,-0.11,1196815,462.7090,466.0148,457.6490
2022/08/17,463.6784,9.5780,-2.02,1467507,463.6881,469.0491,460.3630
2022/08/16,473.2564,1.0179,-0.21,1064080,468.1281,475.8254,466.3492
2022/08/15,474.2743,2.4914,+0.53,857038,470.3675,475.2437,468.9134
2022/08/12,471.7829,7.6488,+1.65,1215892,465.9469,472.6966,460.9253
2022/08/11,464.1341,0.6592,+0.14,1299290,471.4921,474.3131,460.9834
2022/08/10,463.4749,15.5303,+3.47,1453201,463.1840,464.9290,459.8977
2022/08/09,447.9446,4.5466,-1.00,1101696,446.6843,451.8320,444.5904
2022/08/08,452.4912,2.1618,-0.48,1257419,456.9118,461.7881,449.6508
2022/08/05,454.6530,2.6077,+0.58,963227,442.5255,456.2623,441.3040
2022/08/04,452.0453,0.5332,+0.12,1466195,451.5121,453.5576,444.1929
2022/08/03,451.5121,18.2059,+4.20,1614773,437.6686,452.6076,436.4472
2022/08/02,433.3062,1.4444,-0.33,1098335,429.4479,437.4941,427.5381
2022/08/01,434.7506,7.4744,-1.69,1750316,435.0706,442.5739,430.8632
2022/07/29,442.2250,7.3483,+1.69,2247253,431.6291,445.5307,431.6291
2022/07/28,434.8767,14.9583,+3.56,1809354,421.6149,436.3890,417.8486
2022/07/27,419.9184,18.3610,+4.57,1813997,405.3284,423.7525,403.9712
2022/07/26,401.5574,11.6137,-2.81,1588558,410.9027,411.5134,396.8944
2022/07/25,413.1711,8.2790,-1.96,1059032,418.4157,419.4918,409.1674
2022/07/22,421.4501,0.0388,+0.01,1640499,423.3405,432.3658,416.0455
2022/07/21,421.4113,13.8144,+3.39,2141848,407.7229,423.5150,407.7229
2022/07/20,407.5969,16.0828,+4.11,1716090,395.8668,409.5261,393.4820
2022/07/19,391.5141,15.1328,+4.02,1401754,385.4648,392.2169,379.1926
2022/07/18,376.3813,4.5660,-1.20,1119942,383.9428,387.7721,374.8980
2022/07/15,380.9473,12.6899,+3.45,1568691,376.1777,382.3820,370.9718
2022/07/14,368.2574,3.3349,-0.90,1353778,368.9457,371.6407,359.4308
2022/07/13,371.5923,2.4817,-0.66,1295098,365.4655,375.3246,362.5184
2022/07/12,374.0740,16.1798,-4.15,1662153,392.7355,393.5886,369.4789
2022/07/11,390.2538,4.1201,-1.04,1053667,392.2799,394.4999,383.2836
2022/07/08,394.3739,3.2476,-0.82,1210092,390.1084,397.2725,386.0504
2022/07/07,397.6215,5.7392,+1.46,1637767,386.5157,398.3715,385.0688
2022/07/06,391.8823,4.5391,+1.17,1401477,390.3628,395.4342,383.9655
2022/07/05,387.3432,11.5268,+3.07,1644349,372.3903,387.4545,368.0931
2022/07/01,375.8164,2.7777,+0.74,1171471,370.1933,378.5456,365.9155
2022/06/30,373.0387,4.0842,-1.08,1725970,375.2260,377.0455,364.0766
2022/06/29,377.1229,3.2615,+0.87,1101762,376.8471,379.9199,370.4256
2022/06/28,373.8614,17.8370,-4.55,1685315,392.6952,396.5859,372.1193
2022/06/27,391.6984,12.4849,-3.09,1843125,401.9960,406.4868,389.8595
2022/06/24,404.1833,16.3272,+4.21,2720548,394.6502,406.1771,394.2244
2022/06/23,387.8561,19.2694,+5.23,2181925,374.8485,388.5626,368.5480
2022/06/22,368.5867,3.3003,+0.90,1832477,359.8085,378.5650,359.6053
2022/06/21,365.2864,7.4716,+2.09,2086170,364.9090,370.7062,362.3539
2022/06/17,357.8148,9.7557,+2.80,2868511,351.3691,363.0895,350.8755
2022/06/16,348.0591,18.3016,-5.00,2176251,353.7015,358.4826,343.7910
2022/06/15,366.3607,13.3173,+3.77,1891351,358.4729,374.3453,356.6147
2022/06/14,353.0434,0.7646,+0.22,1448123,355.0081,359.1698,348.2624
2022/06/13,352.2788,16.6757,-4.52,2264273,356.4405,360.9893,350.1206
2022/06/10,368.9545,18.7080,-4.83,2270398,377.8391,380.7426,366.6511
2022/06/09,387.6625,13.4625,-3.36,1225728,396.3730,401.0863,387.2367
2022/06/08,401.1250,2.1195,-0.53,1379453,401.9767,406.6610,399.0920
2022/06/07,403.2445,7.4329,+1.88,1258632,391.1080,405.2770,390.1797
2022/06/06,395.8116,0.0193,+0,888503,403.1768,406.3513,393.6640
2022/06/03,395.7923,17.3337,-4.20,1569518,403.2929,407.1449,392.3323
2022/06/02,413.1260,17.8951,+4.53,1501718,396.1891,413.5035,395.3374
2022/06/01,395.2309,5.8941,-1.47,1651633,406.6900,410.9291,393.2808
2022/05/31,401.1250,7.7620,-1.90,4440537,406.3125,411.3259,399.2958
2022/05/27,408.8870,15.5433,+3.95,3029850,397.7763,409.2257,397.4763
2022/05/26,393.3437,17.3918,+4.63,3624875,373.8614,400.6798,373.4358
2022/05/25,375.9519,28.5315,+8.21,5452541,360.7957,382.8525,351.8046
2022/05/24,347.4204,12.0010,-3.34,2973373,351.4223,353.9387,344.2943
2022/05/23,359.4214,3.4745,+0.98,1859265,359.2085,360.0311,351.3207
2022/05/20,355.9469,5.2746,+1.50,1985446,355.9856,359.8279,344.8072
2022/05/19,350.6723,8.7298,+2.55,2172763,344.1201,357.2438,343.2490
2022/05/18,341.9425,17.9628,-4.99,1778329,352.4337,356.9728,340.5778
2022/05/17,359.9053,11.8849,+3.42,1697887,357.2244,361.7006,347.6623
2022/05/16,348.0204,11.7784,-3.27,1606529,358.1923,358.4149,344.9234
2022/05/13,359.7988,17.2950,+5.05,1957165,350.4497,364.8170,349.0076
2022/05/12,342.5038,2.2066,-0.64,3376626,331.5480,344.0330,328.4413
2022/05/11,344.7104,14.5368,-4.05,2648636,355.0468,364.3186,343.1087
2022/05/10,359.2472,4.0455,+1.14,2346525,369.3900,371.1321,352.7773
2022/05/09,355.2017,27.7766,-7.25,3601059,374.3840,378.3521,352.0611
2022/05/06,382.9783,13.6947,-3.45,2055796,393.1114,393.4550,378.2359
2022/05/05,396.6730,36.8354,-8.50,2180739,423.7818,425.6013,391.7468
2022/05/04,433.5084,16.5304,+3.96,1652474,418.1007,433.9246,404.7060
2022/05/03,416.9780,3.7068,+0.90,1368352,415.7972,419.5911,411.9646
2022/05/02,413.2712,7.9942,+1.97,1837888,406.5642,414.1326,399.9346
2022/04/29,405.2770,24.9989,-5.81,1961565,427.3628,428.2628,404.1930
2022/04/28,430.2759,25.4828,+6.30,1854270,410.3484,433.5956,408.2192
2022/04/27,404.7931,3.0002,-0.74,1992037,407.6191,415.0230,402.7703
2022/04/26,407.7933,24.7570,-5.72,2291935,430.2469,430.9437,407.5610
2022/04/25,432.5503,3.5229,+0.82,2163619,427.3821,433.0342,419.6492
2022/04/22,429.0274,21.6406,-4.80,1755808,451.2584,452.9617,428.5338
2022/04/21,450.6680,15.7756,-3.38,1473978,469.2309,475.8073,448.6452
2022/04/20,466.4436,3.0196,-0.64,1223980,471.8924,476.5283,465.7516
2022/04/19,469.4632,15.5143,+3.42,1223619,451.2971,470.0342,449.9518
2022/04/18,453.9489,3.8035,+0.84,1022237,446.8257,458.9139,445.7805
2022/04/14,450.1454,5.1391,-1.13,1700771,452.6520,454.1764,445.0836
2022/04/13,455.2845,8.5168,+1.91,1526957,449.4098,458.0138,445.1998
2022/04/12,446.7677,11.3429,-2.48,1559908,464.4498,468.9017,446.3321
2022/04/11,458.1106,9.1943,-1.97,1648631,462.9787,463.2304,449.7873
2022/04/08,467.3049,11.1203,-2.32,1774670,477.4477,477.4477,466.0218
2022/04/07,478.4252,4.6391,+0.98,1622549,468.3833,481.7500,468.0064
2022/04/06,473.7861,5.6443,-1.18,2112139,469.0116,477.0528,465.9326
2022/04/05,479.4304,9.2784,-1.90,1689343,485.0892,489.3901,474.5496
2022/04/04,488.7088,20.9923,+4.49,2407412,469.1179,490.6997,468.7507
2022/04/01,467.7165,2.9865,+0.64,1361841,464.5367,471.1572,461.0863
2022/03/31,464.7300,8.5922,+1.88,2739700,461.6662,472.4813,457.7036
2022/03/30,456.1378,12.9607,-2.76,1808430,464.8460,465.3872,452.5328
2022/03/29,469.0985,4.6971,+1.01,1984618,471.7757,473.6701,459.8588
2022/03/28,464.4014,20.4414,+4.60,2157319,445.1101,465.5660,442.8485
2022/03/25,443.9600,6.0696,-1.35,1357779,451.8563,453.3253,437.6488
2022/03/24,450.0296,4.0496,+0.91,1621491,448.6088,451.5663,437.8614
2022/03/23,445.9800,14.0625,-3.06,1778251,455.3840,456.1668,444.3466
2022/03/22,460.0425,9.1721,+2.03,2048596,450.8318,462.6665,450.3679
2022/03/21,450.8704,12.9221,-2.79,2115547,457.2203,460.5306,448.0289
2022/03/18,463.7925,5.9150,+1.29,3220835,459.7525,467.1221,452.1849
2022/03/17,457.8775,15.3189,+3.46,2773624,439.5914,459.0856,438.0450
2022/03/16,442.5586,17.6096,+4.14,2573757,430.0908,442.5586,423.3156
2022/03/15,424.9490,14.5458,+3.54,2021131,413.4670,426.6984,411.2827
2022/03/14,410.4032,14.1979,-3.34,2435505,425.1810,430.3614,408.8568
2022/03/11,424.6011,12.6127,-2.88,2383184,442.2396,446.4245,423.8182
2022/03/10,437.2138,11.9556,-2.66,1817166,444.7332,444.7332,428.4864
2022/03/09,449.1694,21.7752,+5.09,2018211,441.1861,454.2145,436.8572
2022/03/08,427.3942,4.6585,+1.10,2761481,423.7409,439.9973,417.6713
2022/03/07,422.7357,26.6367,-5.93,2392907,448.6668,451.1024,421.8852
2022/03/04,449.3724,7.4903,-1.64,1667736,455.0360,458.7280,445.5160
2022/03/03,456.8627,12.8544,-2.74,1697219,473.7281,476.3569,453.2722
2022/03/02,469.7171,16.8364,+3.72,2155362,456.2925,472.9438,452.3202
2022/03/01,452.8807,5.5961,-1.22,2252201,460.1778,468.3253,450.2422
2022/02/28,458.4768,12.3808,-2.63,2612908,462.7970,468.2287,447.8685
2022/02/25,470.8576,9.6166,-2.00,2945137,472.6408,475.6417,458.7087
2022/02/24,480.4742,29.1205,+6.45,2776697,442.6552,481.6050,435.1745
2022/02/23,451.3537,15.7055,-3.36,1861922,475.4291,475.4291,449.9523
2022/02/22,467.0592,1.9813,+0.43,2362032,463.8505,477.8067,460.8930
2022/02/18,465.0779,14.4781,-3.02,2403803,481.0203,481.9626,462.7100
2022/02/17,479.5560,30.8989,-6.05,2219815,505.7481,508.2803,478.1449
2022/02/16,510.4549,0.3576,+0.07,1364121,508.3480,512.6537,494.5611
2022/02/15,510.0973,1.2275,-0.24,2245752,519.7236,521.2628,498.4849
2022/02/14,511.3248,6.5335,-1.26,1205836,518.1772,520.2842,506.5889
2022/02/11,517.8583,21.0406,-3.90,1293875,541.0445,542.8809,514.8244
2022/02/10,538.8989,21.0889,-3.77,1649543,543.7700,556.6148,533.8248
2022/02/09,559.9878,24.3267,+4.54,1728837,547.1334,560.5291,546.0703
2022/02/08,535.6611,8.6501,+1.64,947314,521.2120,537.7598,520.3712
2022/02/07,527.0110,1.2178,+0.23,1460569,526.1605,537.2752,524.3241
2022/02/04,525.7932,8.1476,+1.57,1556697,513.2384,531.8435,513.2384
2022/02/03,517.6456,25.8152,-4.75,1420169,525.6482,534.2500,515.7030
2022/02/02,543.4608,1.4208,+0.26,1288674,543.9006,545.9446,535.8254
2022/02/01,542.0400,5.4124,+1.01,1765456,537.7584,543.0258,529.8235
2022/01/31,536.6276,19.7262,+3.82,2286033,517.8969,537.9904,514.2146
2022/01/28,516.9014,17.0103,+3.40,1821689,502.7326,518.2642,489.2113
2022/01/27,499.8911,9.4137,+1.92,2572378,499.1127,508.3721,496.0929
2022/01/26,490.4774,8.2249,-1.65,2589855,514.2146,518.8634,483.0064
2022/01/25,498.7023,18.0638,-3.50,2502050,499.5915,511.1315,491.9658
2022/01/24,516.7661,5.9246,+1.16,2949077,508.3769,517.7810,483.5960
2022/01/21,510.8415,15.5316,-2.95,2664116,528.6637,534.2404,510.1360
2022/01/20,526.3731,0.7055,-0.13,1990689,533.6025,547.5007,525.5516
2022/01/19,527.0786,7.2777,+1.40,1970714,523.9472,539.8556,522.6908
2022/01/18,519.8009,12.5355,-2.35,1953746,521.2507,530.5049,518.1434
2022/01/14,532.3364,2.0586,-0.39,1782318,532.8583,538.6669,525.1940
2022/01/13,534.3950,23.5245,-4.22,1689992,561.4279,563.0130,533.2159
2022/01/12,557.9195,1.4111,-0.25,1483404,565.2131,569.8171,556.5085
2022/01/11,559.3306,8.2442,+1.50,1755272,547.2301,560.1908,539.8074
2022/01/10,551.0864,2.5419,+0.46,3059239,534.9749,551.7630,525.6337
2022/01/07,548.5445,17.5419,-3.10,2354174,566.7920,569.2565,544.8815
2022/01/06,566.0864,7.0569,-1.23,1853224,566.4822,575.2141,560.1204
2022/01/05,573.1433,23.7676,-3.98,2378363,588.3287,593.4065,572.6365
2022/01/04,596.9109,12.6946,-2.08,2070615,609.6055,609.6055,585.1429
2022/01/03,609.6055,11.3432,-1.83,1409508,617.8692,623.2560,599.7684
2021/12/31,620.9487,0.1352,-0.02,850982,622.0203,624.9357,616.6045
2021/12/30,621.0839,4.5083,-0.72,804207,625.5982,628.1697,620.2054
2021/12/29,625.5922,1.6894,-0.27,674619,626.6155,628.2373,619.8482
2021/12/28,627.2816,2.8864,-0.46,990155,635.0818,636.0230,624.9840
2021/12/27,630.1680,16.4693,+2.68,1107104,616.9617,631.0176,615.9094
2021/12/23,613.6987,3.9097,+0.64,787082,609.7890,616.6914,608.9105
2021/12/22,609.7890,10.2234,+1.71,1051021,599.4595,610.5227,595.3663
2021/12/21,599.5656,15.8707,+2.72,1943073,589.4002,601.5254,580.2388
2021/12/20,583.6949,15.0984,-2.52,2316970,588.0101,593.0590,578.5205
2021/12/17,598.7933,13.2160,-2.16,4491550,599.8842,609.8662,590.9931
2021/12/16,612.0093,13.0616,-2.09,2024787,626.5286,627.4843,603.1761
2021/12/15,625.0709,7.7327,+1.25,2646674,622.8698,626.2776,603.6009
2021/12/14,617.3382,28.2469,-4.38,1932896,632.9387,634.2902,605.1462
2021/12/13,645.5851,8.8911,-1.36,1482153,654.5245,660.3842,645.2569
2021/12/10,654.4762,12.0093,+1.87,1322470,647.1007,654.7465,643.7991
2021/12/09,642.4669,7.2886,-1.12,1222508,650.6919,656.6966,639.7639
2021/12/08,649.7555,0.2317,-0.04,1380600,649.8617,652.7868,643.6929
2021/12/07,649.9872,26.9919,+4.33,1673322,631.5659,651.0974,631.3168
2021/12/06,622.9953,2.5293,-0.40,1747474,627.4843,629.4826,617.3865
2021/12/03,625.5246,23.3235,-3.59,2358890,648.1819,650.1320,612.9940
2021/12/02,648.8481,7.9451,+1.24,2032391,637.3408,654.3410,637.3408
2021/12/01,640.9030,11.1887,+1.78,5370957,644.7742,651.5801,634.8308
2021/11/30,629.7143,40.8933,-6.10,4336122,645.7878,657.9660,629.4247
2021/11/29,670.6076,26.7892,+4.16,2081325,650.9815,673.1272,650.9815
2021/11/26,643.8184,16.4983,-2.50,1325169,660.3167,667.1226,640.7292
2021/11/24,660.3167,12.9071,+1.99,1776580,638.5958,660.9442,636.8349
2021/11/23,647.4096,8.6883,+1.36,2188425,630.1487,648.8674,626.3355
2021/11/22,638.7213,29.6466,-4.44,2255191,668.0011,669.4974,637.9297
2021/11/19,668.3679,61.2048,+10.08,3746284,691.0832,692.0389,657.8647
2021/11/18,607.1631,5.9081,-0.96,1376510,614.4807,614.6738,604.7449
2021/11/17,613.0712,10.3296,-1.66,1369305,621.2962,622.2327,608.0320
2021/11/16,623.4008,18.9407,+3.13,1379502,604.4794,624.0958,604.2767
2021/11/15,604.4601,0.8206,-0.14,1452752,606.4391,611.0342,600.9944
2021/11/12,605.2807,19.4234,+3.32,1224997,589.7767,606.6225,589.7767
2021/11/11,585.8573,2.7899,+0.48,708837,586.2242,589.4533,584.9306
2021/11/10,583.0674,8.4953,-1.44,1240264,590.2208,596.5923,582.6619
2021/11/09,591.5627,2.3845,-0.40,1248303,594.6229,596.7274,590.0567
2021/11/08,593.9472,0.2510,+0.04,1266624,597.5770,598.0404,587.1509
2021/11/05,593.6962,10.3198,-1.71,1479438,606.4391,607.5203,591.5723
2021/11/04,604.0160,2.7127,+0.45,1312686,599.7684,609.6924,598.8348
2021/11/03,601.3033,4.3249,+0.72,1133140,598.4458,603.9967,588.1646
2021/11/02,596.9784,9.2483,+1.57,1061289,590.8966,603.9919,589.3616
2021/11/01,587.7301,16.5852,-2.74,1291357,606.7673,608.1671,586.2821
2021/10/29,604.3153,10.2137,+1.72,1075482,592.1226,604.9042,589.7285
2021/10/28,594.1016,2.2010,+0.37,1105057,591.9199,598.9285,584.8437
2021/10/27,591.9006,4.3635,+0.74,1509998,588.1259,595.9455,585.8863
2021/10/26,587.5371,5.8406,+1.00,1469477,584.6120,592.1226,581.6000
2021/10/25,581.6965,11.3528,+1.99,1144199,570.3437,583.3087,569.3301
2021/10/22,570.3437,12.0189,+2.15,1027381,560.7865,571.1450,559.9177
2021/10/21,558.3248,7.5492,+1.37,755748,550.2639,558.8847,545.7315
2021/10/20,550.7756,2.1914,-0.40,866306,554.4537,555.7473,549.2117
2021/10/19,552.9670,7.9547,+1.46,1013046,548.4780,553.2856,544.4331
2021/10/18,545.0123,11.9707,+2.25,1369220,533.6209,545.2536,529.2863
2021/10/15,533.0416,8.0898,+1.54,1660146,526.1295,534.1229,524.4595
2021/10/14,524.9518,8.5339,+1.65,1107261,524.5367,530.8792,523.2334
2021/10/13,516.4179,7.6168,+1.50,897685,515.7518,520.9551,513.8162
2021/10/12,508.8011,1.5833,+0.31,904376,508.7721,514.9312,505.9918
2021/10/11,507.2178,5.5123,-1.08,1062036,510.4422,514.9891,506.8607
2021/10/08,512.7301,6.3812,-1.23,970619,520.3952,522.6445,511.1083
2021/10/07,519.1113,3.6685,+0.71,989848,519.5360,525.8882,518.4838
2021/10/06,515.4428,1.2148,+0.24,1014155,507.5465,518.6438,507.1512
2021/10/05,514.2280,7.7132,+1.52,993933,510.0918,517.6797,507.5272
2021/10/04,506.5148,17.9525,-3.42,1510416,520.3407,522.1099,500.3925
2021/10/01,524.4673,4.3001,+0.83,1493497,521.8351,526.4727,514.1605
2021/09/30,520.1672,7.1539,-1.36,1598215,529.6929,534.6101,519.8779
2021/09/29,527.3211,1.8511,+0.35,1031868,529.2012,533.3181,525.4989
2021/09/28,525.4700,21.2112,-3.88,1708931,540.3468,542.6029,524.9590
2021/09/27,546.6812,10.5189,-1.89,1326683,552.3118,553.2567,541.1759
2021/09/24,557.2001,0.5303,+0.10,1212148,552.8325,558.4052,549.8918
2021/09/23,556.6698,14.0476,+2.59,1281025,545.8810,557.5761,544.8204
2021/09/22,542.6222,7.2794,+1.36,945156,540.5010,544.7433,533.7906
2021/09/21,535.3428,0.8195,+0.15,786340,539.6719,539.7972,533.6652
2021/09/20,534.5233,7.1829,-1.33,1348385,533.1832,540.1250,527.8803
2021/09/17,541.7062,10.6346,-1.93,1930048,552.3022,552.3022,540.5685
2021/09/16,552.3408,0.7424,+0.13,1037193,550.4414,554.1148,547.5779
2021/09/15,551.5984,3.7024,+0.68,1063872,549.5640,551.8535,544.3528
2021/09/14,547.8960,10.4610,+1.95,1226774,545.6592,550.7234,542.8343
2021/09/13,537.4350,9.6029,-1.76,1237306,549.7472,550.9813,531.4937
2021/09/10,547.0379,0.3568,-0.07,1129074,550.9235,552.4565,546.7053
2021/09/09,547.3947,0.1543,+0.03,804160,548.1467,552.3215,546.2715
2021/09/08,547.2404,6.8647,+1.27,952303,539.4405,548.0985,538.1582
2021/09/07,540.3757,2.6803,-0.49,914836,543.5381,543.5381,535.5935
2021/09/03,543.0560,3.3359,+0.62,790957,539.4405,546.4209,538.0346
2021/09/02,539.7201,3.2202,-0.59,1126667,543.4899,545.0181,535.7230
2021/09/01,542.9403,2.8732,-0.53,1306393,546.9608,547.4236,542.4968
2021/08/31,545.8135,0.5207,+0.10,1276953,546.7776,546.7776,543.0560
2021/08/30,545.2928,0.3568,-0.07,927104,546.8066,547.9346,543.3347
2021/08/27,545.6496,12.8232,+2.41,1466838,534.7451,545.9485,533.8195
2021/08/26,532.8264,2.8635,-0.53,1614910,528.0478,536.6541,526.5878
2021/08/25,535.6899,1.5330,+0.29,2321041,556.6119,562.0594,531.2549
2021/08/24,534.1569,1.4751,+0.28,1723044,534.1377,535.1307,529.1530
2021/08/23,532.6818,6.9322,+1.32,1419591,529.1723,533.9448,528.5456
2021/08/20,525.7496,1.7933,+0.34,1289608,527.9478,529.9725,523.5031
2021/08/19,523.9563,10.0850,+1.96,1550933,509.6387,528.2564,508.9059
2021/08/18,513.8713,2.7767,-0.54,750881,515.8912,520.2443,513.0325
2021/08/17,516.6480,6.8262,-1.30,1119280,522.6739,522.6739,514.9897
2021/08/16,523.4742,2.1211,+0.41,814457,521.0735,523.4935,516.6577
2021/08/13,521.3531,3.6831,+0.71,561311,517.1301,521.8014,515.3464
2021/08/12,517.6700,4.5218,+0.88,540603,513.2060,518.8463,511.2199
2021/08/11,513.1482,2.0247,+0.40,793549,510.4100,513.9291,507.7393
2021/08/10,511.1235,4.9171,-0.95,887784,518.9331,520.6300,509.7544
2021/08/09,516.0406,0.9063,+0.18,760388,515.0186,517.9785,512.8011
2021/08/06,515.1343,3.5866,-0.69,1078932,515.6357,518.5956,511.0078
2021/08/05,518.7209,1.8800,+0.36,930312,517.4965,521.2470,515.3753
2021/08/04,516.8409,5.6692,+1.11,735458,511.7984,517.9111,509.4941
2021/08/03,511.1717,2.5743,+0.51,903356,509.9279,513.0325,505.4639
2021/08/02,508.5974,2.3718,-0.46,889340,513.0325,515.5971,506.5341
2021/07/30,510.9692,4.3001,+0.85,938921,506.3702,511.8273,506.1967
2021/07/29,506.6691,2.3236,+0.46,650789,502.5233,510.4582,502.5233
2021/07/28,504.3455,0.1832,+0.04,720544,505.7821,508.3274,502.2533
2021/07/27,504.1623,6.1706,-1.21,1019860,509.0891,511.4995,497.9243
2021/07/26,510.3329,0.8485,+0.17,747309,509.2144,511.2199,504.3744
2021/07/23,509.4844,6.8647,+1.37,1010718,506.1003,513.2446,503.3042
2021/07/22,502.6197,6.6141,+1.33,951815,497.6061,503.3717,495.6682
2021/07/21,496.0056,5.6788,+1.16,1160508,488.5431,496.1358,485.0433
2021/07/20,490.3268,9.4294,+1.96,1320690,482.1315,494.2894,481.1192
2021/07/19,480.8974,2.6322,-0.54,1369360,480.9553,484.4648,478.2171
2021/07/16,483.5296,1.6004,-0.33,754945,486.5473,486.8944,482.8932
2021/07/15,485.1300,2.3044,-0.47,1142371,487.8297,488.2201,482.4401
2021/07/14,487.4344,1.0894,-0.22,1507690,491.1945,493.3446,486.4951
2021/07/13,488.5238,1.5330,+0.31,1040220,486.7980,491.6862,485.5736
2021/07/12,486.9908,1.1280,+0.23,956589,488.5817,489.4976,484.9661
2021/07/09,485.8628,1.5137,-0.31,1316594,484.9129,487.4633,477.9664
2021/07/08,487.3765,0.0000,0,1027479,482.7155,488.1469,478.6997
2021/07/07,487.3765,4.9307,+1.02,964655,486.8372,489.8226,484.5163
2021/07/06,482.4458,3.2068,+0.67,1226632,483.3029,484.1022,479.8023
2021/07/02,479.2390,6.3464,+1.34,1113866,476.5618,482.3110,476.2969
2021/07/01,472.8926,0.8474,+0.18,940342,475.4254,475.4254,469.2139
2021/06/30,472.0452,1.1845,-0.25,991782,472.4882,474.3853,469.4426
2021/06/29,473.2297,4.2469,+0.91,745984,467.6634,473.4801,466.5463
2021/06/28,468.9828,0.8668,+0.19,970408,468.8576,473.2201,467.6779
2021/06/25,468.1160,3.3417,+0.72,1551871,463.2046,472.0644,459.3622
2021/06/24,464.7743,3.8809,+0.84,1130286,464.1773,468.2701,462.5401
2021/06/23,460.8934,0.9919,+0.22,1265568,459.9015,464.3699,459.9015
2021/06/22,459.9015,0.3274,-0.07,1537480,459.6607,462.0008,457.5517
2021/06/21,460.2289,4.3336,+0.95,1114793,459.5355,463.3298,454.5470
2021/06/18,455.8953,1.2808,-0.28,1631513,459.4392,460.7971,454.8745
2021/06/17,457.1761,5.1907,+1.15,1498098,451.5424,458.8710,450.0305
2021/06/16,451.9854,1.3193,-0.29,1277514,451.8506,456.2034,447.5362
2021/06/15,453.3047,6.0286,-1.31,1411789,460.5082,460.5082,451.5135
2021/06/14,459.3333,4.6322,+1.02,998464,454.8648,459.3525,452.4958
2021/06/11,454.7011,0.7993,+0.18,1527556,452.9099,457.0702,451.3594
2021/06/10,453.9018,2.8891,+0.64,1193936,450.0401,456.1938,449.0000
2021/06/09,451.0127,2.9564,+0.66,955128,448.8845,453.2084,448.2103
2021/06/08,448.0563,7.7524,+1.76,1574673,444.1079,448.7689,441.8544
2021/06/07,440.3039,4.5455,-1.02,901436,442.5670,444.7531,437.9830
2021/06/04,444.8494,10.9496,+2.52,1454490,438.1564,446.4769,437.2223
2021/06/03,433.8998,4.9307,+1.15,1547323,423.2488,435.2192,421.8042
2021/06/02,428.9691,6.5293,+1.55,1371781,421.8620,430.5485,419.8906
2021/06/01,422.4398,0.4141,-0.10,984439,425.3674,425.6082,418.5781
2021/05/28,422.8539,6.7219,+1.62,1507105,419.3967,425.6563,417.7788
2021/05/27,416.1320,10.3044,-2.42,3088645,420.0804,421.5828,411.6155
2021/05/26,426.4364,3.6788,+0.87,2085801,424.6163,429.1762,421.4094
2021/05/25,422.7576,1.3675,-0.32,1526099,423.7399,425.6900,420.7257
2021/05/24,424.1251,6.7219,+1.61,1170614,422.9599,426.3401,421.8717
2021/05/21,417.4032,1.7720,-0.42,1217847,422.2376,425.0400,415.7950
2021/05/20,419.1752,13.5497,+3.34,1289913,407.7152,420.8316,407.7152
2021/05/19,405.6255,3.6306,+0.90,1371892,394.3773,406.1503,393.6069
2021/05/18,401.9949,1.9164,-0.47,1198025,405.4328,408.9335,401.6482
2021/05/17,403.9113,2.0802,+0.52,1335673,399.7317,403.9835,394.3196
2021/05/14,401.8311,13.2319,+3.41,1236905,391.8157,403.0734,388.6185
2021/05/13,388.5992,3.4958,+0.91,1456077,386.8176,390.9779,382.3203
2021/05/12,385.1034,4.7188,+1.24,2342984,379.1230,387.3665,376.6281
2021/05/11,380.3846,2.3594,+0.62,968436,375.9354,385.4116,371.3996
2021/05/10,378.0252,8.1857,-2.12,1043991,385.4309,386.6635,377.7844
2021/05/07,386.2109,6.7123,+1.77,1002609,385.0456,391.0549,381.7714
2021/05/06,379.4986,1.9549,+0.52,1012805,376.3592,379.9175,371.8715
2021/05/05,377.5437,5.3737,-1.40,1027854,386.2494,388.1755,376.3592
2021/05/04,382.9174,13.2126,-3.34,1260827,394.0210,394.0210,381.2417
2021/05/03,396.1300,0.7897,-0.20,801440,399.4525,400.2999,393.8766
2021/04/30,396.9197,3.8425,-0.96,1463342,398.0657,402.6208,396.3949
2021/04/29,400.7622,0.3371,+0.08,661163,401.7734,402.6401,396.3463
2021/04/28,400.4251,0.3082,-0.08,562736,399.9147,402.0237,396.1878
2021/04/27,400.7333,2.0898,-0.52,643239,404.4698,405.3221,398.6917
2021/04/26,402.8231,3.2454,+0.81,744046,399.1154,403.1986,395.7063
2021/04/23,399.5777,7.8390,+2.00,1019156,394.0595,400.8103,393.3276
2021/04/22,391.7387,2.0897,-0.53,790907,392.3550,396.2938,389.2829
2021/04/21,393.8284,3.4476,+0.88,890324,390.8912,394.6277,387.1210
2021/04/20,390.3808,2.9661,+0.77,1137834,386.2302,391.8831,384.4775
2021/04/19,387.4147,13.0297,-3.25,1174374,400.4444,401.5808,386.1435
2021/04/16,400.4444,1.6756,-0.42,1010492,403.6801,404.6432,398.9517
2021/04/15,402.1200,6.0381,+1.52,949913,399.3273,402.8808,397.8924
2021/04/14,396.0819,7.3671,-1.83,1055657,407.1374,407.1374,395.2633
2021/04/13,403.4490,2.8987,+0.72,1609846,401.0415,404.0172,398.9902
2021/04/12,400.5503,1.6179,-0.40,1299626,400.1636,401.7011,397.2327
2021/04/09,402.1682,6.6256,+1.68,1042044,397.1605,402.8967,394.1558
2021/04/08,395.5426,9.8761,+2.56,1452694,388.0610,396.6581,387.4456
2021/04/07,385.6665,0.1443,-0.04,742192,384.8107,387.6523,383.7144
2021/04/06,385.8108,0.9039,-0.23,845691,384.2625,389.4650,381.6276
2021/04/05,386.7147,6.6449,+1.75,1532405,382.3200,387.4360,381.1757
2021/04/01,380.0698,11.7032,+3.18,1502715,374.0018,382.1662,373.5883
2021/03/31,368.3666,9.0394,+2.52,1573195,363.5680,371.1938,362.0198
2021/03/30,359.3272,0.9231,-0.26,1037846,356.8461,361.6917,354.5959
2021/03/29,360.2503,1.8849,-0.52,1696255,363.1545,365.1259,355.1777
2021/03/26,362.1352,4.0293,+1.13,2191212,354.9998,362.5871,353.8266
2021/03/25,358.1059,4.7120,-1.30,1570975,360.1830,361.4524,351.1436
2021/03/24,362.8179,5.6833,-1.54,1183840,369.5783,371.3765,362.2794
2021/03/23,368.5012,0.1731,+0.05,1200585,371.2179,372.9248,366.8953
2021/03/22,368.3281,1.6732,+0.46,1527405,367.1645,371.2515,365.4913
2021/03/19,366.6549,7.0296,+1.95,4599611,359.8945,370.5303,358.9714
2021/03/18,359.6253,17.0691,-4.53,1942937,369.3379,370.8380,359.1348
2021/03/17,376.6944,3.5581,-0.94,1836297,377.7811,380.6468,370.9534
2021/03/16,380.2525,1.3655,-0.36,1120233,385.1472,386.4743,377.4349
2021/03/15,381.6180,0.8558,+0.22,1464358,378.2811,382.7335,375.4058
2021/03/12,380.7622,3.0964,-0.81,1357126,379.0889,381.4161,372.5209
2021/03/11,383.8586,15.7228,+4.27,1502982,375.5020,385.6473,375.3481
2021/03/10,368.1358,1.6925,-0.46,1444183,379.4351,379.4351,367.5877
2021/03/09,369.8283,13.6169,+3.82,1841337,366.2702,373.7806,365.2124
2021/03/08,356.2114,11.3378,-3.08,1718852,366.9049,373.2229,355.6152
2021/03/05,367.5492,5.6545,+1.56,1651630,367.2799,369.2705,353.6727
2021/03/04,361.8947,11.9052,-3.18,2006967,373.5210,377.0406,359.2406
2021/03/03,373.7999,12.5398,-3.25,1424492,383.7721,385.6281,373.5595
2021/03/02,386.3397,4.4812,-1.15,1246286,390.8979,390.9267,383.3778
2021/03/01,390.8209,15.6459,+4.17,1606686,381.1276,392.2153,379.0985
2021/02/26,375.1750,2.0771,+0.56,1835721,375.4827,381.3968,370.2322
2021/02/25,373.0979,24.2334,-6.10,2233814,391.9557,393.2635,371.8189
2021/02/24,397.3313,13.5496,+3.53,3439916,373.3960,399.4949,368.1166
2021/02/23,383.7817,2.3657,-0.61,2582096,382.8489,387.3494,375.2712
2021/02/22,386.1474,9.4240,-2.38,1226269,392.5038,393.1529,385.8492
2021/02/19,395.5714,3.8851,-0.97,1339315,397.4947,401.7837,393.4606
2021/02/18,399.4565,0.4039,-0.10,1086046,398.4852,403.8897,392.7635
2021/02/17,399.8604,6.2026,-1.53,1211227,403.8223,404.2839,396.2446
2021/02/16,406.0630,7.9528,+2.00,1433694,401.5240,407.4862,401.2644
2021/02/12,398.1102,4.9717,+1.26,1109417,394.2732,398.5718,391.5037
2021/02/11,393.1385,11.0877,+2.90,1275824,384.6568,393.6001,381.3776
2021/02/10,382.0508,5.5199,+1.47,1196238,380.6564,383.7336,375.6078
2021/02/09,376.5309,1.7405,+0.46,850341,371.0496,377.7907,369.8860
2021/02/08,374.7904,0.3462,+0.09,934491,378.3869,379.9928,372.0401
2021/02/05,374.4442,3.2215,-0.85,901896,377.4830,381.2622,372.8478
2021/02/04,377.6657,12.0975,+3.31,1582790,367.2896,377.8772,365.4240
2021/02/03,365.5682,3.8081,-1.03,839617,368.0012,368.9628,362.5390
2021/02/02,369.3763,10.1261,+2.82,1168437,361.8947,370.6842,361.1254
2021/02/01,359.2502,11.8763,+3.42,1310415,351.4705,363.9334,350.6051
2021/01/29,347.3739,8.3856,-2.36,1584360,352.3072,355.7018,345.8930
2021/01/28,355.7595,6.5777,+1.88,1451081,352.2927,362.2198,351.6821
2021/01/27,349.1818,11.2416,-3.12,2005147,353.8891,360.6158,345.5468
2021/01/26,360.4234,0.3558,+0.10,689976,359.6830,361.7120,356.0768
2021/01/25,360.0676,0.4039,-0.11,1651552,363.5392,364.3085,350.3358
2021/01/22,360.4715,6.6353,-1.81,1196518,369.6552,369.6552,360.2696
2021/01/21,367.1068,7.4143,-1.98,1806035,371.3958,373.5210,363.3180
2021/01/20,374.5211,4.3370,+1.17,2133629,376.6430,382.8489,374.0595
2021/01/19,370.1841,13.4053,+3.76,1641455,360.4907,371.5592,360.0003
2021/01/15,356.7788,5.2890,+1.50,1661543,350.8839,359.5003,349.1049
2021/01/14,351.4898,0.5289,+0.15,1191905,351.2762,355.4517,350.9705
2021/01/13,350.9609,0.6827,-0.19,1060243,350.9705,353.2400,346.6720
2021/01/12,351.6436,6.4142,-1.79,1292080,357.5674,358.3367,348.4510
2021/01/11,358.0578,2.0387,-0.57,1575300,361.7024,362.3082,352.3264
2021/01/08,360.0965,6.1738,+1.74,1309331,355.6056,360.6446,354.4566
2021/01/07,353.9227,7.3256,+2.11,1155064,348.7478,355.4570,345.9539
2021/01/06,346.5971,7.5561,-2.13,1601521,344.8402,349.4871,343.4192
2021/01/05,354.1532,2.7170,-0.76,1164289,355.6605,359.0785,352.6554
2021/01/04,356.8702,7.8249,-2.15,1916240,364.5895,369.2748,351.5609
2020/12/31,364.6951,4.1285,+1.15,1023359,360.0578,365.3000,359.9932
2020/12/30,360.5666,2.6691,-0.73,732412,365.6264,366.7353,360.3650
2020/12/29,363.2357,2.6787,-0.73,667219,367.9114,369.4620,362.2660
2020/12/28,365.9144,0.0384,-0.01,908084,372.1071,372.4623,362.9573
2020/12/24,365.9528,4.0708,+1.12,460296,362.4484,366.5577,362.3716
2020/12/23,361.8820,2.9283,-0.80,938378,363.8886,368.6219,361.6804
2020/12/22,364.8103,3.8788,+1.07,1045264,360.9987,364.9735,358.6752
2020/12/21,360.9315,4.0132,-1.10,1039090,359.7698,362.7461,353.7211
2020/12/18,364.9447,0.2016,-0.06,2676360,362.1124,365.6072,360.5474
2020/12/17,365.1463,10.6187,+3.00,2047604,357.0911,365.7896,355.5645
2020/12/16,354.5276,8.4777,+2.45,1643452,346.8948,355.5837,345.6658
2020/12/15,346.0499,4.8773,-1.39,1723836,351.2248,353.0874,345.7811
2020/12/14,350.9272,1.1425,+0.33,1422745,349.8999,354.5708,349.0986
2020/12/11,349.7847,1.7474,+0.50,1243398,347.6725,350.1015,343.7168
2020/12/10,348.0373,1.6130,-0.46,1561516,346.8180,349.8567,343.1888
2020/12/09,349.6503,8.0744,-2.26,2580753,354.1916,355.3725,346.7028
2020/12/08,357.7247,0.3840,+0.11,1776098,357.5423,365.3192,355.7421
2020/12/07,357.3407,3.4468,+0.97,1989456,353.1450,359.0593,352.6266
2020/12/04,353.8939,4.7045,+1.35,1462763,350.5816,357.1007,349.5447
2020/12/03,349.1894,7.8824,+2.31,1917639,341.0189,352.0505,339.3676
2020/12/02,341.3070,1.2769,-0.37,792311,341.4702,341.9406,336.0893
2020/12/01,342.5839,4.6085,+1.36,1134144,341.8062,344.9554,338.2346
2020/11/30,337.9754,2.1315,-0.63,1953707,339.3484,342.2191,334.2406
2020/11/27,340.1069,3.6196,+1.08,550249,339.8092,343.7552,337.7930
2020/11/25,336.4873,5.0598,+1.53,1249183,331.9268,338.4075,331.2451
2020/11/24,331.4275,1.7954,+0.54,1088907,331.2355,333.8566,328.8544
2020/11/23,329.6321,4.1861,-1.25,1593139,334.1830,336.3432,324.2460
2020/11/20,333.8182,13.2014,-3.80,2468727,344.5329,345.6265,333.6454
2020/11/19,347.0196,6.4327,+1.89,1597357,339.1083,348.8918,335.1239
2020/11/18,340.5869,3.8500,-1.12,950325,342.0271,345.8867,339.6467
2020/11/17,344.4369,1.6226,+0.47,993635,340.8173,345.6370,339.3292
2020/11/16,342.8143,0.1056,+0.03,1206986,342.3151,346.8084,339.2332
2020/11/13,342.7087,7.1431,+2.13,1228485,337.8026,344.0289,336.4489
2020/11/12,335.5656,2.7747,-0.82,987109,338.8875,342.4111,333.7798
2020/11/11,338.3403,9.7355,+2.96,1173850,331.8596,342.3290,329.2481
2020/11/10,328.6048,17.1667,-4.96,1608328,343.8609,343.8609,325.8109
2020/11/09,345.7715,7.5657,+2.24,1895772,351.3497,362.1028,344.9746
2020/11/06,338.2058,1.2481,+0.37,648945,337.4570,339.7324,331.0435
2020/11/05,336.9577,7.6424,+2.32,1118981,336.9193,337.9658,332.3972
2020/11/04,329.3153,17.5411,+5.63,1400555,326.1662,334.0294,320.7800
2020/11/03,311.7742,7.9784,+2.63,1161186,307.1465,313.8960,305.1495
2020/11/02,303.7958,1.6706,+0.55,1155983,305.0823,309.0283,299.7153
2020/10/30,302.1252,10.4939,-3.36,1752798,309.0667,312.1919,299.6001
2020/10/29,312.6191,6.8167,+2.23,934067,306.6857,316.2450,306.5897
2020/10/28,305.8024,11.2908,-3.56,987822,310.5645,312.1295,305.2743
2020/10/27,317.0932,2.0930,+0.66,873598,317.4004,320.0983,316.1715
2020/10/26,315.0002,6.0774,-1.89,966394,317.7076,318.8454,310.5357
2020/10/23,321.0776,2.4963,+0.78,751967,320.0215,321.2408,316.8340
2020/10/22,318.5813,0.9313,-0.29,836751,319.6567,320.5880,312.3311
2020/10/21,319.5126,1.6514,-0.51,850759,322.2969,323.2426,318.0917
2020/10/20,321.1640,0.7297,-0.23,1178234,324.8508,325.4413,320.1463
2020/10/19,321.8937,5.6454,-1.72,856989,329.6225,330.4962,320.7224
2020/10/16,327.5391,0.7873,-0.24,822849,330.0642,332.9829,327.3471
2020/10/15,328.3264,3.1971,-0.96,822877,327.6735,329.4881,324.5148
2020/10/14,331.5235,4.1189,-1.23,933682,337.4666,337.4666,327.6159
2020/10/13,335.6424,1.2865,-0.38,1165394,338.5995,339.6268,333.6483
2020/10/12,336.9289,8.7561,+2.67,1636584,331.4083,339.8572,328.5568
2020/10/09,328.1728,6.5479,+2.04,881997,323.1898,328.5472,322.3766
2020/10/08,321.6249,0.6433,+0.20,821055,322.9402,324.2844,319.9639
2020/10/07,320.9816,9.1337,+2.93,1289751,314.1098,322.8984,313.4772
2020/10/06,311.8479,5.7313,-1.80,1087682,317.5313,319.9849,310.4391
2020/10/05,317.5792,9.0761,+2.94,1352784,316.5921,318.1926,313.5156
2020/10/02,308.5031,10.0154,-3.14,941894,312.5955,315.7774,306.6054
2020/10/01,318.5185,5.8751,+1.88,1138906,316.9850,320.0903,316.1320
2020/09/30,312.6434,2.4631,+0.79,1883196,309.5861,315.4516,306.3754
2020/09/29,310.1803,1.8306,-0.59,1171219,312.0013,315.5282,309.6148
2020/09/28,312.0109,6.7568,+2.21,1183525,311.8959,312.5667,308.8577
2020/09/25,305.2541,9.4979,+3.21,1293602,297.0117,305.5320,294.9703
2020/09/24,295.7562,3.5078,+1.20,1269735,291.9992,299.6282,289.3828
2020/09/23,292.2484,11.8364,-3.89,1473408,302.2830,302.8389,290.4514
2020/09/22,304.0848,9.1816,+3.11,2191070,296.9255,304.8899,293.9400
2020/09/21,294.9032,7.2552,+2.52,1663816,283.9677,295.2099,283.0860
2020/09/18,287.6480,6.8048,-2.31,2383580,294.9032,299.9349,284.4278
2020/09/17,294.4528,5.8942,-1.96,1873464,292.2293,295.5741,288.8077
2020/09/16,300.3470,8.7120,-2.82,1741224,311.3496,312.6626,299.6090
2020/09/15,309.0590,3.9870,+1.31,1159855,308.0143,310.6643,306.0975
2020/09/14,305.0720,3.1724,+1.05,927421,306.8546,307.8897,302.6376
2020/09/11,301.8996,5.1659,-1.68,996631,310.3528,311.8192,298.4589
2020/09/10,307.0655,7.4947,-2.38,1308577,315.8733,318.8252,303.8835
2020/09/09,314.5602,7.0826,+2.30,1359790,310.9087,317.5265,306.4381
2020/09/08,307.4776,11.7789,-3.69,1647082,307.4488,315.6624,306.3530
2020/09/04,319.2565,6.2488,-1.92,1272374,323.7131,326.3679,311.1100
2020/09/03,325.5053,13.9449,-4.11,1638200,338.4247,338.4247,322.6588
2020/09/02,339.4502,6.7089,+2.02,1500440,334.1693,340.8782,333.0192
2020/09/01,332.7413,1.7155,+0.52,1121252,330.5753,334.8019,329.2719
2020/08/31,331.0258,0.6900,-0.21,1117273,331.5050,331.8393,327.8726
2020/08/28,331.7158,1.0638,+0.32,1241056,332.3100,332.9330,329.5402
2020/08/27,330.6520,2.5494,+0.78,1962487,327.6234,334.9744,324.9590
2020/08/26,328.1026,5.6738,+1.76,3243462,342.0187,345.0281,324.0102
2020/08/25,322.4288,3.1628,+0.99,1792955,318.6718,323.3393,316.2291
2020/08/24,319.2660,10.4371,+3.38,2178992,311.7425,320.2532,311.1291
2020/08/21,308.8289,2.0797,+0.68,1225769,306.5575,309.1836,305.1582
2020/08/20,306.7492,9.1145,+3.06,1130598,297.1076,307.3194,297.0501
2020/08/19,297.6347,1.5814,+0.53,1034206,295.8329,300.8933,293.1397
2020/08/18,296.0533,0.8530,+0.29,788544,297.1076,298.0660,293.8298
2020/08/17,295.2003,2.3672,+0.81,745942,295.0374,297.1219,294.0694
2020/08/14,292.8331,1.1213,-0.38,621912,294.7595,295.9000,292.1430
2020/08/13,293.9544,1.8785,+0.64,793854,292.5551,297.7880,292.5551
2020/08/12,292.0759,5.3192,+1.85,849270,287.4564,292.8906,287.4084
2020/08/11,286.7567,4.7729,-1.64,864350,291.0025,292.4593,286.0571
2020/08/10,291.5296,5.0317,-1.70,593702,295.2866,295.9096,288.4915
2020/08/07,296.5613,2.6835,-0.90,784671,298.4398,299.4317,293.4848
2020/08/06,299.2448,1.2267,+0.41,747846,297.4526,299.4269,295.0614
2020/08/05,298.0181,0.2971,+0.10,900480,298.3152,299.7144,295.8041
2020/08/04,297.7210,1.0159,-0.34,1253057,297.8839,299.3886,294.4624
2020/08/03,298.7369,5.1084,+1.74,1302775,296.9542,300.4141,296.1204
2020/07/31,293.6285,2.3289,+0.80,1059701,292.0951,293.7435,286.4404
2020/07/30,291.2996,1.6868,+0.58,904968,284.7441,292.3634,282.7793
2020/07/29,289.6128,5.1563,+1.81,1163958,286.4404,292.5264,285.6258
2020/07/28,284.4565,0.6277,+0.22,1095842,280.1245,288.1656,280.0574
2020/07/27,283.8288,7.1546,+2.59,1281194,278.3898,285.0603,278.3802
2020/07/24,276.6742,2.7507,-0.98,1245146,278.3706,279.0032,274.4411
2020/07/23,279.4249,4.6866,-1.65,1321030,283.6323,286.4500,278.1310
2020/07/22,284.1115,1.3801,-0.48,1194772,287.6768,287.6768,281.9838
2020/07/21,285.4916,0.8051,-0.28,1087677,286.9676,288.1991,284.5045
2020/07/20,286.2967,9.0570,+3.27,1064162,277.4601,287.9164,276.9905
2020/07/17,277.2397,3.4215,+1.25,935398,275.9554,278.3419,272.7543
2020/07/16,273.8182,4.0924,-1.47,1177479,275.9554,276.4155,269.4957
2020/07/15,277.9106,4.4087,+1.61,1592320,276.0513,278.7814,272.9268
2020/07/14,273.5019,11.7597,-4.12,3240867,282.3193,282.4535,269.3041
2020/07/13,285.2616,9.4979,-3.22,1443138,296.1492,298.2864,284.6291
2020/07/10,294.7595,0.3450,-0.12,795510,294.9799,295.8041,290.3939
2020/07/09,295.1045,1.8593,-0.63,1072214,296.8392,298.0660,291.3092
2020/07/08,296.9638,2.3441,+0.80,809533,297.1169,298.5808,294.4666
2020/07/07,294.6197,1.6457,-0.56,1184545,295.8157,301.1210,293.9117
2020/07/06,296.2654,4.1620,+1.42,1214512,294.6867,300.5613,294.6867
2020/07/02,292.1034,2.6024,+0.90,1284158,291.6728,294.4762,290.0081
2020/07/01,289.5010,6.1138,+2.16,1728104,284.5544,291.7398,284.1813
2020/06/30,283.3872,7.9126,+2.87,1695151,276.6515,285.0424,275.5512
2020/06/29,275.4746,1.3394,+0.49,1009283,273.4558,277.2542,269.5713
2020/06/26,274.1352,2.1336,-0.77,1439046,274.1160,277.4600,271.6475
2020/06/25,276.2688,2.5068,+0.92,1010257,273.8768,276.8333,269.7914
2020/06/24,273.7620,7.3672,-2.62,994001,278.8425,283.2054,271.9154
2020/06/23,281.1292,0.2774,-0.10,1349895,282.2295,283.6742,279.7993
2020/06/22,281.4066,7.4628,+2.72,1232490,273.4463,281.4832,272.9583
2020/06/19,273.9438,0.8707,-0.32,2592653,277.0151,279.3687,272.9392
2020/06/18,274.8145,0.7080,+0.26,1177897,272.6904,275.4651,270.1645
2020/06/17,274.1065,1.9996,-0.72,894185,278.7181,279.3304,273.6089
2020/06/16,276.1061,5.2048,+1.92,1281056,277.4456,280.7178,273.0827
2020/06/15,270.9013,2.3537,+0.88,985946,263.1131,272.8148,262.3381
2020/06/12,268.5476,2.6885,+1.01,1226670,271.6380,274.6327,264.0220
2020/06/11,265.8591,17.2219,-6.08,1455671,281.1962,282.2295,265.7155
2020/06/10,283.0810,4.4203,+1.59,1120442,281.2440,285.1189,278.5172
2020/06/09,278.6607,1.7222,-0.61,1341008,279.9811,282.4878,278.0388
2020/06/08,280.3829,4.7265,+1.71,1115464,273.0253,280.6125,271.8293
2020/06/05,275.6564,4.9656,+1.83,1958709,268.6337,276.5080,263.7159
2020/06/04,270.6908,6.8696,-2.47,1376309,274.5274,275.9913,268.8155
2020/06/03,277.5604,2.7938,+1.02,1368825,276.0870,278.1536,273.3028
2020/06/02,274.7666,2.6503,-0.96,1184389,277.4169,277.4647,271.4418
2020/06/01,277.4169,0.3540,-0.13,1341841,276.6132,279.1104,275.6229
2020/05/29,277.7709,6.1712,+2.27,1766164,273.5037,278.2971,269.7627
2020/05/28,271.5997,2.5450,+0.95,1795772,269.8105,277.6944,269.2173
2020/05/27,269.0547,0.9472,-0.35,1546236,270.9059,270.9059,259.8027
2020/05/26,270.0019,5.1761,-1.88,1855932,278.8622,279.3209,268.8251
2020/05/22,275.1780,2.2867,-0.82,1850124,273.8099,277.1228,268.4615
2020/05/21,277.4647,0.4689,-0.17,1419706,278.5650,280.7847,274.0203
2020/05/20,277.9336,3.5784,+1.30,1482365,276.1540,280.9378,276.1540
2020/05/19,274.3552,3.4635,-1.25,1378138,278.3163,280.3159,274.1543
2020/05/18,277.8187,5.7215,+2.10,1241499,278.2971,282.6026,274.0299
2020/05/15,272.0972,3.9419,+1.47,888370,265.2563,272.7574,264.6344
2020/05/14,268.1553,2.9756,+1.12,954133,263.0557,268.4280,259.1999
2020/05/13,265.1797,4.3247,-1.60,1000425,269.4087,273.8003,261.7258
2020/05/12,269.5044,5.8937,-2.14,975665,276.4984,277.2447,268.5954
2020/05/11,275.3981,7.1567,+2.67,922104,268.3467,276.7759,267.5478
2020/05/08,268.2414,0.4210,-0.16,1264174,269.8105,270.7290,265.1797
2020/05/07,268.6624,4.7169,+1.79,998385,266.9306,271.7624,266.2226
2020/05/06,263.9455,1.3299,+0.51,788610,264.0795,266.2131,262.0511
