일자,종가,대비,등락률,거래량,시가,고가,저가
2026/09/17,1152.4400,14.6200,+1.28,781855,1150.2700,1159.7500,1138.2600
2026/09/16,1137.8200,1.7100,+0.15,1476270,1137.3100,1151.2300,1132.6300
2026/09/15,1136.1100,2.1700,-0.19,1887653,1156.6300,1161.0000,1131.5900
2026/09/14,1138.2800,22.5800,+2.02,2131112,1142.2000,1153.9500,1130.5001
2026/09/11,1115.7000,7.3000,-0.65,1838397,1129.4050,1131.4400,1113.2919
2026/09/10,1123.0000,1.2100,-0.11,1996501,1126.0800,1133.7900,1120.5200
2026/09/09,1124.2100,0.3000,+0.03,2045995,1127.6100,1138.7900,1119.0000
2026/09/08,1123.9100,25.4500,-2.21,2403019,1133.0000,1134.5300,1113.5500
2026/09/04,1149.3600,10.2400,-0.88,2220270,1150.6100,1158.4400,1138.3060
2026/09/03,1159.6000,0.4800,-0.04,2553292,1170.0000,1171.6600,1137.5000
2026/09/02,1160.0800,0.0800,+0.01,2446970,1164.1500,1187.8300,1158.0000
2026/09/01,1160.0000,3.2700,+0.28,2522522,1188.0000,1188.3250,1156.8501
2026/08/31,1156.7300,17.8800,-1.52,3057885,1168.4700,1171.4479,1147.0000
2026/08/28,1174.6100,1.4900,-0.13,2451810,1172.6600,1180.0000,1162.9300
2026/08/27,1176.1000,13.3100,-1.12,2735051,1182.2500,1190.1100,1171.7100
2026/08/26,1189.4100,44.2500,-3.59,3006472,1234.0000,1235.7750,1180.0100
2026/08/25,1233.6600,13.2700,-1.06,2143184,1249.0000,1264.7300,1229.7900
2026/08/24,1246.9300,8.4700,-0.67,1665577,1262.1400,1262.1400,1230.9500
2026/08/21,1255.4000,11.0000,+0.88,2503262,1232.0000,1271.2200,1230.0000
2026/08/20,1244.4000,35.9400,-2.81,2621394,1274.1300,1280.2800,1243.2301
2026/08/19,1280.3400,54.6100,+4.46,4541762,1245.8100,1292.6500,1240.5400
2026/08/18,1225.7300,42.5700,+3.60,2509057,1200.0000,1228.4700,1194.0100
2026/08/17,1183.1600,3.0000,+0.25,1807037,1175.2000,1198.5200,1163.5000
2026/08/14,1180.1600,27.1100,-2.25,2274505,1194.0100,1199.0000,1171.1956
2026/08/13,1207.2700,11.2639,-0.92,1930034,1236.5281,1238.3255,1204.2743
2026/08/12,1218.5339,5.2525,+0.43,1944358,1200.0104,1224.7450,1189.3756
2026/08/11,1213.2814,16.8958,-1.37,2116269,1228.8890,1236.2284,1207.7992
2026/08/10,1230.1772,46.1639,+3.90,3016198,1183.3143,1230.1772,1182.7102
2026/08/07,1184.0133,6.2211,-0.52,2902682,1186.3000,1195.0875,1159.5385
2026/08/06,1190.2344,22.0484,+1.89,3427283,1194.8378,1229.1187,1171.8208
2026/08/05,1168.1860,54.1025,+4.86,6454926,1172.3201,1215.1986,1136.8011
2026/08/04,1114.0835,5.6719,-0.51,4103057,1115.7811,1134.2047,1107.5729
2026/08/03,1119.7554,27.4407,-2.39,2938225,1150.3516,1160.2776,1107.5629
2026/07/31,1147.1961,6.1212,-0.53,2888747,1146.8666,1148.9835,1117.3988
2026/07/30,1153.3173,54.9712,-4.55,3035053,1172.3500,1184.9520,1151.4899
2026/07/29,1208.2885,10.6248,-0.87,2176598,1213.4412,1227.4311,1203.0760
2026/07/28,1218.9133,23.0969,+1.93,2383391,1215.8577,1230.2371,1203.2857
2026/07/27,1195.8164,1.4978,+0.13,1595936,1199.2814,1203.3207,1181.7520
2026/07/24,1194.3186,10.1455,+0.86,1986130,1192.6410,1205.2129,1185.7991
2026/07/23,1184.1731,22.8273,+1.97,1912681,1144.9743,1187.8878,1140.1462
2026/07/22,1161.3458,12.3823,-1.05,1557997,1172.2252,1173.3187,1151.8494
2026/07/21,1173.7281,28.4692,+2.49,2094998,1141.3644,1175.8950,1137.3702
2026/07/20,1145.2589,32.1639,-2.73,2648031,1177.9620,1185.4213,1142.7924
2026/07/17,1177.4228,9.9258,+0.85,2761493,1157.7859,1186.2501,1149.3630
2026/07/16,1167.4970,12.5221,+1.08,2795060,1160.6069,1187.3684,1139.5670
2026/07/15,1154.9749,4.0841,+0.35,2555887,1143.8609,1159.1589,1132.7767
2026/07/14,1150.8908,29.2880,-2.48,2646727,1164.3415,1164.3415,1139.1077
2026/07/13,1180.1788,6.7004,-0.56,2075636,1178.4213,1194.5782,1164.3415
2026/07/10,1186.8792,28.3294,-2.33,2013071,1208.5781,1211.2243,1176.6339
2026/07/09,1215.2086,1.1184,+0.09,2091063,1209.9062,1228.2400,1198.6523
2026/07/08,1214.0902,19.7018,-1.60,2612294,1219.3477,1240.1129,1202.4369
2026/07/07,1233.7920,35.4492,+2.96,2937974,1231.1158,1247.6621,1221.0203
2026/07/06,1198.3428,13.8302,-1.14,2352164,1206.2714,1212.0531,1181.6467
2026/07/02,1212.1730,22.1383,+1.86,3302166,1191.3029,1230.2371,1178.6111
2026/07/01,1190.0347,7.6790,-0.64,2724347,1215.7628,1215.7628,1172.2502
2026/06/30,1197.7137,30.4564,-2.48,3728919,1227.1216,1228.2899,1188.4969
2026/06/29,1228.1701,21.7788,+1.81,3690003,1221.0303,1236.2285,1201.4215
2026/06/26,1206.3913,80.3150,+7.13,7736918,1127.1848,1214.0203,1126.3859
2026/06/25,1126.0763,10.4150,+0.93,2764119,1125.3774,1143.7910,1112.4059
2026/06/24,1115.6613,10.1655,+0.92,2912415,1127.7939,1133.5157,1099.4046
2026/06/23,1105.4958,4.9928,+0.45,3321030,1115.4016,1120.4145,1077.6757
2026/06/22,1100.5030,3.5050,+0.32,3019361,1110.6485,1117.8481,1091.5858
2026/06/18,1096.9980,13.4108,-1.21,4476941,1118.8867,1120.7240,1087.0972
2026/06/17,1110.4088,10.4850,-0.94,2386669,1115.1021,1119.8852,1103.3215
2026/06/16,1120.8938,6.8402,-0.61,2263987,1137.1904,1145.0442,1113.9038
2026/06/15,1127.7340,3.6448,-0.32,3171695,1132.3773,1135.8646,1110.4188
2026/06/12,1131.3788,27.9100,-2.41,2441884,1163.3330,1168.3158,1131.1890
2026/06/11,1159.2888,24.5449,+2.16,2768896,1138.0791,1168.4456,1124.0293
2026/06/10,1134.7439,8.2981,-0.73,2704505,1150.8508,1164.7459,1131.9080
2026/06/09,1143.0420,4.4636,-0.39,3827504,1163.3330,1172.9142,1136.1250
2026/06/08,1147.5056,17.7046,+1.57,4510892,1157.3415,1181.0376,1141.9586
2026/06/05,1129.8010,6.1412,+0.55,4132073,1141.3345,1164.6211,1129.4116
2026/06/04,1123.6598,46.4235,+4.31,4052532,1107.0137,1138.8281,1100.0437
2026/06/03,1077.2363,14.6090,+1.37,2659449,1057.9839,1091.7131,1052.0025
2026/06/02,1062.6273,18.0241,-1.67,2411988,1065.8427,1076.6771,1050.6444
2026/06/01,1080.6514,22.7674,-2.06,2697307,1093.4331,1104.5871,1070.0666
2026/05/29,1103.4188,21.7688,-1.93,4609624,1125.3873,1131.0392,1087.4467
2026/05/28,1125.1876,43.8172,+4.05,4612422,1095.0708,1147.4557,1090.4474
2026/05/27,1081.3704,18.1540,+1.71,2591189,1070.7257,1091.4360,1068.3690
2026/05/26,1063.2164,0.2597,-0.02,2987689,1073.4617,1080.4517,1058.8427
2026/05/22,1063.4761,23.3166,+2.24,3477901,1048.3078,1068.8083,1045.5717
2026/05/21,1040.1595,22.7474,+2.24,2709081,1022.8343,1045.7964,1020.5376
2026/05/20,1017.4121,2.5363,-0.25,3003107,1023.5233,1036.3949,1002.2538
2026/05/19,1019.9484,33.2723,+3.37,3801455,988.0941,1020.3379,983.1911
2026/05/18,986.6761,16.8059,-1.67,2018860,999.1782,1001.5648,977.4693
2026/05/15,1003.4820,0.0500,-0,2824768,1005.5391,1012.9285,995.9828
2026/05/14,1003.5320,9.0215,-0.89,1757212,1014.2880,1014.9659,992.8756
2026/05/13,1012.5535,25.7986,+2.61,3497431,991.6196,1019.6022,988.8782
2026/05/12,986.7549,22.8080,+2.37,3047056,971.3735,994.3808,968.1187
2026/05/11,963.9469,18.4816,+1.95,3528558,946.0135,991.8688,940.2916
2026/05/08,945.4653,26.4265,-2.72,3570397,971.0046,976.9160,944.5282
2026/05/07,971.8918,12.0520,-1.22,3505889,982.2691,985.8877,964.0566
2026/05/06,983.9438,1.8143,-0.18,3933600,988.2303,993.3491,980.4050
2026/05/05,985.7581,20.8741,+2.16,2964858,968.8265,989.6757,961.3750
2026/05/04,964.8840,4.5856,+0.48,3708616,956.9789,971.1492,948.7648
2026/05/01,960.2984,28.6396,+3.07,4366181,945.9637,981.3520,940.8299
2026/04/30,931.6588,83.1275,+9.80,8262720,895.9516,942.5244,893.9778
2026/04/29,848.5313,22.7183,-2.61,3916910,863.3146,866.2884,847.8335
2026/04/28,871.2496,5.7120,+0.66,2569366,869.1562,875.3865,860.6331
2026/04/27,865.5376,15.6406,-1.77,2708811,875.3666,888.3983,865.3083
2026/04/24,881.1782,33.5840,-3.67,4477769,897.1777,897.5864,868.9877
2026/04/23,914.7622,3.8179,-0.42,2156017,926.5649,927.0733,909.0203
2026/04/22,918.5801,18.4019,+2.04,2632058,903.5476,919.6368,899.3908
2026/04/21,900.1782,16.8269,-1.83,4075618,907.3356,910.1767,878.3372
2026/04/20,917.0051,7.1076,-0.77,1932340,923.9831,926.7145,909.6284
2026/04/17,924.1127,22.9675,+2.55,3276405,914.9117,927.0634,914.9117
2026/04/16,901.1452,1.0367,-0.11,2845529,908.7960,917.1048,895.3236
2026/04/15,902.1819,17.4150,-1.89,4246782,920.5938,927.0733,885.2354
2026/04/14,919.5969,7.0278,-0.76,2367687,922.0891,936.9721,912.1604
2026/04/13,926.6247,9.8888,-1.06,2096164,937.0120,942.9233,924.2522
2026/04/10,936.5135,15.6706,-1.65,1965109,960.6573,960.9065,932.5959
2026/04/09,952.1841,1.8841,+0.20,1677829,945.4852,960.7221,936.3341
2026/04/08,950.3000,22.1401,+2.39,2576105,938.5571,958.1105,930.1935
2026/04/07,928.1599,4.0173,+0.43,2735471,921.5906,929.7200,895.6227
2026/04/06,924.1426,8.4932,-0.91,1826831,929.1069,933.0544,916.8855
2026/04/02,932.6358,18.8804,-1.98,2735737,942.0261,954.6737,927.0933
2026/04/01,951.5162,34.6407,+3.78,6287671,923.9631,973.6063,923.0759
2026/03/31,916.8755,33.0357,+3.74,3475176,890.6782,921.2357,889.3325
2026/03/30,883.8398,8.3636,+0.96,3079936,885.6840,894.6058,880.3309
2026/03/27,875.4762,18.7010,-2.09,2749454,893.1803,897.9950,874.3498
2026/03/26,894.1772,19.2492,-2.11,2169988,909.5088,913.4662,893.4694
2026/03/25,913.4264,13.2482,+1.47,2184623,909.6184,919.2480,906.2291
2026/03/24,900.1782,7.5063,-0.83,2580801,904.1457,905.8104,892.7915
2026/03/23,907.6845,3.8379,+0.42,2826443,910.6153,923.8585,904.3750
2026/03/20,903.8466,10.7661,-1.18,4834001,907.6845,922.4629,896.4600
2026/03/19,914.6127,0.5482,-0.06,2386489,911.1237,921.6205,907.9936
2026/03/18,915.1609,12.2613,-1.32,3454680,922.0891,926.0765,902.2617
2026/03/17,927.4222,58.5851,-5.94,5655305,975.8394,978.0773,922.3383
2026/03/16,986.0073,4.0273,+0.41,2297117,988.8583,995.0288,972.4401
2026/03/13,981.9800,7.8054,+0.80,1990617,977.0456,1000.0629,974.9223
2026/03/12,974.1746,22.5189,-2.26,2347461,990.3237,991.3703,970.0975
2026/03/11,996.6935,1.5053,-0.15,1452603,996.8829,999.7738,987.1836
2026/03/10,998.1988,7.0178,-0.70,1668920,1002.8342,1008.8153,990.8719
2026/03/09,1005.2166,18.0031,+1.82,2811015,983.7843,1005.7549,977.4942
2026/03/06,987.2135,7.0478,+0.72,2636101,971.9317,988.1007,963.0499
2026/03/05,980.1657,20.2461,-2.02,3786312,986.8845,990.4333,962.5613
2026/03/04,1000.4118,4.1469,-0.41,1971744,1008.4464,1012.4637,990.5330
2026/03/03,1004.5587,10.2078,-1.01,2854946,1011.8058,1016.8001,991.9386
2026/03/02,1014.7665,33.9129,-3.23,3104055,1041.3326,1052.8762,1009.8121
2026/02/27,1048.6794,29.8757,+2.93,4339588,1015.9627,1049.6862,1014.1584
2026/02/26,1018.8037,6.7886,-0.66,2674850,1020.8573,1023.6833,1004.2099
2026/02/25,1025.5923,13.2781,-1.28,2489732,1033.3179,1050.3093,1023.7681
2026/02/24,1038.8704,16.3584,-1.55,2811949,1039.6679,1055.5677,1020.8573
2026/02/23,1055.2288,48.8857,+4.86,4782653,1043.7251,1061.1001,1030.7461
2026/02/20,1006.3431,13.6569,-1.34,3259667,1020.6380,1025.4129,999.3053
2026/02/19,1020.0000,2.6517,+0.26,2152538,1007.6390,1021.9987,1003.8310
2026/02/18,1017.3483,15.4413,-1.50,3247124,1029.1112,1034.2749,1008.1274
2026/02/17,1032.7896,3.9376,-0.38,2994015,1042.3195,1063.6422,1031.6233
2026/02/13,1036.7272,3.4492,+0.33,2707248,1036.7072,1060.9906,1030.4370
2026/02/12,1033.2780,22.9491,+2.27,3609526,1019.9425,1054.7443,1007.1344
2026/02/11,1010.3289,9.7429,-0.96,2612435,1021.5646,1025.1473,1007.7493
2026/02/10,1020.0718,19.5755,-1.88,3556493,1045.6085,1050.5745,1018.9523
2026/02/09,1039.6473,13.4450,-1.28,3440311,1071.9114,1101.6179,1037.9057
2026/02/06,1053.0923,37.1604,+3.66,4910728,1050.9228,1054.9235,1028.3021
2026/02/05,1015.9319,85.8651,-7.79,7779790,1060.3771,1069.8315,1000.9940
2026/02/04,1101.7970,103.1616,+10.33,7153782,1069.9509,1108.6439,1059.8795
2026/02/03,998.6354,40.4745,-3.90,5510415,1035.7461,1043.7574,988.8029
2026/02/02,1039.1099,6.9465,+0.67,2770399,1032.5814,1052.3260,1032.5814
2026/01/30,1032.1634,12.9474,+1.27,3319102,1028.3319,1043.5275,1015.0959
2026/01/29,1019.2160,0.3384,+0.03,2304094,1020.4301,1034.9996,1013.1055
2026/01/28,1018.8776,15.6345,-1.51,3316188,1024.1621,1024.7393,999.3121
2026/01/27,1034.5121,23.1282,-2.19,2600365,1058.9938,1068.2292,1029.8347
2026/01/26,1057.6403,1.5326,-0.14,2255707,1057.1029,1061.9495,1038.3038
2026/01/23,1059.1729,22.9790,-2.12,2605377,1078.5195,1079.1066,1057.9108
2026/01/22,1082.1519,8.8174,+0.82,2490190,1073.3345,1090.2130,1066.5871
2026/01/21,1073.3345,37.0510,+3.58,3703683,1038.8412,1076.1310,1037.0100
2026/01/20,1036.2835,2.8761,+0.28,2496932,1023.2017,1040.8216,1011.0753
2026/01/16,1033.4074,5.4039,+0.53,3847461,1019.5046,1044.8919,1013.1055
2026/01/15,1028.0035,40.1262,-3.76,4203611,1057.4513,1062.5168,1007.7016
2026/01/14,1068.1297,3.8812,-0.36,1921843,1076.5490,1078.7881,1056.0182
2026/01/13,1072.0109,3.7917,-0.35,2204766,1077.7930,1084.9812,1063.9499
2026/01/12,1075.8026,17.3561,+1.64,2391744,1052.9132,1078.1513,1052.9132
2026/01/09,1058.4465,21.5260,-1.99,2574304,1081.5996,1099.2095,1057.9190
2026/01/08,1079.9725,22.7899,-2.07,3171281,1108.3354,1128.4980,1065.0048
2026/01/07,1102.7624,43.8383,+4.14,4675257,1071.8218,1112.2863,1070.7868
2026/01/06,1058.9241,22.4216,+2.16,2703706,1039.0900,1065.6814,1034.9301
2026/01/05,1036.5025,38.6632,-3.60,4104571,1064.0892,1080.1615,1028.4117
2026/01/02,1075.1657,5.6527,+0.53,2481026,1071.2247,1075.4642,1047.0217
2025/12/31,1069.5130,5.0456,-0.47,1654651,1074.5686,1078.2906,1069.2642
2025/12/30,1074.5586,1.0151,+0.09,1257544,1073.7724,1077.1660,1066.9155
2025/12/29,1073.5435,0.9753,+0.09,1660997,1072.7673,1080.2810,1069.2144
2025/12/26,1072.5682,0.7663,+0.07,1019542,1071.8019,1076.1907,1063.1637
2025/12/24,1071.8019,5.3143,+0.50,937311,1069.4732,1080.5099,1067.5525
2025/12/23,1066.4876,4.8167,-0.45,2118748,1058.3867,1083.2466,1058.3867
2025/12/22,1071.3043,5.0157,+0.47,2638306,1071.5432,1078.2707,1057.8891
2025/12/19,1066.2886,14.4900,+1.38,5857212,1053.9183,1070.2096,1053.9183
2025/12/18,1051.7986,15.0175,+1.45,3867217,1036.7911,1074.0710,1034.5419
2025/12/17,1036.7811,12.4399,-1.19,3744579,1059.1829,1059.1829,1031.4270
2025/12/16,1049.2210,7.8620,-0.74,4043916,1058.3867,1063.1139,1031.2479
2025/12/15,1057.0830,34.5132,+3.38,4670906,1027.5855,1059.8795,1027.5855
2025/12/12,1022.5698,18.0429,+1.80,3291062,1003.9099,1023.9531,998.6752
2025/12/11,1004.5269,15.6643,+1.58,4538782,1003.3029,1026.6011,982.2546
2025/12/10,988.8626,11.3651,+1.16,2980601,980.2642,998.1776,972.4221
2025/12/09,977.4975,15.2961,-1.54,2582139,998.0184,1007.1343,974.4722
2025/12/08,992.7936,12.6589,-1.26,3103478,1005.8804,1009.3238,984.1255
2025/12/05,1005.4525,4.1599,-0.41,2514154,1018.9174,1022.4503,999.1728
2025/12/04,1009.6124,18.9783,-1.85,3873535,1027.6602,1027.6602,1002.3403
2025/12/03,1028.5907,12.4996,-1.20,3463656,1041.3590,1046.4226,1017.4047
2025/12/02,1041.0903,11.7134,-1.11,3295806,1047.5093,1063.0442,1035.3580
2025/12/01,1052.8037,17.4955,-1.63,3084985,1069.2144,1078.9375,1049.9276
2025/11/28,1070.2992,28.7312,-2.61,2745368,1091.4470,1093.7658,1062.5566
2025/11/26,1099.0304,5.5731,-0.50,3108619,1096.7016,1106.6436,1092.8204
2025/11/25,1104.6035,39.5888,+3.72,4201689,1070.6525,1105.7678,1068.0899
2025/11/24,1065.0147,10.4097,+0.99,5523747,1051.6891,1070.5480,1044.3346
2025/11/21,1054.6050,16.3311,+1.57,4287317,1035.9949,1061.5216,1033.0093
2025/11/20,1038.2739,6.2797,-0.60,3150891,1040.4733,1051.9180,1033.2581
2025/11/19,1044.5536,19.4560,+1.90,3588473,1024.6895,1050.5148,1021.3158
2025/11/18,1025.0976,8.3099,+0.82,3447103,1009.1347,1035.7207,1009.1347
2025/11/17,1016.7877,3.5628,-0.35,4742760,998.8942,1027.1785,993.5017
2025/11/14,1020.3505,3.8912,+0.38,3880926,1004.1488,1028.6489,1002.9396
2025/11/13,1016.4593,5.0581,+0.50,4179791,1003.7544,1026.4761,1003.7544
2025/11/12,1011.4012,28.9772,+2.95,5217939,986.8958,1016.0121,983.8947
2025/11/11,982.4240,21.8423,+2.27,4192657,960.4923,993.6830,959.2352
2025/11/10,960.5817,42.0051,+4.57,5732568,933.8503,975.8355,932.5237
2025/11/07,918.5766,12.9881,-1.39,4401021,925.3340,926.1588,895.2537
2025/11/06,931.5647,11.5571,+1.26,6457832,922.1839,943.9466,910.5204
2025/11/05,920.0076,18.8312,+2.09,7318811,905.2904,949.4718,902.1701
2025/11/04,901.1764,10.2653,+1.15,5948757,885.8232,909.4840,878.1019
2025/11/03,890.9111,33.4590,+3.90,5435548,861.0991,895.6903,857.2136
2025/10/31,857.4521,18.2449,+2.17,5046645,833.9007,864.4580,828.9618
2025/10/30,839.2072,30.7759,+3.81,6075243,832.2511,847.6539,807.1593
2025/10/29,808.4313,6.5288,-0.80,3613884,822.1249,825.0863,804.5558
2025/10/28,814.9601,6.2705,-0.76,2509274,820.8232,824.2614,808.9510
2025/10/27,821.2306,0.9540,+0.12,2128090,819.8294,821.2405,806.3942
2025/10/24,820.2766,4.3824,+0.54,2225095,810.1008,828.9221,807.4079
2025/10/23,815.8942,8.5560,+1.06,2649552,801.3460,819.5313,800.9684
2025/10/22,807.3382,12.7794,+1.61,2949125,793.3961,810.8262,788.8448
2025/10/21,794.5588,9.3312,-1.16,2112729,801.8727,807.8947,793.7042
2025/10/20,803.8900,6.0916,+0.76,2294093,800.5510,804.3371,794.7576
2025/10/17,797.7984,16.4462,-2.02,4008070,784.0153,799.3983,778.9328
2025/10/16,814.2446,7.1450,-0.87,2287244,819.8990,829.4686,810.2598
2025/10/15,821.3896,14.1309,+1.75,2370698,807.4078,824.9869,803.5123
2025/10/14,807.2587,7.0058,-0.86,1940533,816.9377,816.9377,800.9485
2025/10/13,814.2645,14.0017,-1.69,2181138,827.4613,830.0847,812.2274
2025/10/10,828.2662,21.7230,-2.56,3452603,852.6226,858.9328,824.9074
2025/10/09,849.9892,9.5696,+1.14,3091039,846.3521,854.8585,840.3997
2025/10/08,840.4196,2.0769,+0.25,2194698,844.6727,850.6351,839.6941
2025/10/07,838.3427,1.4111,-0.17,2627264,839.7041,843.2180,831.3368
2025/10/06,839.7538,5.1476,+0.62,3674416,834.6857,851.2016,833.4038
2025/10/03,834.6062,19.8945,+2.44,5120602,819.7698,842.8145,810.9852
2025/10/02,814.7117,5.5351,-0.67,4318834,809.2511,829.2301,807.7158
2025/10/01,820.2468,62.0288,+8.18,10188320,758.5161,828.0774,758.5161
2025/09/30,758.2180,36.2613,+5.02,6273599,722.4039,761.5469,720.7643
2025/09/29,721.9567,1.9577,+0.27,3330116,721.0027,723.2967,711.5899
2025/09/26,719.9990,9.8876,+1.39,3582123,719.5817,724.4311,712.5858
2025/09/25,710.1114,27.0892,-3.67,5168758,733.0468,735.3622,707.5873
2025/09/24,737.2006,5.0978,-0.69,2257160,741.3146,742.2587,731.5462
2025/09/23,742.2984,7.9201,-1.06,2928477,745.8659,748.2806,738.5123
2025/09/22,750.2185,2.9415,+0.39,2543336,743.8685,757.2640,741.5879
2025/09/19,747.2770,10.8714,-1.43,7395804,760.2055,760.2055,744.5045
2025/09/18,758.1484,2.7824,+0.37,3485823,756.6082,767.6932,754.2531
2025/09/17,755.3660,4.5513,-0.60,3493067,756.7125,772.0905,751.6037
2025/09/16,759.9173,16.4165,+2.21,3905777,740.7333,765.5516,739.8737
2025/09/15,743.5008,7.1549,-0.95,2808458,748.3502,751.5948,737.4589
2025/09/12,750.6557,0.8844,-0.12,2212140,755.4057,756.8268,743.3120
2025/09/11,751.5401,1.6496,+0.22,2211394,747.7639,756.3597,745.6672
2025/09/10,749.8905,3.9848,+0.53,2493048,743.4014,751.0646,737.8316
2025/09/09,745.9057,11.8950,+1.62,3005757,729.5786,748.1211,729.2706
2025/09/08,734.0107,11.3584,+1.57,4563202,725.1366,738.0452,714.7107
2025/09/05,722.6523,15.6016,-2.11,3983213,740.0327,740.0327,718.0414
2025/09/04,738.2539,5.0481,+0.69,2438706,731.7002,742.3183,730.7214
2025/09/03,733.2058,2.6235,+0.36,2236496,727.4322,733.2058,724.4510
2025/09/02,730.5823,2.5936,+0.36,3242824,723.4274,732.5201,719.1047
2025/08/29,727.9887,0.6162,+0.08,2567241,727.7253,732.7983,723.9343
2025/08/28,727.3725,2.1962,-0.30,3136654,731.1885,733.9610,721.7878
2025/08/27,729.5687,1.8483,-0.25,4353439,732.3412,741.9108,726.9651
2025/08/26,731.4170,40.4449,+5.85,7744156,711.7511,731.5661,708.6260
2025/08/25,690.9721,16.2475,-2.30,2916393,706.5439,709.0281,689.8790
2025/08/22,707.2196,1.8483,+0.26,3243051,710.5586,714.9537,704.9838
2025/08/21,705.3713,4.3525,+0.62,3640140,700.7803,713.8975,700.7803
2025/08/20,701.0188,2.2161,+0.32,4165509,697.1233,701.3765,680.8562
2025/08/19,698.8027,5.1276,+0.74,5978473,702.1814,709.7895,694.1719
2025/08/18,693.6751,3.1600,-0.45,5028776,690.6641,703.3143,689.1536
2025/08/15,696.8351,18.1853,+2.68,8276501,689.8492,702.3603,681.5019
2025/08/14,678.6498,23.7378,+3.62,8467414,656.4093,679.6910,649.5675
2025/08/13,654.9120,20.8821,+3.29,6363777,644.9072,656.1614,639.0570
2025/08/12,634.0299,4.1745,+0.66,6983981,634.0993,640.7229,624.0826
2025/08/11,629.8554,9.4892,+1.53,11390395,624.0994,648.9131,620.6141
2025/08/08,620.3662,15.0816,-2.37,14245433,649.4684,650.6384,618.5120
2025/08/07,635.4478,104.6189,-14.14,26323932,669.9539,672.5585,627.8525
2025/08/06,740.0667,19.4147,-2.56,4792591,750.1707,756.5563,733.9389
2025/08/05,759.4814,3.0242,-0.40,3645988,759.1046,763.4377,753.1054
2025/08/04,762.5056,6.6137,+0.87,3381983,753.5519,767.9393,746.2144
2025/08/01,755.8919,22.0720,+3.01,4900844,740.5129,761.5141,739.6899
2025/07/31,733.8199,19.8410,-2.63,5859754,740.9889,759.9740,729.2290
2025/07/30,753.6609,2.8458,-0.38,4375620,767.4634,771.5288,752.0051
2025/07/29,756.5067,44.7786,-5.59,7161189,767.9592,772.9070,748.8023
2025/07/28,801.2853,4.5413,-0.56,2609762,805.7870,813.2931,795.7227
2025/07/25,805.8266,7.1986,+0.90,3002234,802.1678,808.3055,795.5938
2025/07/24,798.6280,6.4848,+0.82,2810508,794.5923,803.2982,790.9137
2025/07/23,792.1432,22.2604,+2.89,2706413,773.4127,793.3331,770.5174
2025/07/22,769.8828,14.1396,+1.87,2517892,756.8934,771.7172,756.0605
2025/07/21,755.7432,9.4495,-1.23,3084053,761.6826,765.4803,754.0774
2025/07/18,765.1927,10.1237,+1.34,3386343,757.4090,769.4068,754.0774
2025/07/17,755.0690,28.0610,-3.58,4142241,780.1454,783.3283,753.6016
2025/07/16,783.1300,17.8976,+2.34,3283163,766.9676,789.3127,765.6389
2025/07/15,765.2324,27.3570,-3.45,4209610,794.8997,798.6180,757.9246
2025/07/14,792.5894,6.2766,+0.80,2421875,783.3283,794.1164,780.7106
2025/07/11,786.3128,2.3400,+0.30,2876840,779.7091,789.0099,770.6364
2025/07/10,783.9728,3.6985,+0.47,3157925,783.0011,792.7403,779.7884
2025/07/09,780.2743,9.1818,+1.19,2726108,777.1806,787.2945,775.3859
2025/07/08,771.0925,4.7496,+0.62,3329898,768.3062,785.9955,762.3074
2025/07/07,766.3429,7.7342,-1.00,2598829,774.0870,774.5511,755.5945
2025/07/03,774.0771,1.3783,+0.18,1463128,773.8688,776.9327,766.4718
2025/07/02,772.6988,3.3515,+0.44,1995134,769.9423,773.2541,761.5141
2025/07/01,769.3473,3.5994,-0.47,2757264,772.9467,783.3283,766.4718
2025/06/30,772.9467,4.0456,+0.53,3067397,771.9650,778.3705,767.4634
2025/06/27,768.9011,19.5039,-2.47,4150196,789.0793,795.7227,768.0980
2025/06/26,788.4050,2.7962,+0.36,3144747,787.2449,792.0539,781.5930
2025/06/25,785.6088,14.0999,+1.83,3048883,772.4212,792.2027,767.0618
2025/06/24,771.5089,7.3771,+0.97,2812223,766.3628,777.8152,756.5761
2025/06/23,764.1318,7.8432,+1.04,3985192,764.0227,786.5112,757.3793
2025/06/20,756.2886,22.1116,-2.84,6263544,779.3620,779.3620,749.1791
2025/06/18,778.4002,6.1576,-0.78,2463745,783.2787,783.9480,772.8574
2025/06/17,784.5578,16.2020,-2.02,2900126,798.3602,798.3602,782.2723
2025/06/16,800.7598,11.6805,-1.44,2845803,814.7407,818.0327,798.9527
2025/06/13,812.4403,7.2681,+0.90,2778064,803.4915,818.0327,801.2755
2025/06/12,805.1722,3.3911,+0.42,2290430,803.4866,811.6421,799.5402
2025/06/11,801.7811,1.4080,+0.18,3151999,802.8123,813.7866,798.2286
2025/06/10,800.3731,33.1973,+4.33,4784833,770.5273,801.8009,770.4381
2025/06/09,767.1758,3.7976,+0.50,2281425,765.4307,772.7087,761.1104
2025/06/06,763.3782,4.1645,+0.55,2087493,761.9900,766.0752,758.7377
2025/06/05,759.2137,0.1586,-0.02,3669620,763.0014,763.4972,746.6903
2025/06/04,759.3723,14.9328,+2.01,3162639,750.0021,766.0950,749.6154
2025/06/03,744.4395,3.6291,+0.49,3082521,739.9477,750.6070,735.1982
2025/06/02,740.8104,9.3702,+1.28,2971963,726.3139,741.0583,724.5241
2025/05/30,731.4402,14.9725,+2.09,6158244,718.8772,739.6007,711.0538
2025/05/29,716.4677,3.1531,+0.44,2810666,713.1559,721.1846,710.9001
2025/05/28,713.3146,5.7807,-0.80,2973887,719.0953,723.8251,708.7039
2025/05/27,719.0953,11.4127,+1.61,3824955,710.9745,725.1339,708.2973
2025/05/23,707.6826,1.4774,-0.21,2658155,704.0039,713.5625,703.0123
2025/05/22,709.1600,9.6676,-1.34,4286097,711.0439,716.0893,705.5408
2025/05/21,718.8276,21.8737,-2.95,4094548,740.7410,744.1817,717.8559
2025/05/20,740.7013,8.0316,-1.07,3906464,749.6154,757.0471,736.7253
2025/05/19,748.7329,2.2608,-0.30,4097348,746.6407,752.3124,741.2467
2025/05/16,750.9937,25.3838,+3.50,4684684,733.7505,752.4612,731.7674
2025/05/15,725.6099,17.5443,+2.48,5268045,718.0994,730.9434,704.7506
2025/05/14,708.0656,30.1805,-4.09,7638518,741.3928,751.5454,706.5516
2025/05/13,738.2461,9.4104,-1.26,4571794,747.6367,751.5453,733.0908
2025/05/12,747.6565,20.7800,+2.86,9273188,720.2466,757.3142,714.6162
2025/05/09,726.8765,16.7032,-2.25,4115667,744.1338,754.0291,725.3229
2025/05/08,743.5797,25.0053,-3.25,6227254,756.9877,761.9146,731.3392
2025/05/07,768.5850,1.5832,+0.21,3858686,772.3254,776.1252,764.1717
2025/05/06,767.0018,45.8546,-5.64,6045287,808.3343,809.8483,762.2817
2025/05/05,812.8564,2.1374,-0.26,2920158,808.4431,820.9507,803.5202
2025/05/02,814.9938,29.2108,+3.72,6123496,816.4731,822.8209,799.1267
2025/05/01,785.7830,103.7518,-11.66,12734467,835.1603,842.0178,783.7742
2025/04/30,889.5348,13.6060,+1.55,4420391,878.8974,893.0475,872.8811
2025/04/29,875.9288,7.8271,+0.90,2480420,868.5074,883.1227,864.8758
2025/04/28,868.1017,7.1740,-0.82,3494165,861.3234,873.0097,855.3567
2025/04/25,875.2757,24.5501,+2.89,3434859,850.6563,876.3048,842.1551
2025/04/24,850.7256,29.9926,+3.65,2970629,827.2441,853.2192,820.5252
2025/04/23,820.7330,1.8603,+0.23,2743327,828.1941,837.1493,810.0659
2025/04/22,818.8727,9.4203,+1.16,3119173,813.2720,823.2860,805.4745
2025/04/21,809.4524,21.7103,-2.61,3361858,832.6964,835.0713,798.5479
2025/04/17,831.1627,103.9597,+14.30,10968261,831.9939,849.0137,813.2324
2025/04/16,727.2030,22.0467,-2.94,3337540,747.7258,748.3789,722.6908
2025/04/15,749.2497,2.8004,+0.38,2484163,747.6565,757.2945,743.6192
2025/04/14,746.4493,21.7102,+3.00,3497789,742.5901,751.6047,726.8271
2025/04/11,724.7391,11.3796,+1.60,3641542,715.3188,728.1326,704.5181
2025/04/10,713.3595,32.4565,-4.35,4226970,731.1611,734.1792,684.5198
2025/04/09,745.8160,27.1823,+3.78,6689036,697.0224,746.9243,681.7837
2025/04/08,718.6337,2.4837,+0.35,4158748,747.0727,755.5074,705.8131
2025/04/07,716.1500,14.3283,-1.96,6340843,690.6202,740.1658,669.9997
2025/04/04,730.4783,50.3471,-6.45,5355537,754.1280,760.2235,727.0026
2025/04/03,780.8254,28.8249,-3.56,2703406,802.0211,810.2144,778.8167
2025/04/02,809.6503,12.8539,+1.61,2712248,786.7131,811.2633,786.7131
2025/04/01,796.7964,20.4634,-2.50,3019344,810.0264,812.0648,788.6526
2025/03/31,817.2598,3.3644,+0.41,3776885,800.5071,819.3378,781.1322
2025/03/28,813.8954,0.8312,+0.10,2147550,811.4117,821.0893,808.8686
2025/03/27,813.0642,5.0367,-0.62,2150741,814.1972,818.1108,806.7510
2025/03/26,818.1009,25.3220,-3.00,2591213,836.8326,842.4927,817.7447
2025/03/25,843.4229,12.4185,-1.45,2698862,860.4427,865.7565,839.0393
2025/03/24,855.8414,27.0437,+3.26,3135215,836.4665,857.7908,828.9857
2025/03/21,828.7977,4.9476,-0.59,6026965,829.0253,841.5180,816.6760
2025/03/20,833.7453,5.5018,+0.66,4449327,830.2424,845.4414,823.7459
2025/03/19,828.2435,14.3481,+1.76,3830667,813.1137,833.3099,810.9169
2025/03/18,813.8954,2.2264,-0.27,2379955,824.6911,827.5311,804.1041
2025/03/17,816.1218,11.1618,+1.39,2573547,808.3936,820.3173,806.0386
2025/03/14,804.9600,11.7061,+1.48,3135157,794.6986,806.6719,791.6212
2025/03/13,793.2539,19.9983,-2.46,3604029,809.6701,812.5060,787.0496
2025/03/12,813.2522,2.1770,-0.27,3046738,806.4146,825.9083,804.7423
2025/03/11,815.4292,5.6403,-0.69,3836696,818.5363,823.6324,803.1393
2025/03/10,821.0695,39.4029,-4.58,6026034,844.9665,854.1494,817.1312
2025/03/07,860.4724,42.7278,-4.73,4869090,895.9074,898.4900,852.3682
2025/03/06,903.2002,16.7823,-1.82,3307722,910.7800,921.6252,888.8718
2025/03/05,919.9825,18.4645,+2.05,3142368,895.3235,920.7445,892.1966
2025/03/04,901.5180,18.4645,-2.01,3378884,912.5759,919.4284,893.3347
2025/03/03,919.9825,8.9947,+0.99,4021883,903.2398,925.8257,900.4691
2025/02/28,910.9878,15.3080,+1.71,4114219,892.3945,911.5716,883.2641
2025/02/27,895.6798,9.7468,-1.08,3118016,906.1292,915.8067,894.5913
2025/02/26,905.4266,13.0716,+1.46,3064936,888.9559,912.7688,887.2094
2025/02/25,892.3550,20.1864,+2.31,5165385,881.4108,902.4480,881.4108
2025/02/24,872.1686,7.6391,+0.88,3048987,870.0807,883.7560,860.9053
2025/02/21,864.5295,0.5542,+0.06,3982139,871.3968,885.0325,864.2821
2025/02/20,863.9753,6.0064,+0.70,3021931,857.7611,871.0999,854.9509
2025/02/19,857.9689,9.7468,+1.15,3239410,848.1974,872.0962,848.1974
2025/02/18,848.2221,12.7946,+1.53,4334781,847.4503,853.6942,842.4433
2025/02/14,835.4275,25.8168,-3.00,3256430,859.9975,864.3513,832.6766
2025/02/13,861.2443,1.0964,-0.13,2503430,866.3908,872.7424,857.2337
2025/02/12,862.3407,7.8729,+0.92,2564618,846.4960,867.0922,845.6860
2025/02/11,854.4678,3.8327,-0.45,1968435,856.4731,863.5459,850.0226
2025/02/10,858.3005,9.3152,-1.07,3103411,867.0378,869.2851,848.9063
2025/02/07,867.6157,7.8433,+0.91,4480663,865.8574,878.5312,859.0301
2025/02/06,859.7724,27.8468,+3.35,7226537,829.2980,876.9277,825.4356
2025/02/05,831.9256,15.9138,+1.95,4635325,824.9812,836.5882,820.9369
2025/02/04,816.0118,15.4496,+1.93,4352728,801.1747,818.9456,796.1220
2025/02/03,800.5622,0.6421,-0.08,2843471,794.4772,808.0005,791.9879
2025/01/31,801.2043,12.0021,-1.48,2594204,812.9792,817.2762,801.1549
2025/01/30,813.2064,18.9169,+2.38,2675562,798.5668,814.5794,795.1983
2025/01/29,794.2895,0.8990,-0.11,1850173,797.1641,799.2681,789.2714
2025/01/28,795.1885,3.1412,-0.39,2843387,797.4111,806.2126,790.3679
2025/01/27,798.3297,22.4828,+2.90,3963507,769.2284,799.3966,769.2284
2025/01/24,775.8469,18.5810,+2.45,4222023,752.6725,779.6796,751.2303
2025/01/23,757.2659,12.4663,+1.67,3165719,738.5565,757.2659,735.1880
2025/01/22,744.7996,11.4884,+1.57,3783823,736.4969,751.1118,730.0513
2025/01/21,733.3112,16.4275,+2.29,5185977,722.3661,734.2298,717.6838
2025/01/17,716.8837,31.4918,-4.21,5628635,738.7244,746.0836,716.1823
2025/01/16,748.3755,10.7278,+1.45,3108098,738.3985,756.1892,737.3119
2025/01/15,737.6477,1.8077,+0.25,5807621,739.8802,745.4120,726.3124
2025/01/14,735.8400,51.9299,-6.59,10500833,774.6763,774.6763,720.1237
2025/01/13,787.7699,2.3905,-0.30,3729256,784.7274,795.5342,774.0688
2025/01/10,790.1604,12.5256,+1.61,4022102,782.2875,790.2592,775.3036
2025/01/08,777.6348,13.7604,+1.80,3521315,764.4079,782.9098,761.2814
2025/01/07,763.8744,8.0902,+1.07,3620171,755.5866,774.4145,752.3467
2025/01/06,755.7842,16.6744,-2.16,4040271,774.1725,775.2097,754.0555
2025/01/03,772.4586,3.8624,+0.50,1822179,768.6950,776.2716,766.0872
2025/01/02,768.5962,5.9961,+0.79,1965118,771.0856,777.4175,762.3729
2024/12/31,762.6001,1.8176,-0.24,2355687,761.6123,764.4869,754.9939
2024/12/30,764.4177,9.2164,-1.19,1740262,768.4431,770.2657,761.6123
2024/12/27,773.6341,10.8365,-1.38,2122377,780.3810,783.6359,769.7322
2024/12/26,784.4706,1.5113,-0.19,1290709,784.4508,794.1215,781.8627
2024/12/24,785.9819,0.6026,-0.08,1179748,781.7343,788.0366,777.5163
2024/12/23,786.5845,28.1727,+3.71,3666946,775.6098,789.6270,763.6571
2024/12/20,758.4118,10.0956,+1.35,10064842,801.4710,801.4710,757.2758
2024/12/19,748.3162,7.0827,-0.94,4086102,755.7842,763.5583,743.2339
2024/12/18,755.3989,13.7406,-1.79,3395553,765.5636,769.5149,753.2158
2024/12/17,769.1395,0.3754,-0.05,3973141,768.3888,778.4053,763.0249
2024/12/16,769.5149,9.9968,-1.28,3468443,782.3566,790.0445,765.8106
2024/12/13,779.5117,6.6876,+0.87,3097113,767.6677,784.5743,763.5781
2024/12/12,772.8241,13.5135,-1.72,2858647,787.0290,792.0734,768.9124
2024/12/11,786.3376,3.5067,-0.44,3554153,785.5671,789.7652,776.7953
2024/12/10,789.8443,3.9513,-0.50,2728469,799.4114,804.0887,787.2958
2024/12/09,793.7956,22.8484,-2.80,3215103,813.6707,813.6707,791.5236
2024/12/06,816.6440,1.0767,+0.13,3084686,817.6022,830.7600,815.6365
2024/12/05,815.5673,4.1686,-0.51,2453259,817.7010,821.0102,807.5066
2024/12/04,819.7359,16.3090,+2.03,3918805,818.0171,836.1564,810.5096
2024/12/03,803.4269,13.3652,+1.69,2816359,793.1535,807.1806,791.8496
2024/12/02,790.0617,4.3959,+0.56,2931321,788.3922,795.5441,785.5375
2024/11/29,785.6658,7.0728,+0.91,2234121,781.6948,790.5852,779.7201
2024/11/27,778.5930,1.1163,-0.14,2748117,778.5239,785.1522,770.7991
2024/11/26,779.7093,33.9022,+4.55,6704241,775.6394,797.1740,764.5264
2024/11/25,745.8071,6.9048,+0.93,5760606,740.8680,745.8071,730.9997
2024/11/22,738.9023,1.8867,-0.25,4064945,747.8322,752.0106,736.0091
2024/11/21,740.7890,3.4475,-0.46,4194273,737.0353,743.8314,726.0507
2024/11/20,744.2365,23.3917,+3.25,5222443,726.8261,748.1483,726.5051
2024/11/19,720.8448,2.4992,+0.35,5904371,707.5882,721.1115,703.7456
2024/11/18,718.3456,18.7687,-2.55,9267188,724.2627,725.0628,702.7381
2024/11/15,737.1143,38.2584,-4.93,7424968,765.7513,768.5073,735.1386
2024/11/14,775.3727,25.2268,-3.15,4054842,798.0157,798.0157,772.6903
2024/11/13,800.5995,6.9526,-0.86,3102106,808.9920,817.6556,800.0867
2024/11/12,807.5521,13.3925,-1.63,3425872,818.7355,822.4732,799.5246
2024/11/11,820.9446,0.8876,+0.11,3389557,819.8203,832.3450,813.2375
2024/11/08,820.0570,33.6192,+4.27,7313869,792.4042,835.5698,790.1952
2024/11/07,786.4378,20.7791,+2.71,4621393,773.8145,791.4673,767.4437
2024/11/06,765.6587,29.2702,-3.68,8373494,806.0431,809.3963,757.0098
2024/11/05,794.9289,0.0789,-0.01,3785555,792.7247,798.0354,786.4772
2024/11/04,795.0078,12.6133,-1.56,3972986,793.8835,808.8638,792.5817
2024/11/01,807.6211,10.6608,-1.30,5340019,816.5659,821.4969,805.4515
2024/10/31,818.2819,16.8540,-2.02,6674997,824.9584,841.7138,813.8440
2024/10/30,835.1359,55.9663,-6.28,18512880,787.4733,848.6171,758.3806
2024/10/29,891.1022,7.8797,+0.89,3232144,885.8063,895.4414,885.8063
2024/10/28,883.2225,2.8501,+0.32,2113285,882.5125,885.8062,878.4790
2024/10/25,880.3724,1.3609,+0.15,2259530,887.3054,888.5184,877.1674
2024/10/24,879.0115,11.7652,-1.32,1822310,885.9247,887.5716,876.0135
2024/10/23,890.7767,5.8186,-0.65,2683648,893.1140,895.4117,879.4158
2024/10/22,896.5953,2.9783,+0.33,1411265,889.2235,898.5381,887.7690
2024/10/21,893.6170,11.6765,-1.29,1614524,905.3033,906.1712,892.0687
2024/10/18,905.2935,0.8383,+0.09,2318935,904.5144,908.2026,893.1140
2024/10/17,904.4552,0.6903,+0.08,2221870,908.2816,917.6603,903.3901
2024/10/16,903.7649,3.0572,+0.34,1668403,897.4631,905.1308,885.4365
2024/10/15,900.7077,15.9664,-1.74,2316174,911.6741,913.7254,895.2640
2024/10/14,916.6741,2.5148,-0.27,1572095,923.0745,924.0607,913.2126
2024/10/11,919.1889,21.0749,+2.35,2325994,903.3901,919.3664,898.6017
2024/10/10,898.1140,8.9250,-0.98,1705606,907.2954,909.2678,892.6505
2024/10/09,907.0390,5.9368,+0.66,1845615,903.6317,908.6268,899.4059
2024/10/08,901.1022,15.1085,+1.71,2230833,890.5302,909.2365,889.7659
2024/10/07,885.9937,11.0848,+1.27,2956494,878.2127,892.7738,877.2807
2024/10/04,874.9089,1.5877,+0.18,1999041,873.6762,876.6939,864.7808
2024/10/03,873.3212,5.4437,-0.62,2002328,877.2561,879.6821,868.7157
2024/10/02,878.7649,6.4989,+0.75,1776127,867.8478,881.0134,866.5658
2024/10/01,872.2660,1.4398,-0.16,2489612,876.5559,878.9621,866.7334
2024/09/30,873.7058,8.0375,+0.93,3292257,852.5816,875.1751,846.9504
2024/09/27,865.6683,31.0946,-3.47,4438641,881.2797,888.7649,863.5184
2024/09/26,896.7629,15.0296,-1.65,2730688,907.5469,909.1199,892.7984
2024/09/25,911.7925,0.1282,+0.01,1830356,918.9226,926.3289,908.4690
2024/09/24,911.6643,5.8284,+0.64,2806185,909.3862,912.8970,896.6446
2024/09/23,905.8359,2.9290,-0.32,2324057,908.2816,909.2678,896.8911
2024/09/20,908.7649,6.3610,+0.70,10060685,909.2580,926.8812,900.5893
2024/09/19,902.4039,9.9309,+1.11,2480789,900.2442,904.1495,891.3783
2024/09/18,892.4730,1.1933,-0.13,1801858,893.7945,902.8576,890.9838
2024/09/17,893.6663,17.1203,-1.88,2279497,908.7747,908.7747,889.8399
2024/09/16,910.7866,0.1676,-0.02,1784945,918.2717,919.7264,907.7195
2024/09/13,910.9542,11.1538,-1.21,2073996,924.0705,929.3368,909.3664
2024/09/12,922.1080,13.9348,+1.53,2546960,911.5459,924.6721,905.9444
2024/09/11,908.1732,19.3688,+2.18,2759217,889.6919,908.8142,884.8135
2024/09/10,888.8044,6.9230,-0.77,1957416,901.4868,902.4730,882.6408
2024/09/09,895.7274,5.4832,+0.62,2439597,899.9680,902.7885,883.5430
2024/09/06,890.2442,9.9014,-1.10,3488168,905.0864,915.0885,880.6683
2024/09/05,900.1456,33.0965,-3.55,3245973,928.1632,929.9778,893.6564
2024/09/04,933.2421,10.0789,-1.07,1918161,936.6346,940.8259,925.0518
2024/09/03,943.3210,3.4418,-0.36,2564861,944.5439,956.2597,938.4394
2024/08/30,946.7628,19.5463,+2.11,2590851,931.9502,947.7293,927.5222
2024/08/29,927.2165,8.6193,-0.92,1787532,941.8121,944.2924,923.0745
2024/08/28,935.8358,5.4635,-0.58,1725589,940.9739,945.1059,930.2342
2024/08/27,941.2993,3.8955,+0.42,2953641,939.3466,959.0507,936.8319
2024/08/26,937.4038,2.1795,-0.23,2196373,936.0922,941.8121,929.7510
2024/08/23,939.5833,1.4103,-0.15,2092201,942.2460,947.2362,930.0863
2024/08/22,940.9936,2.1696,+0.23,3228308,938.8338,959.1000,935.0419
2024/08/21,938.8240,1.9724,+0.21,2653629,942.4186,943.2914,926.2007
2024/08/20,936.8516,27.7712,+3.05,5030972,919.2284,953.6464,917.6603
2024/08/19,909.0804,0.3058,-0.03,2407804,909.3862,913.2126,903.8439
2024/08/16,909.3862,9.3293,-1.02,2398009,915.5696,923.3673,906.6939
2024/08/15,918.7155,1.1834,+0.13,3123112,923.0745,925.0025,907.2954
2024/08/14,917.5321,23.2712,+2.60,3617848,896.1813,920.1911,890.0656
2024/08/13,894.2609,23.3105,+2.68,3560840,880.5031,900.8043,876.8100
2024/08/12,870.9504,7.1891,-0.82,4270919,890.4792,890.9815,869.5913
2024/08/09,878.1395,45.6658,+5.49,6689206,846.9406,894.6943,846.9406
2024/08/08,832.4737,72.0589,+9.48,9580332,861.7128,864.4506,812.7084
2024/08/07,760.4148,20.7205,-2.65,4475651,766.4812,774.6355,751.4334
2024/08/06,781.1353,17.6479,+2.31,3490573,777.1566,794.0299,773.0795
2024/08/05,763.4874,28.7566,-3.63,4733693,746.4895,780.8988,736.1982
2024/08/02,792.2440,27.5551,-3.36,3570147,804.2686,807.7351,775.0688
2024/08/01,819.7991,27.7422,+3.50,4123347,820.9612,828.1208,807.7253
2024/07/31,792.0569,13.8465,+1.78,3007329,788.0191,798.8225,780.0619
2024/07/30,778.2104,17.3130,-2.18,3907924,802.8012,809.4192,764.0290
2024/07/29,795.5234,3.1218,+0.39,2511827,801.6490,812.2456,791.7910
2024/07/26,792.4016,16.3183,-2.02,4238302,799.5415,809.5275,789.1320
2024/07/25,808.7199,38.1025,-4.50,5552286,834.1380,838.6878,794.1348
2024/07/24,846.8224,18.1304,-2.10,2768180,859.2508,865.0021,841.2976
2024/07/23,864.9528,12.1329,+1.42,2119941,856.7887,874.2397,850.9586
2024/07/22,852.8199,8.3709,+0.99,2949335,851.6677,861.1416,843.8089
2024/07/19,844.4490,8.4399,+1.01,3840486,854.4843,866.8437,840.0469
2024/07/18,836.0091,55.8292,-6.26,7767578,893.2564,896.0533,823.9550
2024/07/17,891.8383,35.4632,-3.82,4265353,896.1912,910.9535,888.9331
2024/07/16,927.3015,8.7254,-0.93,2144362,941.2366,941.8669,924.1304
2024/07/15,936.0269,2.0287,+0.22,2395041,941.6798,951.4294,933.6929
2024/07/12,933.9982,14.0435,+1.53,2350829,922.7713,936.3519,921.8160
2024/07/11,919.9547,5.5544,-0.60,2902354,919.9055,928.5620,904.6704
2024/07/10,925.5091,7.1694,+0.78,2724629,922.3478,931.3294,918.8321
2024/07/09,918.3397,14.2799,+1.58,2457172,914.9420,920.8017,906.7927
2024/07/08,904.0598,3.3779,+0.38,2401016,903.9515,914.5038,898.1510
2024/07/05,900.6819,16.2199,+1.83,2925284,884.7821,902.5427,883.2803
2024/07/03,884.4620,8.4793,-0.95,3125834,897.1661,904.5522,870.5761
2024/07/02,892.9413,7.5437,-0.84,4655294,889.0020,898.1510,865.1597
2024/07/01,900.4850,8.8535,+0.99,2585379,897.9244,902.9076,890.5777
2024/06/28,891.6315,3.6044,-0.40,3427473,897.4714,901.6372,891.6315
2024/06/27,895.2359,7.6619,+0.86,1978171,889.8096,895.7579,886.0574
2024/06/26,887.5740,3.2992,-0.37,2266493,890.2724,892.5818,884.2060
2024/06/25,890.8732,14.2798,+1.63,2883594,878.2282,895.6101,877.9623
2024/06/24,876.5934,6.1354,+0.70,2922579,876.4604,889.8574,869.5322
2024/06/21,870.4580,2.0779,-0.24,3501857,872.2109,878.4251,866.4399
2024/06/20,872.5359,5.3870,-0.61,3411796,879.4395,891.7004,856.9168
2024/06/18,877.9229,6.3521,+0.73,2474616,873.5306,881.2811,870.5761
2024/06/17,871.5708,6.4604,+0.75,2571286,864.6673,878.6516,863.5446
2024/06/14,865.1104,4.8059,-0.55,2054462,868.9315,871.1769,862.6976
2024/06/13,869.9163,15.7866,+1.85,2278011,855.8285,871.6200,848.4178
2024/06/12,854.1297,1.4575,+0.17,2634608,858.7584,858.7584,840.8840
2024/06/11,852.6722,0.8075,+0.09,4172433,868.7444,868.7444,839.2886
2024/06/10,851.8647,14.7821,+1.77,3497610,841.0120,858.3940,836.4917
2024/06/07,837.0826,12.5072,+1.52,2506902,825.0383,843.7990,824.2997
2024/06/06,824.5754,5.4460,+0.66,2141494,822.2020,834.1126,819.2476
2024/06/05,819.1294,0.8174,-0.10,2202448,817.8787,825.7178,805.2041
2024/06/04,819.9468,1.3098,+0.16,1775246,821.3354,822.7831,812.7774
2024/06/03,818.6370,10.7542,+1.33,2576362,811.3198,825.5504,806.0708
2024/05/31,807.8828,5.1998,+0.65,4541077,806.3662,813.6637,798.7832
2024/05/30,802.6830,3.4764,+0.43,2016918,800.4475,807.5382,793.8689
2024/05/29,799.2066,3.6142,+0.45,2416740,790.8062,803.2247,789.9100
2024/05/28,795.5924,0.4235,+0.05,2521748,796.7150,796.7150,776.2801
2024/05/24,795.1689,1.0045,-0.13,1805538,795.7302,797.8180,791.9387
2024/05/23,796.1734,5.4559,+0.69,3072437,797.6999,808.1438,789.9740
2024/05/22,790.7175,0.2561,-0.03,1794773,788.8365,792.6576,783.1738
2024/05/21,790.9736,19.6865,+2.55,4401335,780.4262,804.2095,779.3725
2024/05/20,771.2871,12.9798,+1.71,2222569,755.2543,772.4147,754.4862
2024/05/17,758.3073,1.1030,-0.15,1696072,761.1534,763.1033,755.4513
2024/05/16,759.4103,15.6585,-2.02,2335113,772.7939,774.5370,758.4451
2024/05/15,775.0688,23.9704,+3.19,3085101,752.5461,775.6991,751.5121
2024/05/14,751.0984,6.1741,+0.83,1989779,738.8485,751.6097,738.8485
2024/05/13,744.9243,2.2612,-0.30,1880636,750.6265,750.6757,737.8752
2024/05/10,747.1855,11.3553,-1.50,2118001,760.9691,764.3118,747.1855
2024/05/09,758.5408,3.3918,-0.45,2565340,763.8989,770.7809,756.2304
2024/05/08,761.9326,2.7233,-0.36,2125777,765.9635,768.1755,759.1798
2024/05/07,764.6559,10.9030,+1.45,2928830,755.9355,765.9537,749.2600
2024/05/06,753.7529,31.1753,+4.31,3456562,725.5958,754.0577,723.5902
2024/05/03,722.5776,20.5869,-2.77,4673946,730.4722,732.4385,718.0256
2024/05/02,743.1645,20.4886,-2.68,3260606,764.2332,764.2332,741.5718
2024/05/01,763.6531,4.2767,-0.56,2852942,761.6918,769.4094,755.2964
2024/04/30,767.9298,43.1598,+5.95,7564654,761.9326,782.0845,754.7164
2024/04/29,724.7700,3.6278,+0.50,2779449,723.3444,728.0930,717.3079
2024/04/26,721.1422,8.4943,+1.19,2043708,711.2813,725.0158,708.8431
2024/04/25,712.6479,7.2064,-1.00,2653493,712.7757,715.7167,706.1886
2024/04/24,719.8543,13.2625,-1.81,2170016,739.9496,739.9496,716.4969
2024/04/23,733.1168,14.1179,+1.96,2077050,728.7025,733.5789,719.1071
2024/04/22,718.9989,4.9353,+0.69,2394469,717.4358,725.4385,713.1886
2024/04/19,714.0636,19.3088,-2.63,3565647,736.5283,737.3640,709.8951
2024/04/18,733.3724,4.7388,-0.64,1746800,736.7839,739.5159,731.2292
2024/04/17,738.1112,3.9621,+0.54,3122008,746.3990,758.8161,732.3181
2024/04/16,734.1491,3.9621,-0.54,2613872,739.0058,740.4412,730.4722
2024/04/15,738.1112,0.8553,-0.12,2399019,747.2544,755.0506,736.8822
2024/04/12,738.9665,7.8159,-1.05,2537828,746.7628,750.6265,737.1428
2024/04/11,746.7824,2.3498,-0.31,1622186,746.9692,750.4594,738.0129
2024/04/10,749.1322,4.6601,+0.63,1729457,738.6126,752.3568,734.2376
2024/04/09,744.4721,19.7119,-2.58,2507110,764.5281,764.7051,737.9932
2024/04/08,764.1840,6.8033,-0.88,1692694,771.7837,771.9557,760.3104
2024/04/05,770.9873,15.8580,+2.10,2149675,752.5633,773.4403,750.2234
2024/04/04,755.1293,7.7766,-1.02,2394364,768.3623,774.6121,754.8737
2024/04/03,762.9059,11.8271,+1.57,3097131,752.7796,773.9736,752.5043
2024/04/02,751.0788,3.3525,+0.45,2641325,742.3387,752.1701,740.7951
2024/04/01,747.7263,17.1164,-2.24,2971440,762.9158,764.3905,741.1097
2024/03/28,764.8427,0.2163,-0.03,3264467,767.1629,780.2878,763.3483
2024/03/27,765.0590,3.2247,+0.42,2337119,765.5801,772.0195,754.4411
2024/03/26,761.8343,1.7303,+0.23,2135041,761.1461,765.2064,756.0338
2024/03/25,760.1040,2.4874,+0.33,1837567,758.0984,765.3638,755.1981
2024/03/22,757.6166,0.3441,+0.05,2014994,757.0169,763.8989,754.3428
2024/03/21,757.2725,2.5562,-0.34,3064834,760.9495,767.3791,746.0844
2024/03/20,759.8287,0.0786,+0.01,2072960,757.1251,760.1236,743.8822
2024/03/19,759.7501,9.9494,+1.33,2600934,745.6518,760.8020,742.2698
2024/03/18,749.8007,8.3469,+1.13,2564593,749.4271,756.7023,745.4650
2024/03/15,741.4538,6.4494,-0.86,3794025,742.6434,748.0605,735.0993
2024/03/14,747.9032,2.8412,+0.38,2692955,752.0521,755.0506,736.7643
2024/03/13,745.0620,2.8413,+0.38,2397918,744.2361,747.9426,733.1365
2024/03/12,742.2207,20.2330,+2.80,2748053,728.4666,743.2235,725.5663
2024/03/11,721.9877,27.3018,-3.64,4036921,739.5269,744.0395,715.3515
2024/03/08,749.2895,17.7161,-2.31,4124468,766.8483,766.8483,742.2698
2024/03/07,767.0056,0.3834,+0.05,4045589,758.8210,779.6193,748.2867
2024/03/06,766.6222,2.1433,+0.28,2561782,771.0660,774.5660,760.9495
2024/03/05,764.4789,14.4424,-1.85,3223033,772.0688,775.2345,756.3041
2024/03/04,778.9213,9.9887,+1.30,3921775,783.0111,787.2779,772.9067
2024/03/01,768.9326,27.9605,+3.77,4320373,756.0534,770.8595,751.2459
2024/02/29,740.9721,3.8932,-0.52,3972333,740.3822,743.7052,731.4799
2024/02/28,744.8653,7.2359,-0.96,2762893,749.3976,750.1350,738.9862
2024/02/27,752.1012,6.8034,-0.90,2763338,742.1715,759.9172,732.8710
2024/02/26,758.9046,2.3399,+0.31,2282261,758.2950,767.0646,756.1518
2024/02/23,756.5647,0.0983,-0.01,2435877,760.9495,764.5378,749.4074
2024/02/22,756.6630,23.3299,+3.18,3221725,750.7052,762.0506,743.5184
2024/02/21,733.3331,9.5856,-1.29,3609510,725.6351,736.8626,720.8767
2024/02/20,742.9187,25.9549,-3.38,4781719,776.6797,780.0027,740.5003
2024/02/16,768.8736,23.8706,+3.20,5095280,758.0296,781.0743,750.6265
2024/02/15,745.0030,0.4621,+0.06,2550026,743.0564,750.1251,737.3640
2024/02/14,744.5409,15.3763,+2.11,3452540,733.2446,751.1672,732.4385
2024/02/13,729.1646,5.6039,+0.77,2914419,716.6123,729.1744,716.6123
2024/02/12,723.5607,2.8461,-0.39,2987822,727.0349,727.0349,712.9516
2024/02/09,726.4068,4.3967,+0.61,2887549,721.8334,731.8439,719.9785
2024/02/08,722.0101,10.1087,+1.42,4724676,714.7868,727.2312,712.2646
2024/02/07,711.9014,19.9718,+2.89,5907740,697.1802,727.2213,693.8826
2024/02/06,691.9296,1.1482,-0.17,8355152,728.2126,728.2126,678.2584
2024/02/05,693.0778,37.8337,+5.77,7746329,678.1799,698.6487,669.8477
2024/02/02,655.2441,7.0858,+1.09,3076386,650.0721,660.1169,647.4762
2024/02/01,648.1583,14.5446,+2.30,2541512,635.3017,648.2466,631.2190
2024/01/31,633.6137,0.6183,+0.10,4808385,638.2951,651.2202,625.1637
2024/01/30,632.9954,0.0196,-0,2044083,633.7020,634.7816,629.0893
2024/01/29,633.0150,5.6431,+0.90,2769954,629.5801,633.6529,627.8822
2024/01/26,627.3719,11.4139,+1.85,2455985,625.5072,627.7154,618.7844
2024/01/25,615.9580,5.9670,-0.96,2453520,615.7126,620.8582,613.0726
2024/01/24,621.9250,3.9453,+0.64,2319963,621.7483,631.2141,620.2566
2024/01/23,617.9797,1.1777,-0.19,2572789,616.0267,618.2937,603.3958
2024/01/22,619.1574,2.2573,+0.37,2068639,618.2937,620.8847,613.3866
2024/01/19,616.9001,5.1328,+0.84,3184197,610.8251,617.8914,608.4796
2024/01/18,611.7673,5.4567,-0.88,3449088,609.7358,612.2874,601.3152
2024/01/17,617.2240,5.5548,-0.89,2164312,627.5681,628.6183,613.5731
2024/01/16,622.7788,8.1949,-1.30,2459307,631.9453,635.6943,621.8955
2024/01/12,630.9737,7.0662,+1.13,2106923,626.3414,632.0336,621.2479
2024/01/11,623.9075,5.4273,+0.88,2741278,622.6022,627.8724,616.4683
2024/01/10,618.4802,4.6225,+0.75,2729797,616.8118,625.2168,614.1325
2024/01/09,613.8577,0.5398,-0.09,2974155,618.3968,622.6365,612.1304
2024/01/08,614.3975,7.3410,+1.21,2500392,610.8644,614.4269,598.2630
2024/01/05,607.0565,3.9748,+0.66,2449469,602.5910,608.4207,598.8518
2024/01/04,603.0817,3.1406,-0.52,6391291,613.6418,624.5846,601.8746
2024/01/03,606.2223,25.0262,+4.31,5227463,588.8512,608.3225,587.6735
2024/01/02,581.1961,9.1076,+1.59,3287752,569.6252,581.7065,568.2905
2023/12/29,572.0885,2.0315,+0.36,2037922,572.0198,575.2786,568.7027
2023/12/28,570.0570,0.6477,-0.11,2010877,571.1660,575.7885,569.2228
2023/12/27,570.7047,10.6385,+1.90,2204369,559.8993,572.8344,559.8993
2023/12/26,560.0662,0.2748,+0.05,1710685,558.9179,562.1293,557.0925
2023/12/22,559.7914,1.5801,-0.28,2268216,562.3725,565.1990,556.8766
2023/12/21,561.3715,1.7568,+0.31,1820297,560.7924,564.3156,556.4840
2023/12/20,559.6147,9.4216,-1.66,2697218,565.7682,569.0854,559.4381
2023/12/19,569.0363,0.0490,+0.01,2234204,569.4682,574.2379,566.5239
2023/12/18,568.9873,7.5766,+1.35,3091386,565.7584,572.2161,565.0027
2023/12/15,561.4107,1.5997,-0.28,5417688,561.4696,563.0497,551.2138
2023/12/14,563.0104,23.3872,-3.99,5375801,583.4534,583.4534,558.1230
2023/12/13,586.3976,12.5032,+2.18,3171474,572.4222,587.5458,571.4899
2023/12/12,573.8944,0.7067,+0.12,2899983,571.1856,574.9641,567.4232
2023/12/11,573.1877,13.7497,-2.34,5720399,587.5361,590.0191,556.8667
2023/12/08,586.9374,9.5983,+1.66,2493115,578.0556,587.1828,573.9042
2023/12/07,577.3391,0.9618,-0.17,2134708,577.3490,577.9279,566.8772
2023/12/06,578.3009,1.0795,+0.19,2132734,579.7632,582.8645,573.5410
2023/12/05,577.2214,2.4241,+0.42,2198188,572.4419,580.8035,568.6075
2023/12/04,574.7973,1.6096,+0.28,2625915,571.3132,576.1811,563.6582
2023/12/01,573.1877,6.8700,-1.18,3707455,580.7054,590.7846,572.1671
2023/11/30,580.0577,0.8047,-0.14,5765481,580.4699,585.1512,575.3174
2023/11/29,580.8624,0.2551,+0.04,1944786,581.1961,583.4925,573.5804
2023/11/28,580.6073,0.0687,+0.01,1827898,580.9998,584.3170,578.4089
2023/11/27,580.5386,9.3921,-1.59,2680521,589.9994,592.4726,580.1558
2023/11/24,589.9307,5.8983,+1.01,1367076,587.2417,592.2861,585.8886
2023/11/22,584.0324,2.4437,+0.42,2091546,584.3367,588.0464,575.8474
2023/11/21,581.5887,4.9071,-0.84,1886618,587.3202,590.3822,580.7741
2023/11/20,586.4958,5.7806,+1.00,2884863,580.4502,593.6209,579.7142
2023/11/17,580.7152,2.9050,+0.50,2678388,581.4415,585.1007,576.2988
2023/11/16,577.8102,0.2061,+0.04,3087913,580.5091,584.0323,570.9404
2023/11/15,577.6041,21.8660,-3.65,4368178,599.5290,601.5213,573.5572
2023/11/14,599.4701,0.7459,-0.12,3900114,596.9184,604.5931,591.4716
2023/11/13,600.2160,14.6941,+2.51,5864411,582.2304,606.1328,566.3607
2023/11/10,585.5219,6.2597,+1.08,3726047,582.8671,586.6484,574.0507
2023/11/09,579.2622,27.2429,-4.49,6410518,602.2242,603.0961,571.5331
2023/11/08,606.5051,18.8085,+3.20,7938321,595.2690,613.1077,580.1046
2023/11/07,587.6966,4.6433,+0.80,3234199,584.8264,589.6656,578.0915
2023/11/06,583.0533,26.8217,+4.82,4061266,559.4545,585.5215,559.3663
2023/11/03,556.2316,12.2255,-2.15,3120165,566.6350,571.1069,555.6144
2023/11/02,568.4571,25.3033,+4.66,5289149,566.5371,585.2573,560.3263
2023/11/01,543.1538,0.5192,+0.10,2997052,543.6828,547.0429,540.0191
2023/10/31,542.6346,11.5398,-2.08,3737663,557.3679,557.9949,536.4435
2023/10/30,554.1744,5.3683,+0.98,2338576,559.5622,561.5214,551.0788
2023/10/27,548.8061,7.7096,-1.39,2773924,551.5295,559.1704,545.2894
2023/10/26,556.5157,17.9856,-3.13,2905747,568.1730,569.1526,554.6152
2023/10/25,574.5013,5.8482,-1.01,2330825,584.7676,587.4713,573.9233
2023/10/24,580.3495,15.4582,+2.74,2687779,568.1730,582.3999,567.2963
2023/10/23,564.8913,7.8271,-1.37,2839835,574.1094,576.3429,564.3917
2023/10/20,572.7184,6.0344,-1.04,3743180,577.9691,584.7480,569.0351
2023/10/19,578.7528,16.1047,-2.71,3566378,592.6632,592.6632,566.5469
2023/10/18,594.8575,1.0482,-0.18,2091759,594.8575,603.3165,590.9392
2023/10/17,595.9057,8.1602,-1.35,2972278,606.3777,607.7492,590.2436
2023/10/16,604.0659,7.2883,+1.22,3002750,598.5311,609.2992,596.0233
2023/10/13,596.7776,1.2735,-0.21,4054755,605.2904,617.1241,590.2730
2023/10/12,598.0511,5.1136,+0.86,4148084,593.1138,600.5001,589.9203
2023/10/11,592.9375,25.4404,+4.48,5972426,584.0427,596.3759,573.0808
2023/10/10,567.4971,7.3961,+1.32,3600157,558.3769,574.0017,558.1124
2023/10/09,560.1010,6.4066,+1.16,4295710,552.5189,567.9673,552.0878
2023/10/06,553.6944,23.2559,+4.38,4843947,532.9071,554.8104,531.6434
2023/10/05,530.4385,9.8157,+1.89,3012112,522.6604,531.4377,520.7697
2023/10/04,520.6228,6.1421,+1.19,2266851,514.8431,525.2417,512.9526
2023/10/03,514.4807,12.8328,-2.43,3334105,525.0702,526.3829,506.0364
2023/10/02,527.3135,1.1363,+0.22,2868626,525.0800,529.6156,516.0676
2023/09/29,526.1772,7.1707,-1.34,3029483,534.3667,534.9496,521.3477
2023/09/28,533.3479,5.2017,-0.97,2224116,540.0778,540.4305,530.3552
2023/09/27,538.5496,0.2449,-0.05,2045893,538.6770,540.4403,532.5789
2023/09/26,538.7945,2.2336,-0.41,1903282,539.4705,542.8305,536.8255
2023/09/25,541.0281,1.7144,+0.32,1721621,538.8827,541.3925,534.6215
2023/09/22,539.3137,0.4016,+0.07,2403191,537.6190,544.1628,536.4604
2023/09/21,538.9121,19.1122,-3.42,4135721,555.6242,556.4177,531.4377
2023/09/20,558.0243,5.2115,-0.93,1909668,561.7272,563.5199,557.5834
2023/09/19,563.2358,3.6050,+0.64,2231507,559.9639,566.6154,558.9941
2023/09/18,559.6308,4.2907,-0.76,2780323,566.2138,566.2138,552.9009
2023/09/15,563.9215,15.6248,-2.70,6064886,579.9283,581.9463,563.3337
2023/09/14,579.5463,7.1217,-1.21,3312350,587.0207,589.5677,577.9789
2023/09/13,586.6680,0.4115,-0.07,3191710,582.5341,588.4999,579.6344
2023/09/12,587.0795,3.6638,+0.63,3278973,578.9193,588.8721,575.8629
2023/09/11,583.4157,8.9144,+1.55,3957238,575.1772,585.9627,572.5617
2023/09/08,574.5013,12.9602,+2.31,4400766,560.6594,575.5691,559.5720
2023/09/07,561.5411,13.0092,+2.37,3784289,552.6854,564.5583,551.1481
2023/09/06,548.5319,1.7242,+0.32,2474715,549.5800,550.1384,541.4297
2023/09/05,546.8077,1.0579,+0.19,2304180,547.8265,550.4715,545.3579
2023/09/01,545.7498,2.8507,+0.53,2073116,544.9759,547.8020,542.2232
2023/08/31,542.8991,6.0834,+1.13,3106795,535.8655,546.0436,531.9275
2023/08/30,536.8157,5.7895,-1.07,2236730,543.6926,546.3767,535.8851
2023/08/29,542.6052,0.0196,-0,1736636,542.1644,545.0004,538.6476
2023/08/28,542.6248,0.2645,+0.05,1402293,538.9121,544.8877,538.9023
2023/08/25,542.3603,5.5348,+1.03,1886109,538.4223,544.7555,535.9243
2023/08/24,536.8255,5.2507,-0.97,1813649,541.4297,545.6224,536.1398
2023/08/23,542.0762,0.2939,-0.05,2165458,545.3677,546.0339,537.0313
2023/08/22,542.3701,3.5364,+0.66,1977380,538.3243,544.7555,536.1202
2023/08/21,538.8337,3.5462,+0.66,2353413,535.8361,542.2134,534.6214
2023/08/18,535.2875,8.5911,+1.63,3020196,524.1200,536.6002,523.0131
2023/08/17,526.6964,8.4050,-1.57,2602934,532.1332,537.6141,526.4319
2023/08/16,535.1014,0.3723,-0.07,2651155,536.2378,541.5962,531.4389
2023/08/15,535.4737,8.4443,+1.60,2885687,526.7650,536.1300,522.8955
2023/08/14,527.0294,10.6287,+2.06,4063975,520.4465,531.2418,518.4579
2023/08/11,516.4007,6.7839,+1.33,2582369,511.9432,519.8513,508.3069
2023/08/10,509.6168,4.7800,-0.93,4203058,511.6989,516.8503,508.2971
2023/08/09,514.3968,4.5259,+0.89,5500244,508.6686,520.5551,505.2668
2023/08/08,509.8709,66.0017,+14.87,15441738,494.6217,525.9021,491.4057
2023/08/07,443.8692,4.4868,+1.02,2502651,443.0579,444.7685,440.4479
2023/08/04,439.3824,0.3226,+0.07,1913378,439.1380,442.2954,436.8409
2023/08/03,439.0598,5.2004,-1.17,2469715,440.6385,443.8839,438.1801
2023/08/02,444.2602,1.3587,+0.31,2421601,444.9934,451.2592,441.1713
2023/08/01,442.9015,1.4271,-0.32,1779535,445.1107,447.0852,441.2984
2023/07/31,444.3286,3.8417,-0.86,2158991,448.6981,448.6981,440.6630
2023/07/28,448.1703,3.4116,+0.77,1471414,444.8956,449.2358,441.6210
2023/07/27,444.7587,1.3685,+0.31,1926838,443.1263,448.3658,442.0832
2023/07/26,443.3902,3.8612,-0.86,2004893,444.7685,444.7685,436.5183
2023/07/25,447.2514,1.7400,-0.39,1777781,447.4665,450.5554,446.3325
2023/07/24,448.9914,2.6588,-0.59,2241057,451.6111,455.1693,447.3785
2023/07/21,451.6502,1.7400,-0.38,2278137,454.9444,456.5378,451.5818
2023/07/20,453.3902,10.0293,+2.26,2684592,444.9151,454.7587,444.7685
2023/07/19,443.3609,2.3069,+0.52,2263745,441.2495,444.7685,438.4733
2023/07/18,441.0540,3.9687,+0.91,2289420,436.8995,443.1286,435.0325
2023/07/17,437.0853,2.2678,-0.52,2403106,439.3433,440.4870,433.2925
2023/07/14,439.3531,14.4281,+3.40,3022991,431.1811,440.3208,430.9563
2023/07/13,424.9250,5.7673,-1.34,2931049,430.3307,432.2955,424.5731
2023/07/12,430.6923,1.1828,+0.28,3179323,428.6102,434.3091,425.2280
2023/07/11,429.5095,13.4604,-3.04,3655313,439.8810,440.4284,427.7696
2023/07/10,442.9699,1.0557,+0.24,2057645,442.7744,444.4459,439.5975
2023/07/07,441.9142,10.8797,-2.40,2981793,451.9337,453.1849,441.0931
2023/07/06,452.7939,2.4340,-0.53,2244072,452.7059,457.0852,451.2397
2023/07/05,455.2279,4.1837,+0.93,2179400,451.7089,456.7455,449.6561
2023/07/03,451.0442,7.3900,-1.61,2161785,455.7753,455.7753,447.0852
2023/06/30,458.4342,4.3891,+0.97,3246213,454.2015,459.3041,453.5661
2023/06/29,454.0451,5.6598,+1.26,2160978,448.7372,455.3550,447.2184
2023/06/28,448.3853,5.6696,-1.25,2920380,457.9747,457.9943,447.0364
2023/06/27,454.0549,11.4760,+2.59,4233923,452.0999,457.4566,441.5427
2023/06/26,442.5789,5.9433,-1.33,3288628,454.7978,454.7978,438.8252
2023/06/23,448.5222,1.1339,+0.25,4943294,446.7235,449.6659,442.1488
2023/06/22,447.3883,4.5748,+1.03,2980547,444.7685,451.8653,443.6151
2023/06/21,442.8135,1.0264,+0.23,2401592,444.2798,445.1009,440.0884
2023/06/20,441.7871,4.1446,+0.95,2565363,435.8341,444.6512,435.1009
2023/06/16,437.6425,6.0801,-1.37,4394533,445.5505,446.7040,437.4372
2023/06/15,443.7226,6.0704,+1.39,2339721,437.9259,446.3081,437.6229
2023/06/14,437.6522,1.9550,+0.45,2213259,434.2994,438.6884,433.5662
2023/06/13,435.6972,0.4008,+0.09,1806978,433.6933,437.3400,432.3052
2023/06/12,435.2964,0.7136,-0.16,2625740,436.1175,436.9386,428.8155
2023/06/09,436.0100,0.3715,+0.09,2130243,439.1967,439.1967,432.6474
2023/06/08,435.6385,9.0810,+2.13,2087806,426.0785,437.4078,422.6181
2023/06/07,426.5575,6.5493,-1.51,2514895,430.3013,436.6454,425.8830
2023/06/06,433.1068,1.1632,-0.27,1529832,437.7598,438.7764,430.1254
2023/06/05,434.2700,1.8866,+0.44,2162378,433.0384,437.7304,431.7774
2023/06/02,432.3834,5.7086,+1.34,2556533,430.0667,434.7001,426.9630
2023/06/01,426.6748,6.8720,+1.64,2981654,420.5946,426.9680,418.5027
2023/05/31,419.8028,2.1700,+0.52,4041745,417.3982,420.8781,414.4754
2023/05/30,417.6328,1.4174,+0.34,2655443,414.2603,419.0892,412.5693
2023/05/26,416.2154,1.4858,-0.36,2392404,415.3454,421.9631,414.1430
2023/05/25,417.7012,1.5054,+0.36,2948492,416.7921,418.5712,410.3601
2023/05/24,416.1958,2.5024,+0.60,3205089,414.4656,419.3115,410.8097
2023/05/23,413.6934,10.5376,-2.48,4595398,423.1850,426.0882,412.0316
2023/05/22,424.2310,8.2013,-1.90,4499184,434.3189,444.7196,422.6669
2023/05/19,432.4323,4.3890,+1.03,3522138,429.1283,437.4469,429.1283
2023/05/18,428.0433,0.4106,+0.10,2320280,426.6894,429.6366,423.8447
2023/05/17,427.6327,0.8015,+0.19,2326541,428.9328,429.0794,422.9993
2023/05/16,426.8312,2.0919,+0.49,2178171,424.4362,428.6151,420.9759
2023/05/15,424.7393,0.0782,+0.02,2286187,425.5799,426.1958,420.9856
2023/05/12,424.6611,0.0098,+0,4029866,430.2622,435.5212,424.6513
2023/05/11,424.6513,0.3607,-0.08,2662559,425.7725,425.9188,420.3278
2023/05/10,425.0120,7.3513,+1.76,2837345,415.3988,427.4202,415.3988
2023/05/09,417.6607,4.2314,-1.00,2668556,420.9659,424.7000,417.3341
2023/05/08,421.8921,4.7871,+1.15,2542188,415.5353,424.1151,412.4153
2023/05/05,417.1050,0.6142,-0.15,2824035,417.3877,420.4784,413.9363
2023/05/04,417.7192,2.6812,-0.64,4175172,420.6539,421.8726,414.5798
2023/05/03,420.4004,26.3146,+6.68,10389740,404.6448,423.3351,403.9428
2023/05/02,394.0858,1.5697,-0.40,3984342,396.8157,401.2421,389.2694
2023/05/01,395.6555,9.7010,+2.51,4196128,387.3194,397.1569,382.4397
2023/04/28,385.9545,5.3722,+1.41,5487374,388.0409,394.1960,382.6834
2023/04/27,380.5823,13.7276,+3.74,5109165,381.4696,388.5576,371.2430
2023/04/26,366.8547,8.3555,-2.23,3242368,371.5833,371.9538,361.4045
2023/04/25,375.2102,1.4527,+0.39,2716566,375.4150,380.7091,374.3912
2023/04/24,373.7575,1.8427,-0.49,2112699,375.6002,377.3649,372.0757
2023/04/21,375.6002,10.1690,+2.78,3776981,368.5511,376.6044,368.5414
2023/04/20,365.4312,4.2314,+1.17,2837509,362.0968,366.6499,360.5027
2023/04/19,361.1998,0.5460,+0.15,2228980,361.2778,361.9895,358.1579
2023/04/18,360.6538,2.3789,-0.66,1974813,363.6665,364.8950,360.4101
2023/04/17,363.0327,2.3205,-0.64,2112793,365.6164,366.4890,361.8725
2023/04/14,365.3532,0.4095,-0.11,2346644,364.8755,366.8937,363.1887
2023/04/13,365.7627,5.9474,+1.65,2912830,363.2960,366.1624,361.0438
2023/04/12,359.8153,4.8846,+1.38,2741363,354.9112,363.1205,354.2384
2023/04/11,354.9307,2.8859,-0.81,2078975,358.5576,359.5716,354.4919
2023/04/10,357.8166,1.2577,-0.35,1916095,358.9671,359.1280,353.9538
2023/04/06,359.0743,5.8986,+1.67,3622348,355.7204,360.2541,355.1354
2023/04/05,353.1757,7.4293,+2.15,3531047,349.1198,355.7204,348.9736
2023/04/04,345.7464,3.7829,+1.11,3677893,343.2602,350.0168,342.4802
2023/04/03,341.9635,7.1368,+2.13,3117579,334.6512,342.7386,333.7347
2023/03/31,334.8267,2.6617,+0.80,3008868,333.4422,335.0509,332.1650
2023/03/30,332.1650,4.6994,+1.44,2201999,327.6606,332.7695,327.6606
2023/03/29,327.4656,1.7354,-0.53,2814206,330.5173,331.2680,326.2079
2023/03/28,329.2010,2.9736,+0.91,2495731,327.3973,330.3515,326.3395
2023/03/27,326.2274,1.4917,-0.46,3182121,319.5975,327.8068,315.1711
2023/03/24,327.7191,3.4027,+1.05,2863832,324.6576,328.4991,320.5432
2023/03/23,324.3164,1.6282,+0.50,2772867,322.6102,326.9488,321.9472
2023/03/22,322.6882,0.1072,-0.03,2535795,323.4682,327.2023,322.3762
2023/03/21,322.7954,2.4570,-0.76,3323799,326.0226,326.0714,319.8669
2023/03/20,325.2524,4.3094,+1.34,3631743,320.9430,325.5839,320.7797
2023/03/17,320.9430,0.3412,-0.11,8902576,323.2049,326.5644,319.8900
2023/03/16,321.2842,0.0585,+0.02,3588289,319.4415,323.3998,316.9066
2023/03/15,321.2257,2.3399,+0.73,4865290,317.8426,323.0684,316.3801
2023/03/14,318.8858,2.5155,+0.80,4322492,315.9413,319.0905,313.3967
2023/03/13,316.3703,9.2330,+3.01,5411059,309.3018,323.4974,309.3018
2023/03/10,307.1373,1.7842,-0.58,4715326,310.8715,318.3593,306.4743
2023/03/09,308.9215,4.2021,+1.38,4020944,304.4951,310.7934,304.4951
2023/03/08,304.7194,1.8622,+0.61,2372607,302.7304,305.1971,301.5799
2023/03/07,302.8572,8.1215,-2.61,2688091,311.0177,312.3339,301.8529
2023/03/06,310.9787,0.5167,+0.17,2742338,309.0093,312.2267,308.5803
2023/03/03,310.4620,3.2954,+1.07,3080018,308.4535,312.1487,307.3525
2023/03/02,307.1666,0.8580,+0.28,2959285,303.9881,308.3853,302.7597
2023/03/01,306.3086,2.8762,+0.95,3672665,302.2429,308.9756,301.4629
2023/02/28,303.4324,5.2649,-1.71,4068666,307.5955,307.5955,301.8919
2023/02/27,308.6973,4.8944,-1.56,3121583,314.5276,315.3076,307.9953
2023/02/24,313.5917,5.7328,-1.80,2661215,317.8426,319.0374,312.0804
2023/02/23,319.3245,1.5112,-0.47,2286765,319.8023,324.5016,317.5403
2023/02/22,320.8357,1.5209,+0.48,2441091,320.4847,324.2774,318.1643
2023/02/21,319.3148,0.8677,-0.27,2580212,318.9638,323.4194,318.1643
2023/02/17,320.1825,2.2717,+0.71,3790602,315.0639,323.2878,312.4802
2023/02/16,317.9108,8.7163,-2.67,3747949,322.7174,324.6040,317.5696
2023/02/15,326.6271,12.2360,-3.61,3695951,337.1958,338.1877,325.9836
2023/02/14,338.8631,1.6672,-0.49,2080921,341.7685,344.9615,338.5901
2023/02/13,340.5303,5.1313,+1.53,2358007,336.7110,340.9287,336.2542
2023/02/10,335.3990,3.2362,+0.97,2037401,333.6011,338.6158,333.0763
2023/02/09,332.1628,1.0302,+0.31,3161829,331.2881,337.5662,330.9091
2023/02/08,331.1326,1.0204,+0.31,2468927,329.0238,333.2124,328.3046
2023/02/07,330.1122,1.9631,+0.60,2535557,326.5845,331.3562,323.3191
2023/02/06,328.1491,1.3800,-0.42,3144236,332.3474,333.7469,325.1947
2023/02/03,329.5291,8.1439,+2.53,5835068,323.5718,332.6866,320.0926
2023/02/02,321.3852,11.5356,-3.46,13414460,324.5922,325.8556,308.0710
2023/02/01,332.9208,1.5355,-0.46,3077637,333.1346,336.1959,328.0131
2023/01/31,334.4563,3.5472,+1.07,2476405,331.0841,334.6993,329.8207
2023/01/30,330.9091,1.5550,-0.47,2724464,334.6312,338.0035,329.8984
2023/01/27,332.4641,5.7435,-1.70,2432119,336.3611,338.2853,331.9057
2023/01/26,338.2076,1.6715,-0.49,2650842,341.1134,342.2601,336.9636
2023/01/25,339.8791,3.2459,+0.96,2575881,335.8169,339.9277,335.3796
2023/01/24,336.6332,4.0622,+1.22,2307460,373.6115,373.6115,293.6296
2023/01/23,332.5710,3.7512,-1.12,3501763,336.8470,336.8470,330.6370
2023/01/20,336.3222,4.8689,-1.43,5548153,337.2260,339.2329,331.9587
2023/01/19,341.1911,0.9038,-0.26,2735380,342.4448,345.7782,340.5497
2023/01/18,342.0949,5.5686,-1.60,2368988,346.2835,348.8880,341.6770
2023/01/17,347.6635,3.7707,-1.07,2505967,351.4342,351.8035,346.5070
2023/01/13,351.4342,2.4295,+0.70,1739888,349.4420,353.0766,348.5382
2023/01/12,349.0047,1.2536,-0.36,2078283,349.1310,350.3421,343.1348
2023/01/11,350.2583,7.4442,+2.17,2678284,344.3593,351.5703,341.1134
2023/01/10,342.8141,2.8378,+0.83,2536641,339.1697,343.2611,333.6691
2023/01/09,339.9763,12.7408,-3.61,3066957,353.7472,354.6899,338.9656
2023/01/06,352.7171,3.9068,+1.12,2193055,349.8599,356.3711,347.5095
2023/01/05,348.8103,4.0622,-1.15,2066738,350.7831,351.3079,343.0182
2023/01/04,352.8725,1.8368,-0.52,1940864,354.3692,356.7745,350.1903
2023/01/03,354.7093,0.8261,-0.23,2064847,355.9435,358.6064,351.2787
2022/12/30,355.5354,1.1467,-0.32,1428332,357.1389,357.5859,351.9134
2022/12/29,356.6821,1.7493,+0.49,1109092,357.7317,360.5014,356.1379
2022/12/28,354.9328,0.3304,+0.09,1024832,355.8561,357.6442,353.6889
2022/12/27,354.6024,2.9349,-0.82,1411829,359.0923,359.3158,354.0679
2022/12/23,357.5373,2.5170,+0.71,1060128,354.5441,357.5373,352.2603
2022/12/22,355.0203,2.6239,-0.73,2015045,356.9737,359.3450,352.0854
2022/12/21,357.6442,8.1342,+2.33,2275382,352.4158,360.2390,351.0358
2022/12/20,349.5100,1.8076,+0.52,2341978,348.4021,351.2690,346.3030
2022/12/19,347.7024,2.0311,-0.58,2735475,347.7316,349.5683,344.6218
2022/12/16,349.7335,0.1361,-0.04,6804067,347.8482,350.3263,345.1659
2022/12/15,349.8696,3.3917,-0.96,3537495,350.5013,353.7132,346.6431
2022/12/14,353.2613,4.7037,+1.35,5243141,348.8978,359.0194,346.9978
2022/12/13,348.5576,8.3481,-2.34,5178495,351.4440,362.2410,348.2272
2022/12/12,356.9057,6.0837,+1.73,2715830,352.7073,357.4692,352.2894
2022/12/09,350.8220,10.4958,-2.90,2867957,362.4937,363.4655,350.6471
2022/12/08,361.3178,0.1749,-0.05,2151546,362.7464,362.7464,356.1768
2022/12/07,361.4927,3.3334,+0.93,1676300,358.9174,364.6657,358.3731
2022/12/06,358.1593,0.7289,-0.20,2028118,356.6627,360.2002,355.2237
2022/12/05,358.8882,5.3159,-1.46,2363093,363.2323,364.6803,357.9066
2022/12/02,364.2041,4.3052,+1.20,1981378,355.7686,364.4762,354.7190
2022/12/01,359.8989,0.7289,-0.20,2589023,364.2333,364.6172,358.1107
2022/11/30,360.6278,6.9292,+1.96,5717490,354.7871,361.8620,351.6092
2022/11/29,353.6986,1.7687,-0.50,2271005,354.3497,355.7978,350.4818
2022/11/28,355.4673,0.5053,+0.14,2553924,353.2127,359.1020,350.8317
2022/11/25,354.9620,3.4306,+0.98,1069210,352.6782,355.5257,351.3662
2022/11/23,351.5314,0.8163,+0.23,2050988,351.1621,352.2603,348.5285
2022/11/22,350.7151,0.2818,-0.08,2531666,351.8035,352.5810,347.2359
2022/11/21,350.9969,0.4859,-0.14,2057348,350.2389,353.5140,345.3603
2022/11/18,351.4828,0.8746,+0.25,2491282,352.3380,354.3983,349.2282
2022/11/17,350.6082,7.6192,+2.22,3016101,342.9696,352.0951,342.7752
2022/11/16,342.9890,2.8961,+0.85,3667277,340.1415,346.8277,340.1027
2022/11/15,340.0929,5.9379,-1.72,4301864,346.8861,346.9347,336.5992
2022/11/14,346.0308,4.6064,+1.35,4854161,348.9561,350.6373,330.5398
2022/11/11,341.4244,15.9131,-4.45,6857988,354.8565,356.4749,333.8845
2022/11/10,357.3375,5.2818,+1.50,3089364,355.9032,357.6088,351.7941
2022/11/09,352.0557,3.2854,-0.92,2397718,357.0661,358.3841,350.7377
2022/11/08,355.3411,1.5410,+0.44,3383047,353.8777,357.3665,350.7603
2022/11/07,353.8001,7.4235,+2.14,2641845,346.9484,355.6706,346.4638
2022/11/04,346.3766,4.1382,-1.18,3100445,353.9261,354.5807,342.4274
2022/11/03,350.5148,6.5126,+1.89,2685444,343.1300,351.6293,340.6587
2022/11/02,344.0022,2.3065,+0.68,3896222,343.2269,351.9362,339.3989
2022/11/01,341.6957,9.2164,-2.63,7236342,335.1541,347.9078,330.2309
2022/10/31,350.9121,2.1224,+0.61,4393839,347.5783,352.6855,339.6412
2022/10/28,348.7897,3.4598,+1.00,3035799,349.1968,350.8249,346.0180
2022/10/27,345.3299,1.4828,-0.43,2422404,347.9078,349.9697,344.3511
2022/10/26,346.8127,6.3478,+1.86,2449354,341.6182,350.3210,339.6218
2022/10/25,340.4649,3.3047,+0.98,2593190,335.8228,341.4533,332.4600
2022/10/24,337.1602,6.9099,+2.09,3483436,333.5938,340.9107,333.5938
2022/10/21,330.2503,11.3388,+3.56,3379024,318.9115,331.8590,316.6825
2022/10/20,318.9115,0.2132,-0.07,1817494,320.9273,321.2035,315.8393
2022/10/19,319.1247,5.5628,-1.71,2496070,324.9007,325.2690,315.9072
2022/10/18,324.6875,2.1999,+0.68,2153750,323.8250,324.9782,320.1713
2022/10/17,322.4876,1.3277,+0.41,2301074,322.5166,327.1588,321.5087
2022/10/14,321.1599,0.6880,-0.21,2302798,321.3246,324.9369,318.0944
2022/10/13,321.8479,7.2975,+2.32,2742051,309.2686,323.0826,309.2494
2022/10/12,314.5504,2.9365,-0.92,1820937,317.2736,323.3501,313.8817
2022/10/11,317.4869,3.5955,+1.15,2681904,310.1215,318.8727,309.5691
2022/10/10,313.8914,2.6845,-0.85,2018545,316.1591,316.9120,310.3541
2022/10/07,316.5759,6.0958,-1.89,2684515,322.6911,322.7880,314.8702
2022/10/06,322.6717,1.1339,+0.35,4436097,317.8164,328.7869,316.7794
2022/10/05,321.5378,1.8316,+0.57,2255699,318.1652,323.5439,317.4093
2022/10/04,319.7062,8.0826,+2.59,2706069,312.2342,319.9097,311.8465
2022/10/03,311.6236,1.7445,-0.56,3447164,315.9266,319.1780,307.2625
2022/09/30,313.3681,6.4544,-2.02,4616630,317.0507,319.3352,312.4668
2022/09/29,319.8225,4.2351,-1.31,3862297,323.6602,324.3483,317.1670
2022/09/28,324.0576,22.5614,+7.48,9736915,323.2338,331.1516,317.9714
2022/09/27,301.4962,3.4888,+1.17,3115790,299.6064,304.2582,298.8020
2022/09/26,298.0074,3.8377,-1.27,3879760,299.2672,302.1068,295.4682
2022/09/23,301.8451,0.5718,+0.19,4718242,302.2424,305.4503,295.7008
2022/09/22,301.2733,13.9458,+4.85,6106807,291.5142,302.9596,290.7001
2022/09/21,287.3275,5.0880,-1.74,2312546,291.7080,295.1290,287.1725
2022/09/20,292.4155,3.2562,-1.10,1874643,294.4410,294.4410,289.7116
2022/09/19,295.6717,3.6827,-1.23,2595608,297.0188,297.0576,288.4614
2022/09/16,299.3544,0.5621,-0.19,4519955,298.4628,302.3297,297.2684
2022/09/15,299.9165,0.1357,-0.05,2422872,300.1491,302.6398,296.3114
2022/09/14,300.0522,3.0334,+1.02,2066687,297.7263,302.1871,296.4567
2022/09/13,297.0188,8.4702,-2.77,2344825,300.4399,302.6689,295.5748
2022/09/12,305.4890,2.4035,-0.78,2143587,309.0457,310.5576,305.1595
2022/09/09,307.8925,2.1321,+0.70,2246748,306.6811,310.2862,305.4890
2022/09/08,305.7604,3.7796,+1.25,2283025,302.3200,305.9833,298.0946
2022/09/07,301.9808,4.6325,+1.56,2299233,299.2381,302.7561,295.4682
2022/09/06,297.3483,5.3205,+1.82,2396317,293.5978,303.1758,292.9000
2022/09/02,292.0278,7.5592,-2.52,2605865,300.5368,300.6434,290.5063
2022/09/01,299.5870,7.6561,+2.62,3032801,291.7080,299.8584,291.2234
2022/08/31,291.9309,5.6307,-1.89,3284911,297.6585,299.2866,291.8146
2022/08/30,297.5616,3.0139,-1.00,2043332,300.5659,302.3394,296.5633
2022/08/29,300.5755,5.2430,-1.71,1751052,303.6671,305.1498,300.1202
2022/08/26,305.8185,7.3460,-2.35,1917164,313.6006,314.5697,305.5326
2022/08/25,313.1645,4.1381,+1.34,2040929,310.7029,313.3874,306.0802
2022/08/24,309.0264,3.6537,+1.20,1885183,306.7004,310.9549,305.4890
2022/08/23,305.3727,7.7531,-2.48,3056462,311.3232,311.9047,304.1807
2022/08/22,313.1258,0.3198,+0.10,2567279,312.3311,315.7133,310.4994
2022/08/19,312.8060,5.8633,+1.91,3501415,307.7083,315.6940,307.6986
2022/08/18,306.9427,0.0969,-0.03,2333734,306.9718,309.1136,304.5005
2022/08/17,307.0396,6.3090,+2.10,2834737,300.4399,310.7029,300.4399
2022/08/16,300.7306,3.5179,-1.16,2319586,304.2389,304.6604,300.0716
2022/08/15,304.2485,5.6791,+1.90,2884852,299.6646,304.8979,297.8232
2022/08/12,298.5694,7.6464,+2.63,2378531,293.5687,298.9668,291.9987
2022/08/11,290.9230,3.3230,-1.13,2276453,290.7878,295.0284,289.4354
2022/08/10,294.2460,1.5359,+0.52,2433858,294.1397,296.6802,292.2947
2022/08/09,292.7101,0.5023,+0.17,2197835,294.7096,296.2623,291.0486
2022/08/08,292.2078,1.1399,+0.39,3332869,290.4207,295.7046,286.4409
2022/08/05,291.0679,4.3179,-1.46,2913400,292.1884,294.9318,290.0923
2022/08/04,295.3858,7.7665,-2.56,4861663,299.6458,299.6941,291.9566
2022/08/03,303.1523,6.1532,-1.99,5333668,309.7209,310.0590,299.6651
2022/08/02,309.3055,3.8156,-1.22,3525648,316.0577,317.7868,308.4941
2022/08/01,313.1211,5.3516,-1.68,2551074,316.3668,319.1875,312.4546
2022/07/29,318.4727,1.0722,-0.34,3519606,319.7960,319.7960,315.7003
2022/07/28,319.5449,1.7967,+0.57,2433856,319.0039,322.2400,310.7931
2022/07/27,317.7482,2.5308,-0.79,1701070,317.7868,319.6125,314.1259
2022/07/26,320.2790,0.0096,+0,1876116,319.7284,321.2547,317.4294
2022/07/25,320.2694,2.7048,+0.85,1803074,317.5646,320.9649,316.8981
2022/07/22,317.5646,1.7677,+0.56,1916054,315.8259,318.0186,314.7440
2022/07/21,315.7969,4.7236,+1.52,1751704,310.5130,316.8885,308.8322
2022/07/20,311.0733,4.0281,-1.28,2123316,315.9611,316.6663,309.4118
2022/07/19,315.1014,4.2793,+1.38,1685584,313.0632,316.2412,310.8897
2022/07/18,310.8221,9.4956,-2.96,2190959,318.8880,320.6751,308.8322
2022/07/15,320.3177,4.5498,+1.44,3457990,320.6751,323.9208,317.0044
2022/07/14,315.7679,4.2793,+1.37,2707845,306.7360,316.6083,304.7751
2022/07/13,311.4886,1.0916,-0.35,2654631,311.0540,313.6331,309.9141
2022/07/12,312.5802,7.2255,-2.26,2130900,318.7721,320.6944,312.3580
2022/07/11,319.8057,0.5796,+0.18,1390251,319.3613,321.3609,318.2192
2022/07/08,319.2261,2.4342,+0.77,1965156,315.4395,323.1383,315.0628
2022/07/07,316.7919,2.1251,-0.67,2479405,316.1157,319.2551,315.1400
2022/07/06,318.9170,2.8689,+0.91,2331829,316.8402,321.4189,315.6327
2022/07/05,316.0481,2.3860,+0.76,2183970,311.4693,316.2895,308.0787
2022/07/01,313.6621,0.4637,+0.15,1881838,312.8603,314.3286,306.9486
2022/06/30,313.1984,1.1881,+0.38,2829150,311.1699,315.9225,309.1220
2022/06/29,312.0103,5.1970,+1.69,2652801,307.3349,313.6524,306.8423
2022/06/28,306.8133,9.3217,-2.95,2845134,315.4105,317.8689,305.9826
2022/06/27,316.1350,1.5939,+0.51,3332512,313.1984,319.5932,311.0443
2022/06/24,314.5411,12.4611,+4.13,5641850,308.6777,314.7343,308.1560
2022/06/23,302.0800,5.8248,+1.97,3860681,298.9696,302.5340,296.7382
2022/06/22,296.2552,9.0319,+3.14,4695922,286.8563,299.1145,286.3443
2022/06/21,287.2233,6.2209,+2.21,2920705,282.4321,289.0973,280.4325
2022/06/17,281.0024,2.7337,+0.98,7143034,280.1427,290.7491,279.8239
2022/06/16,278.2687,4.7526,-1.68,2721401,280.3263,280.3263,273.4775
2022/06/15,283.0213,2.1251,+0.76,2039522,281.6786,286.2573,278.7131
2022/06/14,280.8962,0.4733,-0.17,2507888,279.3313,282.0650,277.5153
2022/06/13,281.3695,5.5351,-1.93,3000858,280.5504,283.1855,278.6938
2022/06/10,286.9046,6.0276,-2.06,2558720,289.0490,291.3963,286.7693
2022/06/09,292.9322,9.8916,-3.27,2034525,300.9981,301.3073,292.7970
2022/06/08,302.8238,1.3427,+0.45,2779078,301.7999,304.7655,300.2350
2022/06/07,301.4811,8.4426,+2.88,3781479,293.6490,301.5294,292.7101
2022/06/06,293.0385,1.6518,+0.57,3865932,304.4080,304.4080,292.7777
2022/06/03,291.3867,0.7534,-0.26,2577726,291.8793,295.4051,290.4690
2022/06/02,292.1401,8.3557,-2.78,3833751,300.0032,300.0950,288.0203
2022/06/01,300.4958,2.2797,-0.75,2827954,302.7755,303.2199,295.1926
2022/05/31,302.7755,9.6984,-3.10,6520766,305.8570,307.6247,298.5156
2022/05/27,312.4739,9.6790,+3.20,3824408,302.0124,313.0535,300.6697
2022/05/26,302.7949,6.2306,+2.10,3400033,294.8449,303.2295,293.2800
2022/05/25,296.5643,1.0143,+0.34,3308268,296.5547,299.8583,294.2750
2022/05/24,295.5500,3.2456,+1.11,2903740,293.3766,297.2019,289.5996
2022/05/23,292.3044,3.6225,+1.25,2974832,290.3724,294.5454,289.1649
2022/05/20,288.6819,12.1519,+4.39,3239356,280.8382,289.0587,279.0898
2022/05/19,276.5300,8.6165,-3.02,3268653,283.5913,283.5913,274.6946
2022/05/18,285.1465,5.9987,-2.06,2237560,289.7928,292.3044,284.0259
2022/05/17,291.1452,1.9513,+0.67,2642906,289.7928,293.0771,283.4077
2022/05/16,289.1939,7.4863,+2.66,5298594,282.1713,298.9116,281.6786
2022/05/13,281.7076,0.7824,+0.28,2420011,282.6736,282.8378,276.7618
2022/05/12,280.9252,4.9196,+1.78,2461740,272.7660,281.1081,272.7660
2022/05/11,276.0056,0.9531,+0.35,2726815,273.0982,283.5245,272.4531
2022/05/10,275.0525,3.3984,-1.22,3262571,281.1177,282.4944,274.3786
2022/05/09,278.4509,7.3842,-2.58,3594504,282.5714,283.9385,275.9671
2022/05/06,285.8351,4.3612,+1.55,3044637,279.3559,287.1348,277.7674
2022/05/05,281.4739,2.4357,-0.86,3241173,282.4848,283.9963,277.5556
2022/05/04,283.9096,6.5754,+2.37,2849766,277.7481,285.9121,273.5314
2022/05/03,277.3342,1.4344,-0.51,2191183,277.8733,279.0093,273.5218
2022/05/02,278.7686,2.4743,-0.88,2898028,280.3764,281.9264,273.6854
2022/04/29,281.2429,4.9484,-1.73,4062265,284.7665,286.2298,278.3643
2022/04/28,286.1913,11.7261,+4.27,6115445,284.9590,289.3106,277.8059
2022/04/27,274.4652,2.1757,+0.80,2443129,272.5494,277.3919,270.1329
2022/04/26,272.2895,2.2816,-0.83,2250520,275.5146,279.3944,272.2528
2022/04/25,274.5711,6.2288,+2.32,2503475,268.3615,275.2932,266.5131
2022/04/22,268.3423,10.4745,-3.76,2879913,278.5183,278.8264,268.0246
2022/04/21,278.8168,3.1866,-1.13,2821919,282.0034,282.5161,275.9767
2022/04/20,282.0034,3.9376,-1.38,2709612,285.9506,287.8568,281.4065
2022/04/19,285.9410,1.7425,-0.61,2099919,287.2888,288.5211,282.8506
2022/04/18,287.6835,2.9267,-1.01,1642615,289.8497,290.8028,285.7388
2022/04/14,290.6102,0.7799,-0.27,1971583,292.4298,293.1230,289.0025
2022/04/13,291.3901,5.2083,-1.76,2626630,295.8283,296.8102,289.2143
2022/04/12,296.5984,0.8472,-0.28,2792294,295.1543,298.0714,292.8438
2022/04/11,297.4456,2.6283,-0.88,2262388,301.4217,302.0668,296.5696
2022/04/08,300.0739,3.1385,+1.06,3141767,296.5214,300.7382,296.4733
2022/04/07,296.9354,2.4935,+0.85,4436151,293.6332,302.2978,293.6332
2022/04/06,294.4419,12.8525,+4.56,4853828,285.0553,295.1351,283.7845
2022/04/05,281.5894,1.0301,+0.37,2414228,280.8481,284.8050,278.3258
2022/04/04,280.5593,1.2034,-0.43,3130863,281.8398,283.9866,280.1068
2022/04/01,281.7627,6.0652,+2.20,3184852,275.4857,282.2152,273.4159
2022/03/31,275.6975,3.3888,-1.21,3352708,278.5857,280.9252,275.2643
2022/03/30,279.0863,1.4441,+0.52,2306092,279.7506,281.3969,277.2572
2022/03/29,277.6422,3.1482,-1.12,2906371,281.1466,282.2152,276.8624
2022/03/28,280.7904,2.5416,+0.91,2279971,280.4708,281.5509,277.5652
2022/03/25,278.2488,1.2805,+0.46,2492964,277.7481,280.7808,275.8997
2022/03/24,276.9683,3.3695,+1.23,2505737,275.6205,278.0851,274.0513
2022/03/23,273.5988,0.7990,-0.29,3271297,273.8202,277.4401,272.7901
2022/03/22,274.3978,4.4479,-1.60,3938615,278.8745,279.7314,272.8286
2022/03/21,278.8457,1.9255,+0.70,3631036,277.0357,284.3236,277.0357
2022/03/18,276.9202,2.0506,+0.75,4734362,275.1873,280.4919,274.2438
2022/03/17,274.8696,8.7320,+3.28,3396693,266.6864,275.2337,266.1472
2022/03/16,266.1376,0.9435,+0.36,3270475,267.4951,268.2267,262.8354
2022/03/15,265.1941,6.2192,+2.40,4567069,259.8125,266.1761,259.8125
2022/03/14,258.9749,2.5994,+1.01,2818878,258.9652,260.8041,257.3575
2022/03/11,256.3755,0.2696,+0.11,2565239,255.1913,261.5935,255.1913
2022/03/10,256.1059,3.1096,+1.23,2905731,253.0444,257.7522,253.0444
2022/03/09,252.9963,2.7534,+1.10,3080677,253.4873,257.8100,252.3031
2022/03/08,250.2429,1.6463,-0.65,3617466,250.2429,255.4128,249.2609
2022/03/07,251.8892,1.1841,-0.47,3193989,250.1755,253.8050,248.2500
2022/03/04,253.0733,4.0723,+1.64,3632510,246.6615,253.6365,245.9972
2022/03/03,249.0010,4.3034,+1.76,3275930,245.3330,249.9059,244.9045
2022/03/02,244.6976,4.4960,+1.87,2547023,240.5674,246.9215,239.7732
2022/03/01,240.2016,0.4332,-0.18,2984518,238.3339,241.0103,236.2929
2022/02/28,240.6348,0.8665,-0.36,3312255,236.9668,240.7407,235.4746
2022/02/25,241.5013,7.4804,+3.20,2536906,234.7525,243.4749,234.6418
2022/02/24,234.0209,4.5923,+2.00,3398939,226.4153,234.8392,225.2793
2022/02/23,229.4286,0.7895,-0.34,2385143,231.5852,233.6358,229.1446
2022/02/22,230.2181,1.1360,-0.49,3050397,230.2951,231.8836,228.6681
2022/02/18,231.3541,0.6354,-0.27,2615583,229.1494,233.3951,229.1494
2022/02/17,231.9895,4.4382,-1.88,2138835,236.4277,236.4325,231.4504
2022/02/16,236.4277,1.6752,+0.71,2554177,233.5395,237.8140,233.5395
2022/02/15,234.7525,8.8090,+3.90,3541701,227.8305,235.6671,227.8305
2022/02/14,225.9435,0.0674,-0.03,2671621,225.2793,228.0519,223.2286
2022/02/11,226.0109,3.7391,-1.63,2142890,229.3569,230.6991,225.1577
2022/02/10,229.7500,3.4802,-1.49,2381424,229.9993,234.0163,228.2831
2022/02/09,233.2302,3.2214,+1.40,1835680,231.3031,234.3711,231.1114
2022/02/08,230.0088,3.4898,-1.49,2727567,231.9167,232.8659,227.6695
2022/02/07,233.4986,1.2272,+0.53,4118333,232.4057,233.9588,230.3864
2022/02/04,232.2714,2.4352,-1.04,3723105,232.7029,234.0259,231.2648
2022/02/03,234.7066,5.7716,-2.40,3623101,237.2856,237.8800,231.1497
2022/02/02,240.4782,2.4448,+1.03,2698070,235.2243,241.4806,233.9540
2022/02/01,238.0334,2.7707,+1.18,2554811,236.8542,238.5703,233.2226
2022/01/31,235.2627,0.2781,+0.12,3376431,233.2302,235.3585,231.9311
2022/01/28,234.9846,8.0341,+3.54,3213772,227.6887,235.0997,225.3494
2022/01/27,226.9505,1.0929,-0.48,2272763,230.0759,233.2302,226.0301
2022/01/26,228.0434,1.5340,-0.67,3038640,229.7404,232.4248,226.1739
2022/01/25,229.5774,0.9204,-0.40,2633804,227.0368,231.5620,225.4165
2022/01/24,230.4978,2.5310,-1.09,3876574,232.5399,233.6999,223.0772
2022/01/21,233.0288,0.0671,-0.03,2908680,236.6912,237.6451,232.1276
2022/01/20,233.0959,1.8408,-0.78,2769686,235.4448,237.7170,232.4919
2022/01/19,234.9367,1.9366,-0.82,2594647,236.1639,240.0746,234.6251
2022/01/18,236.8733,2.8282,+1.21,3380804,232.7316,238.2635,232.0989
2022/01/14,234.0451,5.3209,-2.22,3018844,239.8262,240.2001,232.8754
2022/01/13,239.3660,5.9921,-2.44,3886924,243.5845,244.9554,238.2923
2022/01/12,245.3581,6.1359,-2.44,6845307,242.4627,246.8131,240.6124
2022/01/11,251.4940,2.1188,+0.85,2392751,250.7941,251.5803,246.4511
2022/01/10,249.3752,0.5848,+0.24,2687623,247.5344,249.4231,245.3293
2022/01/07,248.7904,0.1630,+0.07,2341891,249.0204,250.4681,246.1155
2022/01/06,248.6274,1.2655,-0.51,2986553,249.3656,250.5113,244.9171
2022/01/05,249.8929,5.9058,-2.31,3133470,257.0930,257.6778,249.6724
2022/01/04,255.7987,4.7169,-1.81,2441377,257.8983,258.7372,252.7020
2022/01/03,260.5156,4.3047,-1.63,2734259,263.0850,263.0850,256.0419
2021/12/31,264.8203,0.9875,-0.37,1372374,266.0187,267.2267,264.6190
2021/12/30,265.8078,1.1217,-0.42,1232339,267.6677,269.0675,264.9641
2021/12/29,266.9295,1.9079,+0.72,1160180,264.4368,267.8307,264.3601
2021/12/28,265.0216,1.8983,-0.71,1078744,267.8115,267.8691,264.5040
2021/12/27,266.9199,5.0908,+1.94,1749856,263.6890,268.7319,263.3822
2021/12/23,261.8291,6.3276,+2.48,2745530,257.9462,263.9095,255.6740
2021/12/22,255.5015,1.5532,+0.61,2838124,253.8141,255.5590,252.0021
2021/12/21,253.9483,1.3422,+0.53,2818857,253.1046,254.9742,249.8162
2021/12/20,252.6061,3.7774,-1.47,3629193,258.1188,258.8618,249.6053
2021/12/17,256.3835,11.1404,-4.16,7915553,265.2517,265.2517,254.3842
2021/12/16,267.5239,3.6048,+1.37,5785192,264.2930,272.1882,260.8224
2021/12/15,263.9191,24.8311,+10.39,10447862,251.2543,264.1684,246.5947
2021/12/14,239.0880,0.8149,+0.34,3571386,237.5157,239.6920,236.2214
2021/12/13,238.2731,4.2088,+1.80,3146701,235.3777,240.3535,235.3298
2021/12/10,234.0643,1.1889,+0.51,2483243,231.2456,234.4909,231.2456
2021/12/09,232.8754,1.3614,-0.58,2389673,234.3998,235.7612,232.7316
2021/12/08,234.2368,0.7574,-0.32,3792728,236.4323,237.9390,229.5870
2021/12/07,234.9942,1.1697,-0.50,4209525,234.1601,235.3058,231.4853
2021/12/06,236.1639,0.7191,+0.31,3641469,235.7708,236.7487,231.5620
2021/12/03,235.4448,2.2051,-0.93,4349179,241.7245,243.0188,233.0480
2021/12/02,237.6499,1.1984,-0.50,3982128,236.3460,239.6632,235.0038
2021/12/01,238.8483,1.0450,+0.44,3381052,239.1455,244.7628,237.6595
2021/11/30,237.8033,6.5098,-2.66,8621740,242.8175,243.5173,236.3077
2021/11/29,244.3131,5.3113,-2.13,4215659,249.2889,251.4940,243.9967
2021/11/26,249.6244,1.5628,-0.62,1559856,250.9954,254.9070,248.3397
2021/11/24,251.1872,0.0384,+0.02,2626997,251.9254,254.0058,249.3177
2021/11/23,251.1488,1.4572,+0.58,2071831,248.7616,251.9158,248.5507
2021/11/22,249.6916,0.2492,-0.10,2083789,251.3981,253.0950,248.4356
2021/11/19,249.9408,0.6040,-0.24,2908234,255.4343,259.6240,249.5573
2021/11/18,250.5448,0.1438,+0.06,1762369,251.1872,252.9129,249.0971
2021/11/17,250.4010,3.3172,+1.34,2997257,246.2114,253.6319,245.5019
2021/11/16,247.0838,0.6807,-0.27,2676188,246.3552,249.6053,245.4252
2021/11/15,247.7645,1.1697,-0.47,1985089,248.6849,248.8958,246.5469
2021/11/12,248.9342,2.0421,-0.81,2048743,250.9763,251.6857,248.2439
2021/11/11,250.9763,1.9303,-0.76,1820208,250.6800,252.5913,250.3264
2021/11/10,252.9066,2.5133,+1.00,2318100,250.3742,254.1967,249.9920
2021/11/09,250.3933,1.4239,+0.57,2055038,248.9694,250.5271,246.9244
2021/11/08,248.9694,4.2717,-1.69,2497004,252.2759,255.0663,247.6555
2021/11/05,253.2411,5.7338,-2.21,3919644,257.0540,257.5319,247.0869
2021/11/04,258.9749,4.5297,+1.78,4325518,253.6998,259.0800,253.4991
2021/11/03,254.4452,8.9925,+3.66,4586445,246.3319,254.9517,246.3224
2021/11/02,245.4527,7.2054,+3.02,4173040,240.1012,247.7940,238.3333
2021/11/01,238.2473,5.2082,-2.14,2862881,243.7899,245.0992,237.0432
2021/10/29,243.4555,1.3475,+0.56,3298375,242.5190,245.0896,240.5981
2021/10/28,242.1080,3.0389,+1.27,3543758,239.0596,245.3572,238.9831
2021/10/27,239.0691,1.6532,+0.70,3329227,237.5784,243.1688,237.3012
2021/10/26,237.4159,3.2396,+1.38,4743434,233.6507,237.8746,226.5695
2021/10/25,234.1763,1.2423,+0.53,2891400,233.8036,235.3390,229.8473
2021/10/22,232.9340,2.4655,+1.07,2051746,230.2678,233.2112,228.9299
2021/10/21,230.4685,2.4369,-1.05,1797659,234.0808,234.0808,229.1918
2021/10/20,232.9054,1.3475,+0.58,1609176,232.9149,234.9886,232.2555
2021/10/19,231.5579,3.1822,+1.39,1646555,228.4521,231.7873,228.4521
2021/10/18,228.3757,1.0512,+0.46,2664206,227.3914,231.8924,226.1969
2021/10/15,227.3245,1.1372,+0.50,2719008,226.8849,228.6801,225.3559
2021/10/14,226.1873,0.2389,+0.11,1909495,226.4931,227.8596,223.7218
2021/10/13,225.9484,3.4976,+1.57,2203676,223.6836,227.3627,222.4699
2021/10/12,222.4508,0.8505,-0.38,1799299,224.2856,224.6392,221.6863
2021/10/11,223.3013,0.2580,-0.12,1980387,226.1969,227.4296,223.2344
2021/10/08,223.5593,0.7263,+0.33,2682132,223.0624,225.3463,221.2754
2021/10/07,222.8330,5.0934,+2.34,2094754,218.9532,223.7218,218.8385
2021/10/06,217.7396,2.9433,-1.33,2577075,220.3293,220.6064,216.0194
2021/10/05,220.6829,5.8102,+2.70,2932133,216.3921,222.2406,216.1386
2021/10/04,214.8727,4.5296,-2.06,5006920,217.6918,219.9757,214.2706
2021/10/01,219.4023,1.3953,-0.63,2318658,220.7498,221.3996,215.4461
2021/09/30,220.7976,0.6594,+0.30,3962894,222.4508,226.6364,220.5587
2021/09/29,220.1382,8.3713,+3.95,4155420,215.4078,221.1703,214.5955
2021/09/28,211.7669,4.5870,-2.12,3749634,216.3443,216.3539,210.4290
2021/09/27,216.3539,5.0457,-2.28,2915283,219.7655,220.8071,215.6018
2021/09/24,221.3996,0.4778,-0.22,1718849,222.4412,224.9402,221.0747
2021/09/23,221.8774,3.7078,+1.70,2001118,219.1252,223.8078,218.8481
2021/09/22,218.1696,1.7870,-0.81,2647095,219.7942,220.7785,217.4815
2021/09/21,219.9566,1.4048,-0.63,2273717,221.7627,223.3491,219.5457
2021/09/20,221.3614,1.4717,+0.67,2933611,217.9689,222.4030,217.2044
2021/09/17,219.8897,0.8983,-0.41,4688275,219.5170,220.5873,218.1027
2021/09/16,220.7880,2.5706,-1.15,3096066,223.6931,224.2760,219.5361
2021/09/15,223.3586,0.6116,+0.27,2932710,223.2153,228.7579,222.7184
2021/09/14,222.7470,4.6539,-2.05,4003631,228.1272,229.1535,221.6863
2021/09/13,227.4009,1.4717,-0.64,2964373,229.3886,230.4494,224.7156
2021/09/10,228.8726,0.4778,-0.21,4848701,231.4528,233.0678,227.9839
2021/09/09,229.3504,14.1815,-5.82,5207674,242.0507,242.7483,229.0351
2021/09/08,243.5319,0.0382,+0.02,1614154,243.3026,244.3633,242.4234
2021/09/07,243.4937,4.5201,-1.82,2515301,247.5073,249.2466,243.1210
2021/09/03,248.0138,0.0382,-0.02,1176743,249.2561,249.4090,245.3893
2021/09/02,248.0520,2.0737,+0.84,1537957,245.9879,248.2049,245.0896
2021/09/01,245.9783,0.8505,-0.34,3094118,247.0677,247.2875,243.1975
2021/08/31,246.8288,3.8417,-1.53,2860358,251.1769,251.9367,246.4179
2021/08/30,250.6705,2.4464,+0.99,1361120,249.4473,252.3524,248.0903
2021/08/27,248.2241,1.5003,-0.60,1925332,250.8711,251.4500,247.1060
2021/08/26,249.7244,2.4368,-0.97,1813454,252.2855,253.8049,249.0172
2021/08/25,252.1612,1.0512,+0.42,2499496,251.1196,252.7824,249.6957
2021/08/24,251.1100,4.8260,-1.89,3909787,254.3878,255.5728,250.1640
2021/08/23,255.9360,2.9528,-1.14,2552137,260.2172,260.8001,255.8213
2021/08/20,258.8888,0.4873,+0.19,1608190,257.4267,260.7585,257.1209
2021/08/19,258.4015,1.7966,+0.70,1989284,254.3401,259.7847,253.6520
2021/08/18,256.6049,4.0041,-1.54,2644855,259.9400,262.5680,256.1366
2021/08/17,260.6090,2.6471,+1.03,2193401,259.1278,263.6288,255.3244
2021/08/16,257.9619,5.4758,+2.17,2745096,253.1264,258.2677,252.5387
2021/08/13,252.4861,0.7071,+0.28,1551244,251.4732,253.9005,251.3490
2021/08/12,251.7790,0.2103,+0.08,2198427,251.5210,252.7967,249.8868
2021/08/11,251.5687,5.0962,-1.99,2953426,256.7983,258.0842,250.1971
2021/08/10,256.6649,2.1813,+0.86,2162848,254.0930,258.2176,253.5501
2021/08/09,254.4836,3.5435,+1.41,3399779,252.0260,260.0846,251.9498
2021/08/06,250.9401,0.7144,-0.28,2262570,251.0067,251.7307,248.3682
2021/08/05,251.6545,1.6384,+0.66,2375144,250.7877,252.9118,248.9302
2021/08/04,250.0161,6.1725,+2.53,4086500,243.8531,257.8080,243.3006
2021/08/03,243.8436,8.9445,+3.81,5675478,233.1369,247.0632,231.9462
2021/08/02,234.8991,2.9529,+1.27,2056523,234.0704,236.1231,232.6606
2021/07/30,231.9462,1.7432,-0.75,2000018,233.2798,234.2799,231.1175
2021/07/29,233.6894,1.1240,-0.48,2020241,235.7564,236.4613,230.7461
2021/07/28,234.8134,2.7910,+1.20,1772220,231.8224,236.6137,231.1270
2021/07/27,232.0224,0.3524,+0.15,2221982,232.1462,232.4796,231.1460
2021/07/26,231.6700,0.8954,-0.39,2812364,231.0603,233.6417,231.0603
2021/07/23,232.5654,5.3915,+2.37,2570259,227.9264,232.9464,227.2406
2021/07/22,227.1739,1.1431,+0.51,1788350,226.0213,228.3265,225.1545
2021/07/21,226.0308,2.1622,+0.97,1733767,225.1640,226.1071,222.5064
2021/07/20,223.8686,0.8383,+0.38,2412273,223.8495,226.4690,222.8350
2021/07/19,223.0303,1.6003,+0.72,2420808,220.8775,223.1827,219.6297
2021/07/16,221.4300,0.9430,+0.43,2340094,221.4681,221.9825,220.2393
2021/07/15,220.4870,4.6485,-2.06,3791188,223.8590,224.7925,219.7440
2021/07/14,225.1355,1.0002,+0.45,2208227,224.6020,225.9737,223.5923
2021/07/13,224.1353,0.6763,-0.30,2072376,224.7830,225.4212,222.9255
2021/07/12,224.8116,0.9716,+0.43,3074492,224.0114,226.7072,223.9924
2021/07/09,223.8400,2.0289,-0.90,4231102,225.9165,227.1565,221.7063
2021/07/08,225.8689,1.2383,+0.55,2552600,222.7350,226.0118,221.0871
2021/07/07,224.6306,0.3810,+0.17,3297994,223.5447,225.3641,222.3826
2021/07/06,224.2496,1.3907,+0.62,3281216,222.5445,224.3972,222.1636
2021/07/02,222.8589,2.6958,+1.22,2093473,220.9633,223.0970,220.3536
2021/07/01,220.1631,1.5336,+0.70,2075859,218.6200,220.5156,217.8103
2021/06/30,218.6295,0.1429,+0.07,1875738,219.1725,219.8925,218.1914
2021/06/29,218.4866,1.0954,+0.50,1702005,217.4198,220.4203,217.0388
2021/06/28,217.3912,1.9051,-0.87,2632525,218.1342,218.9724,216.1133
2021/06/25,219.2963,2.6195,-1.18,7340528,222.0587,222.4111,218.5057
2021/06/24,221.9158,15.1170,+7.31,12902680,223.7733,228.0122,219.4868
2021/06/23,206.7988,4.1341,-1.96,2540193,211.6473,211.6950,206.7036
2021/06/22,210.9329,1.1717,-0.55,1741579,212.0665,213.0000,210.0497
2021/06/21,212.1046,3.9246,+1.89,3854163,208.7039,213.1524,207.7323
2021/06/18,208.1800,3.4864,-1.65,4216735,209.9708,210.5614,207.9610
2021/06/17,211.6664,1.3812,+0.66,1985204,209.8184,212.5094,209.8184
2021/06/16,210.2852,2.6290,-1.23,2675790,212.9237,213.7144,209.7518
2021/06/15,212.9142,2.4576,-1.14,2297934,215.3718,215.9052,212.2951
2021/06/14,215.3718,1.9146,+0.90,2856259,213.5905,215.9052,212.4379
2021/06/11,213.4572,9.0016,-4.05,5916705,216.2577,218.6962,211.0472
2021/06/10,222.4588,7.1823,+3.34,5877024,216.2005,224.6563,215.5147
2021/06/09,215.2765,5.0485,+2.40,5180703,210.8472,215.9719,209.8089
2021/06/08,210.2280,1.7337,-0.82,4848524,211.1901,211.7235,207.0560
2021/06/07,211.9617,19.5273,+10.15,18089709,192.4058,222.2587,192.2534
2021/06/04,192.4344,0.6477,-0.34,2958189,193.1678,194.7491,191.7392
2021/06/03,193.0821,3.4006,+1.79,3219360,189.5481,193.9775,189.1862
2021/06/02,189.6815,0.6763,+0.36,2131420,189.5672,191.3866,188.8433
2021/06/01,189.0052,1.2574,-0.66,3223266,190.8150,191.3580,187.3477
2021/05/28,190.2626,0.5144,+0.27,2504878,189.6720,192.6820,189.1100
2021/05/27,189.7482,1.7050,-0.89,9805542,191.1294,191.8247,186.2237
2021/05/26,191.4532,1.6860,+0.89,3035468,189.7768,192.8344,188.8433
2021/05/25,189.7672,1.7146,-0.90,3064641,191.8724,192.2724,189.6910
2021/05/24,191.4818,1.0859,+0.57,2178283,191.4628,193.9537,190.5483
2021/05/21,190.3959,0.3334,+0.18,2707685,190.5102,192.3391,190.0054
2021/05/20,190.0625,2.8767,+1.54,3668788,187.8050,191.5390,186.8619
2021/05/19,187.1858,1.7908,+0.97,3223446,184.4234,188.0241,183.9471
2021/05/18,185.3950,0.8573,-0.46,2487409,185.7475,187.0334,184.3948
2021/05/17,186.2523,0.6478,-0.35,2588803,187.1572,190.1387,185.8332
2021/05/14,186.9001,1.2098,+0.65,1914726,186.4238,187.9098,185.6713
2021/05/13,185.6903,2.4671,+1.35,2283681,183.1279,186.8048,182.6517
2021/05/12,183.2232,1.4700,-0.80,2528154,184.6932,185.5467,182.7775
2021/05/11,184.6932,0.0094,-0.01,1951209,183.4034,185.6415,183.0430
2021/05/10,184.7026,0.6260,-0.34,2364130,186.0398,186.4571,183.5077
2021/05/07,185.3286,1.4510,+0.79,2664339,184.7595,186.1316,183.8871
2021/05/06,183.8776,1.0243,+0.56,3270842,181.6584,184.0767,179.5461
2021/05/05,182.8533,4.3719,+2.45,4507120,178.9082,183.5741,178.4530
2021/05/04,178.4814,2.1623,+1.23,3905204,177.8460,180.2643,177.1347
2021/05/03,176.3191,2.9873,+1.72,3371036,173.5404,176.7269,173.4741
2021/04/30,173.3318,0.5406,+0.31,3272892,172.4498,174.4509,171.8334
2021/04/29,172.7912,1.5648,+0.91,2564912,171.7101,173.1990,170.7048
2021/04/28,171.2264,1.5743,-0.91,4937748,172.0800,172.6016,169.3562
2021/04/27,172.8007,4.7513,-2.68,7211120,174.4983,176.2717,171.4541
2021/04/26,177.5520,1.4225,-0.79,2949858,178.8323,178.9082,176.4519
2021/04/23,178.9745,1.5837,+0.89,2618417,177.3718,179.3634,177.3718
2021/04/22,177.3908,3.6986,-2.04,3145258,180.1885,181.3929,177.1063
2021/04/21,181.0894,0.3224,+0.18,2340642,181.6679,183.0430,179.9988
2021/04/20,180.7670,0.9200,+0.51,2595141,180.5773,183.5077,180.3497
2021/04/19,179.8470,0.3698,+0.21,3127966,179.4677,181.0230,178.3581
2021/04/16,179.4772,3.1581,+1.79,3935315,177.7037,180.4730,177.2296
2021/04/15,176.3191,2.7692,+1.60,2727490,174.2991,178.0262,173.9388
2021/04/14,173.5499,0.4457,+0.26,2111091,173.1611,174.9431,172.6490
2021/04/13,173.1042,0.6733,+0.39,3257351,171.8239,174.1569,171.8239
2021/04/12,172.4309,2.5321,-1.45,3032696,173.9577,174.4414,171.5394
2021/04/09,174.9630,1.7829,+1.03,2753403,173.1042,175.5794,172.9904
2021/04/08,173.1801,0.2751,+0.16,2523511,173.5025,174.4698,173.0473
2021/04/07,172.9050,0.4553,-0.26,3592101,173.4551,173.7206,171.8618
2021/04/06,173.3603,1.9820,-1.13,2623875,175.1527,176.0441,173.0663
2021/04/05,175.3423,0.3320,-0.19,3020919,176.0062,176.3002,173.6448
2021/04/01,175.6743,1.4984,-0.85,2467803,177.1727,178.3581,175.1242
2021/03/31,177.1727,1.2519,+0.71,3818500,175.9872,178.2348,175.6932
2021/03/30,175.9208,0.7967,-0.45,2661016,175.9493,177.2106,175.1716
2021/03/29,176.7175,0.9769,+0.56,3166124,175.1242,177.9784,174.0289
2021/03/26,175.7406,2.1053,+1.21,3024555,174.5457,176.3097,173.1990
2021/03/25,173.6353,2.7692,+1.62,2773740,171.6532,174.1569,170.9135
2021/03/24,170.8661,3.3287,-1.91,4145532,174.2138,174.3418,170.5341
2021/03/23,174.1948,2.0485,-1.16,3463756,175.7786,177.0162,173.7870
2021/03/22,176.2433,1.4700,+0.84,2811801,174.5457,176.3097,173.7396
2021/03/19,174.7733,0.3414,+0.20,6377915,175.1621,176.2053,174.3845
2021/03/18,174.4319,2.6554,-1.50,4470857,176.4140,177.4287,174.3086
2021/03/17,177.0873,3.9547,-2.18,5413791,179.9324,180.0272,176.9261
2021/03/16,181.0420,1.6502,+0.92,6531526,181.6456,181.7248,177.5615
2021/03/15,179.3918,17.9430,-9.09,13081067,183.0430,183.2042,178.4814
2021/03/12,197.3348,2.7218,+1.40,4788658,194.3095,197.6951,191.8343
2021/03/11,194.6130,0.2276,-0.12,4257219,195.8459,196.5477,193.7216
2021/03/10,194.8406,0.6259,-0.32,3585308,196.2015,197.2969,193.8354
2021/03/09,195.4665,0.8725,-0.44,4457506,197.5814,201.2041,195.4191
2021/03/08,196.3390,0.1043,+0.05,3480052,196.3106,199.9993,195.6657
2021/03/05,196.2347,6.0505,+3.18,4087223,190.6394,196.9460,190.5066
2021/03/04,190.1842,1.3846,-0.72,4543031,193.2663,194.1673,188.3538
2021/03/03,191.5688,2.0295,-1.05,3859627,192.8680,193.7595,189.3923
2021/03/02,193.5983,2.2096,-1.13,3632887,198.1030,199.1082,193.5603
2021/03/01,195.8079,1.4984,+0.77,2949879,195.1536,197.4865,194.2052
2021/02/26,194.3095,1.0147,+0.52,4099579,196.0261,196.3011,191.6257
2021/02/25,193.2948,0.6638,-0.34,2516769,193.0577,194.9355,191.3317
2021/02/24,193.9586,1.9346,+1.01,3003913,191.2558,195.7937,191.2179
2021/02/23,192.0240,1.7071,+0.90,3466697,189.9660,193.7595,188.4202
2021/02/22,190.3169,0.2276,-0.12,2386890,188.8944,191.1989,187.7374
2021/02/19,190.5445,0.1897,-0.10,3621892,190.7437,192.4023,189.9851
2021/02/18,190.7342,5.0643,-2.59,4133230,194.6984,194.8074,190.5730
2021/02/17,195.7985,0.6639,+0.34,3521115,194.4233,196.0166,193.7168
2021/02/16,195.1346,1.4510,-0.74,2891253,195.3432,196.7753,193.0956
2021/02/12,196.5856,4.4668,+2.33,2753486,191.2368,197.4676,190.7627
2021/02/11,192.1188,0.9104,-0.47,3737703,192.3938,193.6362,191.2084
2021/02/10,193.0292,2.5310,+1.33,3242965,193.1048,194.1248,190.4321
2021/02/09,190.4982,3.8343,-1.97,2817952,192.4248,193.5580,189.1855
2021/02/08,194.3325,3.7776,+1.98,3080725,191.1310,194.9559,190.6871
2021/02/05,190.5549,0.1417,+0.07,2893014,190.4132,191.6409,189.6860
2021/02/04,190.4132,4.4010,+2.37,3096441,185.8706,190.6588,184.7656
2021/02/03,186.0122,0.5667,-0.30,3895623,186.8150,189.4405,185.9461
2021/02/02,186.5789,5.2698,-2.75,5627356,193.0198,194.4553,186.3806
2021/02/01,191.8487,4.5616,-2.32,5700649,197.8174,198.2235,191.8110
2021/01/29,196.4103,2.0305,-1.02,8896205,200.1785,205.8828,193.0954
2021/01/28,198.4408,2.4083,+1.23,5781764,196.4386,200.0652,196.0325
2021/01/27,196.0325,4.8637,-2.42,7791090,199.3379,200.2351,193.6998
2021/01/26,200.8962,0.3494,+0.17,6990013,200.7357,201.3779,198.8941
2021/01/25,200.5468,5.8648,+3.01,6309776,196.6653,200.7168,196.5216
2021/01/22,194.6820,3.5794,+1.87,6489498,190.8099,195.0597,189.4121
2021/01/21,191.1026,1.0294,+0.54,9215108,192.3776,193.3409,187.0039
2021/01/20,190.0732,2.6255,+1.40,5649847,187.7216,190.5578,187.6366
2021/01/19,187.4477,7.2814,+4.04,8183946,185.1056,188.4298,183.2829
2021/01/15,180.1663,3.8532,+2.19,7014462,176.4170,181.1202,176.4170
2021/01/14,176.3131,1.1239,+0.64,4672922,174.9720,178.4569,174.3204
2021/01/13,175.1892,6.3276,+3.75,7733745,169.8344,177.1914,169.3716
2021/01/12,168.8616,6.7432,-3.84,7601812,172.6299,173.9993,167.5753
2021/01/11,175.6048,18.4445,+11.74,12073371,174.7170,178.7791,171.9027
2021/01/08,157.1603,0.5477,+0.35,3640606,156.9809,157.5853,155.4887
2021/01/07,156.6126,1.4261,+0.92,3203585,155.0543,157.8309,152.7877
2021/01/06,155.1865,1.8888,-1.20,3832733,153.9210,157.9820,153.9115
2021/01/05,157.0753,0.7744,+0.50,2459495,156.0081,157.3964,154.1287
2021/01/04,156.3009,3.1543,-1.98,3351164,159.6252,160.0574,154.0390
2020/12/31,159.4552,1.7282,+1.10,1740511,157.7836,159.7339,157.0470
2020/12/30,157.7270,0.4061,+0.26,1496655,158.1331,159.0303,157.4153
2020/12/29,157.3209,0.0756,+0.05,1812785,157.3681,158.4258,156.6881
2020/12/28,157.2453,0.1511,-0.10,1569236,157.9159,158.2868,156.0270
2020/12/24,157.3964,1.1144,+0.71,664145,156.6314,158.6053,156.6314
2020/12/23,156.2820,1.1711,-0.74,1797176,158.1425,158.6617,156.2726
2020/12/22,157.4531,1.9455,-1.22,2593038,158.3881,159.0303,156.6503
2020/12/21,159.3986,2.4744,-1.53,3871192,159.4930,159.6064,156.5842
2020/12/18,161.8730,1.1616,-0.71,7789483,162.9307,163.2801,159.6064
2020/12/17,163.0346,0.5478,+0.34,3678277,162.1846,164.2293,161.5896
2020/12/16,162.4868,4.3632,+2.76,6363647,160.2580,163.5635,157.4814
2020/12/15,158.1236,8.9908,+6.03,7386657,150.5683,158.8792,149.2650
2020/12/14,149.1328,2.0116,-1.33,4648489,151.7583,153.2666,149.0572
2020/12/11,151.1444,0.9066,-0.60,3637901,150.8422,152.2210,150.2189
2020/12/10,152.0510,2.8332,+1.90,6809069,150.9838,152.9954,149.3878
2020/12/09,149.2178,8.2164,+5.83,8856658,145.9973,150.1055,145.1379
2020/12/08,141.0014,1.7755,+1.28,2916618,138.8103,141.7947,138.7442
2020/12/07,139.2259,0.9727,-0.69,2792391,139.1125,140.0853,138.3381
2020/12/04,140.1986,4.0988,+3.01,3238780,136.0621,140.4536,135.9959
2020/12/03,136.0998,0.9917,-0.72,4298539,137.6015,138.3570,135.1743
2020/12/02,137.0915,0.3777,-0.27,3978500,137.2804,138.9142,136.3548
2020/12/01,137.4692,0.0850,-0.06,4187149,138.5364,139.8303,137.1859
2020/11/30,137.5542,1.6905,-1.21,6186041,138.2059,139.9342,136.8459
2020/11/27,139.2447,2.5404,+1.86,1857227,137.5542,139.6981,137.2804
2020/11/25,136.7043,0.1416,-0.10,3413501,136.8459,137.2615,134.6832
2020/11/24,136.8459,1.4355,+1.06,4370820,135.4199,137.5448,135.1554
2020/11/23,135.4104,1.9927,-1.45,4017839,137.4503,137.5259,133.3138
2020/11/20,137.4031,1.9644,+1.45,5362365,134.9004,138.9142,134.9004
2020/11/19,135.4387,3.0599,+2.31,4898368,132.4544,135.8921,131.1983
2020/11/18,132.3788,0.9728,-0.73,2959682,134.0127,134.5038,132.3411
2020/11/17,133.3516,0.5761,+0.43,3832471,131.8122,134.0693,130.9055
2020/11/16,132.7755,1.6905,-1.26,5249764,135.1082,136.2793,132.2183
2020/11/13,134.4660,1.2750,+0.96,2271119,134.5132,135.2499,133.4650
2020/11/12,133.1910,2.8238,-2.08,3668582,134.9854,135.4860,132.0861
2020/11/11,136.0148,1.6913,-1.23,3242742,138.8336,138.8336,134.7088
2020/11/10,137.7061,3.9745,+2.97,5722679,138.6833,140.1866,135.1034
2020/11/09,133.7316,0.3853,-0.29,5847001,133.9289,136.0054,132.1061
2020/11/06,134.1169,2.6120,-1.91,6630330,136.2873,138.4860,130.6968
2020/11/05,136.7289,2.8846,-2.07,6099440,138.7584,139.8202,135.9585
2020/11/04,139.6135,16.5462,+13.44,12996834,126.7552,142.7987,126.7552
2020/11/03,123.0673,0.6107,-0.49,3862150,125.5666,125.9706,122.8042
2020/11/02,123.6780,1.0993,+0.90,3671389,124.5331,125.8579,122.1371
2020/10/30,122.5787,1.9638,-1.58,4614835,123.8002,125.0639,121.4042
2020/10/29,124.5425,1.1651,+0.94,4363521,124.0257,125.0874,122.5036
2020/10/28,123.3774,0.5543,-0.45,6585891,122.5740,125.9996,122.4378
2020/10/27,123.9317,9.2080,-6.92,12105949,124.9841,127.8592,123.9035
2020/10/26,133.1397,0.6389,-0.48,3136583,133.3276,133.6940,131.5894
2020/10/23,133.7786,0.6859,+0.52,2583537,133.6471,135.9585,133.1585
2020/10/22,133.0927,0.3194,+0.24,3254426,132.9800,133.6706,132.2941
2020/10/21,132.7733,2.1422,-1.59,2111193,133.6941,134.6712,132.6793
2020/10/20,134.9155,0.7423,+0.55,2329577,134.6994,135.4135,133.5249
2020/10/19,134.1732,3.1195,-2.27,3361974,138.1195,138.5036,133.6189
2020/10/16,137.2927,0.6201,-0.45,3107450,138.2229,139.4161,137.1799
2020/10/15,137.9128,1.5785,-1.13,4029370,137.6591,138.0350,136.5974
2020/10/14,139.4913,1.5221,-1.08,2884864,141.2953,141.5020,138.7866
2020/10/13,141.0134,4.1436,-2.85,6347343,143.7570,145.0038,139.5759
2020/10/12,145.1570,2.2456,-1.52,3451156,147.3557,147.6563,145.0913
2020/10/09,147.4026,3.1758,+2.20,4885721,144.7812,147.6563,144.7624
2020/10/08,144.2268,4.2657,+3.05,4987398,143.1933,144.6403,141.4081
2020/10/07,139.9611,4.5382,+3.35,4898771,139.5477,140.8349,137.9786
2020/10/06,135.4229,2.3490,-1.70,2564217,138.0537,138.8994,135.2350
2020/10/05,137.7719,1.3342,+0.98,2970040,136.3061,138.5611,135.4699
2020/10/02,136.4377,0.8645,+0.64,4129466,134.9907,138.0631,134.6148
2020/10/01,135.5732,3.5047,-2.52,4054165,139.3692,139.7215,135.3571
2020/09/30,139.0779,1.6537,+1.20,5410728,137.5558,139.4772,136.2967
2020/09/29,137.4242,1.7289,-1.24,3521706,139.0403,139.4725,137.1142
2020/09/28,139.1531,2.0295,-1.44,2583601,141.8779,142.4228,138.9651
2020/09/25,141.1826,1.3624,+0.97,2597506,139.4255,141.3141,138.9182
2020/09/24,139.8202,0.9396,-0.67,3644488,140.2430,140.6188,138.4672
2020/09/23,140.7598,0.0469,-0.03,3774100,140.9853,142.4322,139.7168
2020/09/22,140.8067,1.2403,-0.87,3114547,141.7933,142.4134,140.1396
2020/09/21,142.0470,2.8094,-1.94,3726721,143.9168,144.3772,140.0551
2020/09/18,144.8564,1.5973,+1.11,14059466,142.8550,145.1664,142.8550
2020/09/17,143.2591,1.4188,+1.00,3853635,141.0604,143.4564,140.4262
2020/09/16,141.8403,0.8269,+0.59,3852447,142.5544,143.4564,141.6806
2020/09/15,141.0134,1.0147,+0.72,3111476,140.9007,142.6953,140.3886
2020/09/14,139.9987,0.8550,+0.61,3270056,140.0833,141.4128,138.5611
2020/09/11,139.1437,1.7571,+1.28,3194451,138.6457,140.1725,138.0068
2020/09/10,137.3866,5.4027,-3.78,4216040,140.8255,141.5020,136.9121
2020/09/09,142.7893,2.4993,+1.78,2478239,141.5208,144.8094,141.2296
2020/09/08,140.2900,1.5033,-1.06,4631317,141.8309,142.1691,139.5289
2020/09/04,141.7933,1.7758,+1.27,4642280,139.7826,143.3624,139.0121
2020/09/03,140.0175,0.4980,-0.35,4497848,142.9960,144.1047,138.5517
2020/09/02,140.5155,2.1141,+1.53,2561895,137.9222,140.9383,137.6591
2020/09/01,138.4014,1.0241,-0.73,2510968,139.6323,140.1866,137.7860
2020/08/31,139.4255,0.9865,+0.71,4715581,138.4484,139.8061,138.1477
2020/08/28,138.4390,1.5315,-1.09,2237810,139.8484,140.1413,138.1007
2020/08/27,139.9705,0.2725,-0.19,3348370,141.4832,141.8215,139.9423
2020/08/26,140.2430,0.3946,-0.28,3224487,140.1772,140.4309,138.5047
2020/08/25,140.6376,0.1503,+0.11,2358718,141.2765,142.1691,140.2900
2020/08/24,140.4873,0.2443,+0.17,2414290,140.9853,141.3141,139.2940
2020/08/21,140.2430,1.9543,-1.37,3312066,142.1973,142.2067,139.0121
2020/08/20,142.1973,0.8926,-0.62,1947920,143.3342,143.6161,141.7369
2020/08/19,143.0899,0.7705,-0.54,2063669,144.5181,145.0819,142.8269
2020/08/18,143.8604,1.4845,+1.04,2086159,142.9584,143.8980,142.0188
2020/08/17,142.3759,1.3531,+0.96,2878644,141.8027,143.4752,141.2765
2020/08/14,141.0228,0.3477,-0.25,1636934,140.7504,142.5262,140.1396
2020/08/13,141.3705,1.2684,-0.89,2211458,141.7087,142.5262,140.7410
2020/08/12,142.6389,1.7952,+1.27,2599656,140.9933,143.2187,140.8156
2020/08/11,140.8437,2.2160,-1.55,2249499,143.1906,143.1906,140.4416
2020/08/10,143.0597,0.0655,+0.05,1866470,142.9942,143.5179,141.6852
2020/08/07,142.9942,0.0467,+0.03,2157544,143.0223,143.5272,141.7320
2020/08/06,142.9475,1.3651,-0.95,2327777,143.8545,145.3973,141.1896
2020/08/05,144.3126,0.4769,-0.33,2648533,147.0897,147.2580,143.3402
2020/08/04,144.7895,1.8794,+1.32,3486561,143.4150,145.8648,143.1439
2020/08/03,142.9101,2.3843,+1.70,3869857,142.8727,143.8545,141.3953
2020/07/31,140.5258,2.5339,-1.77,5713298,143.1813,143.3729,139.0765
2020/07/30,143.0597,8.1815,-5.41,7099368,148.1556,148.2024,140.6754
2020/07/29,151.2412,0.8415,-0.55,3324873,151.9705,152.4334,150.6334
2020/07/28,152.0827,2.0103,+1.34,3725177,151.1664,154.6634,150.8625
2020/07/27,150.0724,0.8976,+0.60,2898074,149.2309,151.2319,148.2865
2020/07/24,149.1748,1.8514,-1.23,2404116,150.9794,150.9794,148.1556
2020/07/23,151.0262,3.1043,-2.01,2576143,154.5232,154.7102,150.3436
2020/07/22,154.1305,0.4301,-0.28,1803642,154.7850,155.0748,151.7835
2020/07/21,154.5606,1.6269,-1.04,1647737,156.0286,156.3652,154.0557
2020/07/20,156.1875,1.0098,+0.65,1931900,155.6733,156.8140,154.9626
2020/07/17,155.1777,0.8976,+0.58,3238121,155.2525,156.3932,154.3829
2020/07/16,154.2801,0.4207,-0.27,1590099,154.2333,154.6915,152.0360
2020/07/15,154.7008,1.4680,+0.96,2509213,154.4577,155.6639,153.2469
2020/07/14,153.2328,1.6830,+1.11,2826598,152.2978,154.0650,151.0355
2020/07/13,151.5498,1.1968,-0.78,3695858,153.9154,156.1501,150.5773
2020/07/10,152.7466,2.8893,-1.86,2401227,155.3460,155.3460,152.1669
2020/07/09,155.6359,2.5058,-1.58,3160587,158.8430,159.6565,153.0739
2020/07/08,158.1417,2.2253,+1.43,2975330,156.0005,158.7869,156.0005
2020/07/07,155.9164,0.1309,-0.08,3500757,155.3273,157.4405,154.5325
2020/07/06,156.0473,2.8238,+1.84,2951907,153.7752,157.9454,153.3544
2020/07/02,153.2235,0.5330,+0.35,2096404,153.4105,154.0650,151.8209
2020/07/01,152.6905,0.8228,-0.54,2208707,153.6442,154.7195,151.9612
2020/06/30,153.5133,1.3651,+0.90,3525386,152.5129,154.4390,151.7555
2020/06/29,152.1482,0.1029,-0.07,2823754,153.2048,153.5367,150.5680
2020/06/26,152.2511,0.0280,-0.02,5658339,151.7835,153.1476,149.7732
2020/06/25,152.2791,5.4512,+3.71,3995425,147.3982,152.7747,146.5287
2020/06/24,146.8279,2.1599,-1.45,3311086,148.2491,149.4086,146.1734
2020/06/23,148.9878,1.0379,-0.69,2964177,150.4371,152.2885,148.6231
2020/06/22,150.0257,0.4769,+0.32,2831577,148.8382,150.9888,148.5951
2020/06/19,149.5488,1.0566,-0.70,6422140,151.6900,151.9238,147.9780
2020/06/18,150.6054,1.0285,+0.69,3883947,148.8569,152.3820,147.9219
2020/06/17,149.5769,3.4970,-2.28,5038505,153.5601,153.6816,149.0439
2020/06/16,153.0739,20.7484,+15.68,16074240,146.1640,156.5522,144.9298
2020/06/15,132.3255,1.8888,-1.41,3968548,132.7744,133.6159,130.6051
2020/06/12,134.2143,0.5049,-0.37,4249326,136.0844,136.8698,132.2788
2020/06/11,134.7192,6.4704,-4.58,4863353,141.9844,142.3491,133.7561
2020/06/10,141.1896,1.7485,+1.25,5283506,140.2172,142.4987,140.1050
2020/06/09,139.4411,0.0748,-0.05,4601262,140.0208,141.8909,139.4224
2020/06/08,139.5159,0.0000,0,4359944,137.2158,139.5533,137.0007
2020/06/05,139.5159,1.4026,-1.00,4897299,139.9741,141.9003,138.7025
2020/06/04,140.9185,1.7017,-1.19,3560054,142.3210,143.5646,139.9844
2020/06/03,142.6202,1.2436,-0.86,3411996,143.3776,144.3594,141.0494
2020/06/02,143.8638,1.3184,+0.92,3496927,142.1995,144.0695,141.2270
2020/06/01,142.5454,0.4675,-0.33,5599348,144.4342,144.9204,141.0877
2020/05/29,143.0129,2.1505,+1.53,10124526,141.8068,143.6581,140.1985
2020/05/28,140.8624,4.6284,+3.40,4260299,137.8516,142.2182,136.9914
2020/05/27,136.2340,2.1131,-1.53,5749901,138.5435,138.5435,134.2891
2020/05/26,138.3471,2.9921,-2.12,5361773,141.2925,141.9003,137.5991
2020/05/22,141.3392,1.0473,-0.74,2518604,142.3304,142.6483,140.4109
2020/05/21,142.3865,0.7948,-0.56,3261664,143.2000,143.2000,139.9935
2020/05/20,143.1813,3.3380,-2.28,4043498,145.1822,147.2019,141.7600
2020/05/19,146.5193,1.1782,-0.80,2501982,146.6596,148.7914,145.1916
2020/05/18,147.6975,1.1874,-0.80,2891595,150.8579,151.8209,146.9027
2020/05/15,148.8849,0.7947,+0.54,3020904,148.3239,149.1467,145.8928
2020/05/14,148.0902,1.1127,+0.76,2560274,145.8087,148.6231,143.8171
2020/05/13,146.9775,0.1955,+0.13,2847444,146.1399,148.2990,145.2186
2020/05/12,146.7820,0.7725,-0.52,2503260,148.7829,150.2068,146.6611
2020/05/11,147.5545,4.6905,+3.28,3434474,142.8268,148.4107,142.4638
2020/05/08,142.8640,0.5025,+0.35,2114317,143.5062,143.7109,141.9706
2020/05/07,142.3615,3.4527,-2.37,2504263,146.5773,146.7541,142.1288
2020/05/06,145.8142,1.1261,-0.77,2111205,147.4707,147.9174,145.5071
