일자,종가,대비,등락률,거래량,시가,고가,저가
2026/09/17,164.7100,2.0600,+1.27,954133,164.8400,165.4600,162.8700
2026/09/16,162.6500,2.0200,-1.23,2887190,165.5700,166.2900,161.3700
2026/09/15,164.6700,2.6500,+1.64,4175028,162.3200,166.2500,160.6800
2026/09/14,162.0200,2.9500,-1.79,3001061,162.4800,163.3800,160.2700
2026/09/11,164.9700,2.1100,+1.30,3286005,164.3600,165.3700,162.5510
2026/09/10,162.8600,1.5400,-0.94,2909289,164.4500,164.4500,161.2950
2026/09/09,164.4000,3.1200,-1.86,3288826,166.0000,166.8100,164.0300
2026/09/08,167.5200,1.0400,-0.62,2179681,168.1700,168.5600,165.7100
2026/09/04,168.5600,0.2500,+0.15,2175370,167.8700,169.5900,167.5504
2026/09/03,168.3100,0.4400,-0.26,3005866,169.7400,169.7500,165.8000
2026/09/02,168.7500,1.4900,-0.88,2175226,171.0000,171.2600,168.0800
2026/09/01,170.2400,1.5900,-0.93,3340373,171.9600,172.4250,169.5200
2026/08/31,171.8300,2.5100,-1.44,2362637,173.5000,173.6500,171.6600
2026/08/28,174.3400,4.4900,-2.51,2336679,179.6600,179.8350,173.5701
2026/08/27,178.8300,1.1700,-0.65,2395416,177.7700,180.0000,176.9100
2026/08/26,180.0000,0.6300,+0.35,2673770,180.5000,180.6700,178.5350
2026/08/25,179.3700,0.3600,+0.20,2316966,180.3300,180.7950,178.6100
2026/08/24,179.0100,0.8300,+0.47,2088187,178.8800,180.3500,178.2300
2026/08/21,178.1800,0.8662,+0.49,2599769,177.2441,180.2410,177.2441
2026/08/20,177.3138,2.5588,-1.42,3515280,178.4687,181.1769,177.1246
2026/08/19,179.8726,0.2788,-0.15,2777639,181.2167,182.6305,179.1159
2026/08/18,180.1514,0.7268,+0.41,2328615,179.8129,180.8682,178.2298
2026/08/17,179.4246,2.4293,-1.34,3890928,180.9081,182.4330,178.8769
2026/08/14,181.8539,0.0000,0,2656407,181.1470,183.4420,180.5646
2026/08/13,181.8539,1.1251,-0.61,2865551,183.3772,183.8850,179.7033
2026/08/12,182.9790,0.6472,+0.35,2659139,182.9690,183.5963,180.5994
2026/08/11,182.3318,1.0852,+0.60,2346130,181.1470,183.5764,180.9628
2026/08/10,181.2466,0.8562,-0.47,1951125,182.5608,182.7002,180.2211
2026/08/07,182.1028,2.1804,+1.21,2441077,179.4345,182.7400,178.3891
2026/08/06,179.9224,1.3640,-0.75,2558375,181.2366,182.7002,178.6778
2026/08/05,181.2864,0.6273,+0.35,2740537,180.3007,182.5807,180.3007
2026/08/04,180.6591,4.2016,+2.38,2993448,178.3891,180.8782,175.8303
2026/08/03,176.4575,0.9458,+0.54,2761563,177.2242,178.6579,175.3623
2026/07/31,175.5117,0.2091,+0.12,2688542,175.7307,176.3679,174.1676
2026/07/30,175.3026,1.8718,-1.06,2824490,176.8359,177.6424,173.2018
2026/07/29,177.1744,4.5103,-2.48,4844612,180.3306,181.4059,176.7761
2026/07/28,181.6847,4.2315,+2.38,5527895,178.8172,184.0891,178.1949
2026/07/27,177.4532,5.5856,+3.25,4850561,174.3966,178.5086,172.7637
2026/07/24,171.8676,3.0168,+1.79,4119409,169.5677,172.5945,168.7214
2026/07/23,168.8508,1.1649,-0.69,4757821,170.2447,171.2404,167.5814
2026/07/22,170.0157,0.0000,0,4613927,171.3001,173.8888,168.9902
2026/07/21,170.0157,11.5992,+7.32,11051686,168.3530,175.3922,168.2634
2026/07/20,158.4165,0.7268,-0.46,4081646,159.7208,160.9753,158.3170
2026/07/17,159.1433,1.9216,-1.19,2935783,162.9566,163.5142,159.0338
2026/07/16,161.0649,1.2346,+0.77,3497692,159.1832,162.6380,158.4265
2026/07/15,159.8303,3.9328,+2.52,3301474,156.9629,162.3095,156.3157
2026/07/14,155.8975,1.1152,-0.71,3594938,158.0780,159.0736,155.2404
2026/07/13,157.0127,0.1793,+0.11,1733975,156.5348,158.7053,156.0768
2026/07/10,156.8334,2.1705,+1.40,1953837,154.8521,157.7196,154.7227
2026/07/09,154.6629,0.6372,+0.41,3846787,155.7582,156.6244,153.9262
2026/07/08,154.0257,3.2956,-2.09,2321428,155.3201,155.8079,152.8907
2026/07/07,157.3213,1.1350,-0.72,1847648,159.1135,159.2031,155.7482
2026/07/06,158.4563,1.2844,-0.80,2189864,159.7208,159.7507,155.3699
2026/07/02,159.7407,0.4779,+0.30,1845718,160.6567,161.2938,158.9143
2026/07/01,159.2628,1.9415,-1.20,2673830,161.4034,162.2896,158.5260
2026/06/30,161.2043,0.5177,-0.32,4042247,162.9766,164.5298,160.2087
2026/06/29,161.7220,1.5732,-0.96,5283393,163.4943,164.8683,161.0550
2026/06/26,163.2952,3.9427,-2.36,6361821,166.4314,167.0686,162.6579
2026/06/25,167.2379,2.0510,+1.24,2392260,166.4414,169.0201,165.8908
2026/06/24,165.1869,4.0523,+2.51,4575937,161.7420,167.6909,160.8758
2026/06/23,161.1346,1.3740,-0.85,2828580,161.3238,163.4545,160.2983
2026/06/22,162.5086,2.6086,+1.63,2653937,160.3281,162.8421,159.8204
2026/06/18,159.9000,1.3640,+0.86,6964989,160.9056,161.5130,159.2130
2026/06/17,158.5360,2.3895,-1.48,3798153,160.7961,163.5839,158.1776
2026/06/16,160.9255,3.3851,+2.15,3445527,158.9343,162.4389,157.7295
2026/06/15,157.5404,0.0896,-0.06,4445551,160.7065,161.6922,156.5248
2026/06/12,157.6300,0.4083,+0.26,4596949,159.1732,159.2884,155.5889
2026/06/11,157.2217,1.0553,+0.68,4895273,157.7893,158.9150,154.4588
2026/06/10,156.1664,0.4580,+0.29,7896540,153.6872,162.2995,151.0587
2026/06/09,155.7084,2.5290,+1.65,3449500,153.6076,157.2417,152.9903
2026/06/08,153.1794,0.0896,+0.06,3067775,152.1340,155.3997,151.5864
2026/06/05,153.0898,0.9857,+0.65,2499297,152.9206,153.9660,152.0245
2026/06/04,152.1041,1.1151,+0.74,2484080,152.5821,153.6474,151.7656
2026/06/03,150.9890,1.2446,-0.82,3345421,151.9946,153.1794,150.8447
2026/06/02,152.2336,1.9614,+1.31,3406533,149.5254,152.4924,148.5298
2026/06/01,150.2722,2.1904,-1.44,2702882,149.6748,150.4016,147.7512
2026/05/29,152.4626,0.2788,+0.18,7936345,151.8353,153.7420,151.1185
2026/05/28,152.1838,2.3099,-1.50,3238678,153.2691,153.6174,150.5808
2026/05/27,154.4937,1.1350,+0.74,2890802,154.0357,156.0071,153.9760
2026/05/26,153.3587,1.5831,+1.04,2329492,152.4526,153.9162,151.3873
2026/05/22,151.7756,1.6130,+1.07,3223762,152.2336,152.7911,151.0426
2026/05/21,150.1626,1.8027,+1.22,2861896,147.3595,151.4701,145.9212
2026/05/20,148.3599,0.4160,+0.28,3910210,148.3797,149.4346,146.1510
2026/05/19,147.9439,3.1399,-2.08,4673629,149.9249,149.9249,146.9534
2026/05/18,151.0838,6.2501,+4.32,5573318,145.2101,151.2423,145.1061
2026/05/15,144.8337,1.0896,+0.76,5326660,143.0111,145.4676,143.0111
2026/05/14,143.7441,1.9612,-1.35,4144907,146.6364,146.6562,143.3083
2026/05/13,145.7053,3.8531,+2.72,7698847,145.6162,148.3351,144.6356
2026/05/12,141.8522,0.1288,-0.09,2825375,142.2583,143.2290,140.6735
2026/05/11,141.9810,0.0496,+0.03,3351121,142.1394,143.4370,141.5253
2026/05/08,141.9314,0.4557,-0.32,2590527,143.3479,143.9224,141.4461
2026/05/07,142.3871,2.7635,-1.90,2790879,145.0417,145.5468,142.1097
2026/05/06,145.1506,3.6847,+2.60,4957370,143.6153,146.9137,143.1052
2026/05/05,141.4659,1.2481,+0.89,3418461,141.0499,142.9220,140.9657
2026/05/04,140.2178,0.9311,-0.66,4092404,140.5120,142.8847,140.0495
2026/05/01,141.1489,3.9819,-2.74,2784347,145.8836,145.9232,140.8518
2026/04/30,145.1308,2.6249,+1.84,5066141,142.6347,145.5023,142.4663
2026/04/29,142.5059,2.1396,-1.48,3793598,144.4176,145.1803,142.0107
2026/04/28,144.6455,0.2576,+0.18,3762264,144.0561,144.6851,142.3871
2026/04/27,144.3879,0.2179,-0.15,3019660,144.2988,145.8044,143.2884
2026/04/24,144.6058,1.1391,+0.79,5987739,143.0408,144.8931,142.6347
2026/04/23,143.4667,0.9311,-0.64,5187517,144.8138,145.9678,142.2286
2026/04/22,144.3978,2.6645,-1.81,4626832,149.1919,149.4792,143.3776
2026/04/21,147.0623,2.9022,-1.94,7302905,150.3310,156.6441,145.4676
2026/04/20,149.9645,3.1202,-2.04,4717409,152.5597,153.4611,149.5832
2026/04/17,153.0847,3.9621,+2.66,4997866,151.3909,154.8973,150.4697
2026/04/16,149.1226,0.6835,-0.46,2164455,150.0537,151.4206,149.0037
2026/04/15,149.8061,1.2975,-0.86,2864733,150.5589,151.2324,148.6670
2026/04/14,151.1036,0.2378,-0.16,2254536,151.7079,152.6984,150.9353
2026/04/13,151.3414,2.4466,+1.64,2513119,148.5085,151.3414,147.3001
2026/04/10,148.8948,0.1783,-0.12,1843771,149.7863,150.0636,148.2807
2026/04/09,149.0731,1.3174,+0.89,2852937,146.7751,150.0042,146.2798
2026/04/08,147.7557,4.7743,+3.34,4264057,147.5675,148.8155,145.6261
2026/04/07,142.9814,0.1486,-0.10,2914678,142.4663,143.3281,141.2876
2026/04/06,143.1300,0.0298,+0.02,2171651,142.6545,143.7763,142.1495
2026/04/02,143.1002,0.7727,-0.54,1800005,140.9904,144.7841,140.7973
2026/04/01,143.8729,0.0199,+0.01,2442941,144.6356,145.8836,143.7936
2026/03/31,143.8530,2.6843,+1.90,3417357,143.0408,143.9125,140.4358
2026/03/30,141.1687,0.5151,-0.36,2507324,142.3376,142.5425,140.4159
2026/03/27,141.6838,0.9410,-0.66,3460905,142.3276,144.8039,141.3074
2026/03/26,142.6248,4.0215,-2.74,2839098,145.6954,146.0025,142.3484
2026/03/25,146.6463,1.3669,+0.94,2259967,147.0722,147.7557,145.0813
2026/03/24,145.2794,0.1090,+0.08,3065946,143.6549,146.3987,143.5262
2026/03/23,145.1704,5.3091,+3.80,4971850,142.6743,146.8097,141.8225
2026/03/20,139.8613,1.4956,-1.06,6966794,140.2674,141.9413,138.0189
2026/03/19,141.3569,2.3476,-1.63,4317120,142.0701,142.6000,139.7820
2026/03/18,143.7045,3.9422,-2.67,4280170,146.4383,146.9258,142.7338
2026/03/17,147.6467,0.8816,-0.59,4454571,150.2122,150.2122,146.5968
2026/03/16,148.5283,1.0004,-0.67,5153761,151.1433,151.3017,146.7255
2026/03/13,149.5287,1.8423,+1.25,4049134,149.7169,150.9452,148.9740
2026/03/12,147.6864,6.0124,-3.91,5737559,151.3117,152.0248,146.8642
2026/03/11,153.6988,0.0792,-0.05,3588319,152.4210,153.9167,151.4602
2026/03/10,153.7780,3.5856,+2.39,5947487,150.9551,155.0261,150.1726
2026/03/09,150.1924,1.7631,-1.16,6294811,150.0537,151.4701,146.3194
2026/03/06,151.9555,2.7734,-1.79,4985385,152.6489,152.6588,150.3211
2026/03/05,154.7289,4.6357,-2.91,4581637,158.0571,159.4438,153.3323
2026/03/04,159.3646,2.3872,+1.52,3903047,157.7797,160.2511,157.2647
2026/03/03,156.9774,2.9518,-1.85,4089260,156.0265,158.1264,155.3535
2026/03/02,159.9292,3.8234,-2.33,4022567,160.7315,162.6679,157.7104
2026/02/27,163.7526,0.8419,-0.51,5418508,163.6832,164.4756,161.3258
2026/02/26,164.5945,0.6240,+0.38,3507393,164.3073,166.5656,162.8512
2026/02/25,163.9705,0.9113,-0.55,3016722,165.6742,166.0407,163.4356
2026/02/24,164.8818,0.1189,+0.07,2492112,163.9408,166.6944,163.9259
2026/02/23,164.7629,0.7132,-0.43,2949986,165.1195,165.8525,162.7521
2026/02/20,165.4761,1.9910,+1.22,2314453,163.4356,167.7642,162.5342
2026/02/19,163.4851,0.8716,+0.54,3406135,162.5342,164.0596,161.9795
2026/02/18,162.6135,3.4173,-2.06,4251473,165.2582,165.6147,160.9692
2026/02/17,166.0308,4.1601,-2.44,4794425,168.3882,169.8740,165.6643
2026/02/13,170.1909,1.9910,-1.16,3208797,172.8455,173.0436,168.9577
2026/02/12,172.1819,1.7355,+1.02,4589401,170.9788,174.9429,170.0026
2026/02/11,170.4464,0.5719,-0.33,3039547,171.5804,172.4974,170.0421
2026/02/10,171.0183,3.1062,+1.85,3261487,167.7050,171.3338,167.0838
2026/02/09,167.9121,2.3370,-1.37,4761010,169.2532,170.1998,166.4034
2026/02/06,170.2491,7.4647,+4.59,7360031,164.6580,170.5745,163.7015
2026/02/05,162.7844,1.2721,+0.79,3563531,160.9010,163.5141,158.9682
2026/02/04,161.5123,7.9972,+5.21,6606889,153.8307,161.5419,153.6433
2026/02/03,153.5151,2.2187,+1.47,5251934,150.8724,154.8957,149.1221
2026/02/02,151.2964,0.2662,+0.18,5469696,151.4147,151.5035,148.4565
2026/01/30,151.0302,3.1752,-2.06,4805356,153.5053,154.5505,149.8863
2026/01/29,154.2054,0.4339,+0.28,4195546,155.2901,156.5424,152.4797
2026/01/28,153.7715,2.0807,-1.34,4384381,155.6648,157.4792,152.9629
2026/01/27,155.8522,1.4495,-0.92,4726996,157.4299,158.6823,155.7240
2026/01/26,157.3017,3.1161,-1.94,3945988,159.7472,160.5953,157.2721
2026/01/23,160.4178,2.0215,+1.28,4524411,157.6567,161.9857,157.6567
2026/01/22,158.3963,4.6840,+3.05,5638001,154.3829,160.2403,154.0279
2026/01/21,153.7123,0.2367,-0.15,7067803,154.9351,156.4340,152.1938
2026/01/20,153.9490,11.5176,-6.96,12069894,157.2327,161.4532,150.9414
2026/01/16,165.4666,3.2541,-1.93,7431465,166.4625,169.0486,164.6777
2026/01/15,168.7207,1.0946,+0.65,2950331,168.1290,170.6534,167.5650
2026/01/14,167.6261,0.5620,+0.34,3166010,167.0443,168.4742,165.7920
2026/01/13,167.0641,1.4595,+0.88,2868122,165.6638,168.0304,165.4567
2026/01/12,165.6046,2.6624,+1.63,3293598,162.0153,165.9300,160.8418
2026/01/09,162.9422,0.0000,0,2339380,163.1887,163.9381,161.6701
2026/01/08,162.9422,2.2976,+1.43,2562544,159.5204,163.4845,158.8104
2026/01/07,160.6446,3.2541,-1.99,2773145,163.5437,163.5585,159.5204
2026/01/06,163.8987,2.6230,+1.63,2895073,160.6150,164.2142,159.5721
2026/01/05,161.2757,1.7060,+1.07,2935383,158.7414,162.1138,158.5639
2026/01/02,159.5697,1.6960,+1.07,1988880,157.8737,159.6388,156.8481
2025/12/31,157.8737,1.0551,-0.66,1218765,158.9288,159.0963,157.8145
2025/12/30,158.9288,0.5423,-0.34,1311818,159.2345,159.4317,158.4061
2025/12/29,159.4711,0.3550,-0.22,2215974,159.6190,160.4375,158.5836
2025/12/26,159.8261,1.7158,+1.09,1263292,158.0906,159.9198,157.7750
2025/12/24,158.1103,0.1873,+0.12,866471,157.8835,158.4456,156.8580
2025/12/23,157.9230,0.1480,+0.09,1854762,157.7553,158.2582,156.2466
2025/12/22,157.7750,1.9328,-1.21,2367525,159.9247,160.3782,156.8580
2025/12/19,159.7078,0.1972,+0.12,3768516,159.4317,161.6553,159.4317
2025/12/18,159.5106,0.4043,-0.25,2642732,161.0982,161.9462,159.1852
2025/12/17,159.9149,1.0156,-0.63,2675772,159.9346,161.9462,158.7724
2025/12/16,160.9305,2.4653,-1.51,2825827,163.6916,164.6777,160.5756
2025/12/15,163.3958,3.1555,-1.89,2612769,167.2021,167.9910,162.8929
2025/12/12,166.5513,0.2958,+0.18,2457747,166.1273,167.4782,165.4666
2025/12/11,166.2555,2.8992,+1.77,2560997,164.2438,167.6360,163.9086
2025/12/10,163.3563,0.5620,+0.35,3429843,162.2914,164.4078,161.1376
2025/12/09,162.7943,1.1143,+0.69,2367969,161.1278,163.4352,161.1278
2025/12/08,161.6800,3.4710,-2.10,3299913,163.4648,163.5141,160.0332
2025/12/05,165.1510,1.7651,-1.06,3064045,166.8471,166.9852,163.3514
2025/12/04,166.9161,3.7669,-2.21,2901135,169.5096,169.6180,166.3938
2025/12/03,170.6830,1.5087,+0.89,2924208,169.6575,172.2608,168.7799
2025/12/02,169.1743,1.0650,+0.63,1955973,168.5038,169.5342,167.2909
2025/12/01,168.1093,1.5482,-0.91,2276320,168.3065,169.5885,167.2515
2025/11/28,169.6575,1.2326,+0.73,1618785,168.2819,169.8448,167.6458
2025/11/26,168.4249,0.7297,-0.43,2060655,168.7306,169.9681,168.3016
2025/11/25,169.1546,1.9525,+1.17,2642574,167.9220,169.7660,167.8529
2025/11/24,167.2021,1.4496,+0.87,7238718,165.9005,168.3854,164.3227
2025/11/21,165.7525,3.4316,+2.11,3228442,163.0605,167.0245,162.8732
2025/11/20,162.3209,1.9426,-1.18,3350201,166.3836,167.3895,161.6750
2025/11/19,164.2635,0.7790,+0.48,2250672,163.2873,164.9834,162.2667
2025/11/18,163.4845,0.3944,+0.24,2358500,161.7096,164.2734,161.0390
2025/11/17,163.0901,2.1595,-1.31,2949387,164.5890,165.4858,162.6763
2025/11/14,165.2496,2.2779,-1.36,2787592,166.5611,166.9852,164.6678
2025/11/13,167.5275,0.4517,-0.27,3950897,167.3311,169.4324,166.1823
2025/11/12,167.9792,2.3663,+1.43,2744161,165.6030,168.6665,165.6030
2025/11/11,165.6129,0.9819,+0.60,2409511,164.6310,167.0955,162.9913
2025/11/10,164.6310,2.7787,+1.72,2805926,162.0094,166.1038,160.9980
2025/11/07,161.8523,0.9721,+0.60,2552636,160.9391,162.2843,159.7118
2025/11/06,160.8802,0.4615,-0.29,5288990,161.2239,162.4905,156.6778
2025/11/05,161.3417,3.6624,+2.32,2705363,157.7775,161.8376,157.2375
2025/11/04,157.6793,1.5710,-0.99,3585965,158.8870,159.2847,156.4618
2025/11/03,159.2503,4.2319,-2.59,3199253,163.0011,163.2613,158.5581
2025/10/31,163.4822,0.0491,+0.03,2135309,162.4905,164.3070,162.2156
2025/10/30,163.4331,1.7870,+1.11,2183316,162.0192,166.1873,161.6166
2025/10/29,161.6461,2.1601,-1.32,3221825,164.1204,164.9550,160.6446
2025/10/28,163.8062,1.5416,-0.93,2493468,165.2692,165.4459,163.3349
2025/10/27,165.3478,0.0981,-0.06,2976587,166.8991,167.5373,164.3659
2025/10/24,165.4459,3.0439,-1.81,3679243,168.8825,169.7171,164.7095
2025/10/23,168.4898,4.2908,+2.61,4867322,164.1891,168.5192,163.6884
2025/10/22,164.1990,0.5793,+0.35,5373477,164.1302,166.1136,162.5298
2025/10/21,163.6197,11.6451,+7.66,7437015,155.1363,163.7964,150.0305
2025/10/20,151.9746,2.1012,+1.40,4308478,150.4527,153.2412,150.2563
2025/10/17,149.8734,1.2077,+0.81,4576954,148.7050,150.2956,148.5282
2025/10/16,148.6657,2.0227,-1.34,4358368,151.6702,151.6702,147.8802
2025/10/15,150.6884,0.9230,+0.62,2425634,150.9044,152.8387,149.9421
2025/10/14,149.7654,1.4041,+0.95,2652915,146.5645,150.9240,146.5645
2025/10/13,148.3613,2.3074,+1.58,2775253,147.8409,149.6672,147.6887
2025/10/10,146.0539,4.0552,-2.70,3569278,150.4625,151.4542,145.7643
2025/10/09,150.1091,3.0634,-2.00,2558923,153.2707,153.7616,148.6264
2025/10/08,153.1725,0.6579,+0.43,2122714,152.8878,153.2609,150.0109
2025/10/07,152.5146,0.5892,-0.38,1728057,153.9875,155.0730,152.3674
2025/10/06,153.1038,2.6805,-1.72,2466245,155.8236,156.3243,151.8273
2025/10/03,155.7843,0.1375,-0.09,3474635,156.0396,157.4828,154.8515
2025/10/02,155.9218,2.7493,+1.79,2207543,154.4097,156.6875,153.6978
2025/10/01,153.1725,0.8051,+0.53,2340427,151.6506,153.7027,151.4636
2025/09/30,152.3674,1.0801,+0.71,2217293,151.0615,152.4066,149.6672
2025/09/29,151.2873,1.2470,+0.83,2081197,150.7178,151.6015,149.7752
2025/09/26,150.0403,0.2160,-0.14,2142815,151.2284,151.6997,149.6083
2025/09/25,150.2563,1.5416,-1.02,3003909,151.2088,151.2088,149.0692
2025/09/24,151.7979,1.6593,-1.08,1771430,153.1725,153.6634,151.6604
2025/09/23,153.4572,2.3859,+1.58,2295662,151.0517,155.2737,151.0517
2025/09/22,151.0713,2.6903,-1.75,2530729,152.7798,152.8878,150.8553
2025/09/19,153.7616,1.1782,+0.77,6627301,153.0841,154.5569,151.8862
2025/09/18,152.5834,0.2357,+0.15,1828428,152.3379,154.0758,151.5131
2025/09/17,152.3477,1.3157,-0.86,2808288,153.6585,155.6665,150.7571
2025/09/16,153.6634,0.1571,-0.10,2249375,154.0513,154.6257,150.8455
2025/09/15,153.8205,1.1881,-0.77,3279131,155.1363,155.5094,152.4361
2025/09/12,155.0086,1.5710,-1.00,2918019,156.2261,159.1619,154.9497
2025/09/11,156.5796,5.7931,+3.84,3731577,151.0026,156.6091,150.6196
2025/09/10,150.7865,0.4811,+0.32,2863566,150.3840,152.3968,149.6968
2025/09/09,150.3054,0.9034,-0.60,1700131,151.3560,151.3560,148.8032
2025/09/08,151.2088,1.2764,-0.84,2766011,151.8077,152.1710,149.2450
2025/09/05,152.4852,0.2160,-0.14,2091163,152.9761,154.7042,151.4837
2025/09/04,152.7012,3.4562,+2.32,2791808,149.4414,152.7798,149.2646
2025/09/03,149.2450,2.2289,-1.47,4037573,150.7178,151.2922,147.7035
2025/09/02,151.4739,1.2371,-0.81,2795928,151.1597,151.6899,148.9504
2025/08/29,152.7110,1.9932,-1.29,3339880,154.7435,155.3719,152.4999
2025/08/28,154.7042,1.0113,+0.66,3037358,154.9006,155.5977,153.7420
2025/08/27,153.6929,0.0393,-0.03,2194860,153.2118,154.3704,152.9270
2025/08/26,153.7322,0.7070,+0.46,3015270,152.9369,153.8795,151.7782
2025/08/25,153.0252,2.1012,-1.35,1636102,154.7337,155.0577,152.9761
2025/08/22,155.1264,4.2417,+2.81,2003644,152.2237,155.5076,151.4907
2025/08/21,150.8847,0.3616,-0.24,2288846,150.8749,151.6959,149.6825
2025/08/20,151.2463,0.4007,+0.27,3333838,150.6306,151.8230,149.7040
2025/08/19,150.8456,1.4465,+0.97,2196075,149.3796,152.1944,148.6075
2025/08/18,149.3991,0.4593,+0.31,2645492,148.9104,151.9109,148.7443
2025/08/15,148.9398,4.1635,-2.72,4012126,153.8070,153.8070,148.1775
2025/08/14,153.1033,3.4696,-2.22,6491846,155.9865,156.4459,153.0838
2025/08/13,156.5729,2.2968,+1.49,3204647,154.8039,156.8368,153.0740
2025/08/12,154.2761,2.4825,+1.64,2812100,152.2628,154.8723,152.0868
2025/08/11,151.7936,1.9645,+1.31,3432317,150.2690,152.0868,149.6924
2025/08/08,149.8291,1.5246,+1.03,2431432,148.9495,150.2054,147.9917
2025/08/07,148.3045,0.8992,+0.61,2347078,148.5390,149.0277,146.5794
2025/08/06,147.4053,0.7135,+0.49,2698045,146.8678,147.9575,145.2747
2025/08/05,146.6918,2.1697,+1.50,3830647,145.0987,147.7962,144.6491
2025/08/04,144.5221,3.3817,+2.40,3725659,142.0982,144.8251,141.7171
2025/08/01,141.1404,4.7011,-3.22,4169207,143.1831,143.3932,140.9840
2025/07/31,145.8415,2.5411,+1.77,4492070,142.8801,146.1689,142.2644
2025/07/30,143.3004,5.0529,-3.41,3611310,149.0277,149.0473,143.1831
2025/07/29,148.3533,0.2542,-0.17,4009234,148.9495,149.6337,147.7279
2025/07/28,148.6075,0.7624,+0.52,4062245,147.1952,150.3960,146.7497
2025/07/25,147.8451,1.9254,+1.32,2883511,146.6039,147.9722,145.8220
2025/07/24,145.9197,1.4856,-1.01,4973523,146.6039,147.8695,144.4634
2025/07/23,147.4053,0.3714,-0.25,5091991,148.4804,149.1939,146.4085
2025/07/22,147.7767,1.5833,-1.06,5042038,149.5164,150.5733,146.9117
2025/07/21,149.3600,0.4007,-0.27,5314687,148.8029,150.1712,145.9588
2025/07/18,149.7607,5.6785,-3.65,11972939,158.8599,160.4335,146.8482
2025/07/17,155.4392,1.4465,+0.94,5140567,153.6995,155.8595,153.2382
2025/07/16,153.9927,0.9480,+0.62,3268831,154.0513,154.1100,151.3441
2025/07/15,153.0447,1.2901,-0.84,3129866,154.3348,154.6964,152.4973
2025/07/14,154.3348,2.0232,+1.33,3029959,152.0673,154.5302,151.4125
2025/07/11,152.3116,1.4465,-0.94,2457367,152.5169,153.0056,151.3147
2025/07/10,153.7581,1.3096,+0.86,4137346,152.5755,155.8595,152.4289
2025/07/09,152.4485,2.1893,+1.46,2922054,150.8847,153.1033,150.3569
2025/07/08,150.2592,1.8570,+1.25,3327667,148.2947,151.1144,148.0992
2025/07/07,148.4022,1.0751,-0.72,3966886,149.3405,150.9727,147.5324
2025/07/03,149.4773,1.0067,-0.67,3256586,150.7576,151.4907,146.1152
2025/07/02,150.4840,0.1564,+0.10,2931158,150.7185,151.9305,149.7363
2025/07/01,150.3276,1.5345,+1.03,3869461,148.5586,152.5560,147.9917
2025/06/30,148.7931,0.2150,+0.14,2356160,148.8322,149.0082,147.5812
2025/06/27,148.5781,1.2314,+0.84,4029474,147.7181,149.4089,147.1512
2025/06/26,147.3467,2.9419,+2.04,2803603,144.3462,147.6887,143.9748
2025/06/25,144.4048,2.0720,-1.41,2433116,146.3107,146.4670,143.7891
2025/06/24,146.4768,2.2186,+1.54,2763277,145.2747,146.8873,144.6589
2025/06/23,144.2582,3.4892,+2.48,2972239,141.1209,144.3755,140.1044
2025/06/20,140.7690,1.4856,+1.07,5695617,140.0604,140.7886,138.6117
2025/06/18,139.2834,0.2932,+0.21,2690188,138.9120,140.4172,138.3647
2025/06/17,138.9902,2.7953,-1.97,1780590,140.7984,141.5998,138.7557
2025/06/16,141.7855,2.6878,+1.93,1720208,140.4270,142.0982,140.2559
2025/06/13,139.0977,2.3946,-1.69,2507589,139.8894,141.1795,138.5211
2025/06/12,141.4923,2.3554,-1.64,2117673,143.1049,143.9357,141.2186
2025/06/11,143.8477,2.0720,+1.46,2971651,141.7611,144.6980,141.1502
2025/06/10,141.7757,0.8112,+0.58,3201870,140.9743,142.0201,139.9090
2025/06/09,140.9645,1.2412,-0.87,3481011,142.2546,142.7237,139.4398
2025/06/06,142.2057,0.7428,-0.52,2350346,144.6491,145.0987,142.1471
2025/06/05,142.9485,0.5376,-0.37,3651062,143.7109,143.9308,141.6096
2025/06/04,143.4861,1.2901,-0.89,2401382,145.5385,145.5776,143.3884
2025/06/03,144.7762,1.6908,+1.18,2397842,142.9974,145.0010,141.9223
2025/06/02,143.0854,1.9058,-1.31,2891248,144.5221,144.9424,140.6517
2025/05/30,144.9912,1.2510,-0.86,5463617,145.3626,146.0663,144.2582
2025/05/29,146.2422,0.9480,+0.65,2682162,146.4768,146.9557,144.8251
2025/05/28,145.2942,0.8112,-0.56,2350766,146.2618,146.6039,144.8348
2025/05/27,146.1054,1.8277,+1.27,3228424,146.6039,146.6039,143.3395
2025/05/23,144.2777,1.3977,-0.96,2424737,144.1116,145.3235,143.6816
2025/05/22,145.6754,0.3696,+0.25,2943626,145.6170,146.4437,143.6281
2025/05/21,145.3058,4.6198,-3.08,2736997,148.1458,148.9689,145.2377
2025/05/20,149.9256,0.0097,+0.01,2600931,149.0551,150.4897,149.0503
2025/05/19,149.9159,1.0018,+0.67,2687476,147.7859,150.0326,146.9716
2025/05/16,148.9141,4.2502,+2.94,4322931,145.3350,149.0795,144.8681
2025/05/15,144.6639,0.8365,+0.58,4598290,142.3199,145.0870,141.3808
2025/05/14,143.8274,2.7817,-1.90,3885221,146.6188,146.6382,142.9327
2025/05/13,146.6091,0.3988,+0.27,3553194,146.6771,147.5914,146.0547
2025/05/12,146.2103,7.5182,+5.42,5115152,142.0865,146.6869,141.2890
2025/05/09,138.6921,1.4394,+1.05,2708427,137.3937,138.7116,137.0922
2025/05/08,137.2527,2.4120,+1.79,2981341,136.1634,138.4587,135.3902
2025/05/07,134.8407,0.6031,+0.45,2627647,134.4808,135.9591,133.9264
2025/05/06,134.2376,2.7039,-1.97,2930485,135.3172,135.8813,133.8587
2025/05/05,136.9415,1.2449,-0.90,2697534,136.7664,137.9821,136.0370
2025/05/02,138.1864,4.0655,+3.03,2811196,136.1634,139.1201,135.4769
2025/05/01,134.1209,0.9824,-0.73,2299261,134.4905,136.4065,133.8934
2025/04/30,135.1033,0.5155,+0.38,3149301,133.8583,135.4923,131.1545
2025/04/29,134.5878,0.4377,+0.33,1971320,133.7319,135.4048,133.0900
2025/04/28,134.1501,0.5933,+0.44,2570467,133.5568,134.6170,132.3119
2025/04/25,133.5568,1.5173,-1.12,2201718,135.1908,135.1908,133.3477
2025/04/24,135.0741,2.7427,+2.07,3003453,131.9229,135.9348,131.4148
2025/04/23,132.3314,0.2626,-0.20,4787019,135.5604,138.2545,131.4979
2025/04/22,132.5940,9.9594,+8.12,8167639,129.6324,133.5101,126.7876
2025/04/21,122.6346,4.0071,-3.16,6140088,125.4648,126.2818,121.2340
2025/04/17,126.6417,0.2431,-0.19,5091546,126.7681,129.3066,126.5152
2025/04/16,126.8848,4.6685,-3.55,5794627,129.8512,130.7946,126.3086
2025/04/15,131.5533,0.7294,-0.55,2613460,132.2827,133.7035,131.4366
2025/04/14,132.2827,0.0583,+0.04,3923322,134.3252,134.5002,130.7460
2025/04/11,132.2244,2.8984,+2.24,3431889,129.4817,132.7447,128.0527
2025/04/10,129.3260,5.2034,-3.87,4891185,132.0299,132.0639,125.1536
2025/04/09,134.5294,10.8541,+8.78,6609264,121.5745,135.4145,120.0614
2025/04/08,123.6753,1.3519,-1.08,5652127,128.6160,130.2014,121.3994
2025/04/07,125.0272,1.5951,+1.29,7377136,121.3119,130.6877,118.6344
2025/04/04,123.4321,12.4784,-9.18,9879857,130.5126,131.6041,122.9653
2025/04/03,135.9105,7.8002,-5.43,6901455,138.9256,140.5303,135.0498
2025/04/02,143.7107,0.0875,+0.06,4535415,141.7169,144.1095,141.6002
2025/04/01,143.6232,0.7878,+0.55,3744003,141.7072,144.6151,140.2288
2025/03/31,142.8354,1.9646,+1.39,4635672,140.0440,143.6864,138.2836
2025/03/28,140.8708,3.5013,-2.43,2654420,143.8080,144.7709,140.3747
2025/03/27,144.3721,4.1238,-2.78,2905167,148.4862,148.4862,144.0609
2025/03/26,148.4959,0.7975,-0.53,3945013,149.2448,150.1979,147.8880
2025/03/25,149.2934,0.3404,+0.23,4234918,148.9336,150.7523,148.4959
2025/03/24,148.9530,2.7135,+1.86,3298300,147.5428,149.8040,146.5702
2025/03/21,146.2395,0.8850,-0.60,5694665,145.7921,146.6285,144.0123
2025/03/20,147.1245,1.8869,-1.27,2651735,147.4941,149.4393,146.9495
2025/03/19,149.0114,2.2273,+1.52,2410402,147.0467,149.7505,146.7841
2025/03/18,146.7841,2.2273,-1.49,3124089,148.3889,149.0114,146.3756
2025/03/17,149.0114,2.7233,+1.86,4690738,146.2492,149.7603,145.8893
2025/03/14,146.2881,4.1919,+2.95,4209796,143.8663,146.6577,143.0257
2025/03/13,142.0962,4.0266,-2.76,3387848,146.1568,147.0954,141.9114
2025/03/12,146.1228,2.6260,+1.83,4314973,144.2457,147.0954,143.1661
2025/03/11,143.4968,0.0778,-0.05,5982380,141.7364,145.3933,141.6391
2025/03/10,143.5746,1.2839,+0.90,5106393,139.5383,145.0918,139.1979
2025/03/07,142.2907,0.6225,-0.44,6057080,140.7249,143.1807,136.9220
2025/03/06,142.9132,0.6516,-0.45,4619010,142.3783,144.0706,141.7545
2025/03/05,143.5648,1.7020,+1.20,4019947,142.7381,144.9557,141.9981
2025/03/04,141.8628,7.3528,-4.93,6978624,146.3756,146.9007,141.6294
2025/03/03,149.2156,1.6534,-1.10,5832698,151.2386,152.0653,147.7373
2025/02/28,150.8690,4.4739,+3.06,8557624,147.3482,151.2386,146.8619
2025/02/27,146.3951,3.0053,+2.10,6761293,144.6931,148.3792,144.1484
2025/02/26,143.3898,0.8656,+0.61,5946313,140.4282,145.1696,137.8752
2025/02/25,142.5242,1.0310,+0.73,4481605,141.4397,143.5162,141.3570
2025/02/24,141.4932,0.4863,+0.34,3544601,141.0069,142.3880,139.9273
2025/02/21,141.0069,3.9877,-2.75,4399225,144.9946,145.4371,140.5984
2025/02/20,144.9946,1.0893,-0.75,2294404,145.8796,145.9769,143.9831
2025/02/19,146.0839,1.1769,+0.81,3307557,144.0122,146.2395,144.0122
2025/02/18,144.9070,0.3598,+0.25,2674833,144.1144,145.3885,143.9393
2025/02/14,144.5472,0.6128,+0.43,2455678,143.8372,145.4517,143.6913
2025/02/13,143.9344,0.1452,-0.10,2115124,144.3119,144.9022,142.7827
2025/02/12,144.0796,1.1614,-0.80,2173003,143.9151,145.2410,143.3924
2025/02/11,145.2410,0.3678,+0.25,2260503,144.5054,145.5410,143.7864
2025/02/10,144.8732,0.1742,-0.12,3648909,145.3281,145.7539,143.3634
2025/02/07,145.0474,2.3712,-1.61,3468363,147.5928,147.9799,144.7280
2025/02/06,147.4186,0.1258,-0.09,2852153,147.7864,148.5316,146.6927
2025/02/05,147.5444,0.7452,+0.51,2936051,147.5541,148.6768,145.8894
2025/02/04,146.7992,1.5872,+1.09,3213766,144.6506,147.8444,144.5151
2025/02/03,145.2120,2.0904,-1.42,3674497,144.3796,146.7508,143.3828
2025/01/31,147.3024,2.1293,-1.42,4302954,150.0027,150.0123,147.2347
2025/01/30,149.4317,2.7680,+1.89,4094247,147.1089,149.6736,146.9444
2025/01/29,146.6637,0.1355,+0.09,4128945,146.6250,147.8638,145.7926
2025/01/28,146.5282,0.1161,-0.08,4429289,146.4508,148.0380,144.9701
2025/01/27,146.6443,2.0227,+1.40,5093516,144.2054,147.1089,144.1183
2025/01/24,144.6216,0.1935,-0.13,5020180,144.1086,145.2700,143.6259
2025/01/23,144.8151,0.4935,+0.34,4586982,144.6409,145.6184,143.6347
2025/01/22,144.3216,2.1583,+1.52,7313117,143.1215,147.1863,142.6666
2025/01/21,142.1633,5.6714,+4.16,11746475,140.8180,145.1732,140.3341
2025/01/17,136.4919,1.7905,+1.33,5914786,135.1563,137.1016,135.0111
2025/01/16,134.7014,1.3549,+1.02,4259816,133.5836,135.0111,132.0496
2025/01/15,133.3465,0.5517,+0.42,4251121,133.7626,134.3820,132.7077
2025/01/14,132.7948,2.5260,+1.94,4782955,130.2881,133.2690,130.1430
2025/01/13,130.2688,3.2809,+2.58,4347178,126.5233,130.3946,125.3716
2025/01/10,126.9879,3.2131,-2.47,4816932,129.5236,129.5913,126.4265
2025/01/08,130.2010,1.7033,+1.33,4831459,127.7815,130.3462,127.4234
2025/01/07,128.4977,2.4002,+1.90,3528378,125.9039,128.5267,125.8265
2025/01/06,126.0975,0.4065,+0.32,3169126,126.6104,127.1805,125.7007
2025/01/03,125.6910,0.1645,+0.13,2349362,125.5265,126.6491,125.1368
2025/01/02,125.5265,0.5904,+0.47,3357093,126.0975,127.3847,124.8296
2024/12/31,124.9361,0.0387,-0.03,2294239,125.0425,125.8652,124.5199
2024/12/30,124.9748,1.0162,-0.81,2225611,124.9651,125.7394,123.8070
2024/12/27,125.9910,0.9678,-0.76,1904094,125.7297,126.9588,125.0522
2024/12/26,126.9588,0.7936,+0.63,1534480,126.1362,127.1718,125.0716
2024/12/24,126.1652,1.3356,+1.07,829922,124.5974,126.1652,123.9683
2024/12/23,124.8296,0.2904,-0.23,2136218,124.3651,125.0329,123.6392
2024/12/20,125.1200,2.0808,+1.69,8628963,122.3036,126.1555,121.7036
2024/12/19,123.0392,1.5486,+1.27,3141760,122.5746,123.6276,121.6649
2024/12/18,121.4906,2.4390,-1.97,3873515,124.0844,125.2071,121.3358
2024/12/17,123.9296,1.3743,-1.10,2782740,124.2780,125.1974,123.5426
2024/12/16,125.3039,0.4355,-0.35,3200873,125.7200,126.0104,124.7135
2024/12/13,125.7394,0.1645,+0.13,2461280,125.5265,125.9741,124.7620
2024/12/12,125.5749,0.0193,-0.02,3012405,125.4781,126.4652,124.6264
2024/12/11,125.5942,0.0000,0,4225882,126.0781,126.4652,125.1006
2024/12/10,125.5942,1.6647,-1.31,3333010,125.9329,126.3927,123.4940
2024/12/09,127.2589,1.5678,-1.22,3556962,128.8171,129.5429,127.0459
2024/12/06,128.8267,0.2130,-0.17,1976004,128.9622,129.9010,127.9460
2024/12/05,129.0397,2.7874,+2.21,4310700,126.6104,131.2173,126.2523
2024/12/04,126.2523,0.6775,-0.53,2586702,126.7169,127.1621,124.8200
2024/12/03,126.9298,1.6840,-1.31,2457438,128.6138,128.9429,126.5330
2024/12/02,128.6138,0.6194,-0.48,3101834,129.2332,129.4655,128.1202
2024/11/29,129.2332,1.0162,+0.79,1672087,128.5848,129.4365,127.7912
2024/11/27,128.2170,0.4549,-0.35,2665372,129.6010,131.1882,128.1009
2024/11/26,128.6719,2.5454,+2.02,3182713,125.8071,128.9429,125.4781
2024/11/25,126.1265,1.8389,+1.48,5243880,125.0522,126.3975,123.4456
2024/11/22,124.2876,1.0646,+0.86,3153980,123.5811,124.3457,122.3036
2024/11/21,123.2230,0.5033,-0.41,2629386,123.6199,124.4425,122.2552
2024/11/20,123.7263,0.3387,-0.27,1757287,123.8812,124.0650,123.0101
2024/11/19,124.0650,1.9163,-1.52,2687104,124.8587,125.1055,123.8812
2024/11/18,125.9813,0.3677,+0.29,2514256,125.6039,126.1871,124.4328
2024/11/15,125.6136,1.7711,-1.39,1993369,125.9233,127.0266,125.5361
2024/11/14,127.3847,0.8376,+0.66,2372631,126.9515,128.3378,126.8553
2024/11/13,126.5471,1.0589,+0.84,2779185,127.0862,128.1067,125.9406
2024/11/12,125.4882,2.5511,-1.99,3266821,127.8468,128.2319,123.6783
2024/11/11,128.0393,1.2900,-1.00,3938169,129.8203,130.2920,127.8275
2024/11/08,129.3293,1.2226,+0.95,3600353,128.4725,129.9840,128.2320
2024/11/07,128.1067,0.8183,-0.63,4057926,128.3859,129.7722,127.5387
2024/11/06,128.9250,7.1240,+5.85,4989280,125.8251,129.3871,124.7661
2024/11/05,121.8010,0.6450,+0.53,4096578,120.8191,123.1295,120.1740
2024/11/04,121.1560,1.3189,-1.08,3784336,122.4942,124.0056,120.7998
2024/11/01,122.4749,1.2034,-0.97,3187756,123.6783,123.7264,122.1187
2024/10/31,123.6783,0.8761,+0.71,3541017,122.2631,124.3329,122.2342
2024/10/30,122.8022,1.6462,-1.32,2843197,124.1885,124.6217,122.6674
2024/10/29,124.4484,0.9820,-0.78,2929621,124.1981,125.3534,123.0044
2024/10/28,125.4304,5.3334,+4.44,5442162,121.9262,125.9214,121.3582
2024/10/25,120.0970,1.6559,-1.36,3921135,121.8780,122.3016,119.8564
2024/10/24,121.7529,1.3863,-1.13,5282151,123.2595,124.1307,121.1753
2024/10/23,123.1392,3.6775,-2.90,8430699,126.3257,127.2210,121.2165
2024/10/22,126.8167,2.9940,-2.31,13589110,134.9611,136.0682,125.9406
2024/10/21,129.8107,0.2888,-0.22,6170740,130.2343,130.7734,128.7613
2024/10/18,130.0995,0.5199,-0.40,2899804,130.6290,131.0429,129.2812
2024/10/17,130.6194,0.6450,-0.49,2418688,131.5147,131.5628,130.0754
2024/10/16,131.2644,0.5969,+0.46,2099359,130.5423,131.9383,130.2824
2024/10/15,130.6675,0.0289,-0.02,2561471,130.9274,131.8420,129.9647
2024/10/14,130.6964,0.9724,+0.75,2293459,129.3871,130.8311,129.0261
2024/10/11,129.7240,1.2418,+0.97,3223888,128.4244,129.8290,128.1356
2024/10/10,128.4822,1.4921,-1.15,3178678,129.4160,129.4737,127.9719
2024/10/09,129.9743,0.3080,+0.24,2774972,129.5700,130.4894,129.2234
2024/10/08,129.6663,0.1540,-0.12,2993743,129.4641,130.0031,128.3302
2024/10/07,129.8203,0.4043,-0.31,2341769,129.6952,130.2246,128.8384
2024/10/04,130.2246,0.4717,+0.36,2479892,130.7734,130.8600,129.0454
2024/10/03,129.7529,0.6258,-0.48,2601977,129.9647,130.5423,128.8481
2024/10/02,130.3787,1.5692,-1.19,2726563,132.1019,132.1019,130.3209
2024/10/01,131.9479,0.3466,+0.26,3168689,130.9274,132.2174,129.8684
2024/09/30,131.6013,0.5776,-0.44,3961921,132.6892,132.8047,130.1861
2024/09/27,132.1789,2.0602,-1.53,3070610,133.8155,134.0947,131.9383
2024/09/26,134.2391,2.7341,+2.08,4270385,132.4292,135.4714,132.4196
2024/09/25,131.5050,0.5969,-0.45,3718785,132.1115,132.7469,130.9659
2024/09/24,132.1019,1.5211,+1.16,3267188,131.3799,132.7951,131.2644
2024/09/23,130.5808,0.8375,+0.65,2740612,129.6759,131.0141,129.6663
2024/09/20,129.7433,0.8953,+0.69,12028273,128.0489,129.9166,127.8189
2024/09/19,128.8480,0.4621,+0.36,2795766,129.3871,130.2728,128.3474
2024/09/18,128.3859,0.2022,-0.16,3075651,128.2896,129.2716,126.8408
2024/09/17,128.5881,1.0012,-0.77,4122791,129.0887,129.4160,127.3751
2024/09/16,129.5893,1.3767,+1.07,3188227,128.9828,130.2343,128.8384
2024/09/13,128.2126,1.1071,+0.87,2773569,126.9611,128.3955,126.4509
2024/09/12,127.1055,1.7329,+1.38,4133036,125.4400,127.7698,125.2475
2024/09/11,125.3726,0.1347,+0.11,3411108,124.6699,125.5170,122.3786
2024/09/10,125.2379,1.5693,+1.27,2838377,124.0441,125.3052,123.6686
2024/09/09,123.6686,0.1348,-0.11,3756370,124.5640,126.0947,123.4087
2024/09/06,123.8034,2.6956,-2.13,3700246,125.6326,127.1729,123.2451
2024/09/05,126.4990,0.7220,-0.57,2831568,126.9996,127.9912,125.8251
2024/09/04,127.2210,1.2515,+0.99,3428633,126.2968,127.9045,125.9695
2024/09/03,125.9695,3.6968,-2.85,4179991,128.0489,128.7902,125.3534
2024/08/30,129.6663,1.7136,+1.34,6328888,128.1067,129.9551,127.6639
2024/08/29,127.9527,1.2515,+0.99,3108785,126.7397,128.2126,126.4412
2024/08/28,126.7012,0.2022,+0.16,3400893,126.4990,127.6735,126.2583
2024/08/27,126.4990,0.4332,-0.34,2990268,126.4220,127.6735,126.0658
2024/08/26,126.9322,1.9254,+1.54,4067505,124.7661,126.9996,124.7661
2024/08/23,125.0068,1.8672,+1.52,2734970,123.7429,125.1026,123.3790
2024/08/22,123.1396,0.6033,-0.49,2402659,123.6184,124.2408,122.8523
2024/08/21,123.7429,1.4651,+1.20,3827048,122.4119,124.4706,122.2395
2024/08/20,122.2778,0.5937,+0.49,2916751,121.5980,122.6276,121.4926
2024/08/19,121.6841,0.0287,+0.02,2343058,121.6841,122.4214,121.1575
2024/08/16,121.6554,0.1053,-0.09,3981760,121.3586,121.9331,120.6692
2024/08/15,121.7607,0.9479,+0.78,3508892,121.9140,122.5046,120.8128
2024/08/14,120.8128,0.7852,+0.65,3397205,119.6637,121.6458,119.3380
2024/08/13,120.0276,1.9055,+1.61,3192130,118.1891,120.0755,117.5284
2024/08/12,118.1221,0.7756,-0.65,2700616,118.7349,118.8210,117.3369
2024/08/09,118.8977,0.9192,-0.77,3391937,119.3477,119.3477,118.0982
2024/08/08,119.8169,2.2023,+1.87,3062935,117.2507,120.4010,116.9922
2024/08/07,117.6146,1.9725,-1.65,3561320,120.0659,121.1958,117.4805
2024/08/06,119.5871,0.2681,+0.22,4526463,118.1221,120.7745,117.5093
2024/08/05,119.3190,0.6033,-0.50,6965420,114.4930,119.9945,114.2441
2024/08/02,119.9223,1.1777,-0.97,4199704,120.4681,122.3209,119.4818
2024/08/01,121.1000,1.0342,-0.85,5810453,122.0863,122.5076,119.1467
2024/07/31,122.1342,0.7660,+0.63,7195443,121.2532,123.1396,120.0084
2024/07/30,121.3682,1.5225,+1.27,7045635,120.5064,122.2682,118.8378
2024/07/29,119.8457,1.9150,-1.57,11296386,122.5651,123.1875,118.8594
2024/07/26,121.7607,22.7607,+22.99,34201110,107.9004,122.5890,107.9004
2024/07/25,99.0000,0.1340,+0.14,4801978,98.3585,100.3406,97.4488
2024/07/24,98.8660,1.4171,-1.41,3396411,100.1203,100.6374,98.7032
2024/07/23,100.2831,0.2298,-0.23,2268962,100.5417,100.8002,99.7469
2024/07/22,100.5129,1.0054,+1.01,2805719,99.6416,100.5800,98.0521
2024/07/19,99.5075,0.0958,-0.10,3012822,100.3023,100.3023,98.7511
2024/07/18,99.6033,0.5937,-0.59,3157991,99.7948,101.0396,99.0479
2024/07/17,100.1970,1.2736,+1.29,3726155,98.4925,100.3502,98.3297
2024/07/16,98.9234,0.5649,+0.57,3769216,96.5870,99.2873,96.5870
2024/07/15,98.3585,1.2639,-1.27,3463791,100.4459,100.5393,98.2148
2024/07/12,99.6224,0.7756,+0.78,3531123,99.3830,100.8289,99.2873
2024/07/11,98.8468,1.4937,+1.53,4784477,98.0329,99.8427,97.4777
2024/07/10,97.3531,1.8960,+1.99,4719958,95.5720,97.5063,94.0878
2024/07/09,95.4571,1.3502,-1.39,2934327,96.5679,97.1520,95.2484
2024/07/08,96.8073,0.2106,-0.22,2442400,97.1999,98.3776,96.3476
2024/07/05,97.0179,0.2873,-0.30,3195248,97.0945,97.3435,96.3668
2024/07/03,97.3052,0.0000,0,1285352,96.9892,97.8127,96.4051
2024/07/02,97.3052,0.9671,+1.00,2392876,96.2902,97.6020,96.1944
2024/07/01,96.3381,1.5129,-1.55,2825580,98.4925,99.0569,95.9503
2024/06/28,97.8510,0.9384,-0.95,6471237,98.6362,99.5554,97.3435
2024/06/27,98.7894,1.6470,+1.70,4530721,97.6307,99.6224,97.3243
2024/06/26,97.1424,0.5745,-0.59,2460564,97.3052,97.4775,96.2998
2024/06/25,97.7169,0.9001,-0.91,5393155,98.5117,98.7989,96.9892
2024/06/24,98.6170,0.5745,+0.59,3078689,97.8414,99.1054,97.3626
2024/06/21,98.0425,0.6990,+0.72,8215040,97.6020,98.0904,96.6588
2024/06/20,97.3435,0.8522,+0.88,3630937,96.0029,97.9946,95.9359
2024/06/18,96.4913,0.2298,+0.24,3598981,95.8210,97.1568,95.8114
2024/06/17,96.2615,0.3543,-0.37,3644791,95.7348,97.1328,95.6774
2024/06/14,96.6158,0.6128,-0.63,2804210,96.2327,97.1137,95.0885
2024/06/13,97.2286,0.3160,+0.33,5257905,97.6882,98.4351,96.4625
2024/06/12,96.9126,0.1053,-0.11,3869008,98.2627,99.2777,96.4817
2024/06/11,97.0179,0.6320,+0.66,2957198,95.8497,97.1616,95.0119
2024/06/10,96.3859,0.1916,-0.20,3663124,96.1657,97.5158,96.0221
2024/06/07,96.5775,2.5280,+2.69,5886606,95.2848,97.6307,94.2219
2024/06/06,94.0495,0.8044,-0.85,2621298,94.6049,95.3231,93.9921
2024/06/05,94.8539,0.4309,+0.46,3253594,94.6241,95.4188,93.7144
2024/06/04,94.4230,1.1012,-1.15,5209243,94.7964,95.1814,93.5325
2024/06/03,95.5242,0.3638,-0.38,4708135,96.1083,96.5104,94.7677
2024/05/31,95.8880,1.8576,+1.98,22719098,93.8963,95.9934,93.2835
2024/05/30,94.0304,0.6128,+0.66,4721070,93.5421,94.0591,92.7760
2024/05/29,93.4176,1.0724,-1.13,5040587,93.6474,93.7431,92.6515
2024/05/28,94.4900,0.9480,-0.99,4554439,95.3327,95.8593,93.6665
2024/05/24,95.4380,0.1532,+0.16,2717618,95.5720,96.2519,95.1208
2024/05/23,95.2848,1.2256,-1.27,4016032,96.1561,96.2519,94.7102
2024/05/22,96.5104,1.5691,-1.60,4004313,97.6040,98.0509,95.9969
2024/05/21,98.0795,1.9684,-1.97,4840482,99.7436,99.8862,97.6135
2024/05/20,100.0479,0.0476,-0.05,4167126,100.0574,100.8372,99.4964
2024/05/17,100.0955,0.3804,+0.38,5674936,100.0479,100.5329,99.5439
2024/05/16,99.7151,3.4424,+3.58,8817113,96.7291,100.0574,96.6055
2024/05/15,96.2727,1.1031,+1.16,4420220,95.2742,96.6816,95.2362
2024/05/14,95.1696,0.4279,+0.45,3126466,95.0270,96.2347,94.9033
2024/05/13,94.7417,0.6657,+0.71,5866647,94.1426,96.7482,94.1426
2024/05/10,94.0760,1.5215,+1.64,4372428,93.7147,94.7702,93.3534
2024/05/09,92.5545,0.9319,+1.02,2717511,91.3754,92.5973,91.1947
2024/05/08,91.6226,0.7702,+0.85,3669925,90.7097,91.7082,90.3484
2024/05/07,90.8524,0.9984,-1.09,4636455,91.8508,92.4119,90.8333
2024/05/06,91.8508,0.5326,-0.58,4552838,92.3263,92.9539,91.8033
2024/05/03,92.3834,0.3234,+0.35,5067341,92.7923,93.3723,92.0886
2024/05/02,92.0600,1.5501,-1.66,6642998,93.1536,93.5720,91.9079
2024/05/01,93.6101,1.8353,+2.00,11635176,93.2868,94.8082,92.5070
2024/04/30,91.7748,4.1366,+4.72,17595155,91.0330,93.0394,89.1787
2024/04/29,87.6382,0.3138,+0.36,5213065,87.0676,88.0756,87.0676
2024/04/26,87.3244,0.3994,+0.46,4754163,87.0106,87.6667,86.6112
2024/04/25,86.9250,0.5801,-0.66,3107280,87.0962,87.4860,86.2023
2024/04/24,87.5051,0.9319,-1.05,4010113,88.0471,88.6557,86.9331
2024/04/23,88.4370,0.3614,+0.41,3922269,88.4180,89.4260,88.2325
2024/04/22,88.0756,0.3328,+0.38,3147355,87.9996,88.1591,87.2008
2024/04/19,87.7428,0.7512,+0.86,3773676,86.7633,87.8664,86.6302
2024/04/18,86.9916,0.4945,+0.57,3227779,86.9155,87.8950,86.4115
2024/04/17,86.4971,0.0856,-0.10,3598111,87.2293,87.5859,85.8982
2024/04/16,86.5827,0.2377,-0.27,3193667,86.4781,86.8489,85.7458
2024/04/15,86.8204,0.0095,-0.01,3864637,87.4670,88.2230,86.2941
2024/04/12,86.8299,1.7783,-2.01,3776053,88.2088,88.2563,86.6730
2024/04/11,88.6082,0.5231,+0.59,3148133,88.2848,88.9695,87.9425
2024/04/10,88.0851,0.0190,+0.02,3675176,87.2768,88.1612,86.1262
2024/04/09,88.0661,0.6466,+0.74,4456301,87.5811,88.6272,87.4860
2024/04/08,87.4195,0.8559,+0.99,3897990,86.7253,88.3324,86.7253
2024/04/05,86.5636,0.4659,+0.54,3695317,85.9931,86.9345,85.1467
2024/04/04,86.0977,2.5200,-2.84,6166748,89.8539,90.9728,85.8029
2024/04/03,88.6177,0.3329,+0.38,6372903,88.7603,90.0536,87.9615
2024/04/02,88.2848,1.1221,-1.26,9371801,88.5321,89.7873,87.3910
2024/04/01,89.4069,5.0756,+6.02,13675809,86.5827,89.7112,83.9010
2024/03/28,84.3313,1.1767,+1.42,5516738,83.1705,84.4824,83.1546
2024/03/27,83.1546,1.5583,+1.91,4881462,81.8905,83.2935,81.8826
2024/03/26,81.5963,1.7571,-2.11,7655757,82.7333,83.2182,81.4135
2024/03/25,83.3534,1.5424,-1.82,7025035,84.1962,84.9197,83.3057
2024/03/22,84.8958,0.8666,-1.01,5596158,85.5478,85.9612,84.8720
2024/03/21,85.7624,0.1908,-0.22,8293996,86.0248,86.8119,85.6988
2024/03/20,85.9532,2.2182,+2.65,8823626,83.4727,86.7403,83.0354
2024/03/19,83.7350,0.4134,+0.50,7348823,84.1087,85.0707,83.1252
2024/03/18,83.3216,0.1590,-0.19,6964598,83.1069,84.5062,83.0195
2024/03/15,83.4806,1.4947,+1.82,33756988,81.8905,83.9099,81.7156
2024/03/14,81.9859,0.7553,-0.91,8710363,82.1767,83.1149,81.2863
2024/03/13,82.7412,4.2535,+5.42,13603500,79.2827,82.7571,78.8693
2024/03/12,78.4877,3.7129,+4.97,17601855,79.6644,80.1811,77.2410
2024/03/11,74.7748,0.1193,+0.16,4423877,74.7191,75.0968,74.3028
2024/03/08,74.6555,1.0176,+1.38,5180303,74.3295,75.3234,74.0831
2024/03/07,73.6379,0.0796,+0.11,3945390,73.9797,74.1785,73.2284
2024/03/06,73.5583,0.1352,-0.18,3776889,74.3295,74.4886,73.0893
2024/03/05,73.6935,0.9938,+1.37,5522886,72.8826,74.2500,72.8030
2024/03/04,72.6997,0.3339,-0.46,7023734,72.4294,73.0257,71.9337
2024/03/01,73.0336,0.2067,-0.28,4274009,73.1767,73.1767,72.2624
2024/02/29,73.2403,0.5247,+0.72,6488098,73.1449,73.3748,72.6361
2024/02/28,72.7156,0.6678,-0.91,3726051,73.1449,73.6458,72.6798
2024/02/27,73.3834,0.3816,+0.52,2878434,73.1449,73.4232,72.7315
2024/02/26,73.0018,0.6042,-0.82,4116577,73.2880,73.5424,72.6997
2024/02/23,73.6060,0.2782,+0.38,3969402,73.4550,73.8923,73.0734
2024/02/22,73.3278,0.4134,+0.57,5270690,72.7951,73.4788,72.4612
2024/02/21,72.9144,0.0874,-0.12,4275618,72.8507,73.1211,72.3340
2024/02/20,73.0018,0.4532,+0.62,5441901,72.4294,73.5345,71.9682
2024/02/16,72.5486,0.8984,-1.22,5621685,73.0336,73.1847,72.5129
2024/02/15,73.4470,1.1687,+1.62,4794907,72.7474,73.5901,72.4373
2024/02/14,72.2783,0.1877,-0.26,6440481,72.7319,72.9196,72.0828
2024/02/13,72.4660,1.5407,-2.08,5876203,72.9665,73.5061,71.4728
2024/02/12,74.0067,1.3530,+1.86,5231922,72.8258,74.3430,72.7710
2024/02/09,72.6537,0.2346,-0.32,4691549,72.8883,72.9665,72.2548
2024/02/08,72.8883,0.5005,-0.68,5069019,73.6313,73.8112,72.5051
2024/02/07,73.3888,0.0625,+0.09,4834468,73.9832,74.0692,73.1229
2024/02/06,73.3263,0.8056,+1.11,4766452,72.5286,73.3967,72.2627
2024/02/05,72.5207,1.6737,-2.26,5724455,73.7095,73.7095,72.4034
2024/02/02,74.1944,0.8133,-1.08,4747237,74.5150,74.6089,73.7408
2024/02/01,75.0077,1.2200,+1.65,4216215,73.8190,75.0937,73.4670
2024/01/31,73.7877,1.0949,-1.46,8831545,75.0312,75.0312,73.6391
2024/01/30,74.8826,0.4927,-0.65,4092322,75.2110,75.4769,74.1240
2024/01/29,75.3753,0.3050,+0.41,4858919,75.0781,75.7741,74.6401
2024/01/26,75.0703,0.0078,+0.01,4756868,75.2502,75.7820,74.9139
2024/01/25,75.0625,2.1429,+2.94,7829213,73.3419,75.2971,73.2090
2024/01/24,72.9196,2.2367,-2.98,11976824,75.5786,75.8914,72.5207
2024/01/23,75.1563,9.3222,-11.03,34793696,78.8789,78.8789,73.6000
2024/01/22,84.4785,0.2033,+0.24,6286011,84.8539,85.5617,83.9936
2024/01/19,84.2752,1.0324,+1.24,4180600,83.4775,84.7444,82.1949
2024/01/18,83.2428,0.2815,+0.34,3187800,83.1568,83.4775,82.3834
2024/01/17,82.9613,1.2200,-1.45,3375055,83.5635,84.1970,82.5312
2024/01/16,84.1813,0.3754,-0.44,3882819,84.2048,84.5176,83.4305
2024/01/12,84.5567,0.6257,-0.73,3731843,85.5734,86.1521,84.3768
2024/01/11,85.1824,0.4849,+0.57,3434187,84.6975,85.2449,83.8450
2024/01/10,84.6975,0.6256,-0.73,2557104,85.2606,85.3388,84.3377
2024/01/09,85.3231,0.1877,+0.22,3142965,84.6193,85.4795,83.9545
2024/01/08,85.1354,0.2111,+0.25,2710234,84.6662,85.2136,84.1422
2024/01/05,84.9243,0.3285,+0.39,2129441,84.4472,85.6281,84.1109
2024/01/04,84.5958,0.2972,+0.35,3549488,84.5254,85.5108,84.2322
2024/01/03,84.2986,1.7284,-2.01,3792836,85.4248,85.6047,83.5244
2024/01/02,86.0270,0.5318,+0.62,3550637,84.9477,86.5431,84.8148
2023/12/29,85.4952,0.2893,-0.34,3087228,85.6360,85.9956,85.0455
2023/12/28,85.7845,0.7429,+0.87,3592516,84.9790,86.1678,84.9712
2023/12/27,85.0416,0.4927,+0.58,3124804,84.4629,85.3231,84.2126
2023/12/26,84.5489,1.3921,+1.67,3562815,83.1334,84.9243,83.1099
2023/12/22,83.1568,0.6022,+0.73,2917519,82.8049,83.9975,82.7032
2023/12/21,82.5546,1.4781,+1.82,2805606,81.5067,82.6094,81.4206
2023/12/20,81.0765,2.0177,-2.43,4152398,82.7423,83.1099,81.0452
2023/12/19,83.0942,0.2971,+0.36,3369203,83.1881,83.4814,82.8127
2023/12/18,82.7971,0.8681,-1.04,3866645,83.6808,83.9154,82.6328
2023/12/15,83.6652,0.0469,-0.06,14172034,83.1725,84.0953,82.8674
2023/12/14,83.7121,2.2289,+2.74,7370872,82.1010,84.1735,82.0854
2023/12/13,81.4832,1.2748,+1.59,7636148,79.7705,81.4988,77.9796
2023/12/12,80.2084,0.4693,-0.58,5977165,81.0140,81.1195,80.0364
2023/12/11,80.6777,0.1642,-0.20,4457311,81.1000,81.4988,80.3361
2023/12/08,80.8419,0.0704,+0.09,4403754,80.8419,82.0463,80.5525
2023/12/07,80.7715,0.3832,+0.48,3027640,80.5916,81.0452,80.0833
2023/12/06,80.3883,0.8603,+1.08,4581193,79.5124,81.0061,79.4811
2023/12/05,79.5280,1.3686,-1.69,3929834,80.3570,80.5525,79.3325
2023/12/04,80.8966,2.8076,+3.60,6431972,78.4723,81.1626,78.3862
2023/12/01,78.0890,0.6100,+0.79,3559587,77.2992,78.3706,76.7674
2023/11/30,77.4790,0.4692,+0.61,7688047,77.1427,78.2689,76.8456
2023/11/29,77.0098,0.0313,-0.04,3301067,77.6198,77.7762,76.7361
2023/11/28,77.0411,1.1262,+1.48,5542535,75.7976,77.5025,75.5004
2023/11/27,75.9149,0.8759,+1.17,4211808,75.0781,76.2199,75.0312
2023/11/24,75.0390,0.4536,+0.61,1355202,74.5307,75.0625,74.3906
2023/11/22,74.5854,1.0793,+1.47,3061490,74.2726,74.9060,74.0067
2023/11/21,73.5061,0.7743,-1.04,3463497,73.9988,74.1083,73.3106
2023/11/20,74.2804,0.2815,-0.38,4262522,74.3117,74.4915,73.8737
2023/11/17,74.5619,0.2894,-0.39,9701507,75.2814,75.3518,74.3039
2023/11/16,74.8513,0.3050,+0.41,3914967,74.9921,75.4300,74.2256
2023/11/15,74.5463,1.4244,+1.95,4922646,73.4838,74.8416,73.4838
2023/11/14,73.1219,1.7555,+2.46,4313864,72.3750,73.5223,72.3211
2023/11/13,71.3664,0.0924,-0.13,2770592,71.3741,71.7052,70.7697
2023/11/10,71.4588,0.8546,+1.21,3111369,70.8351,71.6513,70.5751
2023/11/09,70.6042,0.4773,-0.67,2758947,71.2817,71.7668,70.5657
2023/11/08,71.0815,0.6391,-0.89,4498537,71.9131,71.9131,70.2731
2023/11/07,71.7206,0.2849,-0.40,2862749,71.5435,71.9516,71.2742
2023/11/06,72.0055,0.2618,-0.36,2799740,72.2442,72.3134,71.5820
2023/11/03,72.2673,1.1935,+1.68,3547173,72.0055,73.0064,71.6590
2023/11/02,71.0738,1.3474,+1.93,3414655,70.5272,71.1431,70.0960
2023/11/01,69.7264,0.3003,-0.43,4541410,70.1884,70.3344,68.9642
2023/10/31,70.0267,1.1010,+1.60,6033156,68.8949,70.5041,68.8410
2023/10/30,68.9257,1.5399,+2.29,3433407,67.8016,69.0874,67.5860
2023/10/27,67.3858,0.8700,-1.27,4302657,68.6177,68.7101,66.9623
2023/10/26,68.2558,0.5698,-0.83,5021365,69.1105,69.7187,67.9863
2023/10/25,68.8256,0.5620,-0.81,5015580,68.8333,69.6071,68.2913
2023/10/24,69.3876,3.4801,+5.28,8335594,69.3799,69.9343,68.0787
2023/10/23,65.9075,0.7314,-1.10,4515412,66.2155,66.8545,65.7111
2023/10/20,66.6389,0.3927,-0.59,3318978,66.7621,67.2318,66.5157
2023/10/19,67.0316,1.0317,-1.52,3982529,67.7554,68.3790,67.0016
2023/10/18,68.0633,1.6554,-2.37,3490339,69.0797,69.1413,67.8568
2023/10/17,69.7187,0.4696,+0.68,2753700,68.6562,70.0960,68.5869
2023/10/16,69.2491,0.9702,+1.42,3460958,68.4637,69.3992,68.1788
2023/10/13,68.2789,0.2618,-0.38,3051580,68.6793,69.1798,67.9555
2023/10/12,68.5407,1.0548,-1.52,3036630,69.7033,69.7033,68.1095
2023/10/11,69.5955,0.1925,-0.28,2755051,69.9112,70.0498,69.1028
2023/10/10,69.7880,1.2242,+1.79,4817034,69.2953,70.0575,68.6870
2023/10/09,68.5638,0.5005,+0.74,3064931,67.8093,68.5869,67.7176
2023/10/06,68.0633,0.4388,+0.65,5790120,67.2934,68.6870,66.4695
2023/10/05,67.6245,0.1463,-0.22,6312375,67.7554,67.9401,66.6389
2023/10/04,67.7708,0.5928,-0.87,8469861,68.2173,68.4175,67.2241
2023/10/03,68.3636,1.1010,-1.58,6981140,69.1028,69.2491,67.8747
2023/10/02,69.4646,2.6179,-3.63,10667771,71.3356,71.4742,68.7640
2023/09/29,72.0825,0.2772,+0.39,3953611,72.3750,72.6368,71.8746
2023/09/28,71.8053,0.1540,-0.21,5303545,71.6436,72.2519,71.1508
2023/09/27,71.9593,0.3233,-0.45,3984491,72.4751,72.6584,71.6744
2023/09/26,72.2826,0.7007,-0.96,4517434,72.6522,73.2297,72.0825
2023/09/25,72.9833,1.7324,-2.32,5772137,74.3538,74.6079,72.1915
2023/09/22,74.7157,0.3465,-0.46,4531722,75.1392,75.3008,74.3769
2023/09/21,75.0622,1.1549,-1.52,4619540,75.8783,76.3942,74.9929
2023/09/20,76.2171,0.9547,-1.24,3191693,77.0332,77.6838,76.2094
2023/09/19,77.1718,0.6237,-0.80,3467221,77.7724,77.9572,76.8946
2023/09/18,77.7955,0.0154,-0.02,5582989,77.8109,78.4576,77.0794
2023/09/15,77.8109,0.9701,-1.23,7795796,78.4499,78.8503,77.4952
2023/09/14,78.7810,0.9778,+1.26,5434220,78.2228,79.7434,77.9264
2023/09/13,77.8032,4.7043,-5.70,9838413,82.4921,82.7424,77.3874
2023/09/12,82.5075,0.5621,-0.68,4151741,82.8078,83.7703,82.4344
2023/09/11,83.0696,1.2704,+1.55,3690415,82.3844,83.3237,82.2227
2023/09/08,81.7992,0.2233,+0.27,3603749,81.6722,81.9147,81.1678
2023/09/07,81.5759,0.3234,-0.39,3775414,81.7530,82.2226,80.8144
2023/09/06,81.8993,0.3696,-0.45,3486282,82.0148,82.2381,81.1062
2023/09/05,82.2689,0.0770,-0.09,6317689,82.2304,83.3506,81.9070
2023/09/01,82.3459,0.2156,+0.26,4728484,82.6153,83.3853,81.6991
2023/08/31,82.1303,1.7093,+2.13,8449996,81.5682,83.4084,81.2217
2023/08/30,80.4210,0.8623,-1.06,4252160,81.2217,81.4989,79.7727
2023/08/29,81.2833,1.1164,+1.39,6809764,80.8368,82.2689,80.7521
2023/08/28,80.1669,3.9806,+5.22,9920752,81.0831,81.3449,78.9889
2023/08/25,76.1863,0.3465,+0.46,2842553,76.2094,76.5405,75.4702
2023/08/24,75.8398,0.8854,-1.15,2467761,76.4327,77.5106,75.8321
2023/08/23,76.7252,0.8777,+1.16,4240631,76.0323,77.1333,75.2238
2023/08/22,75.8475,0.5236,-0.69,3364643,76.7406,76.7791,75.5395
2023/08/21,76.3711,0.6313,-0.82,2990706,76.9947,77.0717,75.8629
2023/08/18,77.0024,0.2233,-0.29,3421506,76.9793,77.3720,76.6713
2023/08/17,77.2257,0.7662,+1.00,4487284,76.7933,77.9236,76.6947
2023/08/16,76.4595,0.2655,-0.35,3761383,76.4444,77.1726,76.2092
2023/08/15,76.7250,1.7296,-2.20,4409672,77.7947,78.0450,76.5581
2023/08/14,78.4546,0.8573,-1.08,4026613,79.0160,79.1298,78.0602
2023/08/11,79.3119,0.4931,+0.63,2146960,78.7657,79.4939,78.4660
2023/08/10,78.8188,0.1442,+0.18,2903137,78.9477,80.2980,78.4167
2023/08/09,78.6746,0.3111,-0.39,2827708,78.8188,79.4181,78.4471
2023/08/08,78.9857,0.8420,-1.05,3839352,79.1298,79.1981,77.7947
2023/08/07,79.8277,0.2124,-0.27,3307979,80.4118,80.8326,79.5698
2023/08/04,80.0401,1.2745,-1.57,3844151,81.5953,81.9139,79.7063
2023/08/03,81.3146,1.3048,-1.58,3720933,82.3083,82.5663,81.1135
2023/08/02,82.6194,1.2517,-1.49,4202456,83.0669,83.3704,82.0504
2023/08/01,83.8711,0.7131,-0.84,3765442,84.5842,84.9028,83.6966
2023/07/31,84.5842,0.2882,-0.34,9546833,84.8724,85.1683,84.0986
2023/07/28,84.8724,0.5234,+0.62,3837003,84.8648,85.2745,84.2390
2023/07/27,84.3490,1.1000,-1.29,7399778,83.7876,85.8283,83.7876
2023/07/26,85.4490,2.1317,+2.56,7375388,83.3249,85.7752,83.3249
2023/07/25,83.3173,4.2178,+5.33,11572441,81.5877,84.0911,81.1774
2023/07/24,79.0995,0.0455,-0.06,4394108,79.2967,80.1115,78.8795
2023/07/21,79.1450,0.0304,+0.04,3298220,79.0236,79.3043,78.3029
2023/07/20,79.1146,0.6144,+0.78,3778370,78.2650,79.4518,77.7643
2023/07/19,78.5002,0.3566,+0.46,2753662,78.0222,78.7149,77.8326
2023/07/18,78.1436,0.9937,+1.29,3283237,77.0892,78.5457,76.8851
2023/07/17,77.1499,0.4551,-0.59,3035272,77.3016,77.4685,76.4671
2023/07/14,77.6050,0.4248,-0.54,2920843,77.9464,78.0222,77.0361
2023/07/13,78.0298,0.9786,+1.27,3285109,77.1499,78.0753,76.9981
2023/07/12,77.0512,0.2655,-0.34,4789275,78.4964,79.0989,77.0133
2023/07/11,77.3167,3.5881,+4.87,8243455,74.9044,77.4002,74.6313
2023/07/10,73.7286,0.0758,-0.10,4966927,73.6755,74.7331,73.4934
2023/07/07,73.8044,0.7434,+1.02,5257531,72.9700,75.0940,72.9548
2023/07/06,73.0610,1.7599,-2.35,6766606,74.3430,74.4037,72.4996
2023/07/05,74.8209,1.9041,-2.48,5200799,76.4595,76.8995,74.7754
2023/07/03,76.7250,0.7965,+1.05,2108442,76.0119,76.9526,75.7995
2023/06/30,75.9285,0.6448,+0.86,6705756,75.8678,76.1637,75.2533
2023/06/29,75.2837,0.5083,+0.68,4609622,74.4189,75.4506,74.2823
2023/06/28,74.7754,0.2351,+0.32,5003410,74.5403,75.3064,74.1685
2023/06/27,74.5403,1.6310,-2.14,7157068,75.7995,76.0271,74.3961
2023/06/26,76.1713,0.2351,-0.31,4818554,75.8602,76.5316,75.4582
2023/06/23,76.4064,0.2200,+0.29,10296948,78.3636,78.5153,75.4658
2023/06/22,76.1864,0.7890,-1.03,3420632,76.8388,76.8540,75.5871
2023/06/21,76.9754,0.6296,-0.81,3319328,77.1271,77.5974,76.4671
2023/06/20,77.6050,1.6993,-2.14,3621165,77.9691,78.0829,76.6757
2023/06/16,79.3043,0.5538,+0.70,8169572,79.0843,79.5698,78.2650
2023/06/15,78.7505,1.4110,+1.82,3720485,77.3016,78.9629,77.0892
2023/06/14,77.3395,0.5993,-0.77,4285459,78.2574,78.6443,76.7478
2023/06/13,77.9388,1.1227,+1.46,4328045,76.8161,78.2422,76.4975
2023/06/12,76.8161,1.0317,+1.36,4614377,76.1257,77.7112,76.0195
2023/06/09,75.7844,0.6524,-0.85,5950342,76.3912,77.0626,74.4947
2023/06/08,76.4368,0.1820,-0.24,4155702,76.4671,76.8843,75.5450
2023/06/07,76.6188,2.0558,+2.76,4404379,74.8892,76.7402,74.0396
2023/06/06,74.5630,0.2352,+0.32,5897802,74.3885,75.5795,73.8044
2023/06/05,74.3278,3.4517,-4.44,7793233,76.5430,77.7491,74.2747
2023/06/02,77.7795,6.2585,+8.75,18669747,72.9017,79.3119,72.8540
2023/06/01,71.5210,0.7358,+1.04,4389007,70.9066,71.7486,70.0797
2023/05/31,70.7852,2.0861,-2.86,8161949,72.0672,72.6513,70.6941
2023/05/30,72.8713,0.6676,-0.91,3784306,73.5313,73.7361,72.2189
2023/05/26,73.5389,0.0834,-0.11,3674327,73.6223,73.9182,73.1027
2023/05/25,73.6223,0.0455,+0.06,4112303,73.2430,73.7437,72.3327
2023/05/24,73.5768,2.8144,-3.68,5447595,76.2016,76.3912,73.5617
2023/05/23,76.3912,0.7662,-0.99,4766959,77.1574,78.0109,76.3609
2023/05/22,77.1574,2.0330,+2.71,5519792,75.0106,77.4078,74.5858
2023/05/19,75.1244,0.4627,-0.61,3559046,76.0499,76.2130,74.8513
2023/05/18,75.5871,0.7282,+0.97,3841717,74.6768,75.7389,74.3885
2023/05/17,74.8589,1.6215,+2.21,4788232,73.5437,74.9560,73.2299
2023/05/16,73.2374,1.8531,-2.47,5011256,74.7244,74.7543,73.2299
2023/05/15,75.0905,0.1644,+0.22,3221123,74.7767,75.3446,74.1789
2023/05/12,74.9261,0.3811,-0.51,3286886,75.6285,75.6734,74.1789
2023/05/11,75.3072,0.0897,-0.12,3712333,75.0980,75.4716,74.5749
2023/05/10,75.3969,0.0747,+0.10,3672289,75.7630,75.9947,74.4262
2023/05/09,75.3222,1.1507,-1.50,4177453,75.8228,76.0320,75.0233
2023/05/08,76.4729,0.7547,-0.98,2802552,77.3846,77.6573,75.9555
2023/05/05,77.2276,1.1283,+1.48,2601265,76.8166,77.3248,76.2562
2023/05/04,76.0993,0.7398,-0.96,3965459,76.6298,76.9512,75.2923
2023/05/03,76.8391,0.1121,-0.15,2751572,77.3397,78.1617,76.7215
2023/05/02,76.9512,2.1445,-2.71,4030830,78.8417,78.9837,76.7120
2023/05/01,79.0957,0.2765,-0.35,3063859,79.4619,79.8280,78.8790
2023/04/28,79.3722,0.6650,+0.84,5331178,78.6922,79.5105,78.5727
2023/04/27,78.7072,1.8009,+2.34,3202540,77.0259,78.7520,77.0259
2023/04/26,76.9063,1.0835,-1.39,4246862,77.7133,78.6100,76.7942
2023/04/25,77.9898,0.5156,-0.66,6786829,78.9687,80.1792,77.8329
2023/04/24,78.5054,0.4334,+0.56,4732029,78.4979,78.6922,77.9823
2023/04/21,78.0720,0.1868,-0.24,8553834,78.4456,78.5503,77.7582
2023/04/20,78.2588,1.0088,-1.27,4945245,78.8043,78.9015,77.7918
2023/04/19,79.2676,0.1420,-0.18,2566749,78.9837,79.4619,78.8043
2023/04/18,79.4096,0.3811,-0.48,2558843,80.1269,80.1792,79.1135
2023/04/17,79.7907,0.7547,+0.95,3257431,79.3274,80.0298,79.1630
2023/04/14,79.0360,0.2839,-0.36,3738537,79.2078,80.0425,78.4681
2023/04/13,79.3199,1.3301,+1.71,4597186,78.3410,79.5366,77.7806
2023/04/12,77.9898,0.1420,-0.18,3646516,78.4606,78.5726,77.4827
2023/04/11,78.1318,1.3450,+1.75,3950494,77.4369,78.2962,77.1977
2023/04/10,76.7868,0.8967,+1.18,3854389,75.9200,77.0595,75.5090
2023/04/06,75.8901,0.5455,-0.71,3237550,76.4804,76.8129,75.8602
2023/04/05,76.4356,0.0299,+0.04,3549272,76.4879,76.7942,75.9797
2023/04/04,76.4057,1.7336,-2.22,4648166,78.3859,78.3859,76.2712
2023/04/03,78.1393,0.4035,-0.51,5376099,78.5727,79.0883,77.8441
2023/03/31,78.5428,1.7411,+2.27,4833079,77.3397,78.6026,76.9736
2023/03/30,76.8017,0.3064,-0.40,3144512,77.5265,77.6551,76.6173
2023/03/29,77.1081,1.0835,+1.43,4311310,76.8241,77.1454,76.1441
2023/03/28,76.0246,0.1868,+0.25,3295886,75.9125,76.8353,75.7033
2023/03/27,75.8378,0.2616,+0.35,3743930,76.3832,76.4281,75.1727
2023/03/24,75.5762,0.1046,+0.14,4756134,75.0008,75.7257,74.8421
2023/03/23,75.4716,0.4035,-0.53,4251984,75.9648,76.9138,75.2923
2023/03/22,75.8751,2.0549,-2.64,3754471,77.9525,78.1243,75.8452
2023/03/21,77.9300,0.0150,-0.02,3510999,78.6399,78.8193,77.2426
2023/03/20,77.9450,0.9640,+1.25,3642648,77.2725,78.0496,77.1305
2023/03/17,76.9810,0.8893,-1.14,15237036,77.9749,78.0571,76.1964
2023/03/16,77.8703,1.0686,+1.39,4875236,76.0545,78.0347,75.8303
2023/03/15,76.8017,0.0000,0,6546276,75.7107,76.8316,74.9261
2023/03/14,76.8017,0.5380,-0.70,6386156,78.1542,78.5876,75.7481
2023/03/13,77.3397,0.4185,-0.54,5635500,77.4668,78.2215,76.7643
2023/03/10,77.7582,1.0910,-1.38,4943308,78.8641,79.9551,77.5191
2023/03/09,78.8492,1.2254,-1.53,4635335,80.4483,81.1208,78.7744
2023/03/08,80.0746,0.0523,+0.07,4596446,80.2839,80.5305,79.3423
2023/03/07,80.0223,2.1222,-2.58,4513686,82.1968,82.2043,79.9850
2023/03/06,82.1445,0.9938,-1.20,3774933,83.2429,83.4073,81.9577
2023/03/03,83.1383,1.0162,+1.24,4069370,82.7797,83.6838,81.9054
2023/03/02,82.1221,0.2316,-0.28,10158378,82.0100,82.3761,80.4894
2023/03/01,82.3537,1.8457,+2.29,6577152,82.9739,83.9379,82.0025
2023/02/28,80.5080,0.3961,-0.49,4523982,80.7920,81.3898,80.1419
2023/02/27,80.9041,0.3512,+0.44,4758802,81.3449,82.7124,80.8480
2023/02/24,80.5529,0.8294,-1.02,3831343,80.7845,81.1058,79.7768
2023/02/23,81.3823,0.0224,-0.03,3939530,81.9726,82.4135,80.7098
2023/02/22,81.4047,0.2317,-0.28,3553075,81.8456,82.4808,81.0834
2023/02/21,81.6364,2.7947,-3.31,5204629,83.6913,83.9901,81.5841
2023/02/17,84.4311,0.7398,+0.88,3784498,83.6614,84.4684,82.7049
2023/02/16,83.6913,0.9639,-1.14,3606743,84.0649,84.6889,82.7647
2023/02/15,84.6552,0.4277,+0.51,3432314,83.8145,84.6774,83.4826
2023/02/14,84.2275,0.7891,-0.93,3338805,84.6552,84.8691,83.2983
2023/02/13,85.0166,1.0325,+1.23,3047731,84.3455,85.2673,83.9251
2023/02/10,83.9841,0.7006,+0.84,3084159,83.5048,84.2349,83.1139
2023/02/09,83.2835,1.7110,-2.01,4884008,85.8647,86.1302,82.9332
2023/02/08,84.9945,1.2168,-1.41,3405817,85.6730,86.0564,84.8175
2023/02/07,86.2113,0.2950,+0.34,2959735,85.4148,86.4399,84.6405
2023/02/06,85.9163,0.7301,-0.84,3372921,86.1302,86.4768,85.4591
2023/02/03,86.6464,2.0650,-2.33,3637201,87.7084,87.9296,86.1302
2023/02/02,88.7114,3.2671,+3.82,6667583,85.6140,89.1244,85.1862
2023/02/01,85.4443,0.5752,+0.68,4204588,84.4782,86.0933,83.8145
2023/01/31,84.8691,1.8437,+2.22,6876420,83.4458,84.8691,82.8797
2023/01/30,83.0254,1.9691,-2.32,8004139,84.4192,85.5476,83.0107
2023/01/27,84.9945,1.2537,+1.50,5579103,83.8735,85.3817,83.6744
2023/01/26,83.7408,0.4573,+0.55,6272210,83.7113,84.1464,82.4207
2023/01/25,83.2835,1.5266,-1.80,8126650,84.4414,85.7246,83.1508
2023/01/24,84.8101,5.6196,-6.21,13934571,85.5771,88.4975,84.4414
2023/01/23,90.4297,1.4528,+1.63,4626821,88.9474,91.3737,88.7999
2023/01/20,88.9769,1.6372,+1.87,5930367,87.4282,89.0211,86.1081
2023/01/19,87.3397,3.1859,-3.52,6752383,89.9725,90.1826,87.2585
2023/01/18,90.5256,2.8393,-3.04,5774373,93.5492,93.8000,90.1642
2023/01/17,93.3649,2.1460,-2.25,4760648,95.6953,95.7985,93.2100
2023/01/13,95.5109,0.1180,+0.12,2296138,94.7071,95.5847,94.5448
2023/01/12,95.3929,0.1696,+0.18,2494272,95.5773,95.7367,94.2425
2023/01/11,95.2233,0.7301,+0.77,2730373,95.0832,95.2749,94.1171
2023/01/10,94.4932,0.9882,+1.06,2234912,93.7115,94.5375,93.4386
2023/01/09,93.5050,0.0516,+0.06,3893349,93.6599,95.4741,93.0035
2023/01/06,93.4534,2.7730,+3.06,3277573,91.9342,93.7557,91.2630
2023/01/05,90.6804,1.6151,-1.75,3534424,91.6023,91.8678,90.3117
2023/01/04,92.2955,1.9764,+2.19,3755809,90.9681,92.3988,90.4961
2023/01/03,90.3191,1.8806,+2.13,3542896,89.6185,90.4408,88.7704
2022/12/30,88.4385,0.4794,-0.54,2842122,88.2394,88.5196,87.3987
2022/12/29,88.9179,1.6815,+1.93,2794559,87.6642,89.1317,87.3913
2022/12/28,87.2364,1.4233,-1.61,2659123,88.7556,89.2350,87.2069
2022/12/27,88.6597,0.0590,+0.07,2455912,88.6007,89.1096,87.8780
2022/12/23,88.6007,1.0694,-1.19,3538263,89.0801,89.2350,86.8750
2022/12/22,89.6701,1.3791,-1.51,2968861,90.1347,90.3412,87.9075
2022/12/21,91.0492,1.9543,+2.19,3495855,89.8471,91.3294,89.6111
2022/12/20,89.0949,0.9734,-1.08,3936347,89.9651,90.2121,89.0137
2022/12/19,90.0683,0.3245,+0.36,3308870,89.4783,91.2778,89.3530
2022/12/16,89.7438,0.5089,-0.56,10305198,89.4636,89.8250,88.5049
2022/12/15,90.2527,2.7361,-2.94,4524507,92.0300,92.2439,89.7881
2022/12/14,92.9888,0.8849,-0.94,4197735,93.2911,94.7440,92.0632
2022/12/13,93.8737,0.3245,+0.35,4416215,95.4667,95.8870,93.2690
2022/12/12,93.5492,0.8038,+0.87,5258194,92.9814,93.5787,91.5949
2022/12/09,92.7454,0.1770,-0.19,3166226,93.4976,94.0507,92.6790
2022/12/08,92.9224,0.2581,-0.28,5132888,93.6599,95.4593,92.5168
2022/12/07,93.1805,1.3053,+1.42,3663250,91.6908,93.8885,91.5212
2022/12/06,91.8752,0.0368,-0.04,2602792,92.2955,92.7233,90.9386
2022/12/05,91.9120,1.7405,-1.86,2905941,92.2365,92.5241,91.6465
2022/12/02,93.6525,0.7375,+0.79,2470411,92.0079,93.8442,91.6244
2022/12/01,92.9150,0.0147,+0.02,3578323,93.8811,95.0367,92.4135
2022/11/30,92.9003,0.1179,-0.13,7906176,92.8486,93.1067,89.5005
2022/11/29,93.0182,1.0988,+1.20,2526385,91.5064,93.1731,91.4548
2022/11/28,91.9194,3.2449,-3.41,3761524,94.4785,94.8251,91.5359
2022/11/25,95.1643,0.7670,+0.81,1196485,95.0463,95.7395,94.7808
2022/11/23,94.3973,0.4425,-0.47,3186400,94.8324,95.2233,93.8369
2022/11/22,94.8398,0.7153,+0.76,2382835,94.5080,94.8914,93.8959
2022/11/21,94.1245,0.6416,+0.69,2920245,93.3944,94.3088,93.0920
2022/11/18,93.4829,0.2876,-0.31,4307167,94.3973,94.6481,92.8486
2022/11/17,93.7705,0.0737,-0.08,3050218,93.0330,93.8221,91.9415
2022/11/16,93.8442,1.8078,-1.89,4401297,95.8160,95.8160,93.6037
2022/11/15,95.6520,0.1385,+0.15,3450266,96.5996,97.2993,94.5950
2022/11/14,95.5135,1.4214,-1.47,3587868,96.6215,97.6129,95.4479
2022/11/11,96.9349,2.7918,+2.97,4704522,94.4638,97.3067,94.1431
2022/11/10,94.1431,3.8780,+4.30,4334670,93.0570,94.2233,92.4812
2022/11/09,90.2651,1.1080,-1.21,2445138,91.3294,91.6137,90.1849
2022/11/08,91.3731,0.4884,+0.54,2503388,91.3804,92.3134,90.4182
2022/11/07,90.8847,0.1166,-0.13,2626235,90.8483,91.2273,89.8788
2022/11/04,91.0013,1.4506,+1.62,3183723,90.7243,91.3877,89.7767
2022/11/03,89.5507,0.0073,-0.01,2753198,88.9166,90.5931,88.2897
2022/11/02,89.5580,1.7787,-1.95,3514499,91.1471,92.4374,89.4050
2022/11/01,91.3367,0.3571,-0.39,2924581,92.4082,92.6488,90.8079
2022/10/31,91.6938,0.5905,-0.64,5935121,91.9198,92.1749,91.3804
2022/10/28,92.2843,2.7700,+3.09,5230326,89.6455,92.3353,89.3029
2022/10/27,89.5143,0.0729,+0.08,5098592,90.0173,90.7171,88.9506
2022/10/26,89.4414,3.0616,+3.54,6350319,87.1744,89.8715,87.1744
2022/10/25,86.3798,0.0874,+0.10,6879423,82.7424,86.4527,82.4800
2022/10/24,86.2924,1.1445,+1.34,4656194,85.6728,86.8464,85.4249
2022/10/21,85.1479,2.6971,+3.27,4585358,82.4800,85.2427,82.4071
2022/10/20,82.4508,0.7946,-0.95,4311564,83.0850,84.3024,82.2905
2022/10/19,83.2454,1.2756,-1.51,3537649,83.9014,84.3242,82.5456
2022/10/18,84.5210,1.5235,+1.84,3517662,84.3680,84.8491,83.4276
2022/10/17,82.9975,0.1676,+0.20,4120570,84.0545,84.3497,82.5820
2022/10/14,82.8299,0.4592,-0.55,4746631,83.2891,83.9452,82.2613
2022/10/13,83.2891,3.8707,+4.87,6547474,78.3615,83.7046,78.0480
2022/10/12,79.4184,0.0802,+0.10,3774156,79.1414,79.9651,78.9045
2022/10/11,79.3382,0.2770,+0.35,3971991,79.0868,80.5118,78.6895
2022/10/10,79.0612,0.6852,+0.87,3542617,79.1123,79.5423,78.1355
2022/10/07,78.3760,2.6242,-3.24,5894103,80.4535,80.7378,78.0589
2022/10/06,81.0002,2.9523,-3.52,5937543,83.3547,83.7848,80.3369
2022/10/05,83.9525,0.3280,-0.39,3512110,83.3474,84.6304,82.6768
2022/10/04,84.2805,1.7495,+2.12,3844844,83.6390,84.5428,83.6026
2022/10/03,82.5310,1.9827,+2.46,4000260,81.4157,83.1142,80.8472
2022/09/30,80.5483,1.3121,-1.60,4270272,81.6417,82.4800,80.4681
2022/09/29,81.8604,1.4433,-1.73,3177008,82.3415,82.6622,81.3501
2022/09/28,83.3037,1.3631,+1.66,5045370,82.7424,83.6171,82.4144
2022/09/27,81.9406,0.4301,-0.52,4560386,83.1944,83.1944,81.2189
2022/09/26,82.3707,0.0073,+0.01,4936106,82.1957,82.9611,81.8094
2022/09/23,82.3634,0.8382,-1.01,5053525,82.9028,83.2235,81.3647
2022/09/22,83.2016,0.4884,-0.58,5045719,83.2162,83.8650,82.6841
2022/09/21,83.6900,1.2465,-1.47,5124978,85.1625,86.0372,83.6827
2022/09/20,84.9365,0.0875,-0.10,5700249,84.0472,85.4322,83.6463
2022/09/19,85.0240,0.0219,+0.03,4376610,84.5648,85.2208,84.0326
2022/09/16,85.0021,0.1385,+0.16,9962264,83.6099,85.5124,83.1798
2022/09/15,84.8636,0.8092,-0.94,5559784,85.8842,86.5548,84.6085
2022/09/14,85.6728,2.1431,-2.44,7779082,87.8997,87.8997,84.7835
2022/09/13,87.8159,2.7554,-3.04,10653034,89.0113,90.8264,87.6373
2022/09/12,90.5713,0.8383,+0.93,26026563,90.6223,92.2260,90.3672
2022/09/09,89.7330,2.7919,+3.21,35970281,88.3990,89.8678,87.3785
2022/09/08,86.9411,0.9331,-1.06,35313333,86.2997,87.3202,85.4031
2022/09/07,87.8742,2.8794,+3.39,51538554,85.0240,88.3808,84.5721
2022/09/06,84.9948,3.6812,-4.15,42161878,88.4646,88.5667,84.5429
2022/09/02,88.6760,2.9012,-3.17,16902585,91.8688,92.1166,88.3115
2022/09/01,91.5772,0.9330,+1.03,42546972,90.6077,92.1312,90.1485
2022/08/31,90.6442,0.3717,-0.41,43408208,91.0086,92.1822,90.1047
2022/08/30,91.0159,1.1518,-1.25,47299304,92.4957,93.1153,89.6820
2022/08/29,92.1677,1.9681,-2.09,69322775,93.8807,93.8807,91.3148
2022/08/26,94.1358,9.9282,-9.54,52657209,104.7055,104.9752,93.8005
2022/08/25,104.0640,1.2538,+1.22,64964691,102.8321,104.4358,102.5187
2022/08/24,102.8102,0.5176,-0.50,21168350,102.7155,103.2112,101.8407
2022/08/23,103.3278,0.1166,+0.11,21069334,102.7811,103.8162,102.5697
2022/08/22,103.2112,2.6314,-2.49,13970016,104.4431,104.7346,102.8029
2022/08/19,105.8426,0.0072,+0.01,17440642,105.4126,106.1707,104.3920
2022/08/18,105.8354,0.5411,-0.51,7836446,106.3549,106.3837,104.8974
2022/08/17,106.3765,2.0420,-1.88,6759012,107.1053,107.3578,106.1168
2022/08/16,108.4185,0.8442,-0.77,6087683,108.5700,109.1728,107.4227
2022/08/15,109.2627,0.5844,-0.53,3240529,109.2338,109.7461,108.5772
2022/08/12,109.8471,1.8616,+1.72,3252858,108.4978,109.8904,108.2309
2022/08/11,107.9855,0.2020,+0.19,3185340,108.2309,109.2699,107.7763
2022/08/10,107.7835,1.1112,+1.04,3530079,108.1443,108.6710,107.3939
2022/08/09,106.6723,0.4618,-0.43,4204404,107.0115,107.5454,106.2033
2022/08/08,107.1341,0.7720,+0.73,4363601,106.8094,108.3391,106.4847
2022/08/05,106.3621,0.5123,-0.48,5803458,106.0735,107.1413,105.6261
2022/08/04,106.8744,3.3408,+3.23,8183705,103.5336,107.0259,103.3244
2022/08/03,103.5336,1.2554,+1.23,3791181,102.3864,103.7645,102.1339
2022/08/02,102.2782,1.1616,-1.12,3739135,102.8843,103.5842,102.1916
2022/08/01,103.4398,0.0865,+0.08,3958082,102.5668,103.9449,102.1555
2022/07/29,103.3533,2.0709,+2.04,5541358,101.5711,103.6996,100.8856
2022/07/28,101.2824,1.0895,+1.09,4288360,100.9433,101.4700,99.7889
2022/07/27,100.1929,1.3637,-1.34,6971615,100.7413,101.1670,99.2621
2022/07/26,101.5566,4.7838,+4.94,17395049,103.5481,105.1282,99.9484
2022/07/25,96.7728,0.0000,0,3262583,96.6862,97.4763,96.5275
2022/07/22,96.7728,0.1226,+0.13,2439298,97.1552,97.3749,96.3110
2022/07/21,96.6502,0.6783,+0.71,2313183,95.9936,96.6754,95.5101
2022/07/20,95.9719,0.6349,+0.67,2779382,95.3297,96.3061,95.1385
2022/07/19,95.3370,2.3234,+2.50,3898252,94.0887,95.4380,93.8434
2022/07/18,93.0136,0.8803,-0.94,3520303,93.9372,94.3954,92.7322
2022/07/15,93.8939,1.3132,+1.42,3656961,93.7063,94.0454,92.5374
2022/07/14,92.5807,0.0433,-0.05,3500358,91.6210,92.7466,90.8273
2022/07/13,92.6240,1.3204,-1.41,3451356,92.3570,93.4321,92.1189
2022/07/12,93.9444,0.8586,+0.92,3656272,93.1904,95.2648,93.1218
2022/07/11,93.0858,0.2093,+0.23,3732807,92.8837,94.1681,92.7538
2022/07/08,92.8765,0.9597,-1.02,3036983,93.6702,93.9155,92.4581
2022/07/07,93.8362,0.1516,+0.16,4781062,93.8939,94.0238,92.0467
2022/07/06,93.6846,0.4545,+0.49,4201560,93.4393,94.5144,92.3281
2022/07/05,93.2301,0.5195,+0.56,5412766,91.6210,93.3960,90.6253
2022/07/01,92.7106,0.6638,-0.71,5156795,93.3744,93.6774,91.3541
2022/06/30,93.3744,0.2597,-0.28,4630585,92.8693,93.9516,91.8512
2022/06/29,93.6341,0.4041,-0.43,3909894,93.8001,94.0454,92.9414
2022/06/28,94.0382,1.7822,-1.86,3342405,96.5852,97.0975,93.9083
2022/06/27,95.8204,1.1039,-1.14,3310460,96.9821,97.1711,95.4525
2022/06/24,96.9243,3.0160,+3.21,5071599,94.9040,97.0831,94.6948
2022/06/23,93.9083,0.1804,-0.19,3105890,93.9516,94.5721,92.7178
2022/06/22,94.0887,0.2814,+0.30,4021053,92.9126,94.9437,92.4941
2022/06/21,93.8073,0.1227,+0.13,5167297,94.0454,94.5770,93.2734
2022/06/17,93.6846,0.7937,-0.84,9952523,94.3557,95.1566,92.8765
2022/06/16,94.4783,2.4460,-2.52,5167016,95.6400,95.6400,94.0382
2022/06/15,96.9243,0.6639,-0.68,4533544,97.9561,98.6200,96.0080
2022/06/14,97.5882,0.8081,-0.82,3707573,98.6200,99.8249,96.9748
2022/06/13,98.3963,0.9236,-0.93,5704463,98.6560,99.8177,97.8551
2022/06/10,99.3199,4.7116,-4.53,8155963,102.4585,102.7977,99.2693
2022/06/09,104.0315,0.8947,-0.85,3005114,104.9912,106.2033,104.0026
2022/06/08,104.9262,1.0462,-0.99,2371920,105.0272,105.7849,104.1109
2022/06/07,105.9724,0.4762,+0.45,2502065,104.9406,106.0583,103.7718
2022/06/06,105.4962,0.1731,+0.16,2183746,105.6261,106.2827,105.0922
2022/06/03,105.3231,1.5946,-1.49,2600558,106.0662,106.4054,104.8541
2022/06/02,106.9177,1.2699,+1.20,2635361,106.4414,106.9970,104.2624
2022/06/01,105.6478,2.0708,-1.92,3340667,107.7474,107.8629,105.0561
2022/05/31,107.7186,0.1587,-0.15,5743308,106.9826,108.1154,105.2942
2022/05/27,107.8773,1.7822,+1.68,2462343,106.9393,107.8845,106.6940
2022/05/26,106.0951,0.9019,+0.86,2948238,105.8786,107.3722,105.8498
2022/05/25,105.1932,0.0289,+0.03,2601202,104.9334,105.4565,103.5769
2022/05/24,105.1643,0.9885,+0.95,3657493,104.1542,105.5034,101.7370
2022/05/23,104.1758,0.3968,+0.38,3930584,104.3201,105.3231,103.9088
2022/05/20,103.7790,2.2584,-2.13,5814454,106.4559,106.7445,101.8019
2022/05/19,106.0374,0.3463,-0.33,3806674,105.4890,107.4372,103.9810
2022/05/18,106.3837,2.4359,-2.24,4141919,108.2838,108.3695,106.0551
2022/05/17,108.8196,1.3144,+1.22,2949344,108.5695,108.9338,107.5195
2022/05/16,107.5052,0.8572,+0.80,3799116,106.5909,107.7409,104.5086
2022/05/13,106.6480,0.2072,-0.19,3854657,107.2981,107.3981,105.6980
2022/05/12,106.8552,2.2716,+2.17,3946478,104.7122,106.8766,104.2979
2022/05/11,104.5836,1.9358,-1.82,3847313,107.1409,107.2409,104.4122
2022/05/10,106.5194,2.3287,-2.14,4904611,110.0053,110.0339,105.8158
2022/05/09,108.8481,2.0358,+1.91,5828104,106.0337,109.8410,105.6765
2022/05/06,106.8123,0.0500,+0.05,3458248,106.6266,106.9838,104.7836
2022/05/05,106.7623,3.4073,-3.09,4642084,109.4124,109.7553,105.8837
2022/05/04,110.1696,4.3931,+4.15,5171673,106.4337,110.4768,105.6337
2022/05/03,105.7765,1.5500,+1.49,3512028,104.4408,106.3266,104.2336
2022/05/02,104.2265,1.2072,+1.17,5203971,103.2264,105.3622,102.7050
2022/04/29,103.0193,2.0858,-1.98,5812884,105.2194,106.1194,102.7693
2022/04/28,105.1051,2.0930,+2.03,3554417,103.3979,105.5265,102.9478
2022/04/27,103.0121,0.0072,-0.01,4373950,103.4193,104.3479,102.6693
2022/04/26,103.0193,3.1287,-2.95,6776208,103.8693,104.9908,102.0549
2022/04/25,106.1480,0.4072,-0.38,4804828,106.2266,106.4552,104.2050
2022/04/22,106.5552,1.8572,-1.71,4420152,107.7195,107.8552,105.8873
2022/04/21,108.4124,0.8429,+0.78,3272196,108.5624,109.3624,108.0838
2022/04/20,107.5695,0.3500,+0.33,2771856,107.7266,108.9338,107.5266
2022/04/19,107.2195,2.8002,+2.68,3214288,104.8979,107.5695,104.8979
2022/04/18,104.4193,0.8572,-0.81,2486053,105.3265,105.9551,104.1122
2022/04/14,105.2765,0.9144,-0.86,3263337,106.1801,106.8552,105.1515
2022/04/13,106.1909,0.0572,+0.05,2788872,106.0909,106.5552,105.4122
2022/04/12,106.1337,1.1001,-1.03,3658124,108.1052,108.2410,105.7837
2022/04/11,107.2338,0.2215,+0.21,3470102,107.4695,108.7338,107.1195
2022/04/08,107.0123,0.1000,-0.09,3906550,107.8624,108.3267,106.7052
2022/04/07,107.1123,0.2500,-0.23,3078396,106.7123,107.4838,105.4051
2022/04/06,107.3623,1.0000,+0.94,3787539,105.2408,107.4266,105.0418
2022/04/05,106.3623,0.4500,-0.42,3007920,106.1837,107.5981,106.0837
2022/04/04,106.8123,0.1143,-0.11,3685922,106.4766,107.1552,104.3479
2022/04/01,106.9266,0.5786,+0.54,3075100,106.8837,107.0480,104.8979
2022/03/31,106.3480,1.8215,-1.68,4471451,107.4695,108.0409,106.2909
2022/03/30,108.1695,0.4643,-0.43,3353305,108.0981,109.4767,107.6981
2022/03/29,108.6338,1.8643,+1.75,3770351,107.8624,109.2339,107.1766
2022/03/28,106.7695,0.7071,-0.66,3751991,107.0980,107.2409,105.1408
2022/03/25,107.4766,1.0572,+0.99,3152701,106.6266,107.9909,106.3694
2022/03/24,106.4194,0.9286,+0.88,2839222,105.8051,106.5980,105.2908
2022/03/23,105.4908,1.6144,-1.51,3691905,106.9266,106.9909,105.4051
2022/03/22,107.1052,0.9715,+0.92,5952513,106.7552,107.7481,106.0766
2022/03/21,106.1337,0.1857,+0.18,6320595,106.2123,106.9623,105.2908
2022/03/18,105.9480,0.4500,+0.43,11034407,105.0551,106.0408,103.7336
2022/03/17,105.4980,1.5573,+1.50,3901512,103.7979,105.5123,102.9693
2022/03/16,103.9407,0.8571,+0.83,5339367,103.4050,104.4836,102.0335
2022/03/15,103.0836,0.5929,+0.58,4672023,103.4836,103.9193,101.8549
2022/03/14,102.4907,1.8001,+1.79,5473907,101.0406,103.7836,101.0406
2022/03/11,100.6906,2.1215,-2.06,5808896,102.4835,103.2050,100.5977
2022/03/10,102.8121,1.9073,-1.82,5311400,103.8222,104.2622,102.3835
2022/03/09,104.7194,0.8572,+0.83,4671942,105.6194,106.6194,104.6408
2022/03/08,103.8622,1.5144,+1.48,6447087,103.7479,106.7695,102.3335
2022/03/07,102.3478,2.4644,-2.35,6375284,104.1050,104.1050,101.8406
2022/03/04,104.8122,1.1215,-1.06,4529310,104.4051,105.4980,104.1050
2022/03/03,105.9337,0.7715,+0.73,5325570,106.0909,107.1409,105.3765
2022/03/02,105.1622,1.7643,+1.71,5228183,104.0122,105.9837,103.5193
2022/03/01,103.3979,2.7858,-2.62,4639251,106.1337,106.4480,102.9693
2022/02/28,106.1837,1.3286,-1.24,5901081,106.6409,106.8837,104.8265
2022/02/25,107.5123,4.8645,+4.74,9425256,103.1550,108.4017,103.1121
2022/02/24,102.6478,0.4858,-0.47,8549499,101.5049,102.7835,99.8191
2022/02/23,103.1336,1.6929,-1.61,5385041,104.8265,105.2408,102.9550
2022/02/22,104.8265,0.6215,-0.59,6312600,105.8623,106.0837,104.2050
2022/02/18,105.4480,0.7286,-0.69,7025960,105.8623,106.9409,105.1765
2022/02/17,106.1766,3.9287,-3.57,8690340,107.7552,108.1981,106.0613
2022/02/16,110.1053,1.2098,-1.09,6318242,111.0746,111.7821,109.0300
2022/02/15,111.3151,0.4740,-0.42,4715959,112.2914,112.5461,110.5440
2022/02/14,111.7891,1.0825,-0.96,6550528,112.7372,112.9070,109.9143
2022/02/11,112.8716,0.1415,-0.13,5134731,113.3102,114.3290,112.3480
2022/02/10,113.0131,2.7592,-2.38,5135351,114.6191,115.1709,112.5037
2022/02/09,115.7723,0.8702,+0.76,3029948,115.7086,116.2109,114.5625
2022/02/08,114.9021,0.8773,+0.77,3355463,114.2087,115.3973,113.4234
2022/02/07,114.0248,0.3113,+0.27,3450453,113.7276,114.8313,113.2041
2022/02/04,113.7135,2.5894,-2.23,5719533,115.8784,116.5505,113.2678
2022/02/03,116.3029,1.6060,-1.36,3687281,117.6259,117.9584,116.0977
2022/02/02,117.9089,0.5447,-0.46,4510839,118.7154,119.7412,117.3004
2022/02/01,118.4536,0.9975,+0.85,4223510,117.1518,118.8286,116.5646
2022/01/31,117.4561,2.0659,+1.79,7195098,115.1072,117.6471,114.3219
2022/01/28,115.3902,4.9948,-4.15,8793951,119.1328,119.3875,113.5770
2022/01/27,120.3850,0.6084,+0.51,3934474,119.6351,121.7717,119.1682
2022/01/26,119.7766,3.1483,-2.56,6233309,123.2999,123.9861,118.9984
2022/01/25,122.9249,0.6721,+0.55,7139583,122.7692,123.4979,118.8640
2022/01/24,122.2528,0.1061,+0.09,6662591,121.5878,122.5429,119.4441
2022/01/21,122.1467,0.6508,-0.53,4917523,122.6773,124.5309,122.0830
2022/01/20,122.7975,3.4738,-2.75,3982151,126.3420,126.7942,122.6136
2022/01/19,126.2713,0.1415,+0.11,2782680,127.2264,127.9622,125.6699
2022/01/18,126.1298,0.3254,-0.26,3407376,126.0590,126.3208,124.6370
2022/01/14,126.4552,1.6131,-1.26,3231382,127.9551,127.9551,125.6982
2022/01/13,128.0683,1.1320,+0.89,2960775,127.2618,128.2947,126.6604
2022/01/12,126.9363,0.3113,+0.25,2443110,126.6392,127.3537,126.3491
2022/01/11,126.6250,1.1107,+0.88,3200333,125.9317,127.0283,124.8139
2022/01/10,125.5143,1.7970,-1.41,3276383,126.9575,127.2264,125.0686
2022/01/07,127.3113,1.3796,+1.10,3958029,126.0237,127.6933,125.3799
2022/01/06,125.9317,1.0541,-0.83,3541492,127.9692,128.2522,125.6062
2022/01/05,126.9858,0.5236,-0.41,4173119,125.3162,128.6060,125.2242
2022/01/04,127.5094,1.7617,+1.40,3565032,126.2713,128.2381,125.9494
2022/01/03,125.7477,0.0778,+0.06,2729340,126.1581,126.7028,124.4035
2021/12/31,125.6699,0.0071,-0.01,1999426,125.5992,126.1780,124.8775
2021/12/30,125.6770,0.5448,-0.43,1508609,126.5472,126.7665,125.6345
2021/12/29,126.2218,0.5448,+0.43,1727429,125.5638,126.5613,125.3869
2021/12/28,125.6770,0.6650,+0.53,2288250,125.1110,126.2854,125.0473
2021/12/27,125.0120,1.2240,+0.99,1672099,123.9154,125.0332,123.7456
2021/12/23,123.7880,1.6484,+1.35,2764338,122.3872,124.2479,122.2386
2021/12/22,122.1396,0.1981,-0.16,2858026,122.3377,122.5570,121.3684
2021/12/21,122.3377,0.1981,+0.16,2818839,122.7056,123.0947,121.8424
2021/12/20,122.1396,1.4928,-1.21,2800690,122.5429,123.0146,120.9510
2021/12/17,123.6324,2.5186,-2.00,5671770,125.8326,126.1581,123.3423
2021/12/16,126.1510,1.7899,+1.44,3180266,125.0190,126.5967,123.6784
2021/12/15,124.3611,0.7499,+0.61,3024636,123.8658,124.6724,123.0169
2021/12/14,123.6112,0.0991,+0.08,3289971,123.7031,124.9412,123.2786
2021/12/13,123.5121,1.7829,-1.42,3576141,125.2242,125.4846,123.3918
2021/12/10,125.2950,0.8207,+0.66,2181885,125.8892,125.8892,124.5946
2021/12/09,124.4743,0.0707,-0.06,2485934,124.8634,125.5037,124.2634
2021/12/08,124.5450,0.3608,-0.29,2725253,124.8705,125.1039,123.4060
2021/12/07,124.9058,0.4599,-0.37,3283515,125.3020,126.1722,124.6441
2021/12/06,125.3657,3.2615,+2.67,4832236,123.4697,126.1298,123.1018
2021/12/03,122.1042,1.6484,+1.37,4267271,120.2011,122.3306,119.6918
2021/12/02,120.4558,0.3325,-0.28,4759585,121.3614,122.2386,120.1799
2021/12/01,120.7883,0.4882,+0.41,4601700,122.0759,123.5616,120.7671
2021/11/30,120.3001,4.3793,-3.51,7548379,123.5970,124.4177,120.2294
2021/11/29,124.6794,0.5023,+0.40,3285931,124.8492,125.1039,123.7951
2021/11/26,124.1771,1.4928,-1.19,2702998,123.4697,125.1039,122.6752
2021/11/24,125.6699,1.2947,-1.02,2103979,126.6179,126.9929,125.6062
2021/11/23,126.9646,0.1415,-0.11,2748329,127.7782,128.2805,126.3916
2021/11/22,127.1061,0.3042,+0.24,3352774,126.8160,128.9597,126.4835
2021/11/19,126.8019,0.3254,+0.26,3509149,126.9505,127.9197,126.0166
2021/11/18,126.4765,2.1861,-1.70,3582081,128.8394,129.1437,126.4199
2021/11/17,128.6626,0.0210,-0.02,3207800,128.6836,129.0345,127.4625
2021/11/16,128.6836,0.0421,+0.03,2814281,128.6415,129.2661,128.2134
2021/11/15,128.6415,0.2456,-0.19,2085472,129.1889,129.8556,128.3538
2021/11/12,128.8871,2.4211,+1.91,6276997,126.9853,130.7398,126.5187
2021/11/11,126.4660,1.5509,-1.21,2831340,128.4310,128.4520,125.9748
2021/11/10,128.0169,0.7649,+0.60,2440186,127.2520,128.3117,126.3187
2021/11/09,127.2520,0.1474,-0.12,2539852,127.2801,128.1222,126.6345
2021/11/08,127.3994,0.1824,-0.14,2644824,128.1854,128.7257,126.5081
2021/11/05,127.5818,0.8351,+0.66,2585551,127.8064,128.9994,126.9853
2021/11/04,126.7467,1.1369,-0.89,2923194,128.0520,128.3959,126.4871
2021/11/03,127.8836,0.1825,+0.14,2826312,127.5748,128.1573,126.3046
2021/11/02,127.7011,1.6772,+1.33,3153411,126.3116,127.7924,126.0450
2021/11/01,126.0239,0.6316,+0.50,2865284,125.2871,126.1362,124.5712
2021/10/29,125.3923,0.8351,-0.66,3647230,126.1151,126.9573,124.9990
2021/10/28,126.2274,1.1439,+0.91,2771431,125.0906,126.3257,125.0835
2021/10/27,125.0835,2.7510,-2.15,3743463,127.9117,127.9608,124.9713
2021/10/26,127.8345,0.1684,-0.13,4468344,127.0695,128.9994,125.7362
2021/10/25,128.0029,1.1228,+0.88,3854703,126.6695,128.3889,125.9327
2021/10/22,126.8801,0.9263,-0.72,3748970,128.1222,128.6275,126.8660
2021/10/21,127.8064,0.2105,-0.16,2366988,128.3187,128.4450,126.6836
2021/10/20,128.0169,0.0772,+0.06,2548612,128.1362,128.5503,127.7503
2021/10/19,127.9397,0.4140,+0.32,1986617,128.0310,128.3187,127.4696
2021/10/18,127.5257,0.1544,-0.12,2498440,126.8731,127.6661,125.8555
2021/10/15,127.6801,1.1369,+0.90,3079103,126.8029,128.4240,126.7959
2021/10/14,126.5432,2.2106,+1.78,3247850,124.9151,126.5994,124.8800
2021/10/13,124.3326,1.1509,+0.93,2893508,123.2379,125.1958,122.8379
2021/10/12,123.1817,0.5264,-0.43,3072185,123.7221,124.1361,122.9010
2021/10/11,123.7081,0.4702,-0.38,3834907,124.9292,125.3362,123.6519
2021/10/08,124.1783,0.5965,-0.48,3519112,124.6134,124.9853,124.0559
2021/10/07,124.7748,0.4210,-0.34,4101536,126.3187,126.8660,124.7046
2021/10/06,125.1958,0.3649,+0.29,2932287,123.9537,125.3011,123.1747
2021/10/05,124.8309,1.2913,+1.05,2690778,123.6379,125.3432,123.2098
2021/10/04,123.5396,0.4492,-0.36,4289542,122.2133,124.2835,121.9536
2021/10/01,123.9888,0.8843,+0.72,3447507,123.6870,124.5011,122.2624
2021/09/30,123.1045,3.8317,-3.02,4610943,127.5257,127.7643,123.0695
2021/09/29,126.9362,0.5825,+0.46,2386842,126.2625,127.2950,125.7362
2021/09/28,126.3537,1.2211,-0.96,3263968,127.5959,128.3215,126.1572
2021/09/27,127.5748,0.5263,+0.41,2924199,126.9011,128.5362,126.8871
2021/09/24,127.0485,0.3439,-0.27,2959904,127.3713,127.7713,126.7502
2021/09/23,127.3924,1.1860,+0.94,3115880,126.4239,128.3187,126.3187
2021/09/22,126.2064,0.9965,+0.80,3164521,125.8344,126.9839,125.5748
2021/09/21,125.2099,1.4807,-1.17,4246513,126.9994,127.0766,124.7046
2021/09/20,126.6906,0.6737,-0.53,5916838,125.3642,127.5397,125.1186
2021/09/17,127.3643,0.8211,-0.64,15275468,127.0836,128.1853,125.9046
2021/09/16,128.1854,1.0737,-0.83,3638837,129.2310,129.5468,127.5989
2021/09/15,129.2591,1.2422,+0.97,3640164,128.2976,129.9047,127.9538
2021/09/14,128.0169,1.9720,-1.52,4736769,130.2837,130.5293,127.4976
2021/09/13,129.9889,0.4772,+0.37,7191514,130.0380,131.8767,128.8450
2021/09/10,129.5117,0.8421,-0.65,3179810,131.1328,131.3924,129.4766
2021/09/09,130.3538,1.5018,-1.14,4329957,131.6100,132.2907,129.8696
2021/09/08,131.8556,1.6211,+1.24,5211533,130.2731,132.2100,129.8415
2021/09/07,130.2345,6.1826,-4.53,8385654,135.3855,136.5434,130.2205
2021/09/03,136.4171,0.3509,-0.26,2086959,136.4663,137.2705,135.8803
2021/09/02,136.7680,1.0176,+0.75,2984827,136.1926,136.7891,135.7715
2021/09/01,135.7504,0.9123,-0.67,2743633,136.5294,136.6698,135.3996
2021/08/31,136.6627,1.0036,-0.73,4009685,137.4417,137.5400,136.2487
2021/08/30,137.6663,0.7860,+0.57,1801322,136.9715,138.4523,136.6838
2021/08/27,136.8803,0.1895,-0.14,3058660,137.5470,138.0101,136.2277
2021/08/26,137.0698,0.6878,+0.50,2076594,136.2768,137.1189,135.9048
2021/08/25,136.3820,0.2878,-0.21,2297904,136.5084,136.8803,135.2452
2021/08/24,136.6698,0.0492,+0.04,1984230,136.7189,137.6172,136.3820
2021/08/23,136.6206,0.3649,+0.27,2813298,136.8452,137.7154,135.9189
2021/08/20,136.2557,0.1965,+0.14,3416253,136.3820,136.9364,135.6978
2021/08/19,136.0592,0.8009,-0.59,3320794,135.8085,136.6651,135.3259
2021/08/18,136.8601,2.1173,-1.52,3038576,138.2948,138.4620,136.7209
2021/08/17,138.9774,1.9291,-1.37,3285148,140.6837,140.6837,137.6193
2021/08/16,140.9065,1.2118,+0.87,2307547,140.0499,141.2200,139.5554
2021/08/13,139.6947,0.5920,-0.42,2743550,140.1474,140.4818,139.4927
2021/08/12,140.2867,0.0975,-0.07,1769145,140.3215,140.9433,139.5415
2021/08/11,140.3842,1.6158,+1.16,3183875,139.2908,140.5235,138.8102
2021/08/10,138.7684,1.2675,+0.92,2295138,138.0650,138.9356,137.6889
2021/08/09,137.5009,0.4875,-0.35,1713477,137.6541,138.0018,137.0482
2021/08/06,137.9884,0.2298,+0.17,1602736,138.0232,138.7684,137.5845
2021/08/05,137.7586,0.1881,+0.14,2261851,138.2809,138.6779,137.3999
2021/08/04,137.5705,2.4376,-1.74,2953761,139.5694,139.8549,137.3407
2021/08/03,140.0081,2.4445,+1.78,3170962,138.2740,140.8299,137.4800
2021/08/02,137.5636,0.2925,-0.21,1913262,138.6431,139.7783,137.5044
2021/07/30,137.8561,0.1602,-0.12,2742941,137.8979,138.7615,137.3407
2021/07/29,138.0163,0.0766,-0.06,3044411,139.2908,139.2908,137.8561
2021/07/28,138.0929,1.5252,-1.09,3071523,138.8172,139.5485,137.9675
2021/07/27,139.6181,0.8358,-0.60,4307599,137.3477,140.0290,135.7458
2021/07/26,140.4539,0.8219,+0.59,3459299,139.6042,141.1991,139.2420
2021/07/23,139.6320,0.9889,+0.71,2255370,139.6460,140.0141,138.5525
2021/07/22,138.6431,1.1839,-0.85,2441932,140.3424,140.4399,138.3698
2021/07/21,139.8270,0.0349,-0.02,2870372,140.0778,141.2966,139.2629
2021/07/20,139.8619,2.2705,+1.65,3996540,138.1347,140.8369,137.9466
2021/07/19,137.5914,1.2606,-0.91,4517610,137.7516,138.2740,135.8851
2021/07/16,138.8520,2.2426,-1.59,3552540,141.4637,141.5264,138.5316
2021/07/15,141.0946,0.1671,-0.12,3070839,140.2867,141.2200,139.6599
2021/07/14,141.2617,2.2495,+1.62,3528969,139.6947,141.5055,139.2977
2021/07/13,139.0122,0.2646,-0.19,2424128,139.3535,140.0778,138.6988
2021/07/12,139.2768,0.7104,-0.51,3107106,137.9675,140.3076,137.8282
2021/07/09,139.9872,1.9013,+1.38,3512280,139.0818,140.6140,138.7684
2021/07/08,138.0859,1.1074,-0.80,3111791,138.2461,138.9774,137.4243
2021/07/07,139.1933,2.0685,+1.51,2434154,136.5955,139.3326,136.5955
2021/07/06,137.1248,2.0894,-1.50,3656393,136.7905,137.7446,135.6414
2021/07/02,139.2142,0.5572,+0.40,2315961,138.4063,139.4946,137.8561
2021/07/01,138.6570,0.3204,+0.23,2667686,138.9077,139.0609,137.7238
2021/06/30,138.3366,1.8107,+1.33,3721833,136.4353,138.5804,136.1846
2021/06/29,136.5259,0.3273,-0.24,2667875,136.6442,137.7795,136.3065
2021/06/28,136.8532,1.2188,+0.90,3016039,136.3378,137.1457,135.3837
2021/06/25,135.6344,1.0377,+0.77,8867166,134.7081,136.0383,134.6245
2021/06/24,134.5967,0.6268,+0.47,3147304,134.6245,134.9310,133.4649
2021/06/23,133.9699,1.9361,-1.42,4273760,135.6692,136.1025,133.9141
2021/06/22,135.9060,0.0488,-0.04,2545241,135.6344,136.5398,135.1817
2021/06/21,135.9548,2.5142,+1.88,3630500,134.8265,136.9406,134.8265
2021/06/18,133.4406,2.4654,-1.81,7257644,134.4435,134.8126,133.3918
2021/06/17,135.9060,1.2327,-0.90,3711463,137.0621,137.5496,134.4156
2021/06/16,137.1387,2.5769,-1.84,3187144,139.6878,139.9803,137.0692
2021/06/15,139.7156,0.5224,-0.37,2455202,140.5444,140.5862,138.9634
2021/06/14,140.2380,1.0098,-0.71,2506857,140.8857,141.7910,139.5833
2021/06/11,141.2478,0.2229,-0.16,2435616,141.9094,142.7034,140.3494
2021/06/10,141.4707,0.2716,+0.19,2804328,142.1811,142.7521,141.2269
2021/06/09,141.1991,0.5919,-0.42,2451821,141.7701,141.7771,140.6419
2021/06/08,141.7910,0.0975,-0.07,2442966,140.6837,142.1044,140.0847
2021/06/07,141.8885,1.6158,-1.13,2198517,143.7133,144.0310,141.5960
2021/06/04,143.5043,1.6575,+1.17,2682966,142.1532,143.5531,141.9164
2021/06/03,141.8468,0.2647,+0.19,2731078,141.0319,142.5432,140.5514
2021/06/02,141.5821,0.0627,+0.04,2695744,141.8885,142.0557,140.9344
2021/06/01,141.5194,0.1114,+0.08,2250383,142.7591,142.8341,141.0686
2021/05/28,141.4080,0.1393,-0.10,2500081,141.9930,142.3497,141.2408
2021/05/27,141.5473,1.1561,+0.82,3528695,141.3801,142.0627,141.1155
2021/05/26,140.3912,0.0905,-0.06,2652437,140.1265,140.5374,139.4997
2021/05/25,140.4817,0.6268,-0.44,2181609,141.2757,141.3801,140.2449
2021/05/24,141.1085,0.5223,+0.37,2196031,141.2408,141.7388,140.6280
2021/05/21,140.5862,0.1463,+0.10,2207222,140.4817,141.9082,140.0428
2021/05/20,140.4399,0.3691,+0.26,2028210,140.0499,140.8160,139.6390
2021/05/19,140.0708,0.2973,-0.21,3211340,139.5938,140.1399,137.8100
2021/05/18,140.3681,1.4380,-1.01,2562917,141.7232,141.8545,140.2125
2021/05/17,141.8061,0.5047,+0.36,2216906,141.4535,141.9721,140.8244
2021/05/14,141.3014,0.6706,+0.48,2134219,141.0387,141.8136,140.3543
2021/05/13,140.6308,3.1388,+2.28,2436678,137.3330,141.0629,137.1601
2021/05/12,137.4920,3.3531,-2.38,3226365,140.7553,140.8313,137.4229
2021/05/11,140.8451,2.4959,-1.74,3692380,142.8363,143.0506,139.9325
2021/05/10,143.3410,2.9453,+2.10,4646949,141.7301,144.4610,141.0802
2021/05/07,140.3957,0.4563,+0.33,2666931,139.8703,140.9488,139.1305
2021/05/06,139.9394,0.6706,+0.48,2662498,139.1582,140.0086,138.5913
2021/05/05,139.2688,1.4242,+1.03,2919633,138.2732,139.4621,136.8076
2021/05/04,137.8446,0.5323,+0.39,2717762,137.2293,137.9690,136.5743
2021/05/03,137.3123,1.0164,+0.75,2574466,136.8836,137.9068,135.9641
2021/04/30,136.2959,1.3206,-0.96,3626269,136.6555,137.5750,135.5977
2021/04/29,137.6165,2.1571,+1.59,2729530,136.0678,137.8653,135.6945
2021/04/28,135.4594,1.0232,+0.76,3640528,134.8164,136.4135,134.6851
2021/04/27,134.4362,3.5812,-2.59,7557444,132.4035,135.4110,130.4124
2021/04/26,138.0174,1.7769,-1.27,3730130,140.3335,140.3404,137.9829
2021/04/23,139.7943,0.8988,+0.65,2696995,138.9646,140.4545,138.9577
2021/04/22,138.8955,0.0138,+0.01,3205129,138.7365,139.7735,138.3977
2021/04/21,138.8817,1.7838,+1.30,3831574,137.0979,139.3103,136.9735
2021/04/20,137.0979,0.2005,-0.15,2391203,137.5404,137.8239,136.5034
2021/04/19,137.2984,0.0069,+0.01,3182864,136.9666,137.3676,135.9710
2021/04/16,137.2915,0.7605,+0.56,4005933,137.3883,138.0451,136.8767
2021/04/15,136.5310,0.5047,+0.37,2114220,136.3927,136.7592,135.4456
2021/04/14,136.0263,0.1936,+0.14,2278147,135.1967,136.4688,134.8268
2021/04/13,135.8327,0.9403,-0.69,3268723,135.5147,136.4273,135.0722
2021/04/12,136.7730,0.1175,-0.09,2433133,137.0288,137.7824,136.2406
2021/04/09,136.8905,1.5763,+1.16,3124045,135.5493,137.5542,135.5493
2021/04/08,135.3142,0.5324,+0.40,3459661,134.4154,135.9675,134.1458
2021/04/07,134.7818,0.0760,+0.06,2171930,134.2357,135.0584,134.0697
2021/04/06,134.7058,0.0899,-0.07,2130176,134.8164,135.2369,134.1181
2021/04/05,134.7957,1.5694,+1.18,2839495,134.0490,135.4732,133.9246
2021/04/01,133.2263,0.0139,+0.01,2751572,133.6065,134.0697,131.9403
2021/03/31,133.2124,1.3551,-1.01,3510229,134.0836,134.4189,132.7769
2021/03/30,134.5675,0.7605,-0.56,2714421,134.8026,135.9433,134.0421
2021/03/29,135.3280,0.5945,+0.44,3763445,133.8623,136.0056,133.7863
2021/03/26,134.7335,1.2307,+0.92,3873263,133.4406,134.7818,132.8875
2021/03/25,133.5028,1.6662,+1.26,3212820,132.4934,133.6826,131.4771
2021/03/24,131.8366,1.6316,+1.25,4092171,130.2741,133.2539,130.0342
2021/03/23,130.2050,0.7882,-0.60,4004717,130.5092,132.5418,129.9077
2021/03/22,130.9932,0.5255,+0.40,3768383,130.1566,131.1937,129.2924
2021/03/19,130.4677,1.5833,-1.20,9660367,131.7744,132.0510,130.4539
2021/03/18,132.0510,1.8667,+1.43,4412263,130.3917,132.8045,130.3917
2021/03/17,130.1843,1.0025,+0.78,3739151,129.5136,131.3527,129.3201
2021/03/16,129.1818,1.8183,-1.39,3274677,129.9769,130.2949,128.5803
2021/03/15,131.0001,3.1527,+2.47,4773681,128.6149,131.1038,128.3936
2021/03/12,127.8474,0.2419,+0.19,3893178,128.3245,128.7393,127.3981
2021/03/11,127.6055,0.0415,+0.03,3438833,126.6099,127.9512,125.8950
2021/03/10,127.5640,2.3023,+1.84,3428977,126.0845,128.1655,125.4208
2021/03/09,125.2617,1.7907,-1.41,4110847,126.8657,127.3151,125.1511
2021/03/08,127.0524,2.0534,+1.64,3724486,125.1304,128.3867,125.0889
2021/03/05,124.9990,2.1916,+1.78,3272888,123.3743,125.5245,122.3373
2021/03/04,122.8074,0.2973,-0.24,5114123,123.9551,124.5704,120.3461
2021/03/03,123.1047,0.6568,+0.54,3280230,122.6691,124.4598,122.2336
2021/03/02,122.4479,0.4840,+0.40,3286938,122.3718,122.9180,120.8439
2021/03/01,121.9639,0.9333,+0.77,2661514,121.4730,122.7175,121.4730
2021/02/26,121.0306,2.5580,-2.07,4864841,124.0588,124.0657,120.7160
2021/02/25,123.5886,0.7812,+0.64,3810279,122.7313,124.9644,122.6691
2021/02/24,122.8074,1.0094,+0.83,3966858,121.6805,123.0494,120.1318
2021/02/23,121.7980,0.0346,+0.03,3402579,122.7452,122.7452,120.7886
2021/02/22,121.7634,0.2904,-0.24,3285526,121.9985,122.4340,120.9960
2021/02/19,122.0538,1.9566,-1.58,4320198,124.1486,124.9783,121.8187
2021/02/18,124.0104,1.8806,+1.54,3021002,122.5447,124.2178,121.7842
2021/02/17,122.1298,0.0138,+0.01,2282787,121.7150,122.5792,121.0859
2021/02/16,122.1160,1.4311,-1.16,2652766,123.7546,124.2316,121.9046
2021/02/12,123.5471,1.0301,+0.84,1564502,122.5585,123.6439,122.5136
2021/02/11,122.5170,1.6524,-1.33,3165264,123.9965,124.3595,121.5698
2021/02/10,124.1694,0.0960,+0.08,2813139,124.7180,125.0608,123.8677
2021/02/09,124.0734,0.1235,+0.10,2833287,124.2654,124.7317,123.5522
2021/02/08,123.9499,1.2000,+0.98,3434686,122.9488,124.0254,122.8597
2021/02/05,122.7499,1.3097,+1.08,2657716,121.7831,122.9006,121.1659
2021/02/04,121.4402,1.1108,+0.92,2673401,120.5419,121.5705,120.3500
2021/02/03,120.3294,0.3155,+0.26,4191923,120.2608,121.6754,119.0059
2021/02/02,120.0139,0.2194,+0.18,4148131,120.8574,121.7351,119.8974
2021/02/01,119.7945,0.6583,-0.55,3747453,120.6654,121.4471,119.2941
2021/01/29,120.4528,5.3212,-4.23,6150051,124.9991,125.4722,119.9112
2021/01/28,125.7740,2.2148,-1.73,6057478,126.8574,127.9408,125.1980
2021/01/27,127.9888,7.3371,+6.08,11808097,121.5842,128.4140,121.4814
2021/01/26,120.6517,3.8126,+3.26,7508743,119.1636,121.2619,117.9979
2021/01/25,116.8391,0.9257,+0.80,4889927,115.8036,118.2791,115.3545
2021/01/22,115.9134,1.1177,-0.96,3426119,116.7088,116.7088,114.6791
2021/01/21,117.0311,0.3086,+0.26,3920698,116.7225,117.5927,116.1534
2021/01/20,116.7225,0.7543,+0.65,3897375,115.9134,116.9694,115.4951
2021/01/19,115.9682,2.4480,+2.16,5692114,114.6928,116.2631,114.3774
2021/01/15,113.5202,0.5897,-0.52,5178087,113.5751,114.0071,112.0322
2021/01/14,114.1099,0.0891,+0.08,4222500,114.6996,114.7614,113.3008
2021/01/13,114.0208,0.1577,-0.14,3059579,114.6996,115.0219,113.8631
2021/01/12,114.1785,0.8983,+0.79,4301174,113.7602,114.6345,112.5122
2021/01/11,113.2802,0.9737,-0.85,3991541,113.8974,114.6105,113.1431
2021/01/08,114.2539,2.1257,-1.83,7011843,116.0025,116.2562,112.8756
2021/01/07,116.3796,3.0652,-2.57,8550736,117.6414,118.9442,113.9385
2021/01/06,119.4448,1.7897,+1.52,4880172,118.4368,120.3911,117.9705
2021/01/05,117.6551,0.1988,-0.17,3347302,117.9499,118.8002,117.0174
2021/01/04,117.8539,2.0023,-1.67,4369564,120.0002,120.8231,116.9491
2020/12/31,119.8562,0.4663,+0.39,2685280,119.3968,119.9111,118.7522
2020/12/30,119.3899,0.1782,+0.15,2069497,119.2322,119.9454,118.8894
2020/12/29,119.2117,0.5897,-0.49,1777938,120.3774,120.4391,118.7317
2020/12/28,119.8014,0.1303,+0.11,2046462,120.2128,120.9602,119.5819
2020/12/24,119.6711,0.3634,+0.30,956933,119.6025,119.8578,118.9168
2020/12/23,119.3077,0.5417,-0.45,2570458,120.2059,120.5563,119.2837
2020/12/22,119.8494,0.6034,-0.50,2014420,120.0345,120.6345,119.4379
2020/12/21,120.4528,0.5211,-0.43,2485867,119.0471,120.7717,118.6520
2020/12/18,120.9739,0.1578,-0.13,6827966,121.2071,121.6871,120.0757
2020/12/17,121.1317,0.8503,+0.71,3394785,120.6859,121.6871,120.2677
2020/12/16,120.2814,0.5006,+0.42,2843575,119.7328,120.5831,119.5545
2020/12/15,119.7808,1.0971,+0.92,3311271,119.5819,120.0379,118.3202
2020/12/14,118.6837,0.6445,-0.54,5396401,120.4597,120.8231,118.6219
2020/12/11,119.3282,0.3634,+0.31,2735484,118.1488,119.7602,118.0602
2020/12/10,118.9648,1.2343,-1.03,3250553,119.9111,120.2745,118.4162
2020/12/09,120.1991,1.9406,+1.64,4070119,118.4025,120.4391,117.8917
2020/12/08,118.2585,1.5840,+1.36,2524484,116.3934,118.5122,116.3659
2020/12/07,116.6745,1.5840,-1.34,3684908,117.7511,118.2859,116.0094
2020/12/04,118.2585,0.4320,+0.37,3884551,118.0322,118.7385,117.6277
2020/12/03,117.8265,0.0137,-0.01,3467554,117.2848,118.8962,117.2848
2020/12/02,117.8402,0.9120,+0.78,3531953,116.7499,118.3408,116.7225
2020/12/01,116.9282,1.5155,-1.28,5628969,119.4654,120.4734,116.5785
2020/11/30,118.4437,2.8525,-2.35,8956094,120.5282,120.6859,118.4231
2020/11/27,121.2962,0.1577,-0.13,1847896,121.9339,123.1717,120.3911
2020/11/25,121.4539,0.0274,+0.02,2993067,121.2619,121.6048,120.3088
2020/11/24,121.4265,2.0160,+1.69,4500484,120.0002,121.5225,119.9317
2020/11/23,119.4105,0.8571,+0.72,3011575,119.1499,119.9008,118.9374
2020/11/20,118.5534,0.8777,+0.75,3874878,117.6002,118.5945,117.2299
2020/11/19,117.6757,1.1521,+0.99,4354593,116.9625,117.8608,116.0916
2020/11/18,116.5236,1.5229,-1.29,3847718,118.6311,118.7671,116.4761
2020/11/17,118.0465,0.1495,-0.13,3809722,117.6386,118.6311,116.1565
2020/11/16,118.1960,2.7669,+2.40,3580664,117.3530,118.2164,115.6943
2020/11/13,115.4291,1.8627,+1.64,2667936,114.1578,115.7486,113.7227
2020/11/12,113.5664,1.4684,-1.28,3262338,114.3142,115.0212,112.5670
2020/11/11,115.0348,0.0476,+0.04,4242786,116.0682,116.0750,113.9403
2020/11/10,114.9872,3.8818,+3.49,5148970,112.3019,115.0774,111.3977
2020/11/09,111.1054,0.2788,+0.25,6498796,118.3796,119.2634,110.9150
2020/11/06,110.8266,0.1224,-0.11,2479021,111.2617,111.6968,109.8409
2020/11/05,110.9490,2.0667,+1.90,3204418,110.2420,111.7716,110.1468
2020/11/04,108.8823,3.6371,-3.23,4620034,110.6431,112.3767,108.7056
2020/11/03,112.5194,1.7472,+1.58,2790293,112.0775,113.4168,111.3131
2020/11/02,110.7722,2.0259,+1.86,3113460,110.2624,111.0986,109.4058
2020/10/30,108.7463,1.0061,+0.93,3286867,107.6382,108.7463,106.7306
2020/10/29,107.7402,0.0340,-0.03,3943417,107.4886,108.8959,106.1426
2020/10/28,107.7742,1.6996,-1.55,4508706,108.6444,110.7111,107.4954
2020/10/27,109.4738,3.4875,-3.09,5728480,111.8328,112.1591,109.2154
2020/10/26,112.9613,2.4746,-2.14,4911146,113.9947,114.2734,111.7580
2020/10/23,115.4359,0.6187,-0.53,3144124,116.8772,117.0505,114.9056
2020/10/22,116.0546,1.0470,+0.91,2446577,115.3271,116.2449,114.4774
2020/10/21,115.0076,1.2101,-1.04,2222764,115.8030,117.0063,114.9396
2020/10/20,116.2177,0.9517,+0.83,2667136,115.9118,117.7406,115.5651
2020/10/19,115.2660,0.9653,-0.83,2809688,116.2653,117.1695,114.8037
2020/10/16,116.2313,1.2849,+1.12,3646162,115.5311,116.9791,115.0382
2020/10/15,114.9464,0.4623,+0.40,2409808,112.8865,115.3543,112.7166
2020/10/14,114.4841,1.2033,+1.06,2111344,113.5392,115.2592,113.3896
2020/10/13,113.2808,1.3733,-1.20,2317399,114.4162,115.1980,112.8525
2020/10/12,114.6541,0.4419,-0.38,2256218,115.2116,115.9866,114.2939
2020/10/09,115.0960,1.0809,+0.95,2964855,114.8105,115.8982,114.1782
2020/10/08,114.0151,0.8294,+0.73,2798947,113.7363,114.3142,112.9375
2020/10/07,113.1857,2.8961,+2.63,3170717,112.2407,114.0423,111.7716
2020/10/06,110.2896,0.3535,-0.32,2974404,111.1122,112.6486,110.0176
2020/10/05,110.6431,1.6248,+1.49,2143464,110.3032,111.1530,109.9700
2020/10/02,109.0183,1.0674,+0.99,2602155,106.3737,110.0924,106.2242
2020/10/01,107.9509,0.9450,-0.87,2926171,109.2290,110.0652,107.2235
2020/09/30,108.8959,0.2515,+0.23,4496547,109.4058,110.8831,107.8286
2020/09/29,108.6444,1.2577,-1.14,2980206,109.9089,110.0992,107.9441
2020/09/28,109.9021,0.9450,+0.87,3086810,110.1332,111.5880,109.6777
