일자,종가,대비,등락률,거래량,시가,고가,저가
2026/09/17,1169.5800,21.9700,+1.91,694205,1183.1500,1184.1500,1146.4000
2026/09/16,1147.6100,5.1500,+0.45,625211,1157.4200,1176.0500,1133.8300
2026/09/15,1142.4600,0.7800,-0.07,557090,1164.9700,1171.1800,1136.6500
2026/09/14,1143.2400,91.2200,-7.39,984700,1184.4300,1185.8850,1141.3800
2026/09/11,1234.4600,48.3800,+4.08,555184,1200.8000,1241.0350,1194.4735
2026/09/10,1186.0800,17.6700,-1.47,625369,1184.8500,1205.1950,1175.9500
2026/09/09,1203.7500,14.7500,-1.21,508493,1206.7000,1228.8200,1198.1700
2026/09/08,1218.5000,5.3600,-0.44,763467,1230.6400,1243.0900,1211.2200
2026/09/04,1223.8600,10.2100,+0.84,625898,1239.1300,1239.1300,1206.5500
2026/09/03,1213.6500,5.7100,-0.47,413703,1200.7000,1225.0000,1189.4900
2026/09/02,1219.3600,6.6000,-0.54,405205,1224.9200,1245.2300,1211.7350
2026/09/01,1225.9600,41.8100,-3.30,758060,1245.1100,1250.0000,1211.8635
2026/08/31,1267.7700,11.5100,+0.92,689203,1261.9000,1279.0000,1253.0000
2026/08/28,1256.2600,54.8200,-4.18,709349,1306.0300,1306.0300,1254.0100
2026/08/27,1311.0800,7.2000,+0.55,459325,1319.7500,1332.0000,1290.8550
2026/08/26,1303.8800,0.2700,-0.02,255715,1301.0400,1311.0150,1284.5600
2026/08/25,1304.1500,19.1200,+1.49,359622,1310.0550,1322.9900,1291.5400
2026/08/24,1285.0300,31.2500,-2.37,897888,1298.3800,1305.6400,1255.5600
2026/08/21,1316.2800,5.6800,+0.43,529769,1321.1300,1337.7000,1297.3000
2026/08/20,1310.6000,10.4600,+0.80,437133,1311.3400,1327.0000,1295.0200
2026/08/19,1300.1400,33.0400,-2.48,710871,1321.1200,1335.1900,1267.7700
2026/08/18,1333.1800,82.8100,-5.85,1144286,1365.4450,1376.5250,1303.2200
2026/08/17,1415.9900,13.9800,+1.00,542867,1418.0100,1448.7600,1411.6000
2026/08/14,1402.0100,39.4600,+2.90,440360,1360.0000,1404.1400,1355.1100
2026/08/13,1362.5500,62.4600,-4.38,506489,1421.4400,1438.3800,1358.0000
2026/08/12,1425.0100,22.9000,+1.63,623143,1451.1800,1464.9900,1423.1000
2026/08/11,1402.1100,21.0100,+1.52,413747,1413.7750,1431.6300,1383.6300
2026/08/10,1381.1000,20.4400,-1.46,493700,1428.2200,1430.0000,1379.1700
2026/08/07,1401.5400,42.4600,+3.12,605861,1385.9700,1417.0900,1370.9500
2026/08/06,1359.0800,13.6250,+1.01,629598,1313.2500,1415.3700,1305.1300
2026/08/05,1345.4550,10.4250,+0.78,705010,1320.0100,1358.6100,1308.4547
2026/08/04,1335.0300,9.3400,-0.69,1228391,1402.1000,1425.9900,1333.3200
2026/08/03,1344.3700,81.6600,-5.73,1215536,1417.7800,1421.6050,1305.0100
2026/07/31,1426.0300,109.8500,+8.35,1545868,1499.0000,1568.2100,1405.9600
2026/07/30,1316.1800,67.4200,+5.40,1722563,1290.9700,1339.9900,1290.6300
2026/07/29,1248.7600,33.2500,-2.59,1183857,1263.2700,1327.3050,1240.0200
2026/07/28,1282.0100,57.0700,-4.26,1008074,1283.7700,1313.7400,1253.7000
2026/07/27,1339.0800,5.2700,+0.40,848886,1340.0000,1364.8500,1284.8200
2026/07/24,1333.8100,63.3400,-4.53,805477,1373.8100,1385.7400,1318.7200
2026/07/23,1397.1500,1.3000,-0.09,702965,1359.8100,1409.9900,1359.5850
2026/07/22,1398.4500,15.1900,+1.10,607536,1353.9300,1419.9200,1350.4900
2026/07/21,1383.2600,54.4600,+4.10,986535,1385.8200,1396.0000,1364.6200
2026/07/20,1328.8000,16.8000,+1.28,784931,1332.9600,1371.1600,1323.7500
2026/07/17,1312.0000,6.3500,+0.49,1054963,1245.7900,1342.8100,1231.0000
2026/07/16,1305.6500,47.0100,-3.48,933528,1318.0300,1332.4400,1284.2100
2026/07/15,1352.6600,23.7500,-1.73,754052,1406.0400,1406.0400,1310.1200
2026/07/14,1376.4100,85.0300,+6.58,786153,1367.6750,1401.2900,1345.0100
2026/07/13,1291.3800,61.3600,-4.54,827268,1307.1700,1317.7900,1277.6400
2026/07/10,1352.7400,21.3900,-1.56,577563,1335.7600,1364.0280,1316.2080
2026/07/09,1374.1300,58.6200,+4.46,886483,1399.2000,1407.0900,1360.3300
2026/07/08,1315.5100,42.7000,+3.35,703381,1264.2300,1329.1600,1260.5700
2026/07/07,1272.8100,73.3200,-5.45,1210126,1274.5850,1299.3000,1232.0360
2026/07/06,1346.1300,57.9700,+4.50,857610,1325.7400,1371.3700,1305.0100
2026/07/02,1288.1600,43.5700,-3.27,1214807,1332.8500,1382.9200,1258.6600
2026/07/01,1331.7300,50.6300,-3.66,1515748,1344.8900,1386.6000,1328.6650
2026/06/30,1382.3600,71.5900,+5.46,1708917,1325.9050,1388.5300,1322.3950
2026/06/29,1310.7700,0.5492,-0.04,1052670,1326.3662,1340.0853,1274.2757
2026/06/26,1311.3192,124.7896,-8.69,3487037,1355.3819,1371.8169,1299.4573
2026/06/25,1436.1088,3.3449,+0.23,1006436,1492.8971,1508.4534,1371.7270
2026/06/24,1432.7639,11.1730,+0.79,866878,1420.8520,1444.7556,1390.3785
2026/06/23,1421.5909,113.9461,-7.42,1639064,1440.8415,1484.6547,1401.2220
2026/06/22,1535.5370,25.7807,-1.65,1110971,1590.2635,1592.3781,1504.0751
2026/06/18,1561.3177,115.3140,+7.97,1938515,1526.9102,1578.6313,1513.3110
2026/06/17,1446.0037,50.4829,-3.37,1113550,1543.2053,1545.6416,1433.6425
2026/06/16,1496.4866,153.2861,-9.29,1041323,1648.3649,1653.6968,1494.2401
2026/06/15,1649.7727,74.8557,+4.75,762505,1650.0373,1664.1009,1602.5648
2026/06/12,1574.9170,12.2113,-0.77,568576,1589.7843,1595.9848,1555.8161
2026/06/11,1587.1283,116.3325,+7.91,898507,1521.1190,1591.3369,1504.5244
2026/06/10,1470.7958,58.8502,-3.85,738458,1508.4534,1560.9882,1466.2627
2026/06/09,1529.6460,27.1586,-1.74,987420,1595.0712,1625.1603,1402.8596
2026/06/08,1556.8046,78.0110,+5.28,872183,1557.2938,1581.9462,1516.0268
2026/06/05,1478.7936,171.2887,-10.38,1371106,1588.8257,1597.5524,1471.7044
2026/06/04,1650.0823,37.2332,-2.21,680254,1627.5516,1664.1508,1589.2151
2026/06/03,1687.3155,64.8012,+3.99,444408,1645.0000,1694.7641,1615.3668
2026/06/02,1622.5143,82.4741,+5.36,694355,1569.6051,1625.3700,1555.7362
2026/06/01,1540.0402,23.7837,-1.52,594219,1533.7398,1567.5981,1505.9422
2026/05/29,1563.8239,66.8580,-4.10,1166108,1642.4938,1654.4756,1554.3983
2026/05/28,1630.6819,12.9802,+0.80,502007,1614.4666,1654.2559,1572.6005
2026/05/27,1617.7017,42.7448,-2.57,860900,1705.0184,1705.0184,1590.3334
2026/05/26,1660.4465,73.0586,+4.60,822757,1647.9755,1711.4785,1619.6287
2026/05/22,1587.3879,28.5165,+1.83,477428,1577.2135,1594.3124,1557.6233
2026/05/21,1558.8714,7.9678,+0.51,450805,1533.4602,1560.1096,1513.6954
2026/05/20,1550.9036,85.0303,+5.80,754436,1490.0964,1553.1801,1478.8136
2026/05/19,1465.8733,18.1923,-1.23,640522,1432.7239,1490.8652,1410.7375
2026/05/18,1484.0656,63.5930,-4.11,808573,1560.8983,1577.5829,1456.2133
2026/05/15,1547.6586,63.8525,-3.96,686401,1560.1695,1585.3211,1546.2507
2026/05/14,1611.5111,36.3246,-2.20,374332,1637.3517,1642.3940,1598.5609
2026/05/13,1647.8357,50.7526,+3.18,627842,1628.7149,1672.8675,1611.5411
2026/05/12,1597.0831,61.4862,-3.71,733287,1617.0726,1619.5388,1535.9055
2026/05/11,1658.5693,60.1682,+3.76,527499,1592.0608,1661.4548,1582.5853
2026/05/08,1598.4011,24.8421,+1.58,687786,1606.1892,1614.5864,1579.5299
2026/05/07,1573.5590,76.2737,-4.62,601215,1633.8321,1633.8371,1556.6249
2026/05/06,1649.8327,64.1322,+4.04,855788,1578.5914,1659.4679,1553.9390
2026/05/05,1585.7005,14.7974,+0.94,683276,1586.5143,1605.4154,1554.6778
2026/05/04,1570.9031,10.1645,-0.64,516277,1588.0419,1601.2568,1550.4743
2026/05/01,1581.0676,30.8829,-1.92,900189,1562.1764,1587.2881,1518.6828
2026/04/30,1611.9505,87.4366,+5.74,1079278,1547.6386,1619.4390,1539.2651
2026/04/29,1524.5139,22.7254,+1.51,691248,1548.5971,1552.0419,1505.0436
2026/04/28,1501.7885,83.3628,-5.26,638809,1524.9881,1535.3973,1485.7630
2026/04/27,1585.1513,44.4223,-2.73,609396,1607.9765,1618.5604,1548.5572
2026/04/24,1629.5736,39.8293,+2.51,693575,1623.8523,1659.2583,1593.4687
2026/04/23,1589.7443,70.0231,+4.61,639712,1548.0380,1595.3274,1530.6645
2026/04/22,1519.7212,5.9010,-0.39,539721,1542.7061,1557.7115,1516.8955
2026/04/21,1525.6222,37.0335,+2.49,553102,1499.9713,1545.8114,1497.3154
2026/04/20,1488.5887,22.4757,+1.53,385162,1469.2083,1490.4758,1451.4553
2026/04/17,1466.1130,65.4402,+4.67,636665,1435.4298,1476.9764,1418.1761
2026/04/16,1400.6728,49.7341,+3.68,468654,1363.5395,1402.9993,1351.4879
2026/04/15,1350.9387,10.4041,-0.76,466899,1343.6698,1360.1746,1327.4296
2026/04/14,1361.3428,8.7966,-0.64,558344,1370.3990,1376.4498,1346.9548
2026/04/13,1370.1394,18.3520,+1.36,394462,1334.3740,1375.1518,1330.0106
2026/04/10,1351.7874,19.6101,+1.47,523215,1336.9700,1367.9128,1336.9700
2026/04/09,1332.1773,21.2376,+1.62,555685,1310.9397,1338.0683,1301.9535
2026/04/08,1310.9397,121.5345,+10.22,1014762,1253.3476,1320.6050,1250.0726
2026/04/07,1189.4052,11.1730,+0.95,439555,1177.4135,1192.9098,1151.4131
2026/04/06,1178.2322,61.4462,+5.50,500349,1126.6310,1180.7684,1126.3115
2026/04/02,1116.7860,1.0184,-0.09,344671,1070.2570,1124.0100,1070.2570
2026/04/01,1117.8044,26.1201,+2.39,669383,1099.0730,1136.6856,1093.3418
2026/03/31,1091.6843,92.8683,+9.30,816700,1006.8437,1094.4900,1006.8437
2026/03/30,998.8160,50.4918,-4.81,592276,1054.1906,1054.1906,992.5082
2026/03/27,1049.3078,5.2515,-0.50,539207,1045.5710,1069.5863,1035.3870
2026/03/26,1054.5593,60.1677,-5.40,549044,1097.6074,1108.5274,1053.3037
2026/03/25,1114.7270,17.0100,+1.55,309911,1112.3903,1123.7751,1097.9861
2026/03/24,1097.7170,25.1512,+2.34,431063,1064.9925,1106.0875,1056.2733
2026/03/23,1072.5658,7.4736,+0.70,474593,1096.1326,1104.9814,1071.0711
2026/03/20,1065.0922,23.7561,-2.18,1038914,1090.5922,1099.3911,1047.2053
2026/03/19,1088.8483,17.3388,+1.62,366175,1037.7984,1100.2138,1030.3049
2026/03/18,1071.5095,8.5996,+0.81,583815,1076.7809,1090.6520,1066.8460
2026/03/17,1062.9099,10.7022,-1.00,337599,1066.0837,1081.1854,1056.2832
2026/03/16,1073.6121,24.7228,+2.36,486038,1075.0470,1093.2129,1069.9949
2026/03/13,1048.8893,18.6442,+1.81,407628,1050.4638,1080.1191,1039.1836
2026/03/12,1030.2451,37.0792,-3.47,487590,1042.2627,1045.7404,1018.1876
2026/03/11,1067.3243,15.2163,+1.45,333618,1055.3366,1074.4990,1050.1150
2026/03/10,1052.1080,6.1582,-0.58,449948,1048.0822,1087.5429,1036.3436
2026/03/09,1058.2662,38.7034,+3.80,916716,1009.4883,1062.2721,984.5264
2026/03/06,1019.5628,55.0856,-5.13,759626,1035.7158,1058.6698,1008.9004
2026/03/05,1074.6484,20.5077,-1.87,590371,1067.7229,1089.2177,1048.0921
2026/03/04,1095.1561,24.5634,+2.29,435360,1078.8337,1098.3249,1076.2029
2026/03/03,1070.5927,67.9702,-5.97,823495,1104.4333,1126.2106,1065.0523
2026/03/02,1138.5629,0.1595,-0.01,542269,1104.1842,1140.5758,1098.5789
2026/02/27,1138.7224,37.2585,-3.17,808310,1152.0055,1159.2851,1124.6321
2026/02/26,1175.9809,51.6378,-4.21,646822,1232.8503,1235.3415,1148.7272
2026/02/25,1227.6187,18.2157,+1.51,437057,1222.4968,1251.8034,1215.9499
2026/02/24,1209.4030,23.5270,+1.98,612770,1195.7910,1235.8895,1157.7253
2026/02/23,1185.8760,13.9906,-1.17,464894,1200.2054,1215.7106,1167.3015
2026/02/20,1199.8666,28.7784,+2.46,377234,1156.2306,1201.5108,1156.2306
2026/02/19,1171.0882,13.0539,-1.10,303253,1166.1655,1171.4868,1148.7969
2026/02/18,1184.1421,15.0868,+1.29,358461,1173.5894,1198.6908,1168.2283
2026/02/17,1169.0553,1.7039,+0.15,448357,1146.1063,1187.1615,1135.6233
2026/02/13,1167.3514,15.4854,+1.34,435894,1145.0201,1169.2546,1132.0958
2026/02/12,1151.8660,40.6566,-3.41,728978,1202.0091,1220.8626,1147.1825
2026/02/11,1192.5226,54.5177,+4.79,771886,1160.9041,1199.7670,1150.3414
2026/02/10,1138.0049,63.9344,-5.32,782318,1193.0507,1193.0507,1123.3715
2026/02/09,1201.9393,23.5569,-1.92,663273,1211.7248,1236.5373,1176.0706
2026/02/06,1225.4962,73.5704,+6.39,1562530,1245.6053,1245.6053,1165.5079
2026/02/05,1151.9258,19.0927,+1.69,823253,1121.6376,1174.8549,1096.1326
2026/02/04,1132.8331,27.9016,-2.40,1267714,1163.3953,1221.9886,1105.0985
2026/02/03,1160.7347,8.3605,-0.72,843225,1180.8438,1195.5369,1138.6925
2026/02/02,1169.0952,48.8975,+4.37,731907,1106.7751,1178.2529,1096.1326
2026/01/30,1120.1977,58.7926,-4.99,1049954,1149.6737,1184.4809,1109.9240
2026/01/29,1178.9903,21.2949,+1.84,645170,1161.8308,1180.8836,1117.0488
2026/01/28,1157.6954,66.0569,+6.05,670427,1106.5758,1167.4510,1105.5992
2026/01/27,1091.6385,27.2539,+2.56,580979,1090.2932,1106.2764,1084.1849
2026/01/26,1064.3846,4.3845,+0.41,686116,1058.5253,1073.4626,1048.2615
2026/01/23,1060.0001,12.8846,-1.20,403984,1073.8214,1083.6168,1047.1853
2026/01/22,1072.8847,1.7339,+0.16,410868,1088.7985,1095.0664,1068.1713
2026/01/21,1071.1508,40.2978,+3.91,603468,1043.1595,1083.9855,1040.2174
2026/01/20,1030.8530,1.3154,+0.13,664399,1005.9608,1051.2908,1004.9543
2026/01/16,1029.5376,23.5469,+2.34,549675,1026.3787,1044.3055,1015.9057
2026/01/15,1005.9907,25.8488,+2.64,539070,1010.4948,1038.2867,1004.5059
2026/01/14,980.1419,0.3189,+0.03,422428,977.1026,995.1390,960.7204
2026/01/13,979.8230,16.0633,+1.67,343387,973.1067,1001.2075,967.3221
2026/01/12,963.7597,8.1612,+0.85,351646,943.1324,967.5712,940.6811
2026/01/09,955.5985,0.1195,-0.01,531339,961.6073,972.1949,947.0686
2026/01/08,955.7180,0.0099,+0,458967,944.3382,956.9935,937.7913
2026/01/07,955.7081,46.1372,-4.61,729762,986.7984,995.0791,933.4466
2026/01/06,1001.8453,50.1730,+5.27,661429,966.3804,1006.0355,963.9590
2026/01/05,951.6723,18.6542,+2.00,651439,942.8335,962.6634,934.9413
2026/01/02,933.0181,29.8447,+3.30,621119,924.3437,953.7350,922.9237
2025/12/31,903.1734,15.9338,-1.73,383281,923.1031,924.8071,903.1435
2025/12/30,919.1072,6.0981,-0.66,289842,924.5587,930.2987,918.3213
2025/12/29,925.2053,16.1954,-1.72,448719,933.1240,944.3553,924.0713
2025/12/26,941.4007,6.8940,-0.73,222751,955.4473,955.4473,939.7096
2025/12/24,948.2947,9.6496,+1.03,192717,949.7869,953.0996,942.1269
2025/12/23,938.6451,1.6016,-0.17,357287,934.9942,941.5897,930.9652
2025/12/22,940.2467,8.0081,+0.86,572150,970.9762,970.9762,932.2286
2025/12/19,932.2386,7.5903,+0.82,5606339,936.9937,961.3067,932.2386
2025/12/18,924.6483,17.1405,+1.89,735248,931.5422,946.6781,918.0826
2025/12/17,907.5078,38.9067,-4.11,860286,954.6216,961.1127,904.2747
2025/12/16,946.4145,1.9498,+0.21,579971,942.8830,963.8037,937.1032
2025/12/15,944.4647,2.8750,+0.31,694513,955.8054,969.9316,941.5300
2025/12/12,941.5897,34.7882,-3.56,786002,974.9056,982.9634,936.4715
2025/12/11,976.3779,2.4472,+0.25,593960,962.5900,982.4562,945.6087
2025/12/10,973.9307,15.9864,+1.67,449068,963.5052,984.1076,957.9443
2025/12/09,957.9443,20.5227,-2.10,442724,973.4532,982.9138,952.4132
2025/12/08,978.4670,20.1994,+2.11,447162,970.9563,997.2887,969.3895
2025/12/05,958.2676,10.4803,+1.11,349939,959.2375,966.0718,949.4288
2025/12/04,947.7873,5.2526,-0.55,481590,945.1611,954.3928,927.1303
2025/12/03,953.0399,5.8096,+0.61,466629,949.3492,957.2181,928.9658
2025/12/02,947.2303,23.7062,+2.57,606182,933.7706,958.8993,926.7572
2025/12/01,923.5241,0.1790,+0.02,547826,903.9962,932.8156,889.7407
2025/11/28,923.3451,3.2033,+0.35,359335,914.2824,925.5635,905.2994
2025/11/26,920.1418,16.2551,+1.80,606867,915.4066,926.9363,909.5870
2025/11/25,903.8867,15.5587,+1.75,562694,879.0963,908.5076,859.9571
2025/11/24,888.3280,20.5128,+2.36,1151202,883.0755,898.9326,877.3056
2025/11/21,867.8152,15.0812,+1.77,766992,859.6678,879.1908,828.8490
2025/11/20,852.7340,27.3173,-3.10,1058597,903.8967,912.6684,848.2525
2025/11/19,880.0513,27.5461,+3.23,847749,861.6574,886.2091,855.5018
2025/11/18,852.5052,39.8418,-4.46,883320,882.6079,889.8600,847.6108
2025/11/17,892.3470,23.0596,-2.52,486752,909.5372,919.1967,874.8485
2025/11/14,915.4066,4.0786,-0.44,488736,874.5401,933.6612,861.8763
2025/11/13,919.4852,33.8830,-3.55,679739,945.7281,954.1839,908.2042
2025/11/12,953.3682,3.6211,+0.38,546765,968.9269,975.8507,952.0252
2025/11/11,949.7471,21.4877,-2.21,583599,962.1622,973.6721,946.1708
2025/11/10,971.2348,17.9561,+1.88,611686,981.5211,984.5751,942.9427
2025/11/07,953.2787,0.1891,+0.02,743912,939.0928,954.0248,899.3604
2025/11/06,953.0896,41.8613,-4.21,680514,989.9769,1000.7705,949.1303
2025/11/05,994.9509,42.0602,+4.41,700805,956.0442,1009.7107,951.7069
2025/11/04,952.8907,45.8205,-4.59,870647,961.0978,971.8317,948.1355
2025/11/03,998.7112,1.0645,-0.11,832335,1024.6457,1034.9817,979.6309
2025/10/31,999.7757,82.1308,-7.59,1655096,1014.8569,1032.9274,931.0647
2025/10/30,1081.9065,6.4861,-0.60,1269323,1065.1938,1094.7867,1065.1938
2025/10/29,1088.3926,7.6799,+0.71,821840,1090.2728,1117.5403,1084.8312
2025/10/28,1080.7127,18.5929,-1.69,478378,1092.1430,1105.2495,1080.3447
2025/10/27,1099.3056,29.9833,+2.80,557934,1091.5760,1106.2742,1088.0096
2025/10/24,1069.3223,4.0887,+0.38,380698,1080.4541,1086.2338,1067.9494
2025/10/23,1065.2336,69.0392,+6.93,731372,1039.5677,1070.4066,1033.1960
2025/10/22,996.1944,27.1282,-2.65,716885,1008.2812,1017.4434,975.6766
2025/10/21,1023.3226,2.9049,-0.28,256470,1021.9797,1030.3161,1007.0875
2025/10/20,1026.2275,26.8000,+2.68,444944,1013.2851,1032.4947,1013.2851
2025/10/17,999.4275,22.0647,-2.16,505573,997.6866,1019.0151,989.6884
2025/10/16,1021.4922,18.8017,+1.88,520540,1006.2618,1036.0858,1002.6905
2025/10/15,1002.6905,39.4738,+4.10,635479,994.8017,1011.6735,982.1727
2025/10/14,963.2167,13.3503,-1.37,758041,962.5104,989.6585,955.0096
2025/10/13,976.5670,76.8286,+8.54,778414,962.5701,985.5202,948.7027
2025/10/10,899.7384,74.4211,-7.64,877185,980.3273,985.1024,896.7043
2025/10/09,974.1595,1.6415,-0.17,363294,968.7677,975.0014,956.9395
2025/10/08,975.8010,35.2260,+3.75,573431,942.2662,978.3675,941.0724
2025/10/07,940.5750,22.4925,-2.34,425498,964.6592,967.6834,935.9860
2025/10/06,963.0675,49.0139,+5.36,655763,927.7321,981.5012,925.7674
2025/10/03,914.0536,11.6193,-1.26,422665,935.5513,949.8416,912.0342
2025/10/02,925.6729,14.5639,+1.60,391572,922.4299,935.2230,920.2363
2025/10/01,911.1090,4.7452,-0.52,446704,902.6532,918.5402,890.2381
2025/09/30,915.8542,35.4249,+4.02,508419,893.4911,924.6682,889.7307
2025/09/29,880.4293,0.9534,-0.11,335798,902.2069,909.2874,879.7640
2025/09/26,881.3827,3.8133,-0.43,306428,882.3757,886.3380,870.9060
2025/09/25,885.1960,16.9414,-1.88,338867,891.4125,891.9487,866.2237
2025/09/24,902.1374,5.7796,-0.64,351881,913.9349,913.9349,893.6510
2025/09/23,907.9170,8.4806,-0.93,428473,911.2636,925.7720,900.7174
2025/09/22,916.3976,6.4051,+0.70,419499,914.0044,931.5218,911.4125
2025/09/19,909.9925,1.4101,-0.15,1240746,916.9538,916.9538,886.8593
2025/09/18,911.4026,39.8412,+4.57,859369,889.1285,917.9766,883.9000
2025/09/17,871.5614,20.4966,+2.41,411302,850.4690,878.3141,844.0936
2025/09/16,851.0648,7.2592,+0.86,404072,841.6805,854.2227,838.7559
2025/09/15,843.8056,15.4618,+1.87,396142,832.1770,846.6159,825.2256
2025/09/12,828.3438,6.1966,-0.74,332000,839.0886,839.0886,824.2326
2025/09/11,834.5404,14.6972,-1.73,580096,849.2177,854.6199,824.6000
2025/09/10,849.2376,2.6713,-0.31,757158,862.8374,863.6567,840.1214
2025/09/09,851.9089,6.4052,-0.75,284322,859.6944,863.2793,842.2366
2025/09/08,858.3141,1.5293,-0.18,498891,863.2694,873.3886,844.7527
2025/09/05,859.8434,17.6267,+2.09,494964,847.7182,861.1914,840.4590
2025/09/04,842.2167,20.4072,+2.48,427628,821.8095,844.2351,811.8840
2025/09/03,821.8095,3.8828,+0.47,435709,824.4907,824.4907,803.9098
2025/09/02,817.9267,12.0258,-1.45,521117,805.4738,819.2375,795.4043
2025/08/29,829.9525,22.5423,-2.64,572910,843.5077,847.5593,819.4262
2025/08/28,852.4948,7.8054,-0.91,471425,860.9556,868.9695,851.4422
2025/08/27,860.3002,15.5711,+1.84,328987,842.0082,863.9546,837.6685
2025/08/26,844.7291,12.6912,+1.53,406892,834.0240,852.0280,834.0240
2025/08/25,832.0379,6.0974,-0.73,350452,835.5633,844.5305,826.4174
2025/08/22,838.1353,23.0984,+2.83,552675,816.5265,853.8156,814.9376
2025/08/21,815.0369,5.4916,-0.67,415962,808.5622,825.5335,806.3576
2025/08/20,820.5285,18.4012,-2.19,678009,834.9873,841.6805,800.3397
2025/08/19,838.9297,5.4717,-0.65,561966,848.4630,861.9685,834.1184
2025/08/18,844.4014,23.6743,+2.88,567826,817.8671,847.3111,817.2911
2025/08/15,820.7271,22.1847,-2.63,579667,846.0002,846.0002,818.1254
2025/08/14,842.9118,12.8998,-1.51,586761,839.6546,849.0489,830.6974
2025/08/13,855.8116,21.0924,+2.53,547800,839.7242,859.1184,834.1631
2025/08/12,834.7192,42.7509,+5.40,719107,802.1868,838.1352,797.4202
2025/08/11,791.9683,6.7329,-0.84,544309,800.6277,809.7340,790.2901
2025/08/08,798.7012,6.3059,+0.80,402159,792.9713,809.3368,788.9792
2025/08/07,792.3953,7.8551,-0.98,644839,810.6278,813.8055,779.5452
2025/08/06,800.2504,3.0487,+0.38,419342,796.4271,801.7896,784.5751
2025/08/05,797.2017,27.6565,-3.35,995815,824.2326,828.6417,768.7607
2025/08/04,824.8582,44.6973,+5.73,1370068,785.9206,826.1889,773.4876
2025/08/01,780.1609,73.8631,+10.46,1534937,734.8579,797.4202,706.5163
2025/07/31,706.2978,19.1659,-2.64,1353908,726.1588,734.8579,701.0942
2025/07/30,725.4637,6.1272,+0.85,634364,729.3564,742.3058,721.0049
2025/07/29,719.3365,14.0815,-1.92,492345,740.3396,746.2681,710.0317
2025/07/28,733.4180,23.7041,+3.34,549418,717.5342,735.9205,716.7050
2025/07/25,709.7139,1.6683,+0.24,277841,706.6652,713.2591,699.1280
2025/07/24,708.0456,6.9612,-0.97,345913,712.4746,715.8063,697.6781
2025/07/23,715.0068,0.0297,+0,404663,712.8916,716.4468,703.0803
2025/07/22,714.9771,4.7567,-0.66,558098,718.4627,724.8778,697.4422
2025/07/21,719.7338,0.4667,-0.06,412573,723.5272,732.6285,718.8797
2025/07/18,720.2005,11.5889,+1.64,435779,714.8877,720.7864,700.9353
2025/07/17,708.6116,0.4568,-0.06,434724,704.9572,712.7278,698.5421
2025/07/16,709.0684,3.5651,-0.50,785266,711.5610,717.2065,682.0971
2025/07/15,712.6335,3.4955,-0.49,589827,737.5888,749.7438,711.9681
2025/07/14,716.1290,14.8163,-2.03,565134,724.3614,724.5103,698.1746
2025/07/11,730.9453,4.3595,-0.59,385836,734.0039,742.4051,719.9622
2025/07/10,735.3048,10.6157,-1.42,389643,751.1539,751.1539,730.2899
2025/07/09,745.9205,10.0994,-1.34,588912,756.7150,773.4429,724.9274
2025/07/08,756.0199,20.0001,+2.72,507770,747.9265,764.7984,744.9473
2025/07/07,736.0198,17.3486,-2.30,454091,743.0308,750.0616,731.5159
2025/07/03,753.3684,5.7200,-0.75,402880,764.6495,771.4833,749.1628
2025/07/02,759.0884,17.3089,+2.33,582918,737.9265,764.6495,730.6474
2025/07/01,741.7795,15.4817,+2.13,591341,724.1628,751.4816,717.2263
2025/06/30,726.2978,3.0686,-0.42,399303,732.3505,736.3376,718.1747
2025/06/27,729.3664,0.8522,+0.12,567420,729.4258,738.7308,718.4164
2025/06/26,728.5142,12.2382,+1.71,499066,721.4091,737.2741,712.4806
2025/06/25,716.2760,6.1835,+0.87,340520,710.8258,718.4263,702.4077
2025/06/24,710.0925,23.7431,+3.46,716457,699.4596,712.6392,694.3094
2025/06/23,686.3494,6.6592,+0.98,485035,679.6902,688.7078,665.1035
2025/06/20,679.6902,7.2736,-1.06,1084632,698.5876,698.5876,670.5339
2025/06/18,686.9638,2.3486,+0.34,459380,687.5682,700.0021,679.8453
2025/06/17,684.6152,15.5777,-2.22,434337,693.6626,704.2905,683.5747
2025/06/16,700.1929,33.2760,+4.99,619547,678.2583,706.2803,675.0571
2025/06/13,666.9169,45.1475,-6.34,1037390,693.5139,696.5759,663.9347
2025/06/12,712.0644,2.2396,-0.31,325748,706.9809,723.3910,706.9512
2025/06/11,714.3040,10.9103,-1.50,570260,729.9411,734.1923,702.7892
2025/06/10,725.2143,25.3286,+3.62,909488,706.2674,732.1212,702.3779
2025/06/09,699.8857,19.0262,+2.79,555557,687.2610,704.5630,683.6490
2025/06/06,680.8595,5.9655,+0.88,296214,691.9482,692.4338,679.3137
2025/06/05,674.8940,13.5661,-1.97,574068,695.4066,699.5091,668.7105
2025/06/04,688.4601,8.9086,+1.31,539541,687.1075,714.7400,682.9504
2025/06/03,679.5515,16.9452,+2.56,526156,663.7261,682.5640,656.7940
2025/06/02,662.6063,6.6988,+1.02,426681,655.3228,665.0738,649.5654
2025/05/30,655.9075,18.6496,-2.76,959162,665.4503,673.8139,637.5314
2025/05/29,674.5571,3.2107,+0.48,423683,693.1770,693.1770,670.9798
2025/05/28,671.3464,7.9673,-1.17,522565,679.8488,683.1585,669.3546
2025/05/27,679.3137,23.1287,+3.52,794850,677.1435,683.2774,665.5791
2025/05/23,656.1850,9.9292,-1.49,513183,644.1053,662.0563,642.8072
2025/05/22,666.1142,6.3619,-0.95,465556,673.8635,688.5286,664.9945
2025/05/21,672.4761,21.3549,-3.08,491926,684.7440,697.5966,668.3587
2025/05/20,693.8310,2.1999,-0.32,424969,689.2033,695.8724,686.4931
2025/05/19,696.0309,12.8922,-1.82,517225,686.5079,700.3059,681.8703
2025/05/16,708.9231,5.0340,+0.72,365476,706.2971,710.3006,690.1495
2025/05/15,703.8891,23.7431,-3.26,990457,719.0506,723.7477,696.9773
2025/05/14,727.6322,3.4188,-0.47,594977,730.3276,748.1645,719.2785
2025/05/13,731.0510,28.2420,+4.02,917571,699.3605,735.4805,699.3605
2025/05/12,702.8090,70.8130,+11.20,1520680,687.6971,714.4675,673.8436
2025/05/09,631.9960,2.1404,-0.34,645106,641.6181,650.0609,624.9107
2025/05/08,634.1364,3.1908,+0.51,644153,642.9162,650.4672,624.2963
2025/05/07,630.9456,13.5958,+2.20,574663,616.0417,634.7211,607.4502
2025/05/06,617.3498,4.3700,-0.70,572557,614.6792,625.6995,607.3977
2025/05/05,621.7198,9.4041,-1.49,634740,628.9141,636.7822,620.3325
2025/05/02,631.1239,34.9407,+5.86,1666844,609.1200,643.5207,603.4469
2025/05/01,596.1832,8.4528,+1.44,999109,594.5679,608.4412,589.4546
2025/04/30,587.7304,6.3024,+1.08,792316,560.0929,590.5199,557.2892
2025/04/29,581.4280,1.5162,+0.26,791053,578.8515,588.3844,569.6605
2025/04/28,579.9118,1.4765,+0.26,557502,574.8183,586.0359,559.1118
2025/04/25,578.4353,2.9431,+0.51,513421,571.9842,582.9243,563.8089
2025/04/24,575.4922,43.3836,+8.15,1056230,543.4450,577.2957,541.8050
2025/04/23,532.1086,24.9224,+4.91,836265,540.9676,548.9646,527.8871
2025/04/22,507.1862,3.5971,+0.71,867256,507.7214,521.8027,501.7212
2025/04/21,503.5891,15.2507,-2.94,806144,508.0781,510.1640,491.9059
2025/04/17,518.8398,1.2684,-0.24,872506,533.1292,534.9327,509.6339
2025/04/16,520.1082,19.2144,-3.56,1286712,513.3797,526.2669,495.1661
2025/04/15,539.3226,5.4006,+1.01,640225,540.2740,549.7520,532.4851
2025/04/14,533.9220,5.6187,+1.06,1303239,555.6733,555.6733,527.2975
2025/04/11,528.3033,47.9816,+9.99,2238929,485.2566,533.5652,471.6905
2025/04/10,480.3217,76.4317,-13.73,2165228,521.2180,525.8359,465.9629
2025/04/09,556.7534,105.6845,+23.43,2356716,454.8544,562.5702,445.4602
2025/04/08,451.0689,33.1274,-6.84,1602607,504.0053,511.2442,434.8868
2025/04/07,484.1963,11.1283,+2.35,1831311,460.8892,520.2866,438.6821
2025/04/04,473.0680,21.0972,-4.27,1749981,472.2851,487.9222,447.1993
2025/04/03,494.1652,91.1374,-15.57,1945345,547.9439,556.7025,489.7109
2025/04/02,585.3026,9.0870,+1.58,510733,562.0550,592.0014,559.1317
2025/04/01,576.2156,1.4864,+0.26,683181,569.9231,582.8648,561.4108
2025/03/31,574.7292,1.6351,+0.29,1151828,562.6892,576.2354,549.0042
2025/03/28,573.0941,21.2974,-3.58,820737,592.4545,605.6974,566.3145
2025/03/27,594.3915,0.9586,+0.16,715616,586.2975,603.9482,576.3060
2025/03/26,593.4329,32.1191,-5.13,918075,621.5297,622.6168,586.3791
2025/03/25,625.5520,4.9809,+0.80,710777,620.9961,631.2248,616.6081
2025/03/24,620.5711,36.5170,+6.25,1184723,601.9420,628.8924,593.8085
2025/03/21,584.0541,17.8286,-2.96,1734206,583.8466,591.0017,568.2614
2025/03/20,601.8827,20.5760,-3.31,1010008,613.6136,645.2386,596.6745
2025/03/19,622.4587,7.4615,+1.21,714653,614.5327,636.6709,609.6210
2025/03/18,614.9972,18.1350,-2.86,698686,624.3958,630.5626,607.4735
2025/03/17,633.1322,34.1748,+5.71,1122884,602.8611,637.2138,602.5152
2025/03/14,598.9574,34.4416,+6.10,927158,578.5198,600.2323,575.8020
2025/03/13,564.5158,11.6420,-2.02,491610,569.3584,579.8490,556.1056
2025/03/12,576.1578,12.4919,+2.22,704226,574.0923,586.1196,568.4986
2025/03/11,563.6659,11.1083,-1.93,682209,579.9132,579.9132,552.0536
2025/03/10,574.7742,15.0218,-2.55,1166134,575.4511,590.3495,565.2101
2025/03/07,589.7960,30.7256,+5.50,791627,563.3200,593.2847,558.2205
2025/03/06,559.0704,45.9452,-7.59,1298730,584.7657,601.6949,552.9537
2025/03/05,605.0156,23.7583,+4.09,644231,585.0523,605.9347,576.5728
2025/03/04,581.2573,9.1218,+1.59,947365,571.3547,598.6609,551.2531
2025/03/03,572.1355,31.7139,-5.25,1067316,612.0818,614.4339,569.3288
2025/02/28,603.8494,1.6109,+0.27,973110,600.4991,617.0145,589.6083
2025/02/27,602.2385,61.4711,-9.26,1216723,663.3538,664.1642,600.9340
2025/02/26,663.7096,20.0226,+3.11,700803,658.8769,673.0192,652.7347
2025/02/25,643.6870,1.4033,-0.22,908152,650.5358,651.9391,636.3045
2025/02/24,645.0903,8.2423,-1.26,1343231,652.9472,657.2083,629.5496
2025/02/21,653.3326,28.3933,-4.16,857387,676.8339,681.6913,651.7612
2025/02/20,681.7259,2.6684,-0.39,687322,689.6618,699.1290,674.1409
2025/02/19,684.3943,1.7196,+0.25,719283,680.7080,700.0536,674.6498
2025/02/18,682.6747,5.7716,+0.85,619070,684.2263,696.5106,677.0711
2025/02/14,676.9031,14.8835,-2.15,632712,684.8291,690.1856,673.1575
2025/02/13,691.7866,0.5238,+0.08,483910,691.2628,699.1987,685.9459
2025/02/12,691.2628,0.4249,+0.06,493182,681.4294,692.5674,674.7635
2025/02/11,690.8379,6.2558,-0.90,716711,684.0385,704.6244,678.0792
2025/02/10,697.0937,14.7155,-2.07,1021234,708.6961,711.8092,691.0751
2025/02/07,711.8092,58.6545,+8.98,2582066,678.6524,715.5053,669.0660
2025/02/06,653.1547,6.9476,+1.08,1630279,642.9062,658.5705,631.5707
2025/02/05,646.2071,2.3916,-0.37,894073,644.3640,657.1968,640.2774
2025/02/04,648.5987,27.1876,+4.38,993668,620.9763,650.1701,620.4426
2025/02/03,621.4111,8.4894,-1.35,783766,608.0595,636.7295,608.0496
2025/01/31,629.9005,0.5831,+0.09,762459,632.4997,649.4783,624.7021
2025/01/30,629.3174,17.8088,+2.91,600757,616.6872,634.2242,615.1356
2025/01/29,611.5086,1.1761,+0.19,441310,608.4251,612.7242,600.3015
2025/01/28,610.3325,16.5833,+2.79,1027969,599.2539,615.1059,583.6242
2025/01/27,593.7492,76.7301,-11.44,2120611,644.8037,648.8804,590.7151
2025/01/24,670.4793,20.1214,-2.91,1075864,691.7965,691.7965,662.1481
2025/01/23,690.6007,9.2602,+1.36,766776,666.0419,691.1838,665.4539
2025/01/22,681.3405,50.3332,+7.98,1576609,647.4523,691.1343,644.4035
2025/01/21,631.0073,12.5215,+2.02,1272733,629.6238,647.3239,625.3939
2025/01/17,618.4858,28.8182,+4.89,1078887,599.4219,621.3222,598.7202
2025/01/16,589.6676,5.6826,-0.95,500908,606.9724,607.3034,589.0252
2025/01/15,595.3502,12.4029,+2.13,577133,600.4695,604.2151,594.4311
2025/01/14,582.9473,2.4806,+0.43,478487,584.3407,591.0660,572.3826
2025/01/13,580.4667,3.8345,-0.66,864292,571.6907,584.4593,569.6648
2025/01/10,584.3012,29.3816,-4.79,1089754,604.2941,607.3232,575.2387
2025/01/08,613.6828,3.8642,-0.63,350259,610.2139,625.7199,603.1477
2025/01/07,617.5470,6.1570,-0.99,606285,635.5337,637.2533,614.8292
2025/01/06,623.7040,11.0984,+1.81,795217,624.9591,637.6881,620.6699
2025/01/03,612.6056,25.3494,+4.32,662314,593.2847,618.1696,592.0641
2025/01/02,587.2562,2.4905,+0.43,554685,597.0105,602.5547,582.4926
2024/12/31,584.7657,10.5746,-1.78,497829,595.4984,601.8333,582.3938
2024/12/30,595.3403,8.9254,-1.48,698811,598.5751,600.6884,585.6753
2024/12/27,604.2657,7.0319,-1.15,359746,608.1318,613.3639,595.8285
2024/12/26,611.2976,0.2466,+0.04,324810,605.1139,616.7021,605.1139
2024/12/24,611.0510,2.2683,+0.37,256058,608.3783,614.4831,604.5961
2024/12/23,608.7827,23.7288,+4.06,697539,583.5844,610.3311,582.3516
2024/12/20,585.0539,4.0140,+0.69,2397949,578.8406,594.8866,574.2743
2024/12/19,581.0399,8.7972,-1.49,793662,603.3485,604.5567,578.5447
2024/12/18,589.8371,29.7350,-4.80,971777,623.3000,635.9337,584.9454
2024/12/17,619.5721,0.3945,-0.06,807549,613.5265,631.2540,613.5166
2024/12/16,619.9666,19.9022,+3.32,1158977,598.6442,628.9314,591.6283
2024/12/13,600.0644,2.9489,+0.49,909556,612.4515,616.7416,593.7820
2024/12/12,597.1155,18.1171,-2.94,874166,602.8949,615.2129,584.9355
2024/12/11,615.2326,28.1076,+4.79,961521,605.1829,620.1096,596.0208
2024/12/10,587.1250,14.1524,-2.35,954887,602.4708,605.9522,583.0025
2024/12/09,601.2774,19.7148,+3.39,1029582,583.7027,604.8624,582.8644
2024/12/06,581.5626,17.1210,+3.03,744718,570.2604,585.1426,568.0709
2024/12/05,564.4416,9.1818,-1.60,706275,579.2450,579.2450,558.8102
2024/12/04,573.6234,1.2032,-0.21,708201,581.0399,584.6362,572.0060
2024/12/03,574.8266,2.4656,+0.43,617862,562.8833,577.7212,562.8833
2024/12/02,572.3610,12.5350,+2.24,820163,559.2441,580.8328,558.2184
2024/11/29,559.8260,7.2981,+1.32,603577,560.1810,567.2376,555.2597
2024/11/27,552.5279,11.6770,-2.07,1255258,567.9033,567.9033,540.7029
2024/11/26,564.2049,28.3838,-4.79,1305335,590.5275,594.0089,560.2797
2024/11/25,592.5887,19.7740,+3.45,1285852,584.0085,602.4215,579.6000
2024/11/22,572.8147,8.2252,+1.46,1046295,558.4551,583.4562,557.9127
2024/11/21,564.5895,12.2392,+2.22,1036201,562.2226,566.1083,544.1893
2024/11/20,552.3503,25.4548,-4.41,1686003,573.2980,578.9195,539.1792
2024/11/19,577.8051,1.9428,-0.34,1012662,579.9057,585.7344,568.4358
2024/11/18,579.7479,14.2609,+2.52,1220305,565.5067,580.8032,553.8501
2024/11/15,565.4870,3.3630,-0.59,1645482,557.7845,582.3615,554.0565
2024/11/14,568.8500,24.3403,-4.10,2117123,594.7486,596.3413,564.1654
2024/11/13,593.1903,42.0432,-6.62,1630383,624.2863,631.9740,590.8036
2024/11/12,635.2335,3.1658,-0.50,2689241,655.8458,680.2748,622.8119
2024/11/11,638.3993,112.4208,-14.97,4067020,620.6372,641.9695,564.1260
2024/11/08,750.8201,13.7185,-1.79,833800,754.5284,770.2687,739.5228
2024/11/07,764.5386,9.9413,-1.28,961269,782.7149,785.6145,752.1614
2024/11/06,774.4799,22.0128,+2.93,831989,763.3157,775.6831,752.2699
2024/11/05,752.4671,3.5505,-0.47,635504,758.5719,765.1698,740.6126
2024/11/04,756.0176,7.1009,+0.95,972546,748.3644,773.9572,736.3077
2024/11/01,748.9167,0.0690,+0.01,1032357,755.6724,777.8725,745.3367
2024/10/31,748.8477,158.3004,-17.45,3097913,814.9451,818.0813,723.7761
2024/10/30,907.1481,13.2353,-1.44,991228,900.1459,918.8251,897.0392
2024/10/29,920.3834,42.1813,+4.80,702757,882.5810,924.2790,878.9221
2024/10/28,878.2021,10.6810,-1.20,640033,888.8831,898.8342,873.7246
2024/10/25,888.8831,1.2427,+0.14,574679,892.1475,912.5330,888.8042
2024/10/24,887.6404,16.1644,+1.85,406229,878.3994,890.5695,878.2021
2024/10/23,871.4760,6.7360,+0.78,446227,859.8089,882.6698,854.7495
2024/10/22,864.7400,6.3613,-0.73,396472,866.3673,870.3813,857.9745
2024/10/21,871.1013,32.5753,-3.60,746041,895.5007,897.9663,847.1506
2024/10/18,903.6766,1.8146,-0.20,264373,924.8806,924.9349,897.6704
2024/10/17,905.4912,13.0084,+1.46,489224,925.4526,930.1372,904.5346
2024/10/16,892.4828,10.1089,+1.15,527657,902.4043,902.4043,880.7072
2024/10/15,882.3739,47.8521,-5.14,866200,925.4033,930.4923,876.0620
2024/10/14,930.2260,4.6748,+0.51,427939,934.0822,940.8675,922.1389
2024/10/11,925.5512,8.2843,+0.90,287956,910.3731,940.5815,905.4617
2024/10/10,917.2669,5.8582,-0.63,235046,905.8660,919.3971,904.1302
2024/10/09,923.1251,12.6928,+1.39,440215,906.7635,933.9933,902.7206
2024/10/08,910.4323,7.0022,-0.76,452435,917.1978,919.1703,899.8007
2024/10/07,917.4345,5.2961,-0.57,326613,910.0181,924.9891,906.5860
2024/10/04,922.7306,12.6830,+1.39,441697,936.3505,937.8989,913.9433
2024/10/03,910.0476,3.7970,+0.42,352261,892.9266,921.3302,892.9266
2024/10/02,906.2506,26.7170,+3.04,367564,889.3663,917.5627,875.0758
2024/10/01,879.5336,32.2400,-3.54,597280,908.6571,913.7263,872.9026
2024/09/30,911.7736,0.7496,+0.08,397615,907.2763,917.2965,895.4514
2024/09/27,911.0240,19.1071,-2.05,580498,935.4594,935.4594,906.7397
2024/09/26,930.1311,29.2023,+3.24,553420,925.8074,935.9420,891.0847
2024/09/25,900.9288,3.6836,+0.41,317134,888.7258,909.5391,888.4796
2024/09/24,897.2452,17.4426,+1.98,279490,893.5026,903.2137,879.6352
2024/09/23,879.8026,1.9402,+0.22,305375,883.8801,886.5295,873.1743
2024/09/20,877.8624,19.5010,-2.17,1287181,885.7613,888.0758,857.7310
2024/09/19,897.3634,49.6981,+5.86,744920,881.9596,907.7123,872.4257
2024/09/18,847.6653,6.5496,-0.77,453826,863.2563,877.0252,843.5484
2024/09/17,854.2149,17.6494,-2.02,554502,879.7337,890.1637,850.9549
2024/09/16,871.8643,28.4341,-3.16,490398,882.1270,886.7757,862.7836
2024/09/13,900.2984,17.9153,+2.03,315790,892.7245,904.9472,887.1599
2024/09/12,882.3831,0.7387,+0.08,417826,872.5439,891.6116,863.9162
2024/09/11,881.6444,46.7434,+5.60,781906,838.3678,883.5256,816.2863
2024/09/10,834.9010,11.5135,+1.40,394527,821.1124,836.1026,801.9068
2024/09/09,823.3875,29.2516,+3.68,639663,807.3040,825.7315,806.5063
2024/09/06,794.1359,34.6488,-4.18,816353,828.7847,830.5576,783.9323
2024/09/05,828.7847,8.8839,-1.06,501176,823.0822,845.4197,815.0371
2024/09/04,837.6686,11.7007,+1.42,453388,817.9508,854.3035,813.9620
2024/09/03,825.9679,94.5998,-10.28,975642,905.8434,909.2118,820.6790
2024/08/30,920.5677,4.0085,+0.44,528096,933.8343,937.7936,899.3726
2024/08/29,916.5592,1.2903,+0.14,456182,922.6754,945.1509,906.9958
2024/08/28,915.2689,15.9160,-1.71,469240,929.2644,940.7286,900.7713
2024/08/27,931.1849,32.7085,+3.64,490393,889.9964,937.1436,881.4868
2024/08/26,898.4764,23.6770,-2.57,506694,911.5460,915.1803,896.4672
2024/08/23,922.1534,27.3409,+3.06,419849,912.4029,927.5801,900.6826
2024/08/22,894.8125,38.0468,-4.08,574418,934.3071,942.1862,888.6372
2024/08/21,932.8593,41.8288,+4.69,513727,910.7876,937.6361,901.7265
2024/08/20,891.0305,12.3310,-1.37,404345,899.2741,914.3530,888.5880
2024/08/19,903.3615,2.5115,+0.28,364822,895.1179,905.3214,881.8808
2024/08/16,900.8500,5.9389,-0.65,455428,888.7455,910.1868,886.5640
2024/08/15,906.7889,57.1932,+6.73,828848,875.4592,911.9154,864.0344
2024/08/14,849.5957,5.1116,-0.60,422538,852.2352,864.3478,830.8038
2024/08/13,854.7073,43.1977,+5.32,533571,827.4256,857.8590,827.4256
2024/08/12,811.5096,0.9357,+0.12,323556,811.3323,827.1597,804.5266
2024/08/09,810.5739,20.2102,-2.43,448482,825.5740,829.9075,797.3171
2024/08/08,830.7841,85.1743,+11.42,874087,766.6375,833.5320,753.5777
2024/08/07,745.6098,32.6200,-4.19,700238,806.1616,815.9613,740.4391
2024/08/06,778.2298,19.4223,+2.56,540721,772.9113,801.6507,755.5475
2024/08/05,758.8075,24.9377,-3.18,856343,736.9821,781.4208,718.5743
2024/08/02,783.7452,10.6468,+1.38,1387730,776.6441,824.1459,758.0984
2024/08/01,773.0984,76.9602,-9.05,1150419,829.5333,848.4237,766.5685
2024/07/31,850.0586,80.0134,+10.39,874231,812.1104,850.3787,804.8960
2024/07/30,770.0452,44.7244,-5.49,688398,819.3198,823.3087,768.2232
2024/07/29,814.7696,5.3973,+0.67,436220,826.0566,836.3488,809.6875
2024/07/26,809.3723,31.3986,+4.04,636989,799.9370,819.5858,792.3335
2024/07/25,777.9737,1.9895,+0.26,889945,775.9940,812.9623,749.8498
2024/07/24,775.9842,57.6463,-6.92,800199,820.2555,826.5589,774.2212
2024/07/23,833.6305,10.8240,-1.28,315552,827.2483,842.0908,827.2483
2024/07/22,844.4545,47.8366,+6.00,635262,817.4190,846.9660,803.6008
2024/07/19,796.6179,34.1169,-4.11,634020,839.5990,839.5990,792.9836
2024/07/18,830.7348,25.6960,+3.19,714934,826.4801,836.8117,800.2291
2024/07/17,805.0388,71.0114,-8.11,1173933,848.3744,848.3744,803.0493
2024/07/16,876.0502,18.2897,+2.13,319258,866.4375,878.2071,851.6098
2024/07/15,857.7605,15.0099,+1.78,341012,848.4335,870.2097,843.4401
2024/07/12,842.7506,24.3467,+2.97,521067,820.5017,862.6063,803.7387
2024/07/11,818.4039,29.4091,-3.47,638933,863.4139,863.4139,817.4978
2024/07/10,847.8130,14.3894,+1.73,445817,839.3527,849.8124,831.5031
2024/07/09,833.4236,5.5352,-0.66,263748,851.5360,855.8498,825.3080
2024/07/08,838.9588,10.0165,+1.21,318375,831.1682,840.3869,826.7115
2024/07/05,828.9423,2.3933,+0.29,184442,834.5661,834.5661,816.9068
2024/07/03,826.5490,10.3119,+1.26,317307,821.0533,835.4327,815.4196
2024/07/02,816.2371,9.2088,+1.14,261048,806.6146,822.3927,803.4038
2024/07/01,807.0283,2.2455,-0.28,557286,795.6822,809.9140,782.1201
2024/06/28,809.2738,12.0453,+1.51,732833,808.0723,824.6974,801.3552
2024/06/27,797.2285,5.6545,-0.70,367195,797.1400,807.3180,794.0817
2024/06/26,802.8830,3.3631,-0.42,300606,802.9813,812.1169,790.5415
2024/06/25,806.2461,21.3689,+2.72,491866,796.9827,810.0567,786.3523
2024/06/24,784.8772,27.5642,-3.39,764717,806.2166,820.7510,781.8189
2024/06/21,812.4414,0.8260,+0.10,1011419,809.7175,814.9156,793.4621
2024/06/20,811.6154,26.7775,-3.19,684368,831.9419,834.3512,806.0054
2024/06/18,838.3929,24.7517,+3.04,540273,810.8680,842.0708,807.3967
2024/06/17,813.6412,20.4741,+2.58,452737,797.0122,816.5126,785.0444
2024/06/14,793.1671,10.2567,-1.28,304874,793.2556,799.7705,783.4316
2024/06/13,803.4238,1.3472,+0.17,538005,794.8880,808.3407,783.0629
2024/06/12,802.0766,31.1241,+4.04,640764,783.1661,808.8127,776.7545
2024/06/11,770.9525,4.3269,+0.56,304104,765.4652,774.4435,757.3720
2024/06/10,766.6256,27.4757,+3.72,474165,732.6497,770.6280,732.6497
2024/06/07,739.1499,6.8542,-0.92,330169,736.1703,747.6070,731.2042
2024/06/06,746.0041,0.9834,+0.13,471451,744.5880,750.0753,732.9251
2024/06/05,745.0207,30.5340,+4.27,506490,728.9522,745.8664,720.8000
2024/06/04,714.4867,5.1431,-0.71,260407,720.4361,722.9831,708.0272
2024/06/03,719.6298,3.7761,-0.52,350811,733.9478,734.1150,697.2381
2024/05/31,723.4059,8.1326,-1.11,775219,731.1747,742.0755,695.1927
2024/05/30,731.5385,2.4585,-0.33,449091,737.6355,741.3035,728.1262
2024/05/29,733.9970,12.9610,-1.74,486685,732.5711,744.5487,732.5465
2024/05/28,746.9580,6.0970,+0.82,473304,748.3740,753.0549,736.9570
2024/05/24,740.8610,6.8739,+0.94,292728,742.4541,746.2499,734.5378
2024/05/23,733.9871,13.9936,-1.87,780292,763.1149,763.1149,724.1533
2024/05/22,747.9807,3.8155,+0.51,440091,752.2879,761.0203,739.1007
2024/05/21,744.1652,0.8457,+0.11,327787,727.9885,747.3612,727.7427
2024/05/20,743.3195,25.4008,+3.54,426588,713.4049,749.2078,713.4049
2024/05/17,717.9187,1.9176,+0.27,263234,722.8651,726.5377,709.8353
2024/05/16,716.0011,13.0200,-1.79,405292,726.0709,728.6277,715.8044
2024/05/15,729.0211,27.1709,+3.87,599806,713.2279,730.1520,705.3805
2024/05/14,701.8502,10.4829,+1.52,326092,691.0625,704.7905,691.0625
2024/05/13,691.3673,0.5015,+0.07,352339,698.2412,698.2510,685.9882
2024/05/10,690.8658,5.3889,-0.77,439329,707.3670,707.3670,686.2636
2024/05/09,696.2547,5.2611,-0.75,358432,701.5748,702.6271,694.9001
2024/05/08,701.5158,10.9647,+1.59,342748,678.5342,703.2466,676.1347
2024/05/07,690.5511,30.3177,-4.21,636393,712.9526,712.9526,690.3348
2024/05/06,720.8688,25.4008,+3.65,406666,707.1703,721.1245,702.1354
2024/05/03,695.4680,5.5758,-0.80,595604,714.9095,715.8536,689.5579
2024/05/02,701.0438,59.2980,+9.24,1220892,669.7821,709.2108,660.1892
2024/05/01,641.7458,16.4619,-2.50,922178,647.9510,675.3480,636.7404
2024/04/30,658.2077,10.1976,-1.53,511511,669.0249,678.5784,657.9618
2024/04/29,668.4053,2.4289,+0.36,435504,663.7834,677.6393,661.2955
2024/04/26,665.9764,16.6094,+2.56,409653,651.3928,669.6297,650.3308
2024/04/25,649.3670,17.8287,+2.82,442885,627.7228,655.9754,625.8249
2024/04/24,631.5383,30.3275,+5.04,781941,625.9330,644.3420,617.8201
2024/04/23,601.2108,10.5615,+1.79,517205,593.6092,607.5438,591.3425
2024/04/22,590.6493,8.9587,+1.54,475784,586.8534,593.2405,575.2298
2024/04/19,581.6906,28.3116,-4.64,746385,608.8713,608.8713,577.7669
2024/04/18,610.0022,17.1207,-2.73,663944,621.5865,623.6319,607.5684
2024/04/17,627.1229,17.5141,-2.72,539110,645.0205,652.4057,623.0714
2024/04/16,644.6370,8.7521,+1.38,387048,634.2820,648.3443,633.3035
2024/04/15,635.8849,11.4072,-1.76,494116,660.1056,661.8363,629.7977
2024/04/12,647.2921,25.6761,-3.82,429653,654.8150,661.5217,647.2528
2024/04/11,672.9682,17.5533,+2.68,306612,660.7251,673.7549,654.5544
2024/04/10,655.4149,15.3997,-2.30,424580,651.8845,667.9825,646.4071
2024/04/09,670.8146,0.8162,+0.12,376696,679.7339,689.2039,661.3250
2024/04/08,669.9984,26.5611,+4.13,584305,657.6471,679.3996,657.6471
2024/04/05,643.4373,10.9844,+1.74,413644,632.9642,648.1083,632.9642
2024/04/04,632.4529,6.5886,-1.03,666799,649.0130,655.8967,629.7633
2024/04/03,639.0415,0.8555,+0.13,451577,633.2002,650.1046,633.0527
2024/04/02,638.1860,19.1858,-2.92,573566,647.1839,647.4519,634.0263
2024/04/01,657.3718,8.7914,-1.32,442855,666.1632,676.7248,653.9201
2024/03/28,666.1632,4.2088,+0.64,359625,663.7539,672.3979,660.5678
2024/03/27,661.9544,7.7688,+1.19,511711,659.0730,665.3765,646.4857
2024/03/26,654.1856,2.8269,-0.43,382570,664.9924,665.6794,653.3121
2024/03/25,657.0125,2.8857,-0.44,305101,650.7110,659.7313,647.0400
2024/03/22,659.8982,2.8759,-0.43,499535,655.6383,666.8475,650.8189
2024/03/21,662.7741,8.0781,+1.23,647382,670.8816,676.3144,656.7818
2024/03/20,654.6960,16.4211,+2.57,592557,641.8477,656.4333,634.5450
2024/03/19,638.2749,23.5765,-3.56,973624,650.7601,656.8161,628.7834
2024/03/18,661.8514,12.4558,-1.85,636151,687.0672,691.9847,659.4516
2024/03/15,674.3072,5.8990,-0.87,979015,673.4042,686.3605,669.4584
2024/03/14,680.2062,14.8998,-2.14,527090,695.4201,704.9410,673.2410
2024/03/13,695.1060,27.8462,-3.85,547445,710.0744,724.2969,692.5540
2024/03/12,722.9522,17.0591,+2.42,425308,713.7552,725.4944,702.9386
2024/03/11,705.8931,12.7992,-1.78,504254,707.6010,714.5306,698.8554
2024/03/08,718.6923,34.7367,-4.61,548018,756.1969,763.7842,718.1623
2024/03/07,753.4290,35.5612,+4.95,784980,729.5580,762.6555,729.5580
2024/03/06,717.8678,13.4765,+1.91,482490,710.4572,729.8524,710.4572
2024/03/05,704.3913,17.7070,-2.45,489875,709.0242,720.7977,694.1146
2024/03/04,722.0983,7.9210,-1.09,817075,730.0193,735.6730,712.6853
2024/03/01,730.0193,23.2723,+3.29,646110,713.5294,738.1072,703.3607
2024/02/29,706.7470,9.2952,+1.33,875591,693.2999,709.2499,683.2833
2024/02/28,697.4518,1.2563,+0.18,271739,689.0401,701.2504,687.2586
2024/02/27,696.1955,15.3120,-2.15,307585,712.1651,715.0705,694.0999
2024/02/26,711.5075,3.6906,+0.52,307933,715.9833,718.5660,710.2609
2024/02/23,707.8169,19.7976,-2.72,574865,722.9620,728.0219,699.8075
2024/02/22,727.6145,26.8745,+3.84,672591,732.4535,736.1539,724.1988
2024/02/21,700.7400,1.5705,+0.22,486355,683.7398,700.8676,682.9251
2024/02/20,699.1695,17.8444,-2.49,475485,706.7078,706.7078,685.5507
2024/02/16,717.0139,3.7495,-0.52,379986,722.0786,734.3675,707.5618
2024/02/15,720.7634,10.6595,-1.46,611443,734.7896,736.1441,710.6339
2024/02/14,731.4229,32.4497,+4.64,614173,710.8302,732.4731,705.3630
2024/02/13,698.9732,17.4223,-2.43,773957,690.0216,710.9873,677.3598
2024/02/12,716.3955,22.0258,-2.98,657614,738.4998,744.2693,714.5993
2024/02/09,738.4213,14.9587,+2.07,674375,733.2093,747.4416,723.6098
2024/02/08,723.4626,89.9678,+14.20,1689866,667.4462,745.9692,666.9260
2024/02/07,633.4948,12.2005,+1.96,876728,629.6275,643.7715,618.5558
2024/02/06,621.2943,12.9857,-2.05,566826,638.6184,638.6184,611.4593
2024/02/05,634.2800,10.1589,+1.63,526648,629.1662,640.8073,620.6411
2024/02/02,624.1211,21.3288,+3.54,490137,603.3714,625.8241,600.5838
2024/02/01,602.7923,11.1994,+1.89,437501,595.7939,605.7761,583.3873
2024/01/31,591.5929,10.5025,-1.74,447502,593.8308,606.2669,588.5698
2024/01/30,602.0954,6.2426,-1.03,312957,608.1220,614.3744,595.4798
2024/01/29,608.3380,18.2959,+3.10,471193,596.0982,608.5245,588.1134
2024/01/26,590.0421,14.2716,-2.36,383042,597.8355,598.7385,587.7551
2024/01/25,604.3137,16.0187,-2.58,529708,629.7649,631.0409,601.6242
2024/01/24,620.3324,9.8153,-1.56,548644,631.5317,636.0370,611.2629
2024/01/23,630.1477,4.1617,+0.66,282927,628.7245,631.9341,617.4466
2024/01/22,625.9860,6.3113,+1.02,398026,624.4646,635.6640,613.3045
2024/01/19,619.6747,20.0528,+3.34,686769,609.5354,621.2256,601.1727
2024/01/18,599.6219,26.0599,+4.54,709941,587.6177,601.2316,585.0559
2024/01/17,573.5620,11.8374,-2.02,406978,577.3017,580.9629,566.2545
2024/01/16,585.3994,17.3242,+3.05,588223,562.6277,585.9098,559.4770
2024/01/12,568.0752,9.4915,-1.64,285940,577.9888,579.0979,565.2780
2024/01/11,577.5667,0.7460,-0.13,373308,578.3127,584.3639,566.2839
2024/01/10,578.3127,4.4758,-0.77,409266,583.1615,586.9601,571.5892
2024/01/09,582.7885,2.9839,+0.51,266268,567.9182,590.5819,567.9182
2024/01/08,579.8046,16.4113,+2.91,465224,568.3010,582.5039,566.1662
2024/01/05,563.3933,2.8759,+0.51,427487,559.3984,570.6861,557.5875
2024/01/04,560.5174,7.1063,-1.25,874555,550.9180,564.6693,550.7216
2024/01/03,567.6237,25.2256,-4.25,625179,579.9126,583.9958,565.7441
2024/01/02,592.8493,26.2856,-4.25,623017,609.0447,609.0447,585.7233
2023/12/29,619.1349,1.4134,-0.23,282142,620.1066,623.8855,609.3882
2023/12/28,620.5483,3.2783,-0.53,256499,625.6130,625.9271,619.3999
2023/12/27,623.8266,0.4704,-0.08,532967,625.7474,629.4126,618.6719
2023/12/26,624.2970,19.0119,+3.14,472419,613.6445,628.9520,613.6445
2023/12/22,605.2851,4.0082,-0.66,494369,611.3611,612.8605,601.0907
2023/12/21,609.2933,10.4860,+1.75,815827,612.5861,614.4089,602.7469
2023/12/20,598.8073,23.7453,-3.81,596523,619.7303,622.7682,597.7685
2023/12/19,622.5526,0.9114,+0.15,299210,626.2570,630.8875,617.7605
2023/12/18,621.6412,0.9996,+0.16,327194,622.2292,625.8650,609.9597
2023/12/15,620.6416,3.9984,-0.64,874686,621.6608,634.1705,618.1460
2023/12/14,624.6400,28.0965,+4.71,939202,602.9919,626.9773,602.4627
2023/12/13,596.5435,12.6419,+2.17,472593,584.0780,604.7657,582.1817
2023/12/12,583.9016,3.3516,+0.58,346884,581.1380,587.0082,575.7970
2023/12/11,580.5500,16.3366,+2.90,435812,567.5944,581.7162,566.3890
2023/12/08,564.2134,7.0853,+1.27,303837,554.8349,569.0791,554.8349
2023/12/07,557.1281,13.9748,+2.57,309497,546.8185,559.7153,545.4906
2023/12/06,543.1533,0.8330,+0.15,271146,553.6491,560.4699,542.2027
2023/12/05,542.3203,6.0270,-1.10,264791,542.0949,548.8471,538.3905
2023/12/04,548.3473,0.0686,-0.01,407896,541.2521,549.3224,535.0046
2023/12/01,548.4159,10.6722,+1.98,366821,536.4599,549.1313,531.8736
2023/11/30,537.7437,3.6652,-0.68,499066,543.7511,543.7511,532.1676
2023/11/29,541.4089,8.8395,+1.66,400460,542.3105,549.4253,539.3509
2023/11/28,532.5694,3.0183,-0.56,252865,532.6870,540.9336,527.2382
2023/11/27,535.5877,2.8616,-0.53,199370,535.1467,542.9181,528.9042
2023/11/24,538.4493,3.3026,+0.62,137586,533.4808,539.0275,533.4808
2023/11/22,535.1467,7.8203,+1.48,294582,532.6968,543.0847,532.3930
2023/11/21,527.3264,12.8477,-2.38,402814,534.1177,535.0693,524.6804
2023/11/20,540.1741,10.9563,+2.07,361740,529.1982,542.1047,528.9924
2023/11/17,529.2178,2.9792,+0.57,310540,527.4146,532.6282,524.6608
2023/11/16,526.2386,10.4075,-1.94,597042,530.6388,534.2157,522.2010
2023/11/15,536.6461,11.8873,+2.27,757170,530.7662,545.2995,527.8164
2023/11/14,524.7588,27.7829,+5.59,716763,513.1654,528.2182,513.1654
2023/11/13,496.9759,2.4892,+0.50,478800,493.7811,501.7387,490.5275
2023/11/10,494.4867,22.0695,+4.67,488063,481.7859,497.0445,475.6708
2023/11/09,472.4172,10.6623,-2.21,564784,490.1159,496.8583,470.8198
2023/11/08,483.0795,0.3724,+0.08,379400,480.5805,488.4597,475.4062
2023/11/07,482.7071,0.9604,-0.20,367635,483.1579,489.2633,479.7965
2023/11/06,483.6675,0.5978,+0.12,532803,483.0599,486.0293,476.9153
2023/11/03,483.0697,20.7857,+4.50,859766,471.5940,492.3895,470.6630
2023/11/02,462.2840,14.8568,+3.32,990394,458.4326,468.4384,450.4946
2023/11/01,447.4272,14.5235,+3.35,1045724,431.2279,449.1814,423.9857
2023/10/31,432.9037,36.9851,+9.34,1769786,417.0866,436.1178,400.8676
2023/10/30,395.9186,1.8914,-0.48,1198328,391.9986,402.0632,384.2567
2023/10/27,397.8100,1.8326,+0.46,532429,398.1922,402.3474,391.5380
2023/10/26,395.9774,4.2434,+1.08,602659,393.1844,405.8509,390.8912
2023/10/25,391.7340,17.9046,-4.37,641496,403.0530,403.0530,387.3241
2023/10/24,409.6386,4.4198,+1.09,596947,409.0408,415.9498,403.5234
2023/10/23,405.2188,6.4190,-1.56,636912,407.7570,414.0045,400.0101
2023/10/20,411.6378,13.4357,-3.16,659170,423.7113,431.7179,410.3148
2023/10/19,425.0735,26.7637,-5.92,980902,451.6510,453.4542,422.8979
2023/10/18,451.8372,15.1900,-3.25,558647,457.2468,464.4204,450.9356
2023/10/17,467.0272,6.4288,-1.36,318360,461.4902,473.8467,457.9132
2023/10/16,473.4560,7.2226,+1.55,416058,466.3608,477.0427,466.3608
2023/10/13,466.2334,16.9441,-3.51,364040,485.9607,486.2743,464.1754
2023/10/12,483.1775,8.8200,-1.79,478921,494.4769,502.8363,480.6883
2023/10/11,491.9975,11.7992,+2.46,473310,480.5805,493.0461,480.5805
2023/10/10,480.1983,13.7003,+2.94,449721,469.8692,486.1273,468.9970
2023/10/09,466.4980,2.2932,+0.49,371976,458.7854,468.4384,453.7384
2023/10/06,464.2048,21.4815,+4.85,610379,437.8429,467.4290,437.8429
2023/10/05,442.7233,5.3017,-1.18,463676,445.7025,448.3680,433.3839
2023/10/04,448.0250,8.0751,+1.84,561424,443.4779,449.9752,439.1463
2023/10/03,439.9499,10.2017,-2.27,374619,445.9181,455.6689,437.0589
2023/10/02,450.1516,2.6068,-0.58,289455,452.1410,455.5612,443.3995
2023/09/29,452.7584,9.8783,+2.23,530376,450.8474,457.0802,450.3966
2023/09/28,442.8801,11.5052,+2.67,564812,431.9237,449.7449,428.7093
2023/09/27,431.3749,3.2853,-0.76,727600,441.2015,443.4895,428.9891
2023/09/26,434.6602,8.4187,-1.90,414507,438.6300,443.8513,432.2158
2023/09/25,443.0789,3.7742,+0.86,336036,438.1411,445.3766,434.9340
2023/09/22,439.3047,8.7120,+2.02,438119,435.8922,442.2575,432.0545
2023/09/21,430.5927,12.2026,-2.76,611471,438.4344,443.1767,429.8202
2023/09/20,442.7953,4.8107,-1.07,403851,451.7126,456.9437,442.5900
2023/09/19,447.6060,5.2897,-1.17,458495,452.6415,452.8762,444.0664
2023/09/18,452.8957,1.0169,-0.22,545100,449.7766,461.9891,449.2486
2023/09/15,453.9126,14.6080,-3.12,1015342,465.9002,465.9002,452.1693
2023/09/14,468.5206,8.6142,+1.87,511559,465.7926,471.0628,457.5988
2023/09/13,459.9064,3.5004,-0.76,607983,461.2166,470.2610,458.1562
2023/09/12,463.4068,11.9484,-2.51,527935,470.2024,479.1099,462.7273
2023/09/11,475.3552,14.3831,-2.94,567261,498.1374,498.1374,467.6797
2023/09/08,489.7383,5.1529,-1.04,377688,494.9987,497.6778,487.5481
2023/09/07,494.8912,16.6613,-3.26,498249,496.5534,497.7561,483.1237
2023/09/06,511.5525,5.4169,-1.05,351947,514.3098,524.4689,505.0405
2023/09/05,516.9694,3.7156,+0.72,339068,512.4325,523.3396,508.7805
2023/09/01,513.2538,3.6275,+0.71,257959,513.8503,516.8031,507.0840
2023/08/31,509.6263,5.9351,+1.18,432593,501.9116,514.5151,501.9116
2023/08/30,503.6912,2.2685,+0.45,262114,497.9321,507.6999,495.8494
2023/08/29,501.4227,18.5288,+3.84,507467,477.9463,503.5054,477.5699
2023/08/28,482.8939,4.6836,+0.98,431236,485.5143,487.9930,475.7268
2023/08/25,478.2103,1.0462,+0.22,707957,477.1641,481.0166,463.9250
2023/08/24,477.1641,30.7413,-6.05,929592,515.2680,518.2502,475.8930
2023/08/23,507.9054,18.4018,+3.76,754292,485.1330,514.2805,481.2219
2023/08/22,489.5036,1.7013,+0.35,465450,497.9907,501.9898,482.2974
2023/08/21,487.8023,16.2311,+3.44,516821,473.0281,490.4130,472.1286
2023/08/18,471.5712,2.9920,-0.63,512581,466.8877,474.9495,464.5062
2023/08/17,474.5632,8.3698,-1.73,534832,484.3410,484.3410,473.1161
2023/08/16,482.9330,24.4248,-4.81,555526,505.2165,505.2165,481.5348
2023/08/15,507.3578,5.6418,-1.10,517199,506.3507,511.0489,500.2983
2023/08/14,512.9996,21.9902,+4.48,462253,486.7854,513.3223,485.8859
2023/08/11,491.0094,15.9475,-3.15,479397,497.2085,504.9427,490.8334
2023/08/10,506.9569,2.5031,-0.49,423049,516.2067,521.7731,502.1267
2023/08/09,509.4600,8.4676,-1.63,462004,516.1578,517.2138,504.1067
2023/08/08,517.9276,11.7528,-2.22,350761,518.5142,519.6778,508.9174
2023/08/07,529.6804,4.5760,+0.87,345866,530.6680,530.6680,517.3605
2023/08/04,525.1044,4.2631,+0.82,529608,514.8085,531.4258,507.1818
2023/08/03,520.8413,2.1999,+0.42,465953,513.5276,524.4004,507.4947
2023/08/02,518.6414,19.4186,-3.61,733411,526.8449,534.3834,511.1223
2023/08/01,538.0600,8.9955,-1.64,1592576,500.6307,542.8315,488.8876
2023/07/31,547.0555,13.6302,+2.56,817323,534.5791,551.2697,534.0413
2023/07/28,533.4253,8.1742,+1.56,562909,542.0688,542.6946,529.3871
2023/07/27,525.2511,8.2035,+1.59,805803,537.0626,542.7826,518.2209
2023/07/26,517.0476,22.2248,-4.12,1095341,530.5311,530.5311,503.6569
2023/07/25,539.2724,17.9031,+3.43,548841,526.9720,546.1217,526.9036
2023/07/24,521.3693,0.4400,-0.08,394003,518.5729,524.0484,509.5480
2023/07/21,521.8093,4.5173,+0.87,606273,523.2858,527.0209,516.3827
2023/07/20,517.2920,44.4497,-7.91,1170041,532.8875,537.7569,513.2685
2023/07/19,561.7417,13.2977,-2.31,519704,571.3923,576.3496,558.4417
2023/07/18,575.0394,0.5965,-0.10,415095,571.0501,578.1879,564.6655
2023/07/17,575.6359,23.1831,+4.20,411617,555.3764,582.7345,553.9830
2023/07/14,552.4528,11.3520,-2.01,343130,560.6661,568.1657,549.1137
2023/07/13,563.8048,15.2337,+2.78,633833,554.7799,568.6350,552.4724
2023/07/12,548.5711,18.0987,+3.41,673461,538.5097,550.4288,536.4857
2023/07/11,530.4724,8.0177,+1.53,430531,529.7195,531.4258,519.5507
2023/07/10,522.4547,19.9760,+3.98,564609,507.8760,527.5098,507.8760
2023/07/07,502.4787,0.5769,-0.11,358233,503.4174,513.2343,500.6210
2023/07/06,503.0556,8.5751,-1.68,517692,498.0396,503.9845,491.5765
2023/07/05,511.6307,18.8808,-3.56,551628,523.3640,526.0822,510.9267
2023/07/03,530.5115,2.2880,+0.43,262541,533.1124,535.4884,520.2449
2023/06/30,528.2235,4.3315,+0.83,444189,529.5729,535.5324,521.3302
2023/06/29,523.8920,9.3182,+1.81,408134,520.4209,524.8404,512.5694
2023/06/28,514.5738,5.4066,-1.04,554479,509.5771,525.6017,507.5862
2023/06/27,519.9804,21.3727,+4.29,477930,497.3878,520.2732,497.1146
2023/06/26,498.6077,4.7917,+0.97,373645,496.8901,507.5862,496.8901
2023/06/23,493.8160,6.0897,-1.22,582603,488.7412,495.7678,488.4484
2023/06/22,499.9057,6.9876,+1.42,296441,488.4972,503.9506,487.8775
2023/06/21,492.9181,5.0260,-1.01,391209,493.9916,502.1796,491.4250
2023/06/20,497.9441,7.2023,-1.43,507118,498.4711,506.3907,494.4113
2023/06/16,505.1464,1.6298,-0.32,1137879,517.1405,517.1405,503.7557
2023/06/15,506.7762,17.4983,-3.34,747055,516.2621,520.6635,506.0833
2023/06/14,524.2745,1.4834,+0.28,505210,515.7156,525.4212,507.5911
2023/06/13,522.7911,9.2420,+1.80,686131,527.7585,535.3804,518.2237
2023/06/12,513.5491,23.7637,+4.85,627302,494.5479,515.8815,494.4894
2023/06/09,489.7854,4.0696,+0.84,549663,494.3137,500.1985,483.9689
2023/06/08,485.7158,3.0448,+0.63,398659,486.3990,489.1901,477.8304
2023/06/07,482.6710,2.7618,-0.57,467237,489.5219,499.0615,478.5721
2023/06/06,485.4328,10.0129,+2.11,498941,474.6782,495.4165,471.8382
2023/06/05,475.4199,9.8568,-2.03,653714,483.3248,484.3203,465.8656
2023/06/02,485.2767,1.9908,-0.41,797461,493.4158,493.4158,466.6171
2023/06/01,487.2675,9.1541,+1.91,752281,483.0808,492.2301,475.9176
2023/05/31,478.1134,24.4566,-4.87,923091,492.7034,501.5550,476.6300
2023/05/30,502.5700,5.8067,-1.14,1208770,527.3096,540.3088,499.9935
2023/05/26,508.3767,31.8150,+6.68,2104449,483.6469,519.1899,478.4355
2023/05/25,476.5617,70.8421,+17.46,2173963,443.1852,483.0808,436.2366
2023/05/24,405.7196,7.7781,-1.88,585489,401.8745,407.3201,396.8681
2023/05/23,413.4977,24.1052,-5.51,580425,431.2985,433.0063,411.8874
2023/05/22,437.6029,15.9856,+3.79,567757,418.1626,439.6036,418.1626
2023/05/19,421.6173,0.5367,+0.13,545487,421.0123,424.6037,416.9622
2023/05/18,421.0806,15.3805,+3.79,1042751,409.9844,421.5881,405.7196
2023/05/17,405.7001,12.8529,+3.27,653737,396.0189,410.6870,389.8609
2023/05/16,392.8472,9.7787,-2.43,359237,399.7860,404.4607,392.3788
2023/05/15,402.6259,13.0480,+3.35,426795,389.9389,403.3871,387.3404
2023/05/12,389.5779,0.5661,+0.15,382823,391.0905,393.8914,383.6296
2023/05/11,389.0118,16.9518,-4.18,612272,404.4899,405.9831,386.7818
2023/05/10,405.9636,14.2485,+3.64,801727,397.4828,408.8621,397.4828
2023/05/09,391.7151,16.8249,-4.12,762339,399.9129,403.2798,388.4263
2023/05/08,408.5400,7.1730,+1.79,763362,396.3020,413.3269,396.3020
2023/05/05,401.3670,46.5124,-10.39,2241495,395.2968,408.8718,373.9616
2023/05/04,447.8794,7.0071,-1.54,759679,448.5235,453.6656,443.8000
2023/05/03,454.8865,1.9713,-0.43,501293,456.1357,465.0751,446.8072
2023/05/02,456.8578,3.5231,-0.77,514270,461.0738,470.5598,451.4317
2023/05/01,460.3809,9.5347,+2.11,443540,450.5046,462.4060,450.5046
2023/04/28,450.8462,13.0383,+2.98,429378,439.1058,452.7639,437.3785
2023/04/27,437.8079,5.2992,-1.20,581995,441.5066,441.5066,422.9836
2023/04/26,443.1071,3.1424,+0.71,522773,445.4981,451.2268,438.1592
2023/04/25,439.9647,21.5776,-4.68,441379,454.9060,459.1220,439.4377
2023/04/24,461.5423,9.6909,+2.14,399000,454.5449,463.5527,453.1054
2023/04/21,451.8514,3.3376,-0.73,227280,452.1441,453.8813,446.3081
2023/04/20,455.1890,2.8497,+0.63,302039,444.0733,462.2644,443.4487
2023/04/19,452.3393,11.8282,-2.55,298061,459.5709,459.5709,450.6998
2023/04/18,464.1675,6.5777,-1.40,358420,476.5129,478.2011,460.5468
2023/04/17,470.7452,4.9674,+1.07,310049,459.5026,471.0185,459.5026
2023/04/14,465.7778,0.4197,+0.09,195277,464.8604,474.2780,459.6978
2023/04/13,465.3581,10.6863,+2.35,346527,454.9353,466.3731,451.9831
2023/04/12,454.6718,18.2985,-3.87,382486,480.8362,481.4706,454.1545
2023/04/11,472.9703,4.0208,-0.84,323590,480.1531,482.7197,470.7940
2023/04/10,476.9911,14.7852,+3.20,414424,456.3796,477.3034,455.0817
2023/04/06,462.2059,0.2830,+0.06,306407,455.2964,466.2462,449.4534
2023/04/05,461.9229,9.4566,-2.01,561047,467.2124,467.7003,455.3647
2023/04/04,471.3795,9.7202,-2.02,303509,481.6950,484.7682,467.1782
2023/04/03,481.0997,7.3877,-1.51,351297,484.5154,488.7461,470.8916
2023/03/31,488.4874,2.6837,+0.55,475583,482.5831,490.7125,480.3483
2023/03/30,485.8037,7.6903,+1.61,403523,487.0333,492.4245,479.1186
2023/03/29,478.1134,15.4563,+3.34,396837,472.9321,482.7104,467.0106
2023/03/28,462.6571,7.5869,-1.61,577898,469.5331,472.6107,450.5608
2023/03/27,470.2440,2.5030,-0.53,379587,477.8017,478.9802,462.9299
2023/03/24,472.7470,24.4457,-4.92,679211,492.3523,493.0487,466.6113
2023/03/23,497.1927,20.1506,+4.22,478747,487.4632,504.3317,484.0253
2023/03/22,477.0421,8.4050,-1.73,664465,486.6938,497.3973,475.9805
2023/03/21,485.4471,3.9931,+0.83,509201,488.1644,492.4497,479.6035
2023/03/20,481.4540,5.8728,+1.23,389445,477.0810,485.0868,469.6986
2023/03/17,475.5812,9.4082,-1.94,707325,487.6872,490.6869,471.5004
2023/03/16,484.9894,20.8032,+4.48,725388,465.4912,487.9306,459.0243
2023/03/15,464.1862,16.6640,-3.47,636882,473.3119,477.4024,453.7748
2023/03/14,480.8502,7.2266,+1.53,641610,484.9601,490.3752,471.4614
2023/03/13,473.6236,7.1584,+1.53,604102,457.2810,481.4491,451.7977
2023/03/10,466.4652,13.3623,-2.78,370238,484.5511,484.5511,463.3194
2023/03/09,479.8275,11.7846,-2.40,484936,492.0309,503.2214,479.1068
2023/03/08,491.6121,11.6580,+2.43,311878,482.4766,494.0080,480.9378
2023/03/07,479.9541,4.2951,-0.89,210731,483.0512,490.1804,477.6021
2023/03/06,484.2492,8.5901,-1.74,356917,494.6703,502.4423,482.6714
2023/03/03,492.8393,11.9697,+2.49,335528,481.6975,495.0988,479.9541
2023/03/02,480.8696,7.0220,+1.48,269456,466.5431,482.6714,460.1736
2023/03/01,473.8476,2.1816,+0.46,289066,473.7502,481.0157,470.0931
2023/02/28,471.6660,1.9186,-0.41,389467,470.6531,481.0449,468.7831
2023/02/27,473.5846,3.1166,+0.66,351997,476.8083,479.2139,472.3477
2023/02/24,470.4680,11.5314,-2.39,382461,473.3022,476.1948,467.3709
2023/02/23,481.9994,11.8722,+2.53,678854,489.7811,492.9659,465.3451
2023/02/22,470.1272,0.7695,+0.16,394074,472.3575,476.6135,462.3649
2023/02/21,469.3577,19.6443,-4.02,662941,479.6035,487.9696,467.5462
2023/02/17,489.0020,10.9859,-2.20,502014,498.7803,500.6502,485.5153
2023/02/16,499.9879,16.2842,-3.15,497186,504.7992,511.1882,497.1879
2023/02/15,516.2721,9.2816,+1.83,466061,502.6662,516.8175,500.6697
2023/02/14,506.9905,18.6411,+3.82,678746,480.6261,509.2306,478.3471
2023/02/13,488.3494,9.1549,+1.91,637654,479.9152,490.2583,473.3850
2023/02/10,479.1945,17.9301,-3.61,595848,495.3423,495.5127,476.1850
2023/02/09,497.1246,46.1937,+10.24,1832735,476.9155,516.1357,476.9155
2023/02/08,450.9309,4.4996,-0.99,746566,448.0091,459.1509,445.4769
2023/02/07,455.4305,17.4724,+3.99,614584,439.8768,458.7565,437.7536
2023/02/06,437.9581,6.4475,-1.45,485832,435.1922,451.1209,433.4099
2023/02/03,444.4056,17.1996,-3.73,712050,448.3890,460.9722,441.7857
2023/02/02,461.6052,15.7679,+3.54,624749,449.3629,467.0836,449.3629
2023/02/01,445.8373,30.3965,+7.32,1112153,415.4311,452.6061,415.3239
2023/01/31,415.4408,18.4463,+4.65,479050,397.1601,415.6648,395.1246
2023/01/30,396.9945,16.9952,-4.11,652014,405.5944,407.3864,395.5628
2023/01/27,413.9897,7.4895,-1.78,497181,417.4666,421.4987,411.1263
2023/01/26,421.4792,7.8596,+1.90,303728,420.2131,425.0438,409.8017
2023/01/25,413.6196,5.4151,+1.33,360220,397.1601,415.0902,391.6574
2023/01/24,408.2045,9.1355,-2.19,457746,414.8175,423.4660,404.6886
2023/01/23,417.3400,29.9290,+7.73,813720,393.4592,418.4016,388.6577
2023/01/20,387.4110,14.1123,+3.78,368483,380.2039,387.5669,373.2890
2023/01/19,373.2987,14.1805,-3.66,667955,381.3824,382.9894,369.2131
2023/01/18,387.4792,3.7302,-0.95,315721,395.2122,398.8986,386.8656
2023/01/17,391.2094,3.1361,+0.81,491280,385.5995,393.2498,385.5995
2023/01/13,388.0733,1.1492,-0.30,214549,382.5121,388.3460,381.1389
2023/01/12,389.2225,2.2108,+0.57,469833,387.6253,393.9851,377.0231
2023/01/11,387.0117,8.9602,+2.37,499325,380.1942,387.5279,378.3924
2023/01/10,378.0515,4.5872,+1.23,402269,373.4254,381.2168,371.3996
2023/01/09,373.4643,15.5927,+4.36,631509,367.1727,381.2947,362.7657
2023/01/06,357.8716,19.8584,+5.88,564631,341.8115,360.9590,336.6886
2023/01/05,338.0132,10.4892,-3.01,643853,342.9997,348.1128,337.3022
2023/01/04,348.5024,14.4921,+4.34,607677,339.5909,351.6872,339.4351
2023/01/03,334.0103,10.3821,-3.01,604406,350.2750,351.6185,330.4360
2022/12/30,344.3924,0.1850,+0.05,355487,336.9905,344.8502,334.8868
2022/12/29,344.2074,13.5280,+4.09,520164,338.5586,346.5838,336.9370
2022/12/28,330.6794,1.9436,-0.58,353601,330.0866,338.6384,327.1324
2022/12/27,332.6230,8.0950,-2.38,454252,338.3857,343.0114,328.5512
2022/12/23,340.7180,2.9251,+0.87,433546,334.0224,340.9901,327.6961
2022/12/22,337.7929,18.8527,-5.29,1011331,347.2581,350.0714,329.8729
2022/12/21,356.6456,8.8724,+2.55,468098,351.2910,359.1090,349.4641
2022/12/20,347.7732,1.1078,-0.32,380976,342.3797,353.2200,342.3797
2022/12/19,348.8810,7.7937,-2.19,751401,357.1217,357.1217,338.6384
2022/12/16,356.6747,6.0931,-1.68,1678633,361.4656,365.1195,350.5330
2022/12/15,362.7678,21.4668,-5.59,682054,372.9327,373.6373,362.4860
2022/12/14,384.2346,5.9570,-1.53,613484,390.1819,395.0214,379.4145
2022/12/13,390.1916,8.2504,+2.16,757765,401.2311,404.3991,378.9675
2022/12/12,381.9412,6.7345,+1.79,550284,374.9637,382.1355,371.9804
2022/12/09,375.2067,0.7289,+0.19,693185,369.2788,380.4641,367.4227
2022/12/08,374.4778,17.0840,+4.78,640487,359.8427,377.9374,354.8478
2022/12/07,357.3938,3.7996,+1.07,380425,349.8819,358.5989,348.5214
2022/12/06,353.5942,10.8840,-2.99,562387,363.6424,364.3324,349.8431
2022/12/05,364.4782,7.9200,-2.13,485073,367.8794,372.7772,361.1547
2022/12/02,372.3982,1.1078,+0.30,602791,360.9603,375.2747,358.5114
2022/12/01,371.2904,0.1069,+0.03,688484,370.2603,374.1075,359.5094
2022/11/30,371.1835,26.2480,+7.61,803696,346.6750,372.1650,340.9804
2022/11/29,344.9355,0.5248,-0.15,407712,348.1813,349.6390,341.9036
2022/11/28,345.4603,13.4009,-3.73,591105,352.1365,357.2578,343.1475
2022/11/25,358.8612,6.2292,-1.71,219614,359.9788,362.0300,358.7349
2022/11/23,365.0904,1.6229,+0.45,369938,360.6493,371.6597,360.3481
2022/11/22,363.4675,5.5780,+1.56,474059,361.5822,363.7202,355.7855
2022/11/21,357.8895,8.7752,-2.39,425316,359.6192,365.7075,357.7534
2022/11/18,366.6647,1.2342,+0.34,375527,373.3214,373.4672,361.6357
2022/11/17,365.4305,0.6414,+0.18,515411,353.5359,368.8804,351.0092
2022/11/16,364.7891,28.8135,-7.32,755405,385.4396,388.0731,363.1857
2022/11/15,393.6026,16.5787,+4.40,628944,394.0010,398.1700,389.1615
2022/11/14,377.0239,5.2477,-1.37,637160,378.0054,385.0314,375.2844
2022/11/11,382.2716,6.3166,+1.68,773554,375.9647,391.1829,371.2321
2022/11/10,375.9550,41.8160,+12.51,926724,353.7399,377.8791,353.5553
2022/11/09,334.1390,11.9627,-3.46,695150,338.9785,342.8268,332.6910
2022/11/08,346.1017,3.1000,+0.90,604651,349.7556,353.5067,339.8045
2022/11/07,343.0017,1.1856,+0.35,710367,345.3340,346.2280,335.7036
2022/11/04,341.8161,17.0451,+5.25,922516,334.2750,343.2058,329.6882
2022/11/03,324.7710,0.3304,-0.10,803062,319.6594,332.0302,318.9403
2022/11/02,325.1014,13.9354,-4.11,1025069,337.6374,345.4895,324.9167
2022/11/01,339.0368,9.1639,+2.78,1211651,339.7948,343.8277,333.7794
2022/10/31,329.8729,7.1426,-2.12,1079075,331.5055,334.9067,323.7214
2022/10/28,337.0155,16.8314,+5.26,2206099,316.0929,338.8716,310.9816
2022/10/27,320.1841,3.7414,-1.16,1193953,330.2033,334.4354,314.6012
2022/10/26,323.9255,8.5809,-2.58,876185,324.0616,337.3848,319.7274
2022/10/25,332.5064,10.8549,+3.37,821399,323.9741,334.9942,323.6291
2022/10/24,321.6515,1.7881,-0.55,668453,322.8274,326.0246,312.0892
2022/10/21,323.4396,14.9558,+4.85,821241,306.2876,324.6544,304.9271
2022/10/20,308.4838,2.5363,+0.83,551757,306.0252,316.5594,304.5870
2022/10/19,305.9475,0.7483,-0.24,592891,302.2547,313.6343,299.1838
2022/10/18,306.6958,0.5539,-0.18,656830,320.0481,324.8973,302.1478
2022/10/17,307.2497,6.7734,+2.25,785978,308.9892,312.9152,305.0632
2022/10/14,300.4763,22.1179,-6.86,928064,328.6970,328.6970,299.8932
2022/10/13,322.5942,8.7267,+2.78,1447373,300.0293,333.6045,293.1782
2022/10/12,313.8675,4.8881,-1.53,778252,318.5710,320.3494,311.5158
2022/10/11,318.7556,15.8693,-4.74,1634706,328.0362,330.3539,314.2465
2022/10/10,334.6249,17.7448,-5.04,1224682,349.9694,351.7575,329.6396
2022/10/07,352.3697,31.8260,-8.28,1424883,373.0590,373.0590,347.6177
2022/10/06,384.1957,4.3633,-1.12,546333,386.2656,399.2001,382.0092
2022/10/05,388.5590,5.6655,+1.48,700064,374.8277,392.8057,370.2117
2022/10/04,382.8935,16.5301,+4.51,659032,378.0151,386.3677,377.8499
2022/10/03,366.3634,13.2163,+3.74,1056092,356.2083,369.8910,352.4475
2022/09/30,353.1471,1.9436,-0.55,1325351,351.9616,366.1496,349.9500
2022/09/29,355.0907,12.8082,-3.48,908124,362.4471,362.4471,350.1054
2022/09/28,367.8989,6.4690,+1.79,544280,357.5116,370.3672,355.5234
2022/09/27,361.4299,5.1500,+1.45,857375,369.7319,369.7319,353.3121
2022/09/26,356.2799,3.7727,-1.05,915306,359.5968,367.3848,353.2539
2022/09/23,360.0526,10.1545,-2.74,1511089,365.2123,367.2102,349.6848
2022/09/22,370.2071,21.4825,-5.48,899885,389.1486,391.0107,368.9366
2022/09/21,391.6896,6.7697,-1.70,558216,400.2148,409.4285,391.4763
2022/09/20,398.4593,6.6145,-1.63,372073,400.8161,403.7645,396.7014
2022/09/19,405.0738,0.2909,-0.07,531028,398.0229,409.5836,397.6446
2022/09/16,405.3647,0.8923,-0.22,829347,404.2494,406.7516,394.8223
2022/09/15,406.2570,10.5036,-2.52,520036,413.8026,418.3997,403.9002
2022/09/14,416.7606,7.1576,+1.75,517742,417.8469,418.7974,406.2764
2022/09/13,409.6030,23.8490,-5.50,635453,414.0353,420.7468,408.2258
2022/09/12,433.4520,0.2716,-0.06,332697,435.4693,438.2238,426.1150
2022/09/09,433.7236,8.1663,+1.92,488381,431.0856,440.6096,431.0856
2022/09/08,425.5573,11.2407,+2.71,447146,408.2743,425.5573,405.0545
2022/09/07,414.3166,8.0499,+1.98,398905,410.0104,418.4870,403.0225
2022/09/06,406.2667,5.3634,-1.30,421617,411.9210,414.0449,403.3668
2022/09/02,411.6301,1.0183,-0.25,727518,419.1659,422.9484,406.6159
2022/09/01,412.6484,26.8750,-6.11,1446758,426.7406,428.4524,391.2484
2022/08/31,439.5234,9.6889,-2.16,562039,449.6391,454.0776,433.3356
2022/08/30,449.2123,1.3675,+0.31,564956,453.8774,455.8995,439.9501
2022/08/29,447.8448,14.4122,-3.12,539602,457.6695,462.4704,446.4579
2022/08/26,462.2570,36.6706,-7.35,731219,494.0783,497.5407,461.3647
2022/08/25,498.9276,16.7981,+3.48,569759,482.9927,499.1313,482.9927
2022/08/24,482.1295,0.3880,-0.08,270370,485.4562,485.4562,477.5370
2022/08/23,482.5175,5.6931,+1.19,253752,480.5681,487.2082,477.0474
2022/08/22,476.8244,19.4070,-3.91,453478,484.9325,489.6460,475.5830
2022/08/19,496.2314,15.1202,-2.96,319327,503.2047,505.0862,494.7281
2022/08/18,511.3516,6.5369,+1.29,372543,509.1694,518.6547,505.3578
2022/08/17,504.8147,10.5812,-2.05,437468,508.3547,511.6037,495.5234
2022/08/16,515.3959,5.3052,-1.02,361369,518.0630,521.7776,506.5759
2022/08/15,520.7011,8.8549,+1.73,342159,511.5989,522.4759,507.5497
2022/08/12,511.8462,9.4853,+1.89,457849,505.7167,514.9766,502.9380
2022/08/11,502.3609,13.6169,-2.64,432441,519.0523,525.0752,501.6675
2022/08/10,515.9778,20.3186,+4.10,577133,511.4001,518.0339,497.0655
2022/08/09,495.6592,23.7229,-4.57,886977,506.6768,507.9375,487.5414
2022/08/08,519.3821,3.0939,+0.60,605856,514.6346,520.3810,506.1961
2022/08/05,516.2882,1.3287,+0.26,441687,508.9754,519.7894,506.3374
2022/08/04,514.9595,4.6942,+0.92,610205,506.6380,521.7776,505.6779
2022/08/03,510.2653,19.7852,+4.03,743056,495.6592,513.1458,484.1857
2022/08/02,490.4801,42.1116,+9.39,1328620,479.4527,496.5708,467.0675
2022/08/01,448.3685,2.3471,-0.52,826553,447.4860,451.4721,433.8982
2022/07/29,450.7156,4.4711,+1.00,480348,441.9092,455.5019,441.9092
2022/07/28,446.2445,8.8257,+2.02,374927,438.9609,447.8739,427.1673
2022/07/27,437.4188,28.0291,+6.85,530956,420.0582,442.6463,418.7683
2022/07/26,409.3897,7.9238,-1.90,368386,414.5203,416.0139,406.9650
2022/07/25,417.3135,5.9743,-1.41,475039,418.8847,418.8847,401.7859
2022/07/22,423.2878,18.9997,-4.30,464594,434.2085,440.5514,418.7683
2022/07/21,442.2875,13.5199,+3.15,477423,432.0166,444.1787,425.2179
2022/07/20,428.7676,15.3724,+3.72,458623,412.7745,431.8275,411.3900
2022/07/19,413.3952,16.6817,+4.20,449051,401.9896,415.2913,401.9314
2022/07/18,396.7135,1.1736,-0.29,389739,405.1999,411.8822,394.0658
2022/07/15,397.8871,13.8400,+3.60,416323,391.6411,400.0887,386.2196
2022/07/14,384.0471,8.2729,+2.20,309539,375.3765,385.9723,368.0831
2022/07/13,375.7742,2.0174,+0.54,400035,363.5345,378.9800,360.7897
2022/07/12,373.7568,4.1511,-1.10,298981,381.3315,383.0481,368.7766
2022/07/11,377.9079,5.6543,-1.47,360936,378.8680,383.3294,374.9983
2022/07/08,383.5622,8.5251,+2.27,363344,368.7717,383.6592,366.8029
2022/07/07,375.0371,17.0600,+4.77,343726,367.0066,378.5431,367.0066
2022/07/06,357.9771,0.3297,+0.09,394212,360.9740,363.3114,353.7970
2022/07/05,357.6474,3.6952,+1.04,700586,344.9712,358.2196,337.5324
2022/07/01,353.9522,18.5147,-4.97,796924,368.1898,371.0218,345.6114
2022/06/30,372.4669,8.1178,-2.13,562814,374.2709,382.9512,364.6692
2022/06/29,380.5847,3.8503,-1.00,400442,377.4229,382.3110,372.0838
2022/06/28,384.4350,19.0993,-4.73,510571,405.2090,414.8894,383.1863
2022/06/27,403.5343,2.4685,-0.61,432096,414.7055,414.7055,399.0136
2022/06/24,406.0028,19.1283,+4.94,705456,396.1773,407.3290,393.7378
2022/06/23,386.8745,0.7841,-0.20,298525,391.5017,397.4841,380.7662
2022/06/22,387.6586,11.9843,-3.00,441153,389.6140,399.9333,386.6664
2022/06/21,399.6429,13.8236,+3.58,398378,394.1347,403.7376,392.8666
2022/06/17,385.8193,11.0743,+2.96,875347,376.4101,388.1813,369.3822
2022/06/16,374.7450,28.1408,-6.98,568838,390.1368,390.1368,369.0240
2022/06/15,402.8858,8.7414,+2.22,398840,398.7910,412.3338,390.2045
2022/06/14,394.1444,16.9599,+4.50,597007,383.6993,398.0940,381.9859
2022/06/13,377.1845,32.8938,-8.02,672513,394.8124,399.0136,375.9164
2022/06/10,410.0783,19.8059,-4.61,393738,422.7498,425.0440,409.0618
2022/06/09,429.8842,13.3782,-3.02,250960,438.2190,447.5315,429.7680
2022/06/08,443.2624,15.0433,-3.28,324123,450.8857,458.4799,436.8541
2022/06/07,458.3057,7.1054,+1.57,271319,443.9981,460.9508,443.6884
2022/06/06,451.2003,8.3638,+1.89,242277,455.4403,459.8158,441.6458
2022/06/03,442.8365,14.3656,-3.14,501687,441.8007,445.6341,434.9277
2022/06/02,457.2021,23.2812,+5.37,365136,429.1582,457.9185,426.7575
2022/06/01,433.9209,2.0716,-0.48,478327,440.9585,442.3912,427.4738
2022/05/31,435.9925,5.2855,-1.20,708334,440.9972,443.3592,426.0538
2022/05/27,441.2780,33.0874,+8.11,563268,415.6541,444.0756,415.6541
2022/05/26,408.1906,19.4188,+4.99,418326,388.4814,411.6465,384.5803
2022/05/25,388.7718,12.7490,+3.39,382822,372.2378,395.1415,372.2378
2022/05/24,376.0228,29.3411,-7.24,607688,397.6293,397.6293,374.9774
2022/05/23,405.3639,0.6098,+0.15,307305,401.2498,406.5740,397.7552
2022/05/20,404.7541,1.3843,+0.34,586652,414.9475,416.1710,382.8959
2022/05/19,403.3698,5.1596,+1.30,425348,397.1647,416.2930,390.7853
2022/05/18,398.2102,30.7253,-7.16,626063,420.1748,433.1707,394.2025
2022/05/17,428.9355,25.2656,+6.26,541541,414.5893,429.1775,414.5796
2022/05/16,403.6699,14.2010,-3.40,367303,411.8498,418.5873,402.7309
2022/05/13,417.8709,41.8674,+11.13,510675,387.9490,420.7363,385.2772
2022/05/12,376.0035,1.6554,+0.44,688089,370.3018,382.9540,364.0967
2022/05/11,374.3481,25.2464,-6.32,613483,395.0253,409.0667,373.3753
2022/05/10,399.5945,5.8567,+1.49,695846,406.4384,409.2264,385.8097
2022/05/09,393.7378,36.9789,-8.59,619842,421.0945,423.3403,390.2626
2022/05/06,430.7167,6.8150,-1.56,379915,432.2269,440.2615,412.4693
2022/05/05,437.5317,26.3402,-5.68,612707,456.2825,457.8507,429.3615
2022/05/04,463.8719,21.0160,+4.75,681487,438.6740,466.8728,422.1113
2022/05/03,442.8559,45.1201,+11.34,1271907,430.7748,447.3766,413.0888
2022/05/02,397.7358,18.0344,+4.75,673631,380.2725,402.3437,377.9057
2022/04/29,379.7014,19.6026,-4.91,614610,390.6401,401.6564,377.6298
2022/04/28,399.3040,19.4671,+5.13,612046,388.1620,404.6103,377.8960
2022/04/27,379.8369,1.9264,-0.50,391553,378.9463,392.3003,377.1458
2022/04/26,381.7633,24.9752,-6.14,449494,397.4938,399.7977,381.2309
2022/04/25,406.7385,15.4498,+3.95,418422,387.2133,407.8321,385.4224
2022/04/22,391.2887,10.9872,-2.73,291060,401.8306,405.7995,390.3207
2022/04/21,402.2759,16.0984,-3.85,333463,423.2048,429.8068,399.3428
2022/04/20,418.3743,5.0919,-1.20,254566,428.7807,433.0013,415.1604
2022/04/19,423.4662,11.1615,+2.71,378594,409.9330,424.5068,406.5293
2022/04/18,412.3047,16.0112,+4.04,456141,394.6865,415.7218,394.6865
2022/04/14,396.2935,10.9000,-2.68,403298,405.8576,408.2390,396.2741
2022/04/13,407.1935,18.9734,+4.89,508988,390.0593,409.4248,387.5134
2022/04/12,388.2201,4.7724,+1.24,428080,393.9218,397.5616,384.9287
2022/04/11,383.4477,14.9851,-3.76,570714,393.9799,394.0089,380.2919
2022/04/08,398.4328,23.9298,-5.67,510957,416.3414,416.6028,397.5132
2022/04/07,422.3626,4.8983,+1.17,451669,416.0801,426.7284,408.3648
2022/04/06,417.4643,7.8702,-1.85,740346,419.1197,425.0924,408.0067
2022/04/05,425.3345,34.0263,-7.41,716476,453.6397,456.5051,424.1399
2022/04/04,459.3608,10.5806,+2.36,395976,452.4007,464.0751,449.1771
2022/04/01,448.7802,21.3742,-4.55,656374,469.7381,474.2008,441.3651
2022/03/31,470.1544,2.6330,-0.56,479060,479.9703,483.0486,469.3800
2022/03/30,472.7874,22.3229,-4.51,498275,494.0067,495.6330,470.4932
2022/03/29,495.1103,12.3630,+2.56,408866,488.3633,497.5172,480.2969
2022/03/28,482.7473,7.6363,+1.61,279250,470.6549,482.7859,464.9519
2022/03/25,475.1110,2.9965,-0.63,359633,477.0926,479.9344,464.1013
2022/03/24,478.1075,29.8684,+6.66,516614,451.4289,479.2481,448.9447
2022/03/23,448.2391,6.2153,-1.37,439508,449.2057,467.5424,444.0108
2022/03/22,454.4544,5.5290,+1.23,513566,450.7716,465.0195,446.3059
2022/03/21,448.9254,5.2680,-1.16,609570,446.4025,455.1021,437.7900
2022/03/18,454.1934,18.0177,+4.13,1194448,435.1608,456.4360,428.4863
2022/03/17,436.1757,10.2074,+2.40,449191,420.5649,438.5053,418.1967
2022/03/16,425.9683,18.2304,+4.47,563662,414.3785,429.2451,404.2387
2022/03/15,407.7379,35.5811,+9.56,832752,372.4274,409.5068,371.2765
2022/03/14,372.1568,10.3717,-2.71,564907,384.8871,392.1174,370.4652
2022/03/11,382.5285,12.8754,-3.26,243406,405.0024,409.3666,381.9292
2022/03/10,395.4039,8.7962,-2.18,269354,392.6297,398.0717,386.2694
2022/03/09,404.2001,22.9282,+6.01,448788,394.5532,408.6997,390.2711
2022/03/08,381.2719,12.5080,+3.39,509577,372.2824,393.2870,361.1180
2022/03/07,368.7639,31.2024,-7.80,720815,402.6052,405.6210,368.6866
2022/03/04,399.9663,15.6785,-3.77,469131,411.6527,413.5956,393.7510
2022/03/03,415.6448,22.6671,-5.17,529114,440.4192,440.4192,415.4322
2022/03/02,438.3119,16.2874,+3.86,388789,426.5192,443.8990,426.5192
2022/03/01,422.0245,21.3622,-4.82,572585,439.9842,445.2619,417.7424
2022/02/28,443.3867,2.6485,-0.59,407884,442.1784,445.1653,431.5746
2022/02/25,446.0352,6.0897,+1.38,363404,438.1186,447.2918,430.0957
2022/02/24,439.9455,22.9378,+5.50,568735,401.7642,440.4143,398.6614
2022/02/23,417.0077,18.0758,-4.15,453661,439.9649,444.1793,414.8232
2022/02/22,435.0835,6.9982,-1.58,294745,436.5527,449.1574,429.5834
2022/02/18,442.0817,4.3788,-0.98,544106,447.8041,451.1679,433.5804
2022/02/17,446.4605,24.8324,-5.27,472781,460.1768,474.4150,445.1701
2022/02/16,471.2929,8.0229,+1.73,524818,456.0300,472.9651,447.5625
2022/02/15,463.2700,44.4160,+10.60,1012222,426.9252,466.3390,426.9252
2022/02/14,418.8540,8.7286,+2.13,773012,406.6456,424.5087,397.1534
2022/02/11,410.1254,16.4324,+4.17,1594386,425.9683,451.5797,406.4813
2022/02/10,393.6930,15.0018,-3.67,553445,397.3564,412.1940,391.3248
2022/02/09,408.6948,16.6354,+4.24,376488,397.2308,410.4251,394.2439
2022/02/08,392.0594,8.3612,+2.18,435479,383.8431,393.2966,379.8655
2022/02/07,383.6982,3.0641,-0.79,328205,387.7386,396.7873,379.5997
2022/02/04,386.7623,6.7276,+1.77,299664,377.6181,390.6675,374.0127
2022/02/03,380.0347,20.6276,-5.15,519840,385.4284,396.6315,378.6138
2022/02/02,400.6623,7.8876,+2.01,515991,397.2791,402.7791,395.0849
2022/02/01,392.7747,3.2962,+0.85,399084,392.9873,395.6939,378.3044
2022/01/31,389.4785,30.9704,+8.64,556630,363.2639,390.6868,363.2639
2022/01/28,358.5081,9.4438,+2.71,644620,350.7366,358.6628,339.4851
2022/01/27,349.0643,16.5195,-4.52,512113,371.3738,374.4670,347.6627
2022/01/26,365.5838,3.2285,+0.89,767645,372.9687,381.5716,358.2375
2022/01/25,362.3553,26.2436,-6.75,604024,376.7579,382.0452,360.0306
2022/01/24,388.5989,4.4368,+1.15,778609,378.2174,388.9952,360.4510
2022/01/21,384.1621,6.5054,-1.67,631564,386.1244,405.5147,383.0699
2022/01/20,390.6675,9.4825,-2.37,470466,405.1667,410.8601,390.5611
2022/01/19,400.1500,2.3005,-0.57,566076,406.2783,413.6632,397.4724
2022/01/18,402.4505,21.1012,-4.98,376254,414.3785,416.5172,402.0155
2022/01/14,423.5517,4.4174,+1.05,478509,413.7599,425.3110,412.9576
2022/01/13,419.1343,14.7892,-3.41,320309,438.0993,440.5255,418.5640
2022/01/12,433.9235,3.4798,-0.80,372026,442.6714,448.2476,430.1150
2022/01/11,437.4033,3.0738,+0.71,463605,437.3357,439.5299,423.3584
2022/01/10,434.3295,4.4851,+1.04,456568,423.3777,435.2574,411.9523
2022/01/07,429.8444,20.2216,-4.49,425408,448.9447,454.1258,429.3611
2022/01/06,450.0660,4.9104,+1.10,401050,445.0589,453.0238,434.4068
2022/01/05,445.1556,29.6944,-6.25,490063,471.1672,472.5205,445.0396
2022/01/04,474.8500,3.4798,-0.73,339780,482.5815,487.3362,459.3262
2022/01/03,478.3298,1.4692,+0.31,311235,475.3720,480.4081,469.7753
2021/12/31,476.8606,1.7689,+0.37,172080,475.4300,481.4037,474.2314
2021/12/30,475.0917,6.0123,-1.25,181124,483.7816,484.1875,474.0864
2021/12/29,481.1040,0.2317,+0.05,152920,481.5868,485.7479,479.0862
2021/12/28,480.8723,12.5606,-2.55,163401,495.9044,495.9044,480.3606
2021/12/27,493.4329,14.9549,+3.13,201492,482.6874,495.7403,482.1081
2021/12/23,478.4780,2.7033,+0.57,244490,475.0024,478.7001,474.6258
2021/12/22,475.7747,7.0960,+1.51,215433,467.9160,477.2036,466.8443
2021/12/21,468.6787,7.6947,+1.67,269612,467.9546,471.0908,458.2614
2021/12/20,460.9840,5.3197,-1.14,412743,457.9621,467.1050,455.3458
2021/12/17,466.3037,7.2313,+1.58,762384,461.7564,473.4046,454.5444
2021/12/16,459.0724,14.3852,-3.04,448442,474.5776,478.1980,454.3900
2021/12/15,473.4576,12.0488,+2.61,544161,463.8031,474.3169,450.1227
2021/12/14,461.4088,2.0178,-0.44,533119,461.5440,465.6568,452.0343
2021/12/13,463.4266,22.5916,-4.65,720424,490.6475,495.3734,463.1659
2021/12/10,486.0182,11.7592,-2.36,523456,504.9507,512.3557,481.5235
2021/12/09,497.7774,22.6109,-4.35,468185,518.2836,529.5408,495.5375
2021/12/08,520.3883,0.2221,+0.04,235168,517.1926,525.3990,510.0145
2021/12/07,520.1662,27.5733,+5.60,406534,505.2596,522.9660,504.8155
2021/12/06,492.5929,33.2116,-6.32,612180,526.1424,526.1424,480.2448
2021/12/03,525.8045,9.5000,-1.77,208100,539.8614,545.3259,515.8169
2021/12/02,535.3045,0.7144,-0.13,274325,533.6729,542.6226,528.0926
2021/12/01,536.0189,1.6798,+0.31,314017,543.8874,553.7833,534.8604
2021/11/30,534.3391,10.4848,-1.92,411636,542.9702,543.0571,524.1728
2021/11/29,544.8239,28.2878,+5.48,304470,525.9879,546.7355,523.5743
2021/11/26,516.5361,16.9534,-3.18,202089,526.7120,537.1196,512.4136
2021/11/24,533.4895,6.5072,+1.23,279429,519.7511,533.8177,513.0026
2021/11/23,526.9823,11.6047,-2.15,314602,544.5391,544.5391,520.6103
2021/11/22,538.5870,12.2902,-2.23,248119,552.5378,559.9621,538.0367
2021/11/19,550.8772,9.3069,+1.72,277489,541.1262,553.1267,540.4842
2021/11/18,541.5703,2.5102,-0.46,231388,548.8112,549.4098,537.7761
2021/11/17,544.0805,11.9909,-2.16,252708,556.2838,556.2838,541.7730
2021/11/16,556.0714,12.5606,+2.31,230610,541.9275,556.7762,540.8945
2021/11/15,543.5108,1.1488,+0.21,204562,545.4804,545.4804,536.9240
2021/11/12,542.3620,6.9320,+1.29,257187,536.7913,543.8294,527.7836
2021/11/11,535.4300,16.4030,+3.16,200197,524.9452,536.5982,521.6627
2021/11/10,519.0270,15.3217,-2.87,217266,528.4498,533.2964,514.5859
2021/11/09,534.3487,4.9431,+0.93,307765,530.9214,535.4976,521.3730
2021/11/08,529.4056,1.9985,+0.38,253687,531.8289,537.4478,525.5824
2021/11/05,527.4071,10.8227,+2.10,387284,521.3441,530.3807,516.5168
2021/11/04,516.5844,3.8521,-0.74,725941,523.8060,528.6139,511.2261
2021/11/03,520.4365,2.9735,+0.57,275773,520.3786,522.5509,512.4426
2021/11/02,517.4630,6.4686,+1.27,329651,510.9848,518.0567,503.0777
2021/11/01,510.9944,3.6880,+0.73,408639,509.0828,516.5072,500.7365
2021/10/29,507.3064,23.4122,-4.41,649182,494.6590,508.9380,482.7839
2021/10/28,530.7186,23.8563,+4.71,447542,510.6565,532.4468,503.0922
2021/10/27,506.8623,1.6220,+0.32,311804,503.4832,514.0163,502.5081
2021/10/26,505.2403,0.4924,+0.10,188596,505.6072,511.1875,502.2860
2021/10/25,504.7479,11.4502,+2.32,235815,494.9196,507.7602,491.6323
2021/10/22,493.2977,6.3237,-1.27,328194,501.5233,507.9146,493.1625
2021/10/21,499.6214,15.9589,+3.30,275029,483.8073,499.8917,483.1701
2021/10/20,483.6625,4.7307,+0.99,220152,477.8891,484.3190,477.4257
2021/10/19,478.9318,5.5514,+1.17,178455,475.0989,480.0324,473.8245
2021/10/18,473.3804,8.9594,+1.93,284550,462.5963,476.3926,461.5826
2021/10/15,464.4210,0.9461,+0.20,239779,466.3616,470.8858,463.7645
2021/10/14,463.4749,13.6032,+3.02,230758,456.5236,463.5425,456.5236
2021/10/13,449.8717,4.1322,+0.93,257580,451.1750,453.2507,445.7524
2021/10/12,445.7395,0.8303,+0.19,252317,448.8000,450.1251,443.2487
2021/10/11,444.9092,7.6175,-1.68,193528,449.1958,456.6202,444.2817
2021/10/08,452.5267,3.3597,-0.74,269488,456.8326,459.6072,451.1557
2021/10/07,455.8864,5.1941,+1.15,229851,456.5333,462.4708,455.5485
2021/10/06,450.6923,2.5971,-0.57,258462,447.8249,453.4728,444.3396
2021/10/05,453.2894,5.3100,+1.19,607688,452.3529,454.7182,445.5947
2021/10/04,447.9794,18.4111,-3.95,411977,463.4169,466.1099,445.2859
2021/10/01,466.3905,1.5448,-0.33,397569,470.3972,473.1899,451.5322
2021/09/30,467.9353,0.0676,+0.01,378596,474.3845,477.0105,467.2305
2021/09/29,467.8677,4.8079,-1.02,352466,475.4948,479.8415,465.9320
2021/09/28,472.6756,18.2730,-3.72,388808,480.8816,482.6655,470.0528
2021/09/27,490.9486,8.4662,-1.70,187710,494.7671,497.6888,487.3615
2021/09/24,499.4148,0.1639,+0.03,208726,500.0706,502.7705,493.9089
2021/09/23,499.2509,9.4691,+1.93,388232,489.7818,503.0309,486.1947
2021/09/22,489.7818,14.7148,+3.10,351851,478.0755,490.3121,475.6070
2021/09/21,475.0670,3.9053,+0.83,340498,474.6235,478.2298,468.2207
2021/09/20,471.1617,8.5820,-1.79,518756,469.6382,472.4442,463.0136
2021/09/17,479.7437,1.2632,-0.26,841381,478.3648,485.4715,471.1810
2021/09/16,481.0069,2.7385,+0.57,427031,473.5338,482.8680,473.0903
2021/09/15,478.2684,0.5111,+0.11,407426,477.9213,479.6709,472.4249
2021/09/14,477.7573,5.8627,+1.24,294366,474.3053,479.3677,469.4260
2021/09/13,471.8946,4.4742,-0.94,311524,479.3677,479.7740,465.2315
2021/09/10,476.3688,5.4867,+1.17,316016,476.3399,487.0915,472.6708
2021/09/09,470.8821,3.5967,-0.76,454760,475.1442,477.5789,470.2553
2021/09/08,474.4788,5.1107,-1.07,289786,477.7573,478.7698,471.4799
2021/09/07,479.5895,4.5995,-0.95,320350,483.2248,487.7472,477.9695
2021/09/03,484.1890,3.9680,+0.83,253016,480.0330,485.7752,478.8084
2021/09/02,480.2210,1.8562,+0.39,308193,482.0387,486.0211,479.2327
2021/09/01,478.3648,1.1185,+0.23,265705,480.6984,483.6297,476.5134
2021/08/31,477.2463,7.7238,-1.59,404642,486.0983,486.0983,475.2792
2021/08/30,484.9701,7.6949,+1.61,242541,480.6501,486.5177,474.9754
2021/08/27,477.2752,7.4634,+1.59,290439,469.5128,479.0591,467.6036
2021/08/26,469.8118,3.8089,+0.82,409370,465.3568,473.2542,463.9442
2021/08/25,466.0029,1.9864,-0.42,366833,467.7771,473.4373,459.6291
2021/08/24,467.9893,0.1447,+0.03,249086,469.7539,473.7749,467.2082
2021/08/23,467.8446,8.6880,+1.89,402674,461.2780,469.2824,461.0658
2021/08/20,459.1566,8.6303,+1.92,369688,452.4742,460.5644,450.8638
2021/08/19,450.5263,8.9773,+2.03,285014,436.9687,455.4634,436.3419
2021/08/18,441.5490,5.0528,+1.16,348848,436.6409,446.4186,432.9573
2021/08/17,436.4962,5.6506,-1.28,344759,437.6244,439.0805,427.4706
2021/08/16,442.1468,6.0942,-1.36,274977,445.5893,448.3953,437.9233
2021/08/13,448.2410,2.4203,+0.54,174796,444.3357,451.3653,443.9568
2021/08/12,445.8207,2.9989,+0.68,280082,439.7844,446.7753,434.3170
2021/08/11,442.8218,0.8196,+0.19,194456,443.0340,444.3068,434.7220
2021/08/10,442.0022,1.3403,-0.30,265057,446.3993,446.3993,436.8048
2021/08/09,443.3425,1.9479,-0.44,211018,445.2904,447.7685,438.1451
2021/08/06,445.2904,1.6296,-0.36,226545,442.0022,446.2450,439.2540
2021/08/05,446.9200,2.8446,-0.63,375803,450.6710,453.9206,443.1979
2021/08/04,449.7646,9.5367,+2.17,239833,441.4911,453.5300,441.4911
2021/08/03,440.2279,2.0056,+0.46,297868,440.4979,443.5643,430.9227
2021/08/02,438.2223,5.0142,+1.16,516313,435.6959,441.2501,434.3652
2021/07/30,433.2081,8.8713,+2.09,479365,420.0554,434.8666,418.4885
2021/07/29,424.3368,8.7363,+2.10,828134,413.8841,425.2239,412.6884
2021/07/28,415.6005,22.8918,+5.83,603268,395.3508,416.5744,390.6548
2021/07/27,392.7087,5.4771,-1.38,534723,396.6911,396.6911,381.3592
2021/07/26,398.1858,1.2728,-0.32,347543,396.5754,402.3996,394.7915
2021/07/23,399.4586,8.9291,+2.29,303266,392.5833,400.9918,390.0377
2021/07/22,390.5295,0.2892,-0.07,323305,389.4109,392.7183,385.3802
2021/07/21,390.8187,12.4776,+3.30,331107,378.5339,391.0598,378.3748
2021/07/20,378.3411,11.2048,+3.05,382127,369.0937,380.2600,366.3214
2021/07/19,367.1363,1.2343,+0.34,397786,360.9071,367.7148,356.8620
2021/07/16,365.9020,0.0482,-0.01,883744,367.4930,370.3907,365.1089
2021/07/15,365.9502,3.2400,-0.88,549109,368.9973,369.0744,360.2128
2021/07/14,369.1902,4.4163,-1.18,593804,376.3740,382.1596,367.7052
2021/07/13,373.6065,0.4821,+0.13,340928,370.9258,374.8601,368.2934
2021/07/12,373.1244,4.1946,+1.14,352942,371.8708,373.4908,367.5316
2021/07/09,368.9298,9.2570,+2.57,282163,360.5985,369.6626,356.9825
2021/07/08,359.6728,3.7799,-1.04,367095,357.1753,360.0971,350.4640
2021/07/07,363.4527,6.3064,-1.71,456638,373.4329,373.4329,358.2216
2021/07/06,369.7591,6.8946,+1.90,561361,362.9803,370.4244,361.6785
2021/07/02,362.8645,5.9109,+1.66,231646,360.6756,363.2019,358.4482
2021/07/01,356.9536,3.1531,-0.88,390505,362.7730,362.7730,354.9768
2021/06/30,360.1067,3.8089,-1.05,242734,363.6552,365.0727,358.4578
2021/06/29,363.9156,3.3942,+0.94,248310,360.4924,365.1691,356.5004
2021/06/28,360.5214,8.4720,+2.41,310345,353.9459,363.5251,353.9459
2021/06/25,352.0494,6.0941,+1.76,538925,348.6606,353.9171,345.4836
2021/06/24,345.9553,8.9244,+2.65,206077,340.3908,346.7833,339.1777
2021/06/23,337.0309,3.5043,-1.03,509751,340.5448,341.7964,336.7420
2021/06/22,340.5352,0.3754,-0.11,221787,340.5352,341.9985,336.5206
2021/06/21,340.9106,0.1444,+0.04,245918,340.0057,342.0659,336.4051
2021/06/18,340.7662,2.0410,-0.60,650120,339.6206,343.8181,337.0212
2021/06/17,342.8072,11.9378,+3.61,382134,330.1185,345.5510,330.1185
2021/06/16,330.8694,1.6655,-0.50,291273,332.5253,335.8852,327.7791
2021/06/15,332.5349,6.1422,-1.81,205043,337.0886,338.9467,331.7551
2021/06/14,338.6771,4.4574,+1.33,264352,335.2017,339.8805,332.6505
2021/06/11,334.2197,3.6198,+1.09,229245,332.0151,334.7011,328.2219
2021/06/10,330.5999,2.7823,+0.85,242569,328.5781,332.6505,326.5853
2021/06/09,327.8176,1.7811,+0.55,191920,328.2412,332.1210,324.5491
2021/06/08,326.0365,3.8317,-1.16,230709,334.3352,334.6529,323.4998
2021/06/07,329.8682,4.2264,-1.27,234455,330.2629,331.9958,327.0955
2021/06/04,334.0946,10.6767,+3.30,278061,326.3639,334.5567,326.3639
2021/06/03,323.4179,7.4034,-2.24,348647,326.7297,329.3676,321.0111
2021/06/02,330.8213,1.1457,+0.35,379189,329.7912,332.7756,326.7595
2021/06/01,329.6756,0.6547,-0.20,289591,332.5734,337.8299,326.6527
2021/05/28,330.3303,0.5295,+0.16,262640,332.3520,333.9405,329.2232
2021/05/27,329.8008,3.4080,+1.04,497518,323.5816,333.2955,321.7524
2021/05/26,326.3928,7.3938,+2.32,436432,321.2422,326.9896,319.3263
2021/05/25,318.9990,1.3959,+0.44,264941,319.6248,322.3112,317.0736
2021/05/24,317.6031,5.2565,+1.68,271409,314.2239,319.6248,314.2239
2021/05/21,312.3466,7.2493,-2.27,442010,320.2602,321.8102,310.3297
2021/05/20,319.5959,11.7164,+3.81,413697,311.5379,321.7235,308.0817
2021/05/19,307.8795,10.0123,+3.36,444773,291.7058,309.2060,290.2906
2021/05/18,297.8672,2.7919,-0.93,339428,303.5280,306.8879,297.6987
2021/05/17,300.6591,4.0627,-1.33,396868,300.2836,303.0755,294.3918
2021/05/14,304.7218,9.8102,+3.33,480091,299.0321,307.5763,297.7902
2021/05/13,294.9116,0.2214,+0.08,538096,300.9479,308.4090,292.6107
2021/05/12,294.6902,13.7766,-4.47,446527,302.7386,304.9432,294.1318
2021/05/11,308.4668,1.3960,-0.45,635056,302.3920,313.1071,298.4545
2021/05/10,309.8628,20.1498,-6.11,505179,324.5925,328.1497,307.7063
2021/05/07,330.0126,9.0592,+2.82,306958,327.1244,331.5433,323.6201
2021/05/06,320.9534,4.2745,-1.31,369581,320.6260,322.8547,314.1469
2021/05/05,325.2279,3.5621,+1.11,529867,332.1402,336.2703,324.0726
2021/05/04,321.6658,15.5576,-4.61,514156,330.7732,332.5783,317.9689
2021/05/03,337.2234,10.6863,-3.07,562318,348.7472,351.7702,336.3184
2021/04/30,347.9097,9.3673,-2.62,340382,351.7028,358.3649,345.4451
2021/04/29,357.2770,6.1710,-1.70,301870,367.3567,370.4952,354.4369
2021/04/28,363.4480,7.2012,-1.94,267591,367.9440,367.9440,361.4363
2021/04/27,370.6492,4.3612,-1.16,202616,379.2175,381.1285,369.0607
2021/04/26,375.0104,8.4142,+2.30,288631,366.1148,376.5219,365.2002
2021/04/23,366.5962,8.2891,+2.31,432315,364.9932,372.6998,363.1881
2021/04/22,358.3071,5.1891,-1.43,246398,362.7934,365.7393,355.8907
2021/04/21,363.4962,12.7946,+3.65,243999,349.3249,363.7850,348.6221
2021/04/20,350.7016,5.1217,-1.44,276872,356.7764,357.5562,348.4488
2021/04/19,355.8233,8.6837,-2.38,248188,362.9763,365.0751,349.2382
2021/04/16,364.5070,2.8401,-0.77,334481,367.8766,372.1126,361.3830
2021/04/15,367.3471,11.2158,+3.15,246127,360.6754,369.3399,360.3673
2021/04/14,356.1313,6.3540,-1.75,261670,361.0220,368.7238,355.3419
2021/04/13,362.4853,2.5031,+0.70,200113,360.9931,365.0943,357.4599
2021/04/12,359.9822,2.8401,-0.78,294076,361.4167,363.4288,353.8882
2021/04/09,362.8223,1.4441,-0.40,304865,360.5695,363.8909,354.5621
2021/04/08,364.2664,5.0543,+1.41,366461,365.0751,368.9067,360.2422
2021/04/07,359.2121,1.3670,-0.38,327074,357.6043,364.5648,356.7764
2021/04/06,360.5791,3.4081,-0.94,505387,362.5623,368.8586,358.5718
2021/04/05,363.9872,10.1664,+2.87,392625,359.9341,364.8247,354.1385
2021/04/01,353.8208,13.7766,+4.05,527219,345.4162,354.3214,344.2994
2021/03/31,340.0442,10.2241,+3.10,444586,332.5734,343.7988,332.5734
2021/03/30,329.8201,2.5513,+0.78,374472,325.4011,331.9766,321.4732
2021/03/29,327.2688,10.0236,-2.97,558703,336.6869,337.1626,322.9058
2021/03/26,337.2924,18.6344,+5.85,402629,304.9730,337.5038,304.9730
2021/03/25,318.6580,0.5670,+0.18,282277,313.9297,319.9218,305.5640
2021/03/24,318.0910,5.4875,-1.70,265354,325.5294,325.7408,317.9757
2021/03/23,323.5785,11.0903,-3.31,465060,334.7649,336.2641,320.4984
2021/03/22,334.6688,4.8629,+1.47,426876,334.1017,342.0495,330.3730
2021/03/19,329.8059,7.1308,+2.21,1196562,329.1621,336.1583,323.7130
2021/03/18,322.6751,15.7993,-4.67,527258,331.7472,336.7974,322.5117
2021/03/17,338.4744,9.1778,+2.79,722180,322.3964,342.8375,317.9084
2021/03/16,329.2966,0.9706,+0.30,273064,333.9037,338.1957,327.1016
2021/03/15,328.3260,10.2254,+3.21,354469,319.5325,328.9410,317.6105
2021/03/12,318.1006,6.3428,-1.95,444153,317.6970,320.3014,312.3729
2021/03/11,324.4434,13.6370,+4.39,594222,326.4039,331.2955,323.0643
2021/03/10,310.8064,0.4325,-0.14,595420,317.7498,321.3297,310.1625
2021/03/09,311.2389,20.9601,+7.22,1097348,302.5608,321.0029,300.9270
2021/03/08,290.2788,29.6574,-9.27,752346,317.1876,320.6473,289.7599
2021/03/05,319.9362,4.7475,+1.51,685858,321.3297,325.2795,297.0733
2021/03/04,315.1887,25.7940,-7.56,841578,336.8887,338.4168,313.2570
2021/03/03,340.9827,15.1554,-4.26,382414,355.8594,358.8290,340.5983
2021/03/02,356.1381,17.7502,-4.75,369126,375.2242,375.2242,354.8984
2021/03/01,373.8883,13.9637,+3.88,462976,366.1040,376.5023,364.2588
2021/02/26,359.9246,11.4651,+3.29,466468,354.0527,362.5386,349.9491
2021/02/25,348.4595,24.2852,-6.52,392937,366.8344,371.1879,346.6240
2021/02/24,372.7447,15.5686,+4.36,456730,355.8787,373.2829,349.8081
2021/02/23,357.1761,0.9610,-0.27,552724,345.1055,361.3469,337.9459
2021/02/22,358.1371,20.2681,-5.36,526977,369.1697,373.8114,356.2054
2021/02/19,378.4052,17.1736,+4.75,489719,365.1238,379.1260,363.4227
2021/02/18,361.2316,4.2285,-1.16,329832,361.0971,363.0191,353.1301
2021/02/17,365.4601,7.3807,-1.98,401052,369.9555,369.9555,357.3587
2021/02/16,372.8408,1.9605,+0.53,512456,372.6294,383.3449,371.2936
2021/02/12,370.8803,1.2061,+0.33,439077,369.5061,373.6961,362.6059
2021/02/11,369.6742,10.4992,+2.92,10409186,365.0277,370.9572,356.5610
2021/02/10,359.1750,5.2088,-1.43,683791,365.1622,368.7516,356.1285
2021/02/09,364.3838,10.1293,+2.86,1136539,352.7649,367.9204,350.7852
2021/02/08,354.2545,8.7549,+2.53,572210,349.8146,355.9523,344.9133
2021/02/05,345.4996,7.7747,-2.20,806956,372.9754,377.1943,343.0874
2021/02/04,353.2743,1.5184,+0.43,530881,354.8215,358.2428,346.6143
2021/02/03,351.7559,8.2167,-2.28,370524,360.9048,364.7057,349.7463
2021/02/02,359.9726,6.3812,+1.80,301632,359.8862,363.5180,353.6587
2021/02/01,353.5914,12.1474,+3.56,294637,349.3148,354.3314,344.7569
2021/01/29,341.4440,12.1955,-3.45,452607,361.9908,361.9908,341.1461
2021/01/28,353.6395,15.5975,+4.61,388761,347.1621,357.7453,340.9539
2021/01/27,338.0420,30.2724,-8.22,545281,360.4051,362.5866,337.3212
2021/01/26,368.3144,7.7555,-2.06,276849,376.0026,376.4543,366.1471
2021/01/25,376.0699,5.3721,-1.41,203516,389.5147,390.8986,368.5450
2021/01/22,381.4420,6.0257,-1.56,171169,383.2584,390.4949,378.2418
2021/01/21,387.4677,6.4966,+1.71,216432,385.3726,388.5537,379.6257
2021/01/20,380.9711,4.9012,+1.30,293558,380.8846,385.5360,378.9049
2021/01/19,376.0699,11.6189,+3.19,433086,371.2263,379.8467,368.3336
2021/01/15,364.4510,6.6984,-1.80,496328,371.7260,371.9903,360.7030
2021/01/14,371.1494,1.9413,-0.52,289317,374.7341,378.3490,370.1115
2021/01/13,373.0907,3.1714,-0.84,224988,375.9930,380.7501,372.6967
2021/01/12,376.2621,0.9034,-0.24,344284,381.9033,381.9033,371.0437
2021/01/11,377.1655,4.8532,+1.30,549290,369.4484,380.6492,367.5936
2021/01/08,372.3123,5.9200,+1.62,429835,371.8894,377.4345,367.6272
2021/01/07,366.3923,21.7673,+6.32,362207,351.1696,367.3245,350.0020
2021/01/06,344.6250,11.4939,-3.23,658422,349.0457,363.2594,342.9913
2021/01/05,356.1189,5.5163,+1.57,370194,347.4504,356.9358,347.4504
2021/01/04,350.6026,1.3551,-0.39,534794,357.4019,366.9017,347.1525
2020/12/31,351.9577,5.2857,+1.52,288512,349.2187,352.7457,344.9710
2020/12/30,346.6720,8.6877,+2.57,234698,341.3479,348.5056,341.3479
2020/12/29,337.9843,7.9364,-2.29,318532,346.9764,349.8206,334.3472
2020/12/28,345.9207,3.2532,+0.95,284206,348.1472,350.3064,341.5262
2020/12/24,342.6675,3.0518,+0.90,129351,342.4371,344.1454,337.1974
2020/12/23,339.6157,0.1632,-0.05,449273,341.6118,347.2787,337.1014
2020/12/22,339.7789,7.1879,+2.16,594588,333.4547,341.2232,333.1284
2020/12/21,332.5910,1.5930,-0.48,536320,329.5872,335.5084,329.2466
2020/12/18,334.1840,6.4873,+1.98,950574,331.1515,337.0054,326.7370
2020/12/17,327.6967,9.0592,+2.84,449646,320.9503,331.7081,320.7199
2020/12/16,318.6375,0.4511,+0.14,715464,320.1441,320.5616,311.9582
2020/12/15,318.1864,11.6119,+3.79,957349,309.4535,319.1653,307.1023
2020/12/14,306.5745,12.3701,+4.20,713927,298.4173,307.9660,297.9759
2020/12/11,294.2044,0.6718,-0.23,684374,294.0029,301.0948,291.3542
2020/12/10,294.8762,1.2859,-0.43,641571,294.9913,300.8213,293.5230
2020/12/09,296.1621,14.2798,-4.60,486810,308.4842,309.6454,293.5134
2020/12/08,310.4419,1.0076,+0.33,387599,308.8969,312.2213,305.1350
2020/12/07,309.4343,1.0173,+0.33,507856,308.6282,311.5072,306.6608
2020/12/04,308.4170,2.6487,-0.85,692486,310.3556,320.1380,307.5150
2020/12/03,311.0657,3.1765,+1.03,253094,306.3538,314.1750,302.3137
2020/12/02,307.8892,0.9884,+0.32,393351,306.2098,313.7480,301.2963
2020/12/01,306.9008,0.1535,-0.05,408262,309.1944,314.5589,305.0774
2020/11/30,307.0543,7.8501,-2.49,3068494,317.5243,317.5243,296.5364
2020/11/27,314.9044,20.8439,+7.09,487662,300.5766,316.2287,297.3713
2020/11/25,294.0605,1.6603,+0.57,725339,297.3761,298.2638,288.4272
2020/11/24,292.4002,13.6369,-4.46,797293,305.5764,306.5169,289.2333
2020/11/23,306.0371,3.0422,+1.00,398115,304.5592,309.1992,297.3089
2020/11/20,302.9949,3.2724,+1.09,304369,300.5766,307.2942,297.1986
2020/11/19,299.7225,11.7175,+4.07,434025,288.9550,301.2675,288.3313
2020/11/18,288.0050,2.6294,-0.90,240480,290.4809,294.7418,287.7363
2020/11/17,290.6344,3.0230,-1.03,310909,293.7821,294.2812,287.8994
2020/11/16,293.6574,0.9117,-0.31,510358,292.5634,294.9433,284.2623
2020/11/13,294.5691,3.6467,-1.22,383566,302.2176,304.7895,291.0087
2020/11/12,298.2158,6.4202,-2.11,322587,305.9219,306.6879,296.9634
2020/11/11,304.6360,7.3703,+2.48,624883,300.8837,309.0120,300.7109
2020/11/10,297.2657,6.7945,-2.23,591557,301.8721,307.0351,290.2890
2020/11/09,304.0602,38.7128,-11.29,861484,342.4084,343.8383,303.2637
2020/11/06,342.7730,0.5566,+0.16,297492,341.9285,344.2173,333.1860
2020/11/05,342.2164,19.9034,+6.18,759708,328.4452,343.0510,324.6114
2020/11/04,322.3130,20.6040,+6.83,695308,306.6033,325.2496,305.4325
2020/11/03,301.7090,0.8349,-0.28,407722,306.9008,309.4727,300.6917
2020/11/02,302.5439,4.1649,-1.36,357174,312.6971,313.7240,300.4230
2020/10/30,306.7088,0.9308,+0.30,585482,295.2120,307.3710,290.6632
2020/10/29,305.7780,14.2703,+4.90,469629,292.4098,311.2960,292.4098
2020/10/28,291.5077,15.4698,-5.04,310528,300.8933,306.6171,291.3062
2020/10/27,306.9775,2.8118,+0.92,271578,306.4593,308.7049,303.4844
2020/10/26,304.1657,4.3185,-1.40,251801,305.0774,311.3488,298.0335
2020/10/23,308.4842,6.3530,+2.10,243609,303.6091,308.7721,301.4883
2020/10/22,302.1312,3.5027,+1.17,262882,299.3002,305.4325,297.2849
2020/10/21,298.6285,4.5488,-1.50,266462,304.4344,305.8739,298.2926
2020/10/20,303.1773,3.3685,+1.12,247767,300.8837,305.6820,300.4902
2020/10/19,299.8088,2.6871,-0.89,400910,304.9239,309.7270,298.4365
2020/10/16,302.4959,5.4893,-1.78,270713,311.0657,312.0638,301.3443
2020/10/15,307.9852,6.2762,+2.08,283494,296.7091,309.8469,293.7536
2020/10/14,301.7090,1.0460,-0.35,347473,302.7550,305.0198,300.1831
2020/10/13,302.7550,0.6910,-0.23,276818,303.1293,307.1551,301.7474
2020/10/12,303.4460,0.7102,+0.23,324534,306.7472,309.7238,301.5170
2020/10/09,302.7358,11.9574,+4.11,414177,293.3695,305.1446,293.3695
2020/10/08,290.7784,4.4912,+1.57,212732,286.9397,291.4406,285.3371
2020/10/07,286.2872,11.3337,+4.12,361934,281.0090,286.7766,277.8037
2020/10/06,274.9535,3.8482,+1.42,372348,270.2320,280.3181,270.2320
2020/10/05,271.1053,9.7214,+3.72,388098,263.7542,271.3500,262.6458
2020/10/02,261.3839,7.6485,-2.84,264788,263.6487,266.2542,260.7697
2020/10/01,269.0324,0.7006,+0.26,363712,269.5218,273.8211,266.9499
2020/09/30,268.3318,2.8790,+1.08,274407,264.3492,271.4699,264.3492
2020/09/29,265.4528,2.1400,+0.81,197218,262.2572,267.9576,262.2572
2020/09/28,263.3128,9.2918,+3.66,359773,260.6402,263.7534,257.9580
2020/09/25,254.0210,5.3548,+2.15,253584,248.6566,254.7203,244.3652
2020/09/24,248.6662,7.2131,+2.99,288414,239.4893,250.4096,239.4893
2020/09/23,241.4531,7.1077,-2.86,204673,247.5550,247.8663,240.1886
2020/09/22,248.5608,3.3623,+1.37,425207,247.1335,248.8003,240.9262
2020/09/21,245.1985,1.9445,+0.80,390074,238.3111,246.3289,237.4394
2020/09/18,243.2540,1.7530,+0.73,663771,243.4360,244.4897,235.4230
2020/09/17,241.5010,1.7913,+0.75,269534,233.7610,242.4972,233.7610
2020/09/16,239.7097,8.0752,-3.26,315254,249.8540,250.7528,238.7996
2020/09/15,247.7849,10.6041,+4.47,559825,246.3576,257.8048,241.3956
2020/09/14,237.1808,10.1252,+4.46,264665,232.5636,237.9758,232.1804
2020/09/11,227.0556,5.9007,-2.53,413792,232.2571,235.1509,225.7049
2020/09/10,232.9563,3.2282,-1.37,308633,238.0429,239.3457,231.7398
2020/09/09,236.1845,3.7646,+1.62,464243,237.6789,238.8380,233.7035
2020/09/08,232.4199,12.6254,-5.15,359464,235.6673,242.3104,231.7589
2020/09/04,245.0453,6.9736,-2.77,398311,252.1435,254.4616,235.6864
2020/09/03,252.0189,18.9285,-6.99,399187,266.6368,266.6368,250.0648
2020/09/02,270.9474,9.7995,+3.75,303773,264.6922,272.5236,261.5502
2020/09/01,261.1479,5.2590,+2.06,484594,256.7223,261.3586,251.5400
2020/08/31,255.8889,2.2320,-0.86,336775,258.3699,261.7801,254.8544
2020/08/28,258.1209,5.2207,+2.06,180530,253.0056,258.4466,253.0056
2020/08/27,252.9002,5.3069,-2.06,325847,258.8776,258.8776,251.5304
2020/08/26,258.2071,1.9350,-0.74,235925,260.6594,261.2437,255.6207
2020/08/25,260.1421,3.3144,+1.29,240487,257.3641,260.4007,257.3641
2020/08/24,256.8277,4.4447,-1.70,280545,264.1845,264.3282,254.8161
2020/08/21,261.2724,1.8583,+0.72,164030,259.4141,262.0292,257.0097
2020/08/20,259.4141,3.5251,-1.34,284699,260.4199,263.3032,257.9772
2020/08/19,262.9392,0.8717,-0.33,242639,264.5868,267.1301,262.0196
2020/08/18,263.8109,5.7284,-2.13,264316,269.5393,270.5068,263.4469
2020/08/17,269.5393,5.2877,+2.00,215553,267.4702,270.7510,266.6168
2020/08/14,264.2516,3.1228,-1.17,171540,268.3993,269.9608,263.0637
2020/08/13,267.3744,0.8429,-0.31,197633,268.2173,270.5547,265.6215
2020/08/12,268.2173,9.4067,+3.63,231409,261.7705,268.5239,260.0654
2020/08/11,258.8106,1.8775,-0.72,311217,258.2741,263.8013,255.5599
2020/08/10,260.6881,6.3127,-2.36,314843,266.4069,267.4318,259.5961
2020/08/07,267.0008,3.6113,-1.33,235367,270.0661,271.5509,262.4315
2020/08/06,270.6121,4.2723,+1.60,285371,265.6214,270.7079,265.3436
2020/08/05,266.3398,2.3181,+0.88,383291,265.4490,266.5218,259.3566
2020/08/04,264.0217,6.8779,+2.67,297854,256.4924,264.2324,256.4924
2020/08/03,257.1438,3.2857,+1.29,329562,257.3737,261.4434,256.0278
2020/07/31,253.8581,4.5406,-1.76,368156,260.1900,260.4965,249.5283
2020/07/30,258.3987,5.6230,+2.22,352111,250.3905,260.3528,250.3905
2020/07/29,252.7757,15.7099,+6.63,718495,242.1428,253.1690,239.4798
2020/07/28,237.0658,6.1403,-2.52,307465,242.8708,242.9858,236.7401
2020/07/27,243.2061,8.3914,+3.57,317575,238.0812,244.1879,238.0046
2020/07/24,234.8147,0.0671,-0.03,431068,232.9851,239.1349,229.0193
2020/07/23,234.8818,3.8891,-1.63,362256,239.4127,241.6830,232.8893
2020/07/22,238.7709,0.5268,+0.22,277010,239.0295,240.9358,235.6864
2020/07/21,238.2441,3.6879,-1.52,287287,243.3210,244.2501,237.1137
2020/07/20,241.9320,3.0078,+1.26,254188,238.8475,243.0911,238.2632
2020/07/17,238.9242,3.7168,+1.58,189348,236.9988,240.7059,235.2649
2020/07/16,235.2074,1.1304,-0.48,144340,234.7572,236.6443,231.9122
2020/07/15,236.3378,2.6822,-1.12,302882,239.7384,240.6389,231.4524
2020/07/14,239.0200,6.8013,+2.93,342408,231.4141,239.5756,226.7778
2020/07/13,232.2187,5.2590,-2.21,233435,240.6580,244.9303,231.7446
2020/07/10,237.4777,1.5040,-0.63,229042,240.8783,241.0891,234.8482
2020/07/09,238.9817,1.8680,+0.79,450930,239.5660,240.7059,233.8951
2020/07/08,237.1137,3.3814,+1.45,237473,236.4719,238.3207,233.4736
2020/07/07,233.7323,1.7818,+0.77,319818,232.2283,237.4490,231.2369
2020/07/06,231.9505,4.7991,+2.11,305409,231.8068,233.1671,229.7090
2020/07/02,227.1514,1.5136,+0.67,277535,227.5728,230.2454,225.4319
2020/07/01,225.6378,1.3890,-0.61,542735,226.2701,228.4611,222.7066
2020/06/30,227.0268,6.7533,+3.07,383659,220.9153,227.4675,220.3214
2020/06/29,220.2735,4.0233,+1.86,424297,215.1390,220.5226,214.3296
2020/06/26,216.2502,2.2270,-1.02,688051,219.2706,221.5263,212.7233
2020/06/25,218.4772,8.2676,+3.93,351297,211.5381,218.6684,206.3864
2020/06/24,210.2096,6.2222,-2.87,302393,215.8775,217.3016,208.2884
2020/06/23,216.4318,0.2103,-0.10,310618,218.8596,223.4482,215.6672
2020/06/22,216.6421,4.6070,+2.17,330194,214.5393,216.7950,211.0411
2020/06/19,212.0351,1.1088,-0.52,622520,215.9635,215.9922,209.3541
2020/06/18,213.1439,2.2079,-1.03,243516,215.7150,216.9384,212.9909
2020/06/17,215.3518,1.8256,+0.85,397131,216.0973,217.9133,212.7329
2020/06/16,213.5262,3.4218,+1.63,365801,215.4569,219.3375,211.3709
2020/06/15,210.1044,5.5627,+2.72,432741,200.5560,210.9933,199.3516
2020/06/12,204.5417,2.8675,+1.42,401487,206.7018,209.3207,199.3230
2020/06/11,201.6742,18.0169,-8.20,458725,213.3446,214.0137,201.5787
2020/06/10,219.6911,3.1828,+1.47,261899,217.6553,222.6637,217.0770
2020/06/09,216.5083,2.9821,-1.36,299386,216.5848,218.3243,214.2574
2020/06/08,219.4904,5.2665,-2.34,334167,226.5538,226.5538,217.9993
2020/06/05,224.7569,5.8017,+2.65,591027,222.2527,228.3794,222.2527
2020/06/04,218.9552,1.5962,+0.73,354219,214.9408,219.4522,214.9408
2020/06/03,217.3590,7.5891,+3.62,415120,211.8535,219.1702,211.8249
2020/06/02,209.7699,5.8113,+2.85,279475,204.1880,210.0280,201.6742
2020/06/01,203.9586,3.4791,+1.74,284317,199.2274,205.4114,198.6491
2020/05/29,200.4795,4.3967,+2.24,299204,198.2525,201.6169,195.3277
2020/05/28,196.0828,4.4063,-2.20,310828,201.5404,205.2681,194.7256
2020/05/27,200.4891,4.6548,+2.38,332504,197.6312,201.2346,193.0816
2020/05/26,195.8343,2.5902,+1.34,353219,199.0840,200.4853,194.9836
2020/05/22,193.2441,0.2485,-0.13,275391,194.1234,194.7428,190.1530
2020/05/21,193.4926,6.7575,-3.37,275007,197.9849,200.5799,192.6419
2020/05/20,200.2501,7.3597,+3.82,327350,196.7423,200.4508,194.9645
2020/05/19,192.8904,2.8770,-1.47,324269,195.2704,200.0781,192.8904
2020/05/18,195.7674,11.2880,+6.12,417357,188.9621,197.7459,188.7709
2020/05/15,184.4794,7.5986,-3.96,508803,187.3372,188.1496,181.0672
2020/05/14,192.0780,1.1279,+0.59,397077,189.3157,192.1067,183.5331
2020/05/13,190.9501,9.2904,-4.64,501013,200.2788,201.6073,188.3408
2020/05/12,200.2405,0.9558,-0.48,449433,201.7220,209.8703,199.8391
2020/05/11,201.1963,0.7360,-0.36,615136,200.4699,204.0638,198.2047
2020/05/08,201.9323,7.8376,+4.04,402533,195.6718,202.4484,195.6240
2020/05/07,194.0947,2.2174,+1.16,375078,195.1748,198.7877,191.9729
2020/05/06,191.8773,3.6416,+1.93,317830,191.7435,194.3241,188.2500
