일자,종가,대비,등락률,거래량,시가,고가,저가
2026/09/17,219.3400,5.4400,+2.54,67872898,218.3750,219.9050,217.1450
2026/09/16,213.9000,1.7300,+0.82,96563590,214.1400,216.7600,212.5000
2026/09/15,212.1700,1.2100,+0.57,88059658,213.3750,213.9400,211.1600
2026/09/14,210.9600,7.3300,-3.36,132267244,211.2400,212.7700,208.9300
2026/09/11,218.2900,0.0700,-0.03,89060140,221.2350,222.0000,218.1500
2026/09/10,218.3600,5.0600,-2.26,105768001,220.5250,220.9900,217.2000
2026/09/09,223.4200,2.0577,-0.91,83048303,225.0232,225.9272,223.2102
2026/09/08,225.4777,4.6248,-2.01,123103150,232.8494,233.4488,224.5987
2026/09/04,230.1025,1.9078,+0.84,135503875,230.8317,234.4976,229.3733
2026/09/03,228.1947,4.0355,+1.80,134832315,225.7674,230.1425,224.4988
2026/09/02,224.1592,6.9622,+3.21,157280478,218.5405,227.6952,218.2358
2026/09/01,217.1970,3.3362,-1.51,109878998,216.5077,220.1636,214.8596
2026/08/31,220.5332,3.2264,+1.48,124842198,218.6254,221.0526,215.9683
2026/08/28,217.3068,10.4184,-4.57,195334746,227.1059,229.0038,216.5677
2026/08/27,227.7252,18.2995,+8.74,299244293,222.6109,230.2124,220.6531
2026/08/26,209.4257,3.3862,-1.59,180101305,212.4023,213.3613,208.9961
2026/08/25,212.8119,4.5649,+2.19,122445879,210.7891,214.4900,209.8752
2026/08/24,208.2470,6.2330,-2.91,135338558,215.2891,215.3490,207.0184
2026/08/21,214.4800,2.1276,-0.98,98979932,218.1759,218.4955,214.2602
2026/08/20,216.6076,0.7092,-0.33,92560494,218.1159,219.6143,215.4190
2026/08/19,217.3168,2.1776,-0.99,96905627,221.4222,222.6209,216.5177
2026/08/18,219.4944,5.2641,-2.34,103243644,220.2036,221.3923,218.4458
2026/08/17,224.7585,0.1498,-0.07,93783509,225.7274,227.6652,224.6087
2026/08/14,224.9083,0.1399,-0.06,75765555,226.5115,227.2357,224.2491
2026/08/13,225.0482,1.2087,+0.54,98977855,224.8035,226.9760,223.4600
2026/08/12,223.8395,6.5826,+3.03,108905361,220.7929,224.8484,219.9539
2026/08/11,217.2569,0.0499,-0.02,101386469,221.9217,221.9516,215.9583
2026/08/10,217.3068,6.4029,-2.86,115976225,223.1503,223.8874,216.5277
2026/08/07,223.7097,4.9645,+2.27,105787681,221.2924,224.5088,220.4134
2026/08/06,218.7452,0.2298,-0.10,114068140,221.2824,223.3800,216.7575
2026/08/05,218.9750,7.2719,+3.43,158364410,216.6176,221.9716,216.1581
2026/08/04,211.7031,5.2941,+2.56,135072970,211.0638,212.8219,208.8163
2026/08/03,206.4090,5.8834,+2.93,128550566,197.4690,208.5067,196.6300
2026/07/31,200.5256,5.7036,+2.93,140117764,198.2187,201.7742,194.7321
2026/07/30,194.8220,5.0244,+2.65,129154509,193.2338,197.0295,191.3059
2026/07/29,189.7976,6.9922,-3.55,147846059,195.6261,196.8537,189.7976
2026/07/28,196.7898,0.4994,+0.25,134261561,194.7820,198.4779,192.5246
2026/07/27,196.2904,10.3184,-4.99,154526415,207.9673,208.5167,195.2216
2026/07/24,206.6088,1.9179,-0.92,114965304,207.2181,211.6730,204.5811
2026/07/23,208.5267,3.2963,-1.56,110628980,209.2209,210.6330,205.7298
2026/07/22,211.8230,4.7647,+2.30,137799617,205.5750,214.1504,204.7209
2026/07/21,207.0583,4.0055,+1.97,108807179,207.3080,208.4168,203.7820
2026/07/20,203.0528,0.4695,+0.23,88800794,205.6399,207.5078,202.0539
2026/07/17,202.5833,4.5849,-2.21,144443357,202.4135,206.4140,197.7487
2026/07/16,207.1682,5.0943,-2.40,123123692,209.9351,210.8441,205.6149
2026/07/15,212.2625,0.6992,+0.33,124936795,211.7231,213.5710,205.8097
2026/07/14,211.5633,8.2608,+4.06,124518823,207.9673,212.3124,203.5722
2026/07/13,203.3025,7.4217,-3.52,121546873,208.3069,210.3346,202.7731
2026/07/10,210.7242,8.1709,+4.03,148587079,201.7742,210.7642,201.6943
2026/07/09,202.5533,1.3386,-0.66,132185105,204.2315,204.3563,198.7376
2026/07/08,203.8919,7.1820,+3.65,147584090,194.9618,204.9307,194.8420
2026/07/07,196.7099,1.3785,+0.71,124293499,192.1550,198.1882,190.9264
2026/07/06,195.3314,0.7192,+0.37,109120981,194.2027,197.3292,193.7732
2026/07/02,194.6122,2.7470,-1.39,142544873,196.9197,199.8314,192.1350
2026/07/01,197.3592,2.5072,-1.25,146311132,195.9807,199.6266,193.2338
2026/06/30,199.8664,5.1143,+2.63,166662947,197.0195,200.4058,194.8919
2026/06/29,194.7521,2.4373,+1.27,149002267,193.6333,195.9607,189.5879
2026/06/26,192.3148,3.2064,-1.64,179504783,192.9041,195.3314,191.0063
2026/06/25,195.5212,3.2564,-1.64,150373722,199.8564,200.5756,191.9153
2026/06/24,198.7776,1.0388,-0.52,151980575,199.8963,201.4446,196.3603
2026/06/23,199.8164,8.6004,-4.13,153667953,201.9440,203.5422,199.7765
2026/06/22,208.4168,2.0377,-0.97,122177980,211.2037,213.7508,207.4878
2026/06/18,210.4545,6.0332,+2.95,241541989,207.0983,211.1537,206.2692
2026/06/17,204.4213,2.7569,-1.33,128507108,208.2969,208.9762,202.8530
2026/06/16,207.1782,5.0343,-2.37,125834748,210.9440,211.2536,207.0583
2026/06/15,212.2125,7.2518,+3.54,150104462,208.6865,212.4729,208.1071
2026/06/12,204.9607,0.3197,+0.16,112471025,204.6310,206.8386,203.2111
2026/06/11,204.6410,4.4450,+2.22,158820721,201.2648,205.4301,199.3170
2026/06/10,200.1960,7.7613,-3.73,161927576,204.2015,206.9884,199.6965
2026/06/09,207.9573,0.4495,-0.22,181164941,210.3796,211.1637,199.1172
2026/06/08,208.4068,3.5360,+1.73,138527672,209.9451,210.2348,205.7698
2026/06/05,204.8708,13.5448,-6.20,219901319,214.2902,214.6298,204.1016
2026/06/04,218.4156,4.1554,+1.94,169211283,213.6659,221.3523,210.7342
2026/06/03,214.2602,8.0516,-3.62,161274798,221.2144,222.3118,214.0208
2026/06/02,222.3118,1.5365,-0.69,193804887,226.6619,231.7503,220.8452
2026/06/01,223.8483,13.1898,+6.26,213337214,215.2380,224.3572,215.2081
2026/05/29,210.6585,3.1029,-1.45,290072150,214.0856,217.3631,210.6485
2026/05/28,213.7614,1.6462,+0.78,144325190,210.7932,215.0276,210.7383
2026/05/27,212.1152,2.2548,-1.05,167984270,213.6317,213.6616,208.3039
2026/05/26,214.3700,0.4689,-0.22,187630479,216.0462,217.6824,211.5165
2026/05/22,214.8389,4.1705,-1.90,169662636,220.4002,220.5060,214.3101
2026/05/21,219.0094,3.9510,-1.77,203846645,221.7831,226.8813,217.4330
2026/05/20,222.9604,2.8535,+1.30,184622630,222.6710,225.6143,219.9921
2026/05/19,220.1069,1.7061,-0.77,141270383,219.1191,223.9681,217.4130
2026/05/18,221.8130,2.9931,-1.33,146615261,229.3458,229.4755,217.8720
2026/05/15,224.8061,10.3963,-4.42,181391313,229.2360,230.9721,223.7286
2026/05/14,235.2024,9.8874,+4.39,181196086,229.3258,236.0006,228.7771
2026/05/13,225.3150,5.0385,+2.29,150749179,224.4170,227.3204,221.0600
2026/05/12,220.2765,1.3369,+0.61,159540461,218.0466,223.2397,214.4299
2026/05/11,218.9396,4.2304,+1.97,161053065,213.5469,221.7930,213.4022
2026/05/08,214.7092,3.6915,+1.75,136733189,212.5442,217.3033,212.4045
2026/05/07,211.0177,3.6617,+1.77,168692587,207.8649,213.7115,206.0291
2026/05/06,207.3560,11.3041,+5.77,188793367,199.4341,207.7900,198.1571
2026/05/05,196.0519,1.9755,-1.00,113665842,198.8455,199.7833,195.5829
2026/05/04,198.0274,0.0300,+0.02,125654655,199.0450,201.2699,194.2959
2026/05/01,197.9974,1.1175,-0.56,128941054,200.8210,202.5370,196.6705
2026/04/30,199.1149,9.6579,-4.63,225754002,209.4512,209.8204,198.2469
2026/04/29,208.7728,3.9111,-1.84,123994598,212.2149,212.2349,207.1024
2026/04/28,212.6839,3.4321,-1.59,180687432,209.0122,214.2403,207.7252
2026/04/27,216.1160,8.3210,+4.00,187600255,209.1669,216.3305,206.9071
2026/04/24,207.7950,8.6103,+4.32,214623904,199.5040,210.4689,199.3543
2026/04/23,199.1847,2.8535,-1.41,113821407,201.9983,203.3642,196.7708
2026/04/22,202.0382,2.6140,+1.31,107746765,200.5316,202.0382,198.5462
2026/04/21,199.4242,2.1750,-1.08,108192041,201.6690,202.2876,198.5462
2026/04/20,201.5992,0.3791,+0.19,119654267,199.5239,201.7089,197.3885
2026/04/17,201.2201,3.3224,+1.68,160690881,199.4441,201.2400,198.8156
2026/04/16,197.8977,0.5188,-0.26,134319182,196.9797,199.3942,195.3634
2026/04/15,198.4165,2.3547,+1.20,185762030,196.0918,199.9430,195.2936
2026/04/14,196.0618,7.1835,+3.80,161675721,190.4048,196.0618,190.3349
2026/04/13,188.8783,0.6785,+0.36,133953670,185.6057,189.2275,185.3164
2026/04/10,188.1998,4.7092,+2.57,160826298,183.8897,189.5667,183.8797
2026/04/09,183.4906,1.8258,+1.01,116694652,181.4253,183.6602,180.2081
2026/04/08,181.6648,3.9710,+2.23,148070370,184.0792,184.8375,179.8888
2026/04/07,177.6938,0.4589,+0.26,132837847,175.3242,177.8235,173.2640
2026/04/06,177.2349,0.2494,+0.14,107810147,176.7510,177.3845,175.3592
2026/04/02,176.9855,1.6363,+0.93,143470350,171.7873,177.0852,170.9792
2026/04/01,175.3492,1.3469,+0.77,168516317,175.5986,176.9655,174.3515
2026/03/31,174.0023,9.2090,+5.59,226698300,166.5892,174.2218,166.5792
2026/03/30,164.7933,2.3447,-1.40,186051293,168.3951,169.0636,163.8954
2026/03/27,167.1380,3.7115,-2.17,196661182,169.6123,170.5801,166.6291
2026/03/26,170.8495,7.4230,-4.16,186577734,175.6685,176.1075,170.7497
2026/03/25,178.2725,3.4721,+1.99,162973726,176.6961,180.8067,176.4467
2026/03/24,174.8004,0.4390,-0.25,148005379,174.4313,175.8181,173.5832
2026/03/23,175.2394,2.9333,+1.70,183254216,176.8508,177.9632,174.3614
2026/03/20,172.3061,5.8467,-3.28,241875139,177.5941,177.8535,171.3284
2026/03/19,178.1528,1.8358,-1.02,171359322,177.6040,179.5695,175.3841
2026/03/18,179.9886,1.5265,-0.84,157041278,182.0638,182.9618,179.9187
2026/03/17,181.5151,1.2871,-0.70,182914906,184.6380,184.9772,181.2661
2026/03/16,182.8022,2.9633,+1.65,217804096,182.5527,188.4492,180.9963
2026/03/13,179.8389,2.8834,-1.58,161356407,184.4983,185.6656,179.5296
2026/03/12,182.7223,2.8834,-1.55,156118701,183.6303,184.5182,181.3355
2026/03/11,185.6057,1.2571,+0.68,145612464,185.4860,187.1921,184.0294
2026/03/10,184.3486,2.1151,+1.16,179527952,181.9840,186.0148,181.5949
2026/03/09,182.2335,4.8190,+2.72,177618658,176.4267,182.4929,175.1596
2026/03/06,177.4145,5.5074,-3.01,189454010,179.4299,182.3393,176.4169
2026/03/05,182.9219,0.2993,+0.16,199234095,180.7568,183.6402,177.4743
2026/03/04,182.6226,2.9832,+1.66,178137451,180.0285,184.2788,179.6494
2026/03/03,179.6394,2.4244,-1.33,178506525,178.0829,180.4874,176.5165
2026/03/02,182.0638,5.2779,+2.99,209573276,174.6109,183.0416,174.2417
2026/02/27,176.7859,7.6824,-4.16,312348825,180.8366,182.1736,175.9778
2026/02/26,184.4683,10.6457,-5.46,361632632,193.8270,193.8469,183.8947
2026/02/25,195.1140,2.7038,+1.41,251210002,194.0065,197.1792,193.3481
2026/02/24,192.4102,1.2970,+0.68,175523895,191.0533,193.3281,186.9726
2026/02/23,191.1132,1.7261,+0.91,171977043,190.9635,193.5077,189.1427
2026/02/20,189.3871,1.9156,+1.02,178830170,186.1445,189.8959,185.5138
2026/02/19,187.4715,0.0798,-0.04,126843801,186.6284,188.0003,185.2366
2026/02/18,187.5513,3.0031,+1.63,165125704,188.3195,189.9358,186.3341
2026/02/17,184.5482,2.1551,+1.18,162647788,181.3355,186.7232,178.7714
2026/02/13,182.3931,4.1206,-2.21,162258060,187.0475,187.0724,181.1759
2026/02/12,186.5137,3.1029,-1.64,190366634,192.5898,193.1685,186.0847
2026/02/11,189.6166,1.5066,+0.80,144522277,192.0111,192.8193,188.3395
2026/02/10,188.1100,1.4966,-0.79,137077438,190.9435,192.0410,187.6910
2026/02/09,189.6066,4.6194,+2.50,196836248,183.8398,193.2183,183.5305
2026/02/06,184.9872,13.4992,+7.87,231875046,176.2870,186.5735,174.2018
2026/02/05,171.4880,2.3047,-1.33,206784475,174.5261,176.4118,170.6400
2026/02/04,173.7927,6.1360,-3.41,207487304,179.0507,179.1705,171.5179
2026/02/03,179.9287,5.2580,-2.84,204485932,185.8153,185.8452,175.8281
2026/02/02,185.1867,5.5074,-2.89,166173022,186.7731,189.8660,184.4584
2026/01/30,190.6941,1.3769,-0.72,179899735,190.7739,194.0465,189.0379
2026/01/29,192.0710,0.9878,+0.52,172156990,190.9036,193.0388,185.6357
2026/01/28,191.0832,2.9931,+1.59,148892235,190.8338,191.9113,189.4071
2026/01/27,188.0901,2.0454,+1.10,144040049,186.8130,189.5667,185.2765
2026/01/26,186.0447,1.1973,-0.64,125084913,186.7332,188.6887,185.5658
2026/01/23,187.2420,2.8235,+1.53,143074366,187.0724,189.1676,186.3972
2026/01/22,184.4185,1.5166,+0.83,139955804,184.3287,185.7454,183.5105
2026/01/21,182.9019,5.2380,+2.95,200838985,178.6417,184.9562,177.9931
2026/01/20,177.6639,8.1414,-4.38,223855774,181.4852,181.9627,177.2049
2026/01/16,185.8053,0.8181,-0.44,188396819,188.6438,190.0057,185.6556
2026/01/15,186.6234,3.9011,+2.13,206659943,186.0747,189.2674,185.9051
2026/01/14,182.7223,2.6639,-1.44,159950913,183.8996,184.0393,180.3877
2026/01/13,185.3862,0.8680,+0.47,160494958,184.5731,187.6809,182.9817
2026/01/12,184.5182,0.0798,+0.04,138283818,182.8022,186.6933,182.6026
2026/01/09,184.4384,0.1796,-0.10,131627719,184.6579,185.9150,183.2512
2026/01/08,184.6180,4.0607,-2.15,172851246,188.6787,189.1177,183.2910
2026/01/07,188.6787,1.8657,+1.00,153894139,188.1400,190.9336,186.1345
2026/01/06,186.8130,0.8780,-0.47,177266872,190.0855,191.7357,186.3939
2026/01/05,187.6910,0.7283,-0.39,183949241,191.3227,193.1884,185.7255
2026/01/02,188.4193,2.3446,+1.26,148579306,189.4021,192.4899,187.8307
2025/12/31,186.0747,1.0376,-0.55,120375007,189.1377,190.1254,186.0647
2025/12/30,187.1123,0.6785,-0.36,97910565,187.8107,188.5590,186.5037
2025/12/29,187.7908,2.3047,-1.21,120280410,187.2819,188.3245,185.4860
2025/12/26,190.0955,1.9156,+1.02,140059707,189.4869,192.2506,187.5713
2025/12/24,188.1799,0.5986,-0.32,65678328,187.5114,188.4792,186.1645
2025/12/23,188.7785,5.5074,+3.01,175273343,182.5527,188.8982,182.4829
2025/12/22,183.2711,2.6939,+1.49,129359381,183.5006,183.7400,181.9341
2025/12/19,180.5772,6.8343,+3.93,325668634,176.2621,181.0362,175.9378
2025/12/18,173.7429,3.1927,+1.87,176498517,174.1320,175.7483,171.4282
2025/12/17,170.5502,6.7645,-3.81,223284678,175.6984,175.7283,169.9216
2025/12/16,177.3147,1.4267,+0.81,148927737,175.8580,178.0829,174.5011
2025/12/15,175.8880,1.2671,+0.73,165152276,177.5302,178.0081,174.6308
2025/12/12,174.6209,5.8965,-3.27,204741844,180.6970,182.4031,174.2218
2025/12/11,180.5174,2.8435,-1.55,182552964,179.8639,180.9065,176.2172
2025/12/10,183.3609,1.1873,-0.64,163157461,184.5432,185.0570,181.6199
2025/12/09,184.5482,0.5786,-0.31,145050502,185.1368,185.2932,182.9019
2025/12/08,185.1268,3.1328,+1.72,204845268,182.2235,187.5713,181.9840
2025/12/05,181.9940,0.9678,-0.53,144300183,183.4706,184.2389,180.4974
2025/12/04,182.9618,3.7913,+2.12,167747415,181.2058,184.0942,179.5496
2025/12/03,179.1705,1.8656,-1.03,165524708,180.6570,182.0238,178.6917
2025/12/02,181.0361,1.5364,+0.86,183059879,181.3354,185.2263,179.5795
2025/12/01,179.4997,2.9132,+1.65,188571480,174.3517,179.8788,173.2743
2025/11/28,176.5865,3.2524,-1.81,121616887,178.5918,178.8712,176.0877
2025/11/26,179.8389,2.4343,+1.37,184282515,181.2057,182.4827,177.8236
2025/11/25,177.4046,4.7189,-2.59,321350984,174.5014,177.7438,169.1539
2025/11/24,182.1235,3.6614,+2.05,257219229,179.0707,183.0713,176.0677
2025/11/21,178.4621,1.7559,-0.97,347738511,180.8116,184.1288,172.5260
2025/11/20,180.2180,5.8663,-3.15,344309195,195.4922,195.5421,179.4298
2025/11/19,186.0843,5.1480,+2.85,247825385,184.3583,187.4161,182.4030
2025/11/18,180.9363,5.2278,-2.81,214099037,182.9466,184.3683,179.2303
2025/11/17,186.1641,3.5616,-1.88,174035425,185.5306,188.5585,183.8894
2025/11/14,189.7257,3.3022,+1.77,187028777,182.4328,190.5638,180.1581
2025/11/13,186.4235,6.9238,-3.58,207908773,190.6037,190.9928,183.4205
2025/11/12,193.3473,0.6385,+0.33,155298057,195.2628,195.4324,190.6835
2025/11/11,192.7088,5.8762,-2.96,176896578,194.6991,194.9635,190.8531
2025/11/10,198.5850,10.8745,+5.79,199362869,194.6542,199.4729,193.3373
2025/11/07,187.7105,0.0699,+0.04,265562640,184.4681,187.8801,178.4920
2025/11/06,187.6406,7.1134,-3.65,223552022,195.9611,197.1583,185.9446
2025/11/05,194.7540,3.4718,-1.75,171751564,198.3057,202.4460,194.1953
2025/11/04,198.2258,8.1709,-3.96,189361691,202.5258,203.4934,197.4676
2025/11/03,206.3967,4.3797,+2.17,180689397,207.5939,210.8413,205.0798
2025/10/31,202.0170,0.3990,-0.20,180223200,205.9677,207.4842,201.5979
2025/10/30,202.4160,4.1403,-2.00,179283270,204.6707,205.6784,200.9395
2025/10/29,206.5563,5.9959,+2.99,309552715,207.4941,211.6942,204.2966
2025/10/28,200.5604,9.5177,+4.98,298683941,192.5990,202.6754,191.4617
2025/10/27,191.0427,5.2178,+2.81,153812027,189.5462,191.5515,187.9916
2025/10/24,185.8249,4.0904,+2.25,131604120,183.4055,187.0320,183.0713
2025/10/23,181.7345,1.8757,+1.04,111624486,179.9985,182.6024,179.3701
2025/10/22,179.8588,0.8780,-0.49,162629473,180.7168,183.0115,176.3471
2025/10/21,180.7368,1.4765,-0.81,124531087,182.3580,182.3580,179.3800
2025/10/20,182.2133,0.5787,-0.32,128845710,182.7022,184.7674,181.3055
2025/10/17,182.7920,1.4067,+0.78,173540628,179.7591,183.6699,179.3301
2025/10/16,181.3853,1.9754,+1.10,180144147,181.8043,182.8518,179.3500
2025/10/15,179.4099,0.1995,-0.11,214952636,184.3683,184.4381,176.8758
2025/10/14,179.6094,8.2707,-4.40,206122907,184.3384,184.3683,179.2802
2025/10/13,187.8801,5.1480,+2.82,153842148,187.5259,189.6658,185.5256
2025/10/10,182.7321,9.3880,-4.89,269403718,193.0529,195.1630,181.6247
2025/10/09,192.1201,3.4519,+1.83,183425738,191.7759,194.8438,190.6137
2025/10/08,188.6682,4.0605,+2.20,130473663,186.1342,189.1571,186.1042
2025/10/07,184.6077,0.4989,-0.27,140416036,185.7949,188.6183,183.5702
2025/10/06,185.1066,2.0751,-1.11,158047321,185.0667,186.7926,182.9017
2025/10/03,187.1817,1.2670,-0.67,137919091,188.7480,189.9153,184.9469
2025/10/02,188.4487,1.6461,+0.88,137126164,189.1571,190.6037,187.6207
2025/10/01,186.8026,0.6585,+0.35,174251974,184.8073,187.7005,183.4704
2025/09/30,186.1441,4.7189,+2.60,237535944,181.6546,186.9123,181.0560
2025/09/29,181.4252,3.6515,+2.05,193515530,180.0035,183.5702,179.8988
2025/09/26,177.7737,0.4988,+0.28,148921630,177.7538,179.3500,174.5213
2025/09/25,177.2749,0.7183,+0.41,192035350,174.0724,179.8389,172.7206
2025/09/24,176.5566,1.4566,-0.82,143900284,179.3500,179.3600,174.9902
2025/09/23,178.0132,5.1679,-2.82,193010447,181.5449,181.9938,175.7984
2025/09/22,183.1811,6.9238,+3.93,270268379,174.8905,184.1189,174.2972
2025/09/19,176.2573,0.4290,+0.24,237737526,175.3594,177.6640,174.7708
2025/09/18,175.8283,5.9361,+3.49,192212343,173.5736,176.6863,172.5559
2025/09/17,169.8922,4.5793,-2.62,212339868,172.2367,172.7954,168.0166
2025/09/16,174.4715,2.8633,-1.61,141067325,176.5865,177.0853,173.9726
2025/09/15,177.3348,0.0698,-0.04,147405916,175.2596,178.4322,174.1023
2025/09/12,177.4046,0.6485,+0.37,125203516,177.3547,178.1778,176.0378
2025/09/11,176.7561,0.1497,-0.08,151513227,179.2602,179.8588,176.0677
2025/09/10,176.9058,6.5543,+3.85,227396037,176.2174,178.8611,175.0502
2025/09/09,170.3515,2.4442,+1.46,157926211,168.6855,170.5710,166.3412
2025/09/08,167.9073,1.2869,+0.77,164161870,167.1492,170.5510,166.9496
2025/09/05,166.6204,4.6289,-2.70,224979671,167.6280,168.6256,163.6775
2025/09/04,171.2493,1.0375,+0.61,142009885,170.1619,171.4488,169.0047
2025/09/03,170.2118,0.1596,-0.09,164819183,170.6508,171.9975,168.4710
2025/09/02,170.3714,3.3919,-1.95,231719213,169.5933,171.9666,166.8199
2025/08/29,173.7633,5.9757,-3.32,243841233,177.6839,177.7238,172.7308
2025/08/28,179.7390,1.4265,-0.79,282463583,180.3874,184.0287,175.9880
2025/08/27,181.1655,0.1696,-0.09,236083750,181.5446,182.0534,178.6715
2025/08/26,181.3351,1.9553,+1.09,169092720,179.6242,181.9537,178.3822
2025/08/25,179.3798,1.8156,+1.02,163403712,177.9233,181.4748,176.1476
2025/08/22,177.5642,3.0028,+1.72,173203796,172.1971,178.1627,170.7904
2025/08/21,174.5614,0.4190,-0.24,140376684,174.4317,176.4768,173.3942
2025/08/20,174.9804,0.2394,-0.14,215658662,174.7459,175.5789,168.3972
2025/08/19,175.2198,6.3548,-3.50,185673420,181.9936,182.0634,175.0702
2025/08/18,181.5746,1.5563,+0.86,132324529,180.1679,182.4998,180.1580
2025/08/15,180.0183,1.5662,-0.86,156977711,181.4449,181.4648,177.6158
2025/08/14,181.5845,0.4289,+0.24,129864644,179.3200,182.5821,179.0307
2025/08/13,181.1556,1.5662,-0.86,180303077,182.1781,183.5299,178.9209
2025/08/12,182.7218,1.0974,+0.60,146078677,182.5223,184.0387,179.0307
2025/08/11,181.6244,0.6385,-0.35,138654906,181.6145,183.4002,179.8188
2025/08/08,182.2629,1.9254,+1.07,123692598,181.1157,182.8615,179.9684
2025/08/07,180.3375,1.3467,+0.75,152242587,181.1356,183.4401,178.3673
2025/08/06,178.9908,1.1573,+0.65,137521268,175.9032,179.4696,175.8283
2025/08/05,177.8335,1.7359,-0.97,156782704,179.1903,179.8288,175.4792
2025/08/04,179.5694,6.2650,+3.62,148529949,174.7410,179.7689,174.1025
2025/08/01,173.3044,4.1401,-2.33,205019469,173.6735,176.1176,170.4812
2025/07/31,177.4445,1.3966,-0.78,222217073,182.4624,182.8615,175.5091
2025/07/30,178.8411,3.7510,+2.14,174730229,176.0877,179.4596,175.6188
2025/07/29,175.0901,1.2370,-0.70,154447007,177.5343,178.9509,174.6013
2025/07/28,176.3271,3.2422,+1.87,140359313,173.6037,176.5765,173.5538
2025/07/25,173.0849,0.2394,-0.14,122610122,173.1947,174.3020,172.5462
2025/07/24,173.3243,2.9529,+1.73,129293948,172.0275,173.4141,170.8902
2025/07/23,170.3714,3.7410,+2.25,154451704,169.1244,170.8503,167.5682
2025/07/22,166.6304,4.3396,-2.54,193577437,170.9301,170.9800,164.1863
2025/07/21,170.9700,1.0275,-0.60,123421407,172.3367,172.9652,170.5909
2025/07/18,171.9975,0.5886,-0.34,146807635,173.2246,173.8331,170.8503
2025/07/17,172.5861,1.6261,+0.95,161226834,171.6085,173.7433,170.4213
2025/07/16,170.9600,0.6684,+0.39,159212405,170.6508,171.3391,168.4959
2025/07/15,170.2916,6.6141,+4.04,231180421,170.7804,171.9876,168.7902
2025/07/14,163.6775,0.8479,-0.52,137304237,164.9744,165.0941,161.6324
2025/07/11,164.5254,0.8180,+0.50,194097618,163.3233,167.4883,163.0789
2025/07/10,163.7074,1.2171,+0.75,168106249,163.9269,164.1065,161.2234
2025/07/09,162.4903,2.8731,+1.80,184096872,160.8343,164.0266,160.7744
2025/07/08,159.6172,1.7558,+1.11,138464284,158.9488,159.8367,158.0111
2025/07/07,157.8614,1.0974,-0.69,140475044,157.8215,158.9289,156.9656
2025/07/03,158.9588,2.0850,+1.33,144060703,157.9911,160.5949,157.3926
2025/07/02,156.8738,3.9406,+2.58,171634726,152.6140,157.2230,152.6040
2025/07/01,152.9332,4.6788,-2.97,213654764,155.9161,156.8239,151.1276
2025/06/30,157.6120,0.2394,+0.15,195046942,158.0210,158.2804,155.5869
2025/06/27,157.3726,2.7235,+1.76,263865805,155.6667,158.3303,154.8836
2025/06/26,154.6491,0.7083,+0.46,198620922,155.6018,156.3401,153.6316
2025/06/25,153.9408,6.3946,+4.33,269791915,148.9129,154.0805,148.9029
2025/06/24,147.5462,3.7211,+2.59,188015926,145.2118,147.6060,145.1519
2025/06/23,143.8251,0.3192,+0.22,154678991,142.1591,144.4336,141.6902
2025/06/20,143.5059,1.6261,-1.12,243538794,145.1020,145.8502,142.3087
2025/06/18,145.1320,1.3568,+0.94,161881402,143.6605,145.3016,142.7776
2025/06/17,143.7752,0.5686,-0.39,139441597,144.1443,144.8726,143.4360
2025/06/16,144.3438,2.7134,+1.92,183572841,143.0021,145.8253,142.8575
2025/06/13,141.6304,3.0227,-2.09,181254193,142.1391,143.2365,140.5180
2025/06/12,144.6531,2.1648,+1.52,162754361,141.6304,144.6531,141.5106
2025/06/11,142.4883,1.1173,-0.78,168096193,144.2640,144.6431,141.5306
2025/06/10,143.6056,1.3267,+0.93,156266574,142.3387,143.9348,141.1766
2025/06/09,142.2789,0.9078,+0.64,185571310,142.8375,144.6431,141.5906
2025/06/06,141.3711,1.7257,+1.24,154366152,142.1592,142.9173,141.1616
2025/06/05,139.6454,1.9252,-1.36,232984290,141.8200,143.6455,138.4882
2025/06/04,141.5706,0.6982,+0.50,167533231,141.8400,142.0395,139.2015
2025/06/03,140.8724,3.8306,+2.80,226135455,138.4384,141.6504,137.6104
2025/06/02,137.0418,2.2444,+1.67,198150899,135.1565,137.7800,135.0667
2025/05/30,134.7974,4.0500,-2.92,333993033,138.3735,139.2763,132.5928
2025/05/29,138.8474,4.3693,+3.25,371529752,141.8948,143.1368,137.5705
2025/05/28,134.4781,0.6883,-0.51,304771394,135.6902,136.9121,134.4582
2025/05/27,135.1664,4.1996,+3.21,193429774,133.8198,135.3260,132.9818
2025/05/23,130.9668,1.5362,-1.16,199311965,129.6800,132.3534,128.8421
2025/05/22,132.5030,1.0274,+0.78,187806272,131.9045,133.9195,131.2262
2025/05/21,131.4756,2.5736,-1.92,271276533,132.7324,137.0618,130.2685
2025/05/20,134.0492,1.1871,-0.88,161912824,133.9594,134.2487,132.2935
2025/05/19,135.2363,0.1696,+0.13,193631228,132.0641,135.5355,132.0641
2025/05/16,135.0667,0.5686,+0.42,227101501,135.8847,136.0144,133.1315
2025/05/15,134.4981,0.5087,-0.38,227191835,133.9644,135.9645,132.3334
2025/05/14,135.0068,5.3966,+4.16,281874714,132.8671,135.1016,131.3558
2025/05/13,129.6102,6.9130,+5.63,331245524,124.6723,130.8959,124.1636
2025/05/12,122.6972,6.3344,+5.44,225578646,121.6697,122.6972,119.9839
2025/05/09,116.3628,0.7183,-0.61,133300331,117.0611,117.9390,114.9264
2025/05/08,117.0811,0.3093,+0.26,198917793,117.9589,118.3878,115.5648
2025/05/07,116.7718,3.5113,+3.10,208340688,112.7667,117.3903,112.0054
2025/05/06,113.2605,0.2793,-0.25,158916822,111.2056,114.4575,110.5492
2025/05/05,113.5398,0.6783,-0.59,133491854,112.6271,114.3827,112.3827
2025/05/02,114.2181,2.8828,+2.59,190664131,113.8989,115.1159,113.0909
2025/05/01,111.3353,2.6834,+2.47,236704196,112.8016,114.6571,111.0260
2025/04/30,108.6519,0.0997,-0.09,235624642,104.2128,108.6519,103.8238
2025/04/29,108.7516,0.2893,+0.27,170864877,107.4050,109.9286,107.1755
2025/04/28,108.4623,2.2744,-2.05,208221051,109.4200,110.0982,105.7590
2025/04/25,110.7367,4.5687,+4.30,251684237,106.5870,111.6445,105.4697
2025/04/24,106.1680,3.7108,+3.62,221359957,103.2203,106.2777,102.8562
2025/04/23,102.4572,3.8106,+3.86,248136803,104.2627,104.5420,101.7689
2025/04/22,98.6466,1.9752,+2.04,241599523,98.5368,99.5653,97.0405
2025/04/21,96.6714,4.5688,-4.51,289213084,98.5269,99.1952,94.8060
2025/04/17,101.2402,2.9926,-2.87,293239325,104.1929,104.2128,99.8037
2025/04/16,104.2328,7.6910,-6.87,397996608,104.2926,106.5271,100.2027
2025/04/15,111.9238,1.4863,+1.35,229531933,110.6968,113.3353,110.2280
2025/04/14,110.4375,0.2194,-0.20,265358275,113.8291,114.0087,108.8015
2025/04/11,110.6569,3.3517,+3.12,314190700,108.2329,111.2753,107.2154
2025/04/10,107.3052,6.7434,-5.91,438892764,109.1008,110.5871,98.9059
2025/04/09,114.0486,17.9857,+18.72,614430865,98.6466,114.8167,97.2900
2025/04/08,96.0629,1.3367,-1.37,477418641,103.5495,105.5894,94.2275
2025/04/07,97.3996,3.3218,+3.53,612549244,87.2447,101.4995,86.4068
2025/04/04,94.0778,7.4716,-7.36,533587328,98.6665,99.8835,91.8833
2025/04/03,101.5494,8.5988,-7.81,339605410,103.2552,105.3700,101.3499
2025/04/02,110.1482,0.2694,+0.25,221145632,107.0259,111.7043,106.5271
2025/04/01,109.8788,1.7656,+1.63,223163390,108.2479,109.9287,106.2079
2025/03/31,108.1132,1.2868,-1.18,299951035,104.8712,110.6819,103.3948
2025/03/28,109.4000,1.7557,-1.58,230439817,111.2106,112.5922,108.8016
2025/03/27,111.1557,2.3243,-2.05,237486670,111.0759,114.1683,110.3876
2025/03/26,113.4800,6.9129,-5.74,297163186,118.4377,118.5475,112.4325
2025/03/25,120.3929,0.7182,-0.59,167860416,120.2483,120.9914,118.6273
2025/03/24,121.1111,3.7008,+3.15,229016298,119.5849,121.9191,119.0462
2025/03/21,117.4103,0.8279,-0.70,267156180,116.6521,117.6995,115.1359
2025/03/20,118.2382,1.0075,+0.86,249443798,116.2631,119.9041,116.1833
2025/03/19,117.2307,2.0849,+1.81,274100972,116.9813,120.1485,115.3952
2025/03/18,115.1458,4.0900,-3.43,300426496,117.7095,118.7270,114.2580
2025/03/17,119.2358,2.1347,-1.76,256131995,122.4379,122.5875,117.7394
2025/03/14,121.3705,6.0750,+5.27,278278486,118.3180,121.5800,117.8592
2025/03/13,115.2955,0.1596,-0.14,299771070,116.7419,117.4701,113.5099
2025/03/12,115.4551,6.9728,+6.43,324656653,113.8391,116.4726,112.6021
2025/03/11,108.4823,1.7755,+1.66,355774123,106.7168,111.9494,104.5025
2025/03/10,106.7068,5.6955,-5.07,367425545,109.6194,111.5644,105.1907
2025/03/07,112.4023,2.1146,+1.92,342630338,110.9659,113.1902,107.2854
2025/03/06,110.2877,6.7128,-5.74,322004064,113.2401,115.0555,109.9386
2025/03/05,117.0005,1.3067,+1.13,285065771,117.2798,117.9761,114.2176
2025/03/04,115.6938,1.9250,+1.69,399182575,110.3625,119.0054,109.8288
2025/03/03,113.7688,10.8322,-8.69,412434481,123.1946,123.3841,111.9933
2025/02/28,124.6010,4.7578,+3.97,390087191,117.7186,124.7706,116.1028
2025/02/27,119.8432,11.1016,-8.48,444310345,134.6553,134.6653,119.7036
2025/02/26,130.9448,4.6381,+3.67,323379529,129.6531,133.3885,128.1619
2025/02/25,126.3067,3.6406,-2.80,272123550,129.6481,129.8675,124.1223
2025/02/24,129.9473,4.1394,-3.09,252024655,136.2113,138.2361,129.7479
2025/02/21,134.0867,5.6655,-4.05,228801806,139.6824,141.0988,133.6878
2025/02/20,139.7522,0.8777,+0.63,144271966,139.6724,140.3008,136.4408
2025/02/19,138.8745,0.1696,-0.12,167964886,139.1538,140.9991,136.8696
2025/02/18,139.0441,0.5486,+0.40,219737704,140.9093,143.0737,137.5728
2025/02/14,138.4955,3.5509,+2.63,195979971,136.1315,138.8944,135.1540
2025/02/13,134.9446,4.1395,+3.16,197935382,131.2191,136.1515,130.8351
2025/02/12,130.8051,1.6558,-1.25,160688854,129.6880,131.9023,128.7504
2025/02/11,132.4609,0.7680,-0.58,179360357,132.2415,134.1366,130.6855
2025/02/10,133.2289,3.7204,+2.87,217544563,129.7578,134.6553,129.6282
2025/02/07,129.5085,1.1571,+0.90,228770439,128.8901,130.0371,124.6808
2025/02/06,128.3514,3.8401,+3.08,252127354,127.0946,128.4412,124.8903
2025/02/05,124.5113,6.1643,+5.21,263784174,121.4491,124.6808,120.4517
2025/02/04,118.3470,1.9849,+1.71,257206790,116.6614,120.8905,116.4020
2025/02/03,116.3621,3.4013,-2.84,372186014,114.4570,118.2672,112.7214
2025/01/31,119.7634,4.5683,-3.67,391372226,123.4639,127.5235,118.8857
2025/01/30,124.3317,0.9476,+0.77,393931331,122.7857,124.6808,117.7984
2025/01/29,123.3841,5.2765,-4.10,468316436,126.1770,126.5660,119.7435
2025/01/28,128.6606,10.5430,+8.93,581150255,121.4990,128.6706,115.9532
2025/01/27,118.1176,24.1382,-16.97,820927045,124.4813,128.0721,116.4020
2025/01/24,142.2558,4.5883,-3.12,235258342,147.9912,148.5896,141.5177
2025/01/23,146.8441,0.1496,+0.10,156314682,144.6796,146.8541,143.3530
2025/01/22,146.6945,6.2241,+4.43,238259766,144.2906,147.4126,143.3032
2025/01/21,140.4704,3.1120,+2.27,198255209,138.8047,141.4679,136.7400
2025/01/17,137.3584,4.1295,+3.10,201703789,136.3410,138.1464,135.1190
2025/01/16,133.2289,2.6632,-1.96,209771211,138.2860,138.3957,133.1491
2025/01/15,135.8921,4.4685,+3.40,185691481,133.3087,136.1016,130.9548
2025/01/14,131.4236,1.4662,-1.10,196091183,135.7026,136.0318,129.7179
2025/01/13,132.8898,2.6732,-1.97,205333211,129.6581,133.1491,129.1793
2025/01/10,135.5630,4.1892,-3.00,208133962,137.0990,139.5627,133.8773
2025/01/08,139.7522,0.0300,-0.02,227931948,142.2159,143.5824,137.2088
2025/01/07,139.7822,9.2662,-6.22,352682712,152.6393,152.7390,139.6525
2025/01/06,149.0484,4.9473,+3.43,266056707,148.2106,151.7675,147.4427
2025/01/03,144.1011,6.1443,+4.45,229909528,139.6525,144.5300,139.3732
2025/01/02,137.9568,4.0097,+2.99,198754665,135.6527,138.5254,134.2862
2024/12/31,133.9471,3.1918,-2.33,156057688,137.6776,137.7175,133.4883
2024/12/30,137.1389,0.4787,+0.35,168164089,134.4857,139.9118,133.6778
2024/12/27,136.6602,2.9125,-2.09,171019283,138.1962,138.6650,134.3660
2024/12/26,139.5727,0.2893,-0.21,116817371,139.3433,140.4904,137.3783
2024/12/24,139.8620,0.5486,+0.39,105426184,139.6425,141.5377,138.2960
2024/12/23,139.3134,4.9573,+3.69,176504191,135.9320,139.4331,134.7751
2024/12/20,134.3561,4.0098,+3.08,307313245,129.4785,134.9346,127.8926
2024/12/19,130.3463,1.7655,+1.37,210256077,131.4236,133.6878,129.2192
2024/12/18,128.5808,1.4763,-1.14,278154772,133.5182,136.3510,127.9525
2024/12/17,130.0571,1.6059,-1.22,260074335,128.7604,131.2540,126.5361
2024/12/16,131.6630,2.2442,-1.68,238560268,133.8374,134.0568,130.0870
2024/12/13,133.9072,3.0821,-2.25,232107543,138.5852,139.2435,132.2016
2024/12/12,136.9893,1.9650,-1.41,159618963,136.7300,138.0865,135.4532
2024/12/11,138.9543,4.2292,+3.14,185378536,137.0093,139.8121,134.8648
2024/12/10,134.7251,3.7305,-2.69,210558527,138.6551,141.4579,133.4484
2024/12/09,138.4556,3.6207,-2.55,189793242,138.6152,139.5927,136.7799
2024/12/06,142.0763,2.6133,-1.81,188988134,144.2308,145.3280,140.9492
2024/12/05,144.6896,0.0698,-0.05,173063078,144.7395,146.1658,143.5824
2024/12/04,144.7594,4.8672,+3.48,231832186,141.6227,145.4077,139.9221
2024/12/03,139.8922,1.6257,+1.18,164846211,137.8975,140.1715,137.5883
2024/12/02,138.2665,0.3790,+0.27,172134133,138.4660,140.0817,137.4636
2024/11/29,137.8875,2.9024,+2.15,142236116,136.4213,138.9846,135.6933
2024/11/27,134.9851,1.5759,-1.15,226966043,134.6560,136.8602,131.4544
2024/11/26,136.5610,0.8977,+0.66,190787922,137.3389,138.9347,135.3143
2024/11/25,135.6633,5.9145,-4.18,345848731,141.6177,141.6775,135.4639
2024/11/22,141.5778,4.7076,-3.22,237027668,145.5474,146.7741,140.7300
2024/11/21,146.2854,0.7779,+0.53,402000663,148.9584,152.4891,140.3311
2024/11/20,145.5075,1.1170,-0.76,310686310,147.0235,147.1731,142.3557
2024/11/19,146.6245,6.8420,+4.89,228433892,140.9494,146.7442,140.6203
2024/11/18,139.7825,1.8252,-1.29,222449281,139.1342,141.1788,136.7904
2024/11/15,141.6077,4.7675,-3.26,250790471,144.4901,144.8592,139.7127
2024/11/14,146.3752,0.4887,+0.33,194974547,147.2529,148.6093,145.1684
2024/11/13,145.8865,2.0147,-1.36,192407783,148.6791,148.9384,145.5174
2024/11/12,147.9012,3.0221,+2.09,199156951,146.3951,149.2576,145.6271
2024/11/11,144.8791,2.3638,-1.61,182804956,148.2901,148.4597,143.1935
2024/11/08,147.2429,1.2467,-0.84,176127657,148.3799,149.3773,145.8765
2024/11/07,148.4896,3.2614,+2.25,207868358,146.0061,148.5395,145.7867
2024/11/06,145.2282,5.6851,+4.07,242680281,142.5851,146.1059,141.5878
2024/11/05,139.5431,3.8498,+2.84,160959427,137.0896,140.0020,136.9699
2024/11/04,135.6933,0.6483,+0.48,188021187,136.8502,138.5956,135.2145
2024/11/01,135.0450,2.6331,+1.99,207672379,134.3468,136.9500,134.2171
2024/10/31,132.4119,6.5577,-4.72,270749578,137.2392,137.2492,131.7642
2024/10/30,138.9696,1.9100,-1.36,179889774,139.1741,139.9620,136.4513
2024/10/29,140.8796,0.7281,+0.52,158007949,139.9172,141.8868,138.5358
2024/10/28,140.1515,1.0174,-0.72,174043106,142.6250,142.7647,139.6828
2024/10/25,141.1689,1.1271,+0.80,205661377,140.5605,143.7521,140.4308
2024/10/24,140.0418,0.8477,+0.61,172808011,140.4508,140.9794,138.0969
2024/10/23,139.1941,4.0194,-2.81,286681751,141.6576,142.0565,137.0996
2024/10/22,143.2135,0.1197,-0.08,226906565,142.5353,144.0413,141.4082
2024/10/21,143.3332,5.6951,+4.14,265250031,137.7678,143.3332,137.6381
2024/10/18,137.6381,1.0671,+0.78,176553127,138.3014,138.5358,136.9200
2024/10/17,136.5710,1.2069,+0.89,307241544,138.9746,140.5206,136.5111
2024/10/16,135.3641,4.1092,+3.13,265576092,133.6287,136.2618,131.2350
2024/10/15,131.2549,6.4531,-4.69,378824343,137.5085,138.2067,128.4024
2024/10/14,137.7080,3.2615,+2.43,232958512,136.1122,139.2340,135.9426
2024/10/11,134.4465,0.0100,-0.01,170656956,133.6586,135.4240,133.3095
2024/10/10,134.4565,2.1543,+1.63,242948376,131.5641,134.6460,130.6565
2024/10/09,132.3022,0.2393,-0.18,246838852,133.7583,134.1673,131.0355
2024/10/08,132.5415,5.1564,+4.05,286473652,129.9184,133.1300,129.0806
2024/10/07,127.3851,2.7927,+2.24,347160528,124.6623,130.2974,124.6224
2024/10/04,124.5924,2.0645,+1.68,245108254,124.6124,124.7121,121.5105
2024/10/03,122.5279,3.9895,+3.37,277846519,120.6029,124.0339,120.0246
2024/10/02,118.5384,1.8452,+1.58,222429122,116.1347,119.0670,114.8381
2024/10/01,116.6932,4.4284,-3.66,302888695,121.4457,122.1141,115.4864
2024/09/30,121.1216,0.0399,+0.03,227650577,117.9998,121.1814,117.8402
2024/09/27,121.0817,2.6331,-2.13,271721661,123.6449,123.7048,118.9473
2024/09/26,123.7148,0.5287,+0.43,303378361,126.4675,127.3302,121.4806
2024/09/25,123.1861,2.6330,+2.18,285441409,121.7000,124.6124,121.2911
2024/09/24,120.5531,4.5979,+3.97,355899983,116.2095,121.4806,115.0775
2024/09/23,115.9552,0.2594,+0.22,206770667,116.2444,116.6832,114.5588
2024/09/20,115.6958,1.8651,-1.59,383467926,116.7531,118.3071,115.0875
2024/09/19,117.5609,4.4882,+3.97,294278069,117.0423,119.3462,116.9426
2024/09/18,113.0727,2.2142,-1.92,311134769,115.5861,117.3914,112.9231
2024/09/17,115.2869,1.1869,-1.02,232535612,117.8601,118.4885,114.5289
2024/09/16,116.4738,2.3139,-1.95,249426333,116.4838,117.8701,114.0601
2024/09/13,118.7877,0.0399,-0.03,238984975,118.7678,119.6405,117.2916
2024/09/12,118.8276,2.2341,+1.92,368065607,116.5336,120.4733,115.0775
2024/09/11,116.5935,8.7862,+8.15,442620734,109.0938,116.8727,107.1292
2024/09/10,107.8073,1.6256,+1.53,269012067,107.5181,109.1038,104.6659
2024/09/09,106.1817,3.6301,+3.54,274655625,104.5960,106.2615,103.4093
2024/09/06,102.5516,4.3681,-4.09,414761034,107.7475,107.8572,100.6767
2024/09/05,106.9197,0.9973,+0.94,307683728,104.7008,109.3531,104.4764
2024/09/04,105.9224,1.7852,-1.66,373481465,105.1246,112.9633,103.8381
2024/09/03,107.7076,11.3392,-9.52,478450470,115.6959,115.8954,106.9995
2024/08/30,119.0468,1.7752,+1.51,334657645,119.2064,121.4204,116.9026
2024/08/29,117.2716,7.9983,-6.38,454253163,121.0264,124.0931,116.3940
2024/08/28,125.2699,2.6827,-2.10,449317610,127.7731,127.9826,122.3080
2024/08/27,127.9526,1.8350,+1.45,303957516,124.7114,128.8502,123.5446
2024/08/26,126.1176,2.9021,-2.25,332865883,129.2192,130.9046,124.0333
2024/08/23,129.0197,5.6147,+4.55,324107831,125.5192,129.2491,124.8810
2024/08/22,123.4050,4.7471,-3.70,377210346,129.6680,130.3960,122.7667
2024/08/21,128.1521,1.2466,+0.98,258583669,126.9703,128.9998,126.3171
2024/08/20,126.9055,2.7425,-2.12,300902086,128.0524,129.5284,125.5492
2024/08/19,129.6480,5.4053,+4.35,319197782,123.9435,129.6480,123.0858
2024/08/16,124.2427,1.7153,+1.40,303411336,121.6099,124.6616,120.8519
2024/08/15,122.5274,4.7671,+4.05,318950208,118.4385,122.9063,117.1520
2024/08/14,117.7603,1.9347,+1.67,340167386,118.2091,118.2789,113.7612
2024/08/13,115.8256,7.1008,+6.53,313495426,112.1356,115.9153,111.2779
2024/08/12,108.7248,4.2584,+4.08,326443693,106.0321,110.7693,105.9723
2024/08/09,104.4664,0.2194,-0.21,291633734,105.3540,106.3114,103.1500
2024/08/08,104.6858,6.0436,+6.13,392973972,101.7238,105.2144,97.2560
2024/08/07,98.6422,5.3256,-5.12,412557393,107.5181,108.5054,98.4228
2024/08/06,103.9678,3.7898,+3.78,410122466,103.5589,107.4184,100.2778
2024/08/05,100.1780,6.8016,-6.36,554343220,91.8108,103.1300,90.4445
2024/08/02,106.9796,1.9347,-1.78,483336062,103.4791,108.4256,101.0955
2024/08/01,108.9143,7.7889,-6.67,524883410,117.2118,119.8347,106.5212
2024/07/31,116.7032,13.2540,+12.81,474458745,112.5943,118.0196,110.5798
2024/07/30,103.4492,7.8387,-7.04,488154918,111.2181,111.6868,102.2624
2024/07/29,111.2879,1.4660,-1.30,248825746,113.3822,115.9652,110.9987
2024/07/26,112.7539,0.7779,+0.69,294195586,115.8754,115.8854,111.2779
2024/07/25,111.9760,1.9647,-1.72,461315999,112.7340,116.3142,106.0122
2024/07/24,113.9407,8.3174,-6.80,328666726,118.8474,119.6252,113.1329
2024/07/23,122.2581,0.9474,-0.77,174383113,122.4476,124.3524,121.7694
2024/07/22,123.2055,5.5948,+4.76,258769543,120.0242,123.7341,119.5355
2024/07/19,117.6107,3.1515,-2.61,217813514,120.0242,121.2708,117.0522
2024/07/18,120.7622,3.0916,+2.63,321850918,121.5201,122.0686,116.2444
2024/07/17,117.6706,8.3473,-6.62,391145187,121.0215,121.5201,116.4040
2024/07/16,126.0179,2.0744,-1.62,215352567,128.0923,128.6906,124.2427
2024/07/15,128.0923,0.7978,-0.62,208891723,130.2065,131.0343,126.8357
2024/07/12,128.8901,1.8350,+1.44,253366507,127.9127,131.5628,126.8756
2024/07/11,127.0551,7.4896,-5.57,375800190,135.3825,135.7814,126.7060
2024/07/10,134.5447,3.5204,+2.69,249654491,133.6671,134.7342,132.0615
2024/07/09,131.0243,3.1714,+2.48,287800018,129.9971,133.4577,128.3017
2024/07/08,127.8529,2.3636,+1.88,238322563,127.1448,130.4159,126.6960
2024/07/05,125.4893,2.4434,-1.91,214758131,127.0351,128.5011,125.3397
2024/07/03,127.9327,5.5948,+4.57,216334666,121.3306,127.9327,121.0314
2024/07/02,122.3379,1.6256,-1.31,218966806,120.8020,123.0759,120.7023
2024/07/01,123.9635,0.7580,+0.62,285658935,123.1357,124.5020,118.5083
2024/06/28,123.2055,0.4488,-0.36,316373298,124.2427,127.3642,122.4177
2024/06/27,123.6543,2.4035,-1.91,253257369,123.7640,126.0678,122.5872
2024/06/26,126.0578,0.3092,+0.25,363961317,125.7885,127.7731,122.2681
2024/06/25,125.7486,7.9584,+6.76,426943375,120.8719,126.1575,118.9969
2024/06/24,117.7902,8.4371,-6.68,477353266,122.9063,124.1230,117.7204
2024/06/21,126.2273,4.1986,-3.22,657264160,126.7758,130.2763,123.9635
2024/06/20,130.4259,4.7870,-3.54,519174052,139.4215,140.3789,129.1693
2024/06/18,135.2129,4.5875,+3.51,295134108,130.7849,135.9609,130.3362
2024/06/17,130.6254,0.8975,-0.68,289287670,132.6299,133.3679,129.2292
2024/06/14,131.5229,2.2638,+1.75,310160112,129.6081,132.4803,127.9726
2024/06/13,129.2591,4.3981,+3.52,261412292,129.0397,129.4486,126.8157
2024/06/12,124.8610,4.2784,+3.55,300408335,122.7268,126.5365,122.2382
2024/06/11,120.5826,0.8677,-0.71,223155335,121.4403,122.5373,118.4185
2024/06/10,121.4503,0.8995,+0.75,315041400,120.0343,122.7566,116.6836
2024/06/07,120.5508,0.1097,-0.09,413539291,119.4359,121.3523,117.6928
2024/06/06,120.6605,1.4380,-1.18,666555423,123.7020,125.2367,117.9900
2024/06/05,122.0985,5.9863,+5.16,529879781,118.0408,122.1079,117.1403
2024/06/04,116.1122,1.4330,+1.25,404452154,115.3932,116.2748,113.7269
2024/06/03,114.6792,5.3520,+4.90,439617993,113.3041,114.6792,111.6906
2024/05/31,109.3272,0.8646,-0.78,614977867,112.2061,112.4026,106.6417
2024/05/30,110.1918,4.3129,-3.77,488713506,114.3302,115.4961,109.3571
2024/05/29,114.5047,0.9214,+0.81,559001160,112.7347,115.1699,110.5917
2024/05/28,113.5833,7.4113,+6.98,654553646,109.9365,114.6184,109.5765
2024/05/24,106.1720,2.6625,+2.57,430695014,104.1577,106.1780,102.7127
2024/05/23,103.5095,8.8243,+9.32,837401055,101.7434,106.0234,101.2368
2024/05/22,94.6852,0.4347,-0.46,550182622,95.1927,95.7522,92.9889
2024/05/21,95.1199,0.6043,+0.64,329866562,93.3379,95.1339,92.9201
2024/05/20,94.5156,2.2946,+2.49,319656081,93.4885,94.9345,93.1794
2024/05/17,92.2210,1.8748,-1.99,360697128,94.1058,94.4757,91.5499
2024/05/16,94.0958,0.2702,-0.29,324857951,94.6453,95.5517,93.8405
2024/05/15,94.3660,3.2648,+3.58,418903905,92.2141,94.5974,91.3435
2024/05/14,91.1012,0.9544,+1.06,297336445,89.3491,91.3954,88.6859
2024/05/13,90.1468,0.5195,+0.58,290490439,90.2256,90.7442,88.2821
2024/05/10,89.6273,1.1278,+1.27,336263354,90.0526,91.1461,88.9781
2024/05/09,88.4995,1.6603,-1.84,379070026,90.2765,90.8180,87.9849
2024/05/08,90.1598,0.1416,-0.16,326632100,89.2329,90.9396,89.1706
2024/05/07,90.3014,1.5816,-1.72,438564906,90.8439,91.5250,88.7627
2024/05/06,91.8830,3.3417,+3.77,377254832,89.1407,91.9628,88.8066
2024/05/03,88.5413,2.9637,+3.46,399454925,87.5441,89.0320,86.7972
2024/05/02,85.5776,2.7682,+3.34,378954564,84.2134,85.9965,82.9679
2024/05/01,82.8094,3.3516,-3.89,561429173,84.8397,85.7601,81.0279
2024/04/30,86.1610,1.3512,-1.54,364726036,86.9967,88.5713,86.0593
2024/04/29,87.5122,0.0219,+0.03,390058757,87.3507,87.7466,85.0282
2024/04/26,87.4903,5.0888,+6.18,552552021,83.5842,88.0845,83.1544
2024/04/25,82.4015,2.9467,+3.71,425828500,78.6480,83.0906,78.0048
2024/04/24,79.4548,2.7383,-3.33,513640234,83.7158,83.8475,78.9621
2024/04/23,82.1931,2.8969,+3.65,439786072,80.5437,82.5381,80.0401
2024/04/22,79.2962,3.3087,+4.35,598008544,77.8861,79.8497,76.1869
2024/04/19,75.9875,8.4473,-10.00,877646031,82.9181,84.0888,75.3951
2024/04/18,84.4348,0.6342,+0.76,448511379,84.7330,85.9496,82.1722
2024/04/17,83.8006,3.3706,-3.87,496785200,88.0936,88.5274,83.7158
2024/04/16,87.1712,1.4101,+1.64,371489220,86.1914,87.8722,85.8238
2024/04/15,85.7611,2.1789,-2.48,444316288,88.8495,90.3603,85.6893
2024/04/12,87.9400,2.4232,-2.68,427998613,89.4488,89.9235,87.2859
2024/04/11,90.3632,3.5670,+4.11,432844610,87.1762,90.4859,86.6835
2024/04/10,86.7962,1.6803,+1.97,433136684,83.6919,87.1562,83.4755
2024/04/09,85.1159,1.7741,-2.04,504955831,87.1981,87.3906,82.7904
2024/04/08,86.8900,0.8725,-0.99,284012199,88.4526,88.5822,86.4901
2024/04/05,87.7625,2.0971,+2.45,400796407,86.6237,88.2342,85.6863
2024/04/04,85.6654,3.0505,-3.44,436181568,90.1538,90.3812,85.6405
2024/04/03,88.7159,0.4866,-0.55,371101669,88.2372,90.1219,88.1534
2024/04/02,89.2025,0.9084,-1.01,434274879,88.2013,89.8427,87.3756
2024/04/01,90.1109,0.0069,+0.01,453707022,90.0471,91.9678,88.9552
2024/03/28,90.1040,0.1057,+0.12,436429609,89.7490,91.0453,88.9442
2024/03/27,89.9983,2.3045,-2.50,587706528,92.8523,92.9799,88.8744
2024/03/26,92.3028,2.4342,-2.57,515084312,95.5836,96.1062,92.2440
2024/03/25,94.7370,0.7110,+0.76,553680469,93.6790,96.4961,93.2492
2024/03/22,94.0260,2.8460,+3.12,588360483,90.8868,94.5136,90.5806
2024/03/21,91.1800,1.0601,+1.18,481715967,92.0425,92.3896,90.1528
2024/03/20,90.1199,0.9713,+1.09,480402785,89.5465,90.1578,87.9769
2024/03/19,89.1486,0.9403,+1.07,674051411,86.4582,90.2914,84.7729
2024/03/18,88.2083,0.6168,+0.70,670847134,90.1359,92.1473,86.8421
2024/03/15,87.5915,0.1072,-0.12,643882150,86.6875,89.2962,86.0164
2024/03/14,87.6987,2.9358,-3.24,604002914,89.3271,90.3932,86.3584
2024/03/13,90.6345,1.0221,-1.12,637491053,90.8010,91.2488,88.1883
2024/03/12,91.6566,6.1219,+7.16,669943834,87.8034,91.7035,85.9098
2024/03/11,85.5347,1.7492,-2.00,680261584,86.1879,88.5493,83.9312
2024/03/08,87.2839,5.1266,-5.55,1145464120,94.8725,97.1283,86.2647
2024/03/07,92.4105,3.9579,+4.47,609820140,89.9065,92.5082,89.3521
2024/03/06,88.4526,2.7284,+3.18,584149677,87.7765,89.4737,86.7873
2024/03/05,85.7242,0.7289,+0.86,522095589,85.0322,85.8568,83.1843
2024/03/04,84.9953,2.9497,+3.60,617367373,83.8914,87.4463,83.4816
2024/03/01,82.0456,3.1580,+4.00,480497846,79.7731,82.0666,79.2097
2024/02/29,78.8876,1.4449,+1.87,508731800,78.8697,79.7631,78.1278
2024/02/28,77.4427,1.0351,-1.32,394228476,77.3999,78.7091,76.9063
2024/02/27,78.4778,0.3899,-0.49,392819319,79.1559,79.2546,76.9432
2024/02/26,78.8677,0.2742,+0.35,505406118,79.4740,80.4173,78.2824
2024/02/23,78.5935,0.2782,+0.36,831747298,80.5609,82.1603,77.3500
2024/02/22,78.3153,11.0347,+16.40,867560238,74.8122,78.3522,74.0095
2024/02/21,67.2806,1.9744,-2.85,692261461,67.8131,68.6926,66.0601
2024/02/20,69.2550,3.1521,-4.35,706837771,71.7430,71.7519,67.5419
2024/02/16,72.4071,0.0448,-0.06,496735417,73.8898,74.1910,72.2954
2024/02/15,72.4519,1.2385,-1.68,421316711,73.6595,73.7652,72.1947
2024/02/14,73.6904,1.7670,+2.46,506353495,72.9944,74.0255,71.7340
2024/02/13,71.9234,0.1197,-0.17,604293995,70.2003,73.2417,69.4225
2024/02/12,72.0431,0.1147,+0.16,615455681,72.3941,74.3994,71.0479
2024/02/09,71.9284,2.4849,+3.58,437878763,70.3330,71.9803,70.0129
2024/02/08,69.4435,0.4567,-0.65,415600800,69.8753,70.5932,69.2580
2024/02/07,69.9002,1.8707,+2.75,496984052,68.1252,70.0208,67.4083
2024/02/06,68.0295,1.1059,-1.60,685054250,69.4325,69.5562,66.1120
2024/02/05,69.1354,3.1630,+4.79,682012273,68.0315,69.2999,67.0144
2024/02/02,65.9724,3.1242,+4.97,477933122,63.7926,66.4111,63.5094
2024/02/01,62.8482,1.4957,+2.44,370195706,61.9239,63.0118,61.4752
2024/01/31,61.3525,1.2435,-1.99,455085543,61.2657,62.0924,60.5278
2024/01/30,62.5960,0.3082,+0.49,411903504,62.7216,63.3129,62.0834
2024/01/29,62.2878,1.4299,+2.35,349724839,61.0583,62.3118,60.7343
2024/01/26,60.8579,0.5843,-0.95,391418697,60.7871,61.6078,60.4012
2024/01/25,61.4422,0.2542,+0.42,484149943,62.1732,62.5411,60.6774
2024/01/24,61.1880,1.4848,+2.49,561864270,60.1330,62.6708,59.7680
2024/01/23,59.7032,0.2184,+0.37,295492500,59.4011,59.7401,58.4188
2024/01/22,59.4848,0.1625,+0.27,454242914,59.8787,60.1599,58.9025
2024/01/19,59.3223,2.3773,+4.17,545047295,57.8245,59.3313,57.0627
2024/01/18,56.9450,1.0510,+1.88,493048701,57.0976,57.4366,55.9479
2024/01/17,55.8940,0.3281,-0.58,475743702,56.1872,56.3105,54.5848
2024/01/16,56.2221,1.6673,+3.06,450858415,54.8620,56.6738,54.7443
2024/01/12,54.5548,0.1117,-0.20,353997577,54.4651,54.8141,54.1760
2024/01/11,54.6665,0.4706,+0.87,598456058,54.8430,55.1890,53.4081
2024/01/10,54.1959,1.2066,+2.28,535313970,53.4639,54.4451,53.3373
2024/01/09,52.9893,0.8845,+1.70,775298894,52.2524,54.1709,51.5434
2024/01/08,52.1048,3.1470,+6.43,644337313,49.3716,52.1267,49.3387
2024/01/05,48.9578,1.0959,+2.29,416219716,48.3246,49.4065,48.1690
2024/01/04,47.8619,0.4278,+0.90,307406730,47.6315,48.3624,47.3733
2024/01/03,47.4341,0.5973,-1.24,321808856,47.3503,48.0474,47.1858
2024/01/02,48.0314,1.3502,-2.73,412423900,49.1043,49.1552,47.4600
2023/12/29,49.3816,0.0000,0,390400519,49.6717,49.8552,48.6127
2023/12/28,49.3816,0.1048,+0.21,247288819,49.5022,49.7425,49.2719
2023/12/27,49.2768,0.1376,+0.28,234312516,49.3706,49.5391,48.9458
2023/12/26,49.1392,0.4477,+0.92,244894067,48.8291,49.4593,48.8211
2023/12/22,48.6915,0.1596,-0.33,253224934,49.0555,49.2429,48.3295
2023/12/21,48.8511,0.8765,+1.83,301279813,48.6726,48.9558,48.2817
2023/12/20,47.9746,1.4887,-3.01,399026073,49.5142,49.8572,47.9616
2023/12/19,49.4633,0.4717,-0.94,465765423,49.2838,49.5590,48.7563
2023/12/18,49.9350,1.1837,+2.43,413760641,49.2599,50.2900,49.0106
2023/12/15,48.7513,0.5384,+1.12,481312636,48.0573,49.2639,47.9835
2023/12/14,48.2129,0.2613,+0.54,392344473,48.2528,48.5320,47.2875
2023/12/13,47.9516,0.4298,+0.90,449065460,47.4939,48.4562,47.4730
2023/12/12,47.5218,1.0270,+2.21,373445995,45.9154,47.5308,45.9154
2023/12/11,46.4948,0.8765,-1.85,511177847,47.3563,47.3962,45.7000
2023/12/08,47.3713,0.9075,+1.95,360245396,46.4629,47.6055,46.4180
2023/12/07,46.4638,1.0899,+2.40,351820352,45.5704,46.4968,45.4747
2023/12/06,45.3739,1.0600,-2.28,381672014,47.0806,47.2526,45.2832
2023/12/05,46.4339,1.0570,+2.33,372774851,45.3371,46.4678,45.1426
2023/12/04,45.3769,1.2514,-2.68,438826461,45.9423,45.9423,44.8784
2023/12/01,46.6283,0.0050,-0.01,370399969,46.3890,47.0620,46.0520
2023/11/30,46.6333,1.3660,-2.85,527789758,47.8836,47.9693,46.2863
2023/11/29,47.9993,0.3181,+0.67,383124813,48.2376,48.6194,47.7201
2023/11/28,47.6812,0.4198,-0.87,402668153,48.0950,48.1816,47.3342
2023/11/27,48.1010,0.4647,+0.98,396822111,47.6602,48.3881,47.5127
2023/11/24,47.6363,0.9373,-1.93,295508635,48.3283,48.7780,47.6054
2023/11/22,48.5736,1.2244,-2.46,903283309,49.7062,50.1878,47.5506
2023/11/21,49.7980,0.4636,-0.92,567405826,49.9794,50.3693,49.0781
2023/11/20,50.2616,1.1077,+2.25,417362867,49.1678,50.4002,49.0372
2023/11/17,49.1539,0.1814,-0.37,326852547,49.3792,49.5716,48.8637
2023/11/16,49.3353,0.5902,+1.21,340752517,48.5367,49.3799,48.1887
2023/11/15,48.7451,0.7657,-1.55,476891664,49.7890,49.8139,48.0591
2023/11/14,49.5108,1.0330,+2.13,418176516,49.5347,49.6883,48.8966
2023/11/13,48.4778,0.2841,+0.59,385262112,48.1787,48.9724,47.9584
2023/11/10,48.1937,1.3810,+2.95,423680297,47.3611,48.3303,47.1448
2023/11/09,46.8127,0.3749,+0.81,542080882,47.3282,48.0890,46.6133
2023/11/08,46.4378,0.6172,+1.35,347735634,45.9652,46.7300,45.8336
2023/11/07,45.8206,0.2034,+0.45,344171744,45.5853,46.0829,45.0255
2023/11/06,45.6172,0.7438,+1.66,401908432,45.1521,45.8007,44.7677
2023/11/03,44.8734,1.4946,+3.45,425854685,43.8913,45.1765,43.5952
2023/11/02,43.3788,1.1775,+2.79,410371696,43.2013,43.7557,42.7686
2023/11/01,42.2013,1.5405,+3.79,438876066,40.7645,42.2571,40.7495
2023/10/31,40.6608,0.3799,-0.93,519487554,40.3317,40.7595,39.1153
2023/10/30,41.0407,0.6591,+1.63,389165966,40.9669,41.6439,40.3626
2023/10/27,40.3816,0.1735,+0.43,418006559,41.0097,41.0855,39.8980
2023/10/26,40.2081,1.4487,-3.48,542587714,41.7306,42.1320,39.7636
2023/10/25,41.6568,1.8785,-4.31,399547399,43.2711,43.5224,41.4335
2023/10/24,43.5353,0.6859,+1.60,402640593,42.9511,43.5692,42.5662
2023/10/23,42.8494,1.5834,+3.84,479933699,41.1085,43.1215,40.8253
2023/10/20,41.2660,0.7119,-1.70,478665551,41.7675,42.3458,40.9579
2023/10/19,41.9779,0.0947,-0.23,502702860,42.6858,43.1704,41.7595
2023/10/18,42.0726,1.7369,-3.96,629133773,42.4665,43.0926,41.7027
2023/10/17,43.8095,2.1507,-4.68,814714696,43.8714,44.6232,42.3558
2023/10/16,45.9602,0.6321,+1.39,376199154,44.9312,46.0898,44.7807
2023/10/13,45.3281,1.4796,-3.16,476820095,46.8227,46.9782,45.1476
2023/10/12,46.8077,0.1385,+0.30,482736403,46.6402,47.4698,46.1945
2023/10/11,46.6692,1.0051,+2.20,379245712,46.0609,46.7220,45.9154
2023/10/10,45.6641,0.5235,+1.16,369662884,45.1775,46.1238,44.9562
2023/10/09,45.1406,0.4876,-1.07,410876021,44.7109,45.4717,44.2383
2023/10/06,45.6282,1.0709,+2.40,435709929,44.0638,45.6551,43.8973
2023/10/05,44.5573,0.6451,+1.47,394636912,43.9212,44.7687,43.7597
2023/10/04,43.9122,0.5224,+1.20,362881838,43.6141,44.0139,43.1654
2023/10/03,43.3898,1.2613,-2.82,472230226,44.6770,44.9981,43.1196
2023/10/02,44.6511,1.2793,+2.95,434568783,43.9013,45.0429,43.7328
2023/09/29,43.3718,0.4088,+0.95,398996498,43.6989,44.0149,43.1803
2023/09/28,42.9630,0.6192,+1.46,425908041,42.3359,43.3193,41.9919
2023/09/27,42.3438,0.5553,+1.33,446239896,42.2062,42.7467,41.5073
2023/09/26,41.7885,0.3101,-0.74,403461713,41.8782,42.6948,41.5332
2023/09/25,42.0986,0.6103,+1.47,420319872,41.4694,42.4116,41.0566
2023/09/22,41.4883,0.5912,+1.45,480641588,41.4505,41.9919,41.1105
2023/09/21,40.8971,1.2184,-2.89,452057666,41.4614,41.9769,40.8602
2023/09/20,42.1155,1.2773,-2.94,368184170,43.4725,43.7746,42.0996
2023/09/19,43.3928,0.4447,-1.01,374158187,43.7048,43.8375,42.8763
2023/09/18,43.8375,0.0659,+0.15,501737748,42.6230,44.1126,41.8772
2023/09/15,43.7716,1.6761,-3.69,508316704,45.2084,45.4657,43.6799
2023/09/14,45.4477,0.0957,+0.21,371182447,45.8157,45.8525,44.9990
2023/09/13,45.3520,0.6132,+1.37,399523459,44.4696,45.7957,44.3729
2023/09/12,44.7388,0.3071,-0.68,350280474,44.6072,45.5395,44.4008
2023/09/11,45.0459,0.3929,-0.86,475355373,46.0131,46.0280,44.1824
2023/09/08,45.4388,0.6670,-1.45,475289570,45.8077,46.4697,45.1386
2023/09/07,46.1058,0.8176,-1.74,434600556,45.3919,46.2085,45.0200
2023/09/06,46.9234,1.4787,-3.06,470043863,48.2994,48.4071,46.4438
2023/09/05,48.4021,0.0389,+0.08,383806266,48.0780,48.7040,47.7161
2023/09/01,48.3632,0.8434,-1.71,465228734,49.6124,49.6503,47.9969
2023/08/31,49.2066,0.0907,+0.18,530163392,49.2316,49.5945,48.8108
2023/08/30,49.1159,0.4785,+0.98,737422604,48.8966,49.7769,48.2794
2023/08/29,48.6374,1.9432,+4.16,703511681,46.5257,48.9335,46.2516
2023/08/28,46.6942,0.8145,+1.78,687258064,46.3423,46.8388,44.7531
2023/08/25,45.8797,1.1415,-2.43,928130394,46.8707,47.6613,44.8887
2023/08/24,47.0212,0.0468,+0.10,1159529528,50.0651,50.1149,47.0172
2023/08/23,46.9744,1.4437,+3.17,781394880,45.7281,47.0581,45.0721
2023/08/22,45.5307,1.2951,-2.77,759489866,47.9903,48.0422,45.1968
2023/08/21,46.8258,3.6570,+8.47,694661458,44.3603,46.9235,44.0891
2023/08/18,43.1688,0.0444,-0.10,585527912,42.5068,43.4470,41.5348
2023/08/17,43.2132,0.1421,-0.33,453758777,43.8378,43.9296,42.8717
2023/08/16,43.3553,0.4526,-1.03,529040928,44.3862,44.5407,43.2755
2023/08/15,43.8079,0.1864,+0.43,678551172,44.4261,45.1319,43.5786
2023/08/14,43.6215,2.8893,+7.09,692367021,40.3643,43.6683,40.1898
2023/08/11,40.7322,1.5284,-3.62,534692496,41.6255,41.8917,40.5168
2023/08/10,42.2606,0.1655,-0.39,494190792,42.0333,43.4430,41.7092
2023/08/09,42.4261,2.1036,-4.72,588217196,44.1409,44.1788,42.0073
2023/08/08,44.5297,0.7503,-1.66,354910257,44.7182,45.1060,43.9236
2023/08/07,45.2800,0.7343,+1.65,323124823,44.9754,45.4031,44.4295
2023/08/04,44.5457,0.1645,+0.37,363759608,44.8498,45.5048,44.2596
2023/08/03,44.3812,0.2453,+0.56,326056696,43.6683,44.9824,43.6683
2023/08/02,44.1359,2.2313,-4.81,531739931,45.6932,45.7022,43.2566
2023/08/01,46.3672,0.2213,-0.48,239997380,46.3198,46.7590,45.8886
2023/07/31,46.5885,0.0210,-0.05,251812204,46.6135,46.9883,46.3662
2023/07/28,46.6095,0.8475,+1.85,332192781,46.5277,46.8856,46.2416
2023/07/27,45.7620,0.4466,+0.99,457350272,46.3792,47.2525,45.6125
2023/07/26,45.3154,0.2263,-0.50,365335424,45.8827,45.9146,44.4958
2023/07/25,45.5417,1.0638,+2.39,349130363,44.8059,46.0437,44.7880
2023/07/24,44.4779,0.3021,+0.68,384254774,44.5965,44.9734,43.9076
2023/07/21,44.1758,1.2074,-2.66,966674363,45.6504,45.7281,43.9674
2023/07/20,45.3832,1.5523,-3.31,539486155,46.3672,46.9455,44.9265
2023/07/19,46.9355,0.4157,-0.88,428790695,47.3213,47.6743,46.6015
2023/07/18,47.3512,1.0299,+2.22,571909527,46.5606,47.7520,45.5965
2023/07/17,46.3213,0.9890,+2.18,512027327,46.1499,46.3562,45.1264
2023/07/14,45.3323,0.5065,-1.10,774403114,46.4428,47.9435,44.9246
2023/07/13,45.8388,2.0688,+4.73,479645460,44.3842,46.0163,44.3583
2023/07/12,43.7700,1.4925,+3.53,482728056,42.9036,43.8029,42.6487
2023/07/11,42.2775,0.2243,+0.53,299143257,42.3533,42.6295,41.9406
2023/07/10,42.0532,0.3220,-0.76,354975132,42.5288,42.6823,41.5238
2023/07/07,42.3752,0.3988,+0.95,356954442,42.1948,43.0841,42.0532
2023/07/06,41.9764,0.2134,-0.51,305055759,41.7182,42.0522,41.2217
2023/07/05,42.1898,0.0957,-0.23,324593257,42.0083,43.0472,41.9585
2023/07/03,42.2855,0.1107,+0.26,198806785,42.3892,42.7691,42.0751
2023/06/30,42.1748,1.4755,+3.63,502658695,41.5547,42.4221,41.3763
2023/06/29,40.6993,0.2941,-0.72,381661539,41.4331,41.4750,40.4780
2023/06/28,40.9934,0.7567,-1.81,584395910,40.5378,41.7192,40.3962
2023/06/27,41.7501,1.2402,+3.06,463568143,40.6764,41.8139,40.3264
2023/06/26,40.5099,1.5722,-3.74,596113783,42.3334,42.6355,39.9795
2023/06/23,42.0821,0.8136,-1.90,359219621,42.3364,42.6803,41.8887
2023/06/22,42.8957,0.0199,-0.05,418996896,42.1260,43.2950,42.1070
2023/06/21,42.9156,0.7607,-1.74,553265976,43.3702,43.4839,41.9535
2023/06/20,43.6763,1.1126,+2.61,452513323,42.8688,43.8578,42.5457
2023/06/16,42.5637,0.0389,+0.09,657686354,43.3194,43.5896,42.5323
2023/06/15,42.5248,0.3430,-0.80,570336418,42.4739,43.1589,42.0203
2023/06/14,42.8678,1.9691,+4.81,742697500,40.7013,42.8707,40.4301
2023/06/13,40.8987,1.5354,+3.90,615056964,40.0652,40.9775,39.6205
2023/06/12,39.3633,0.7098,+1.84,390848203,39.0822,39.4112,38.5019
2023/06/09,38.6535,0.2593,+0.68,429007025,38.9197,39.5916,38.4511
2023/06/08,38.3942,1.0318,+2.76,419031971,37.6106,38.7472,37.3923
2023/06/07,37.3624,1.1714,-3.04,513541548,38.7980,39.3803,37.2437
2023/06/06,38.5338,0.5154,-1.32,389941499,38.7093,39.0382,38.0294
2023/06/05,39.0492,0.1555,-0.40,397329137,38.7880,39.4420,38.5867
2023/06/02,39.2047,0.4417,-1.11,484236740,39.9723,40.3741,38.9366
2023/06/01,39.6464,1.9300,+5.12,637856094,38.3693,39.9255,38.2208
2023/05/31,37.7164,2.2699,-5.68,1005707022,39.3652,40.1697,37.7044
2023/05/30,39.9863,1.1614,+2.99,926280980,40.4688,41.8076,39.8248
2023/05/26,38.8249,0.9630,+2.54,716624802,37.7722,39.0482,37.4333
2023/05/25,37.8619,7.4188,+24.37,1548725779,38.4032,39.3573,36.5211
2023/05/24,30.4431,0.1495,-0.49,723668452,30.1161,30.5118,29.7133
2023/05/23,30.5926,0.4865,-1.57,357364334,30.9036,31.1907,30.5358
2023/05/22,31.0791,0.0877,-0.28,373159853,30.8049,31.4220,30.5846
2023/05/19,31.1668,0.4127,-1.31,475385661,31.4380,31.4818,30.8199
2023/05/18,31.5795,1.4953,+4.97,751060115,30.3155,31.7290,30.2257
2023/05/17,30.0842,0.9620,+3.30,433884390,29.4920,30.1051,29.3385
2023/05/16,29.1222,0.2592,+0.90,450806533,28.7513,29.7771,28.7424
2023/05/15,28.8630,0.6111,+2.16,294842559,28.4199,28.8789,28.0645
2023/05/12,28.2519,0.2372,-0.83,275077487,28.4403,28.6905,27.9588
2023/05/11,28.4891,0.3061,-1.06,323153740,28.8062,28.8600,28.1582
2023/05/10,28.7952,0.3130,+1.10,370501899,28.9148,29.0225,28.3728
2023/05/09,28.4822,0.5782,-1.99,315851467,28.8092,28.8829,28.3615
2023/05/08,29.0604,0.4696,+1.64,346054811,28.4333,29.1292,28.2619
2023/05/05,28.5908,1.1145,+4.06,362621499,27.7390,28.6656,27.6448
2023/05/04,27.4763,0.2393,-0.86,322854189,27.5650,27.7724,27.1553
2023/05/03,27.7156,0.4067,-1.45,384583099,27.7534,28.2788,27.3866
2023/05/02,28.1223,0.6978,-2.42,403985593,28.5908,28.7463,27.9957
2023/05/01,28.8201,1.1574,+4.18,572107256,27.7534,28.9681,27.6936
2023/04/28,27.6627,0.5213,+1.92,293127496,27.1404,27.6717,26.9873
2023/04/27,27.1414,0.2692,+1.00,378337471,27.2779,27.4095,26.5422
2023/04/26,26.8722,0.7128,+2.72,407604083,26.9180,27.2450,26.6221
2023/04/25,26.1594,0.7985,-2.96,379707701,26.9938,27.1623,26.1435
2023/04/24,26.9579,0.0768,-0.28,340340004,26.9290,27.2809,26.5881
2023/04/21,27.0347,0.0150,+0.06,346179068,26.8682,27.0985,26.6389
2023/04/20,27.0197,0.8245,-2.96,429047201,27.5850,27.9429,26.9161
2023/04/19,27.8442,0.2632,+0.95,359778991,27.2759,27.9129,27.1473
2023/04/18,27.5810,0.6630,+2.46,606697811,27.4479,28.0226,27.2719
2023/04/17,26.9180,0.2432,+0.91,322473897,26.4829,26.9220,26.3510
2023/04/14,26.6748,0.2941,+1.11,396894105,26.4216,26.7994,26.1385
2023/04/13,26.3807,0.0319,-0.12,354718126,26.6509,26.8033,26.2471
2023/04/12,26.4126,0.6719,-2.48,447650731,27.2849,27.3826,26.3653
2023/04/11,27.0845,0.4088,-1.49,315358645,27.6373,27.7036,27.0417
2023/04/10,27.4933,0.5404,+2.00,396511335,26.7396,27.5351,26.5861
2023/04/06,26.9529,0.1555,+0.58,398894534,26.5013,26.9958,26.3448
2023/04/05,26.7974,0.5702,-2.08,516620955,26.7456,26.9141,26.3129
2023/04/04,27.3676,0.5105,-1.83,369741084,27.8791,27.9129,27.2221
2023/04/03,27.8781,0.1875,+0.68,399959104,27.4235,27.9129,27.2510
2023/03/31,27.6906,0.3927,+1.44,435286109,27.0556,27.7478,27.0207
2023/03/30,27.2979,0.3978,+1.48,365652582,27.1443,27.4135,27.0177
2023/03/29,26.9001,0.5722,+2.17,394921712,26.7416,26.9938,26.5143
2023/03/28,26.3279,0.1206,-0.46,357214387,26.3648,26.4306,25.7696
2023/03/27,26.4485,0.2472,-0.93,362151698,26.7536,26.9161,26.2830
2023/03/24,26.6957,0.4108,-1.52,456834404,26.9470,27.0825,26.2731
2023/03/23,27.1065,0.7208,+2.73,566650521,27.0312,27.4135,26.6070
2023/03/22,26.3857,0.2682,+1.03,799781694,26.3428,27.5032,26.1554
2023/03/21,26.1175,0.2980,+1.15,549115001,26.0986,26.3099,25.3021
2023/03/20,25.8195,0.1745,+0.68,434096831,25.5354,25.9431,25.0517
2023/03/17,25.6450,0.1834,+0.72,851192985,25.9012,26.3169,25.5882
2023/03/16,25.4616,1.3089,+5.42,586770576,23.9523,25.5084,23.8197
2023/03/15,24.1527,0.1645,+0.69,526121493,23.6871,24.2105,23.2874
2023/03/14,23.9882,1.0936,+4.78,476391268,23.4229,24.1437,23.3871
2023/03/13,22.8946,0.0010,+0,423206101,22.6813,23.2256,22.2277
2023/03/10,22.8936,0.4695,-2.01,476346649,23.3362,23.5535,22.6553
2023/03/09,23.3631,0.7427,-3.08,502820298,24.0998,24.3780,23.3101
2023/03/08,24.1058,0.8902,+3.83,515175110,23.4140,24.1248,23.3507
2023/03/07,23.2156,0.2612,-1.11,516760529,23.5266,24.0500,23.1687
2023/03/06,23.4768,0.3349,-1.41,438868003,23.8127,24.1685,23.4100
2023/03/03,23.8117,0.5741,+2.47,413749726,23.2435,23.8216,23.0542
2023/03/02,23.2376,0.6140,+2.71,391357666,22.4143,23.3038,22.3585
2023/03/01,22.6236,0.5163,-2.23,461538716,23.1160,23.1793,22.4342
2023/02/28,23.1399,0.2841,-1.21,457462533,23.2954,23.7469,23.1299
2023/02/27,23.4240,0.2143,+0.92,454483637,23.5924,23.8017,23.3771
2023/02/24,23.2097,0.3767,-1.60,591655577,23.1489,23.3970,22.8718
2023/02/23,23.5864,2.9004,+14.02,1121672671,23.3632,23.8097,22.9495
2023/02/22,20.6860,0.0987,+0.48,514872263,20.6391,21.0348,20.3541
2023/02/21,20.5873,0.7306,-3.43,411363152,20.9312,21.4233,20.5504
2023/02/17,21.3179,0.6120,-2.79,467420017,21.5601,21.6687,20.9062
2023/02/16,21.9299,0.7595,-3.35,413381499,22.0604,22.4761,21.8549
2023/02/15,22.6894,0.2063,-0.90,422573614,22.4751,22.7801,22.0335
2023/02/14,22.8957,1.1791,+5.43,677695238,21.5073,22.9732,21.2960
2023/02/13,21.7166,0.5213,+2.46,476480701,21.4674,21.9757,20.8933
2023/02/10,21.1953,1.0685,-4.80,552548209,21.6189,22.0053,20.7428
2023/02/09,22.2638,0.1316,+0.59,525598889,22.5319,22.9445,22.0475
2023/02/08,22.1322,0.0319,+0.14,561492000,22.3136,22.8030,21.9359
2023/02/07,22.1003,1.0804,+5.14,666334101,21.3119,22.1860,21.0807
2023/02/06,21.0199,0.0109,-0.05,453684437,20.7378,21.4993,20.7179
2023/02/03,21.0308,0.6070,-2.81,430778201,20.9312,21.6737,20.7208
2023/02/02,21.6378,0.7635,+3.66,566131791,20.9312,21.8770,20.6321
2023/02/01,20.8743,1.4013,+7.20,662649452,19.6264,21.1225,19.5467
2023/01/31,19.4730,0.3738,+1.96,499654634,19.1067,19.6225,18.8879
2023/01/30,19.0992,1.1990,-5.91,490218268,19.8846,20.0740,19.0872
2023/01/27,20.2982,0.5611,+2.84,543925169,19.3982,20.5604,19.3414
2023/01/26,19.7371,0.4774,+2.48,491145578,19.6364,20.0999,19.2148
2023/01/25,19.2597,0.0579,+0.30,451015708,18.8505,19.3065,18.5191
2023/01/24,19.2018,0.0717,+0.37,497836193,18.7653,19.4311,18.7583
2023/01/23,19.1301,1.3496,+7.59,657317522,18.0048,19.1819,17.7591
2023/01/20,17.7805,1.0705,+6.41,566825385,16.9552,17.7975,16.7698
2023/01/19,16.7100,0.6100,-3.52,454421363,16.9801,17.1406,16.6761
2023/01/18,17.3200,0.3240,-1.84,441069540,17.6091,17.8144,17.2253
2023/01/17,17.6440,0.8004,+4.75,512783255,16.8436,17.6699,16.8436
2023/01/13,16.8436,0.3867,+2.35,448758257,16.2246,16.8665,16.1120
2023/01/12,16.4569,0.5084,+3.19,553222730,16.0472,16.5825,15.4412
2023/01/11,15.9485,0.0917,+0.58,354446939,15.7876,15.9755,15.5120
2023/01/10,15.8568,0.2800,+1.80,385364629,15.4562,15.9097,15.4213
2023/01/09,15.5768,0.7665,+5.18,505889053,15.2339,16.0034,15.0914
2023/01/06,14.8103,0.5921,+4.16,406375872,14.4265,14.9608,13.9880
2023/01/05,14.2182,0.4824,-3.28,390448145,14.4435,14.5163,14.1016
2023/01/04,14.7006,0.4325,+3.03,432742290,14.5192,14.8043,14.1943
2023/01/03,14.2681,0.2980,-2.05,402596441,14.8023,14.9468,14.0498
2022/12/30,14.5661,0.0110,+0.08,311511079,14.2870,14.5810,14.1863
2022/12/29,14.5551,0.5651,+4.04,356090638,14.3548,14.6349,14.1804
2022/12/28,13.9900,0.0847,-0.60,352221162,13.8813,14.2152,13.8385
2022/12/27,14.0747,1.0814,-7.14,466431396,15.0246,15.0505,14.0099
2022/12/23,15.1561,0.1326,-0.87,350474616,15.1462,15.2887,14.8342
2022/12/22,15.2887,1.1582,-7.04,566903792,16.0407,16.0851,14.8332
2022/12/21,16.4469,0.4146,+2.59,326094439,16.0612,16.5725,16.0492
2022/12/20,16.0323,0.1684,-1.04,404586174,16.0113,16.2565,15.8000
2022/12/19,16.2007,0.3160,-1.91,355203259,16.5177,16.5545,16.0921
2022/12/16,16.5167,0.3797,-2.25,479804909,16.8089,16.9851,16.3562
2022/12/15,16.8964,0.7197,-4.09,480116099,17.0898,17.2632,16.6453
2022/12/14,17.6161,0.3967,-2.20,498522442,17.9280,18.1922,17.3629
2022/12/13,18.0128,0.5353,+3.06,658748383,18.4702,18.7284,17.6529
2022/12/12,17.4775,0.5322,+3.14,458832022,16.9811,17.4805,16.7419
2022/12/09,16.9453,0.1674,-0.98,466868760,17.1037,17.5254,16.9193
2022/12/08,17.1127,1.0455,+6.51,517150954,16.2197,17.1227,15.9067
2022/12/07,16.0672,0.1326,+0.83,373612421,15.7203,16.1329,15.6156
2022/12/06,15.9346,0.6209,-3.75,353854336,16.4758,16.5187,15.7671
2022/12/05,16.5555,0.2652,-1.58,353413792,16.6243,16.9393,16.4180
2022/12/02,16.8207,0.2581,-1.51,372610135,16.6044,16.8771,16.3911
2022/12/01,17.0788,0.2113,+1.25,472525685,16.9433,17.2084,16.5805
2022/11/30,16.8675,1.2838,+8.24,567157574,15.6455,16.8745,15.5459
2022/11/29,15.5837,0.1874,-1.19,299442512,15.7711,15.8757,15.4652
2022/11/28,15.7711,0.4414,-2.72,305230482,15.9694,16.2992,15.6694
2022/11/25,16.2125,0.2481,-1.51,168529767,16.2603,16.4287,16.1149
2022/11/23,16.4606,0.4793,+3.00,428755855,16.0411,16.4686,15.9913
2022/11/22,15.9813,0.7184,+4.71,474542774,15.2738,16.0008,15.0682
2022/11/21,15.2629,0.0917,-0.60,406174448,15.0935,15.4223,15.0267
2022/11/18,15.3546,0.2670,-1.71,493816454,15.9096,15.9455,15.0666
2022/11/17,15.6216,0.2322,-1.46,713414270,15.6595,16.2085,15.4801
2022/11/16,15.8538,0.7533,-4.54,651850025,16.1044,16.3042,15.8169
2022/11/15,16.6071,0.3697,+2.28,547811084,16.6624,16.9379,16.3241
2022/11/14,16.2374,0.0319,-0.20,529724127,16.1607,16.4816,15.8657
2022/11/11,16.2693,0.5749,+3.66,657811719,15.7516,16.3311,15.4273
2022/11/10,15.6944,1.9671,+14.33,703304238,14.7477,15.7173,14.4956
2022/11/09,13.7273,0.8231,-5.66,456024935,14.1115,14.1608,13.7104
2022/11/08,14.5504,0.2999,+2.10,597402796,14.7487,14.8384,14.1658
2022/11/07,14.2505,0.1445,+1.02,411514958,14.1777,14.3611,13.9047
2022/11/04,14.1060,0.7324,+5.48,614748002,13.9366,14.1787,13.6486
2022/11/03,13.3736,0.2013,+1.53,501838007,12.9969,13.7323,12.9102
2022/11/02,13.1723,0.3228,-2.39,675012866,13.8011,14.1598,13.1646
2022/11/01,13.4951,0.0458,+0.34,434351597,13.7622,13.8758,13.4712
2022/10/31,13.4493,0.3358,-2.44,488065474,13.7293,13.7891,13.2500
2022/10/28,13.7851,0.6557,+4.99,522887451,13.0577,13.8011,13.0149
2022/10/27,13.1294,0.2790,+2.17,585180702,13.5818,13.7891,13.0756
2022/10/26,12.8504,0.3637,-2.75,537432202,12.8235,13.3407,12.6631
2022/10/25,13.2141,0.6596,+5.25,507274686,12.6486,13.2530,12.6193
2022/10/24,12.5545,0.1325,+1.07,519292218,12.4638,12.6651,12.0214
2022/10/21,12.4220,0.2711,+2.23,611655576,12.0555,12.4538,11.8450
2022/10/20,12.1509,0.1425,+1.19,654710903,12.0702,12.7239,12.0622
2022/10/19,12.0084,0.0837,+0.70,524985544,11.8370,12.3064,11.7922
2022/10/18,11.9247,0.0787,+0.66,661700048,12.3004,12.4479,11.5770
2022/10/17,11.8460,0.6587,+5.89,582833498,11.4773,11.9058,11.4763
2022/10/14,11.1873,0.7304,-6.13,715961701,12.0144,12.0682,11.1644
2022/10/13,11.9177,0.4583,+4.00,853117334,10.9322,12.0353,10.7748
2022/10/12,11.4594,0.0857,-0.74,494336833,11.5381,11.6935,11.3049
2022/10/11,11.5451,0.0837,-0.72,669848409,11.5202,11.8041,11.2431
2022/10/10,11.6288,0.4045,-3.36,701176721,11.9945,12.0815,11.3678
2022/10/07,12.0333,1.0503,-8.03,674862656,12.4608,12.6252,11.9795
2022/10/06,13.0836,0.0787,-0.60,646440963,13.1733,13.6077,13.0567
2022/10/05,13.1623,0.0418,+0.32,508928931,12.8651,13.2739,12.5764
2022/10/04,13.1205,0.6527,+5.24,586253081,12.8335,13.1733,12.8335
2022/10/03,12.4678,0.3717,+3.07,549419737,12.3034,12.6332,12.0622
2022/09/30,12.0961,0.0807,-0.66,567644080,12.0443,12.5884,12.0323
2022/09/29,12.1768,0.5142,-4.05,534652209,12.4040,12.4558,11.9038
2022/09/28,12.6910,0.3219,+2.60,544337189,12.3662,12.7777,12.3102
2022/09/27,12.3691,0.1843,+1.51,555817934,12.4628,12.6910,12.2147
2022/09/26,12.1848,0.2870,-2.30,549283476,12.4469,12.6143,12.1708
2022/09/23,12.4718,0.0448,-0.36,665661294,12.3761,12.5664,12.2137
2022/09/22,12.5166,0.6975,-5.28,761854023,13.0238,13.1025,12.3841
2022/09/21,13.2141,0.0847,+0.65,810543297,13.1663,13.9814,13.0637
2022/09/20,13.1294,0.2053,-1.54,526678666,13.1678,13.4351,13.0109
2022/09/19,13.3347,0.1833,+1.39,571705289,12.9660,13.4154,12.9640
2022/09/16,13.1514,0.2681,+2.08,673129773,12.6965,13.1653,12.5724
2022/09/15,12.8833,0.1983,-1.52,525481848,12.9692,13.1862,12.7448
2022/09/14,13.0816,0.0030,-0.02,590593286,13.2072,13.2430,12.8674
2022/09/13,13.0846,1.3691,-9.47,717490744,13.7532,13.8728,13.0527
2022/09/12,14.4537,0.1175,+0.82,485875988,14.3182,14.4956,14.1478
2022/09/09,14.3362,0.3956,+2.84,488855696,14.1070,14.4229,14.0761
2022/09/08,13.9406,0.2751,+2.01,627088816,13.4114,13.9585,13.3218
2022/09/07,13.6655,0.2521,+1.88,514475258,13.5151,13.7891,13.2988
2022/09/06,13.4134,0.1813,-1.33,537810630,13.6784,13.7262,13.2999
2022/09/02,13.5947,0.2889,-2.08,746014188,14.0460,14.1167,13.5390
2022/09/01,13.8836,1.1526,-7.67,1183396747,14.1546,14.3249,13.2194
2022/08/31,15.0362,0.3726,-2.42,575915225,15.3251,15.4805,14.9012
2022/08/30,15.4088,0.3317,-2.11,532218727,15.8989,15.9776,15.1239
2022/08/29,15.7405,0.4572,-2.82,498039092,15.9587,16.2754,15.7066
2022/08/26,16.1977,1.6467,-9.23,772083988,17.7886,17.8554,16.1748
2022/08/25,17.8444,0.6883,+4.01,773653900,16.7795,17.8783,16.7685
2022/08/24,17.1561,0.0409,+0.24,524669840,16.9469,17.3393,16.8303
2022/08/23,17.1152,0.1464,+0.86,371408011,16.9234,17.3981,16.9050
2022/08/22,16.9688,0.8119,-4.57,411167202,17.4230,17.4908,16.9010
2022/08/19,17.7807,0.9204,-4.92,443285814,18.3355,18.4491,17.7020
2022/08/18,18.7011,0.4363,+2.39,417043554,18.2309,18.7927,18.1134
2022/08/17,18.2648,0.5419,-2.88,448516624,18.4521,18.6164,18.0755
2022/08/16,18.8067,0.1524,-0.80,452974224,18.8471,19.0687,18.4302
2022/08/15,18.9591,0.3217,+1.73,459424846,18.6294,19.0906,18.5417
2022/08/12,18.6374,0.7641,+4.28,479931964,18.0905,18.6463,17.8843
2022/08/11,17.8733,0.1544,-0.86,511284423,18.0616,18.6354,17.8075
2022/08/10,18.0277,1.0071,+5.92,599718977,17.6302,18.0486,17.2507
2022/08/09,17.0206,0.7043,-3.97,670831480,17.1859,17.3804,16.6600
2022/08/08,17.7249,1.1914,-6.30,987564884,17.4350,18.1692,17.1760
2022/08/05,18.9163,0.2251,-1.18,387552353,18.7380,19.1553,18.5945
2022/08/04,19.1414,0.3207,+1.70,411226990,18.7768,19.2002,18.6882
2022/08/03,18.8207,0.3656,+1.98,419752939,18.1144,18.8954,18.0675
2022/08/02,18.4551,0.0847,+0.46,491408682,18.0526,18.8650,18.0227
2022/08/01,18.3704,0.2770,+1.53,478300607,18.1124,18.7738,17.9211
2022/07/29,18.0934,0.1783,+1.00,437134348,17.7448,18.1741,17.6243
2022/07/28,17.9151,0.1932,+1.09,476470840,17.9062,18.0705,17.3732
2022/07/27,17.7219,1.2522,+7.60,571966474,16.9668,17.8673,16.8482
2022/07/26,16.4697,0.4891,-2.88,399394319,16.8243,16.8542,16.4149
2022/07/25,16.9588,0.2939,-1.70,482595524,16.9538,17.0584,16.5852
2022/07/22,17.2527,0.7282,-4.05,538733865,17.8245,17.8982,17.0709
2022/07/21,17.9809,0.2421,+1.36,559190601,17.8165,18.0745,17.4774
2022/07/20,17.7388,0.8119,+4.80,763461329,16.8821,17.8638,16.7367
2022/07/19,16.9269,0.8876,+5.53,705066005,16.4229,17.0445,16.1101
2022/07/18,16.0393,0.3377,+2.15,673094947,16.2396,16.8323,15.9407
2022/07/15,15.7016,0.3885,+2.54,387419022,15.5990,15.7216,15.3859
2022/07/14,15.3131,0.2072,+1.37,457988626,15.0501,15.4137,14.6716
2022/07/13,15.1059,0.0817,+0.54,523924616,14.5341,15.3161,14.4096
2022/07/12,15.0242,0.0698,-0.46,460245528,15.2095,15.3719,14.8200
2022/07/11,15.0940,0.6834,-4.33,440073915,15.4665,15.4675,14.9804
2022/07/08,15.7774,0.0199,-0.13,469770663,15.3709,15.9756,15.3301
2022/07/07,15.7973,0.7252,+4.81,494797499,15.3963,15.8839,15.3301
2022/07/06,15.0721,0.1654,+1.11,531099611,14.9525,15.2603,14.7324
2022/07/05,14.9067,0.4393,+3.04,654714723,14.1207,14.9137,14.0012
2022/07/01,14.4674,0.6336,-4.20,579830437,14.8419,15.0052,14.3369
2022/06/30,15.1010,0.3815,-2.46,688707312,15.3022,15.5074,14.8051
2022/06/29,15.4825,0.4383,-2.75,484206462,15.7534,15.7594,15.1119
2022/06/28,15.9208,0.8836,-5.26,463634767,16.8353,17.1361,15.8839
2022/06/27,16.8044,0.2560,-1.50,429613006,17.2457,17.2636,16.5618
2022/06/24,17.0604,0.8975,+5.55,473967805,16.4368,17.0744,16.2475
2022/06/23,16.1629,0.1345,-0.83,465461994,16.4552,16.5215,15.7923
2022/06/22,16.2974,0.2052,-1.24,439681121,16.1639,16.5982,16.1180
2022/06/21,16.5026,0.6834,+4.32,484945894,16.4114,16.9429,16.3442
2022/06/17,15.8192,0.2779,+1.79,632757000,15.5881,15.9337,15.2693
2022/06/16,15.5413,0.9224,-5.60,547846551,15.7993,15.8813,15.3420
2022/06/15,16.4637,0.6883,+4.36,566103442,16.0334,16.8034,15.8650
2022/06/14,15.7754,0.1883,+1.21,471484988,15.6708,16.0045,15.3530
2022/06/13,15.5871,1.3219,-7.82,606475771,15.9387,16.2495,15.5462
2022/06/10,16.9090,1.0699,-5.95,467439637,17.5326,17.6292,16.8044
2022/06/09,17.9789,0.5977,-3.22,397094392,18.4102,18.8605,17.9719
2022/06/08,18.5766,0.2729,-1.45,364648818,18.7270,19.1066,18.4640
2022/06/07,18.8495,0.1394,+0.75,390491642,18.3974,18.9232,18.1145
2022/06/06,18.7101,0.0657,+0.35,424119534,19.0617,19.2589,18.4892
2022/06/03,18.6444,0.8685,-4.45,601207495,19.0044,19.2542,18.4467
2022/06/02,19.5129,1.2669,+6.94,651286909,18.2181,19.5397,18.1245
2022/06/01,18.2460,0.3506,-1.89,546722584,18.6484,18.9762,18.0488
2022/05/31,18.5966,0.1384,-0.74,666793263,18.9033,19.1224,18.2759
2022/05/27,18.7350,0.9561,+5.38,741374400,18.1125,18.8047,18.0269
2022/05/26,17.7789,0.8725,+5.16,1000616874,15.9712,18.0189,15.9573
2022/05/25,16.9064,0.8177,+5.08,784300365,15.9553,17.0419,15.9354
2022/05/24,16.0887,0.7410,-4.40,590937325,16.4433,16.5300,15.7163
2022/05/23,16.8297,0.2031,+1.22,642484238,16.2083,16.8467,16.1136
2022/05/20,16.6266,0.4282,-2.51,742103255,17.2620,17.3397,15.6914
2022/05/19,17.0548,0.1852,+1.10,623829776,16.8686,17.6155,16.6664
2022/05/18,16.8696,1.2340,-6.82,547372369,17.6335,18.0448,16.7959
2022/05/17,18.1036,0.9093,+5.29,588205981,18.0010,18.2968,17.5628
2022/05/16,17.1943,0.4402,-2.50,523561095,17.4383,17.7161,17.0369
2022/05/13,17.6345,1.5248,+9.47,673155967,16.7202,17.8560,16.5255
2022/05/12,16.1097,0.4531,-2.74,711603148,16.1536,16.7202,15.5041
2022/05/11,16.5628,0.9611,-5.48,672885394,17.2769,17.6813,16.5011
2022/05/10,17.5239,0.6424,+3.81,764563019,17.6175,18.1245,16.9562
2022/05/09,16.8815,1.7181,-9.24,647068578,17.9611,18.1813,16.7590
2022/05/06,18.5996,0.1683,-0.90,635865529,18.6603,19.4332,17.9173
2022/05/05,18.7679,1.4840,-7.33,628871966,19.7867,19.8445,18.4253
2022/05/04,20.2519,0.7291,+3.73,651486546,19.8425,20.3176,18.6752
2022/05/03,19.5228,0.0687,+0.35,477680604,19.3216,19.7449,19.0557
2022/05/02,19.4541,0.9820,+5.32,574369052,18.4656,19.4949,18.3167
2022/04/29,18.4721,1.2300,-6.24,502464798,19.3236,20.0472,18.4422
2022/04/28,19.7021,1.3615,+7.42,572640097,18.8904,19.9561,18.4149
2022/04/27,18.3406,0.3715,-1.99,501486105,18.5229,19.0896,18.2161
2022/04/26,18.7121,1.1095,-5.60,655791808,19.6383,19.7081,18.5946
2022/04/25,19.8216,0.3854,+1.98,644167960,19.1244,19.8644,19.0189
2022/04/22,19.4362,0.6653,-3.31,627247423,20.2210,20.4032,19.4212
2022/04/21,20.1015,1.2937,-6.05,658871189,21.6214,22.3015,19.9192
2022/04/20,21.3952,0.7131,-3.23,470876717,22.4261,22.5788,21.1144
2022/04/19,22.1083,0.4133,+1.91,514860546,21.6323,22.2826,21.2279
2022/04/18,21.6950,0.5229,+2.47,527832982,21.1144,21.9988,20.9938
2022/04/14,21.1721,0.9412,-4.26,571405248,22.4141,22.6850,21.0775
2022/04/13,22.1133,0.6962,+3.25,519040291,21.6402,22.4091,21.3683
2022/04/12,21.4171,0.4114,-1.88,664944353,22.4460,22.6332,21.1961
2022/04/11,21.8285,1.1971,-5.20,577540022,22.1243,22.2298,21.5725
2022/04/08,23.0256,1.0846,-4.50,526909281,23.8204,23.8264,22.9688
2022/04/07,24.1102,0.1982,-0.82,560255716,24.3423,24.6221,23.3832
2022/04/06,24.3084,1.5178,-5.88,706687480,24.8333,25.1978,23.9060
2022/04/05,25.8262,1.4233,-5.22,438385748,27.1439,27.2086,25.7157
2022/04/04,27.2495,0.6454,+2.43,399321022,26.6200,27.4467,26.5055
2022/04/01,26.6041,0.5717,-2.10,519333144,27.2644,27.3849,26.1609
2022/03/31,27.1758,0.4023,-1.46,525563424,27.6698,28.1339,27.1598
2022/03/30,27.5781,0.9621,-3.37,465367149,28.1897,28.3804,27.3919
2022/03/29,28.5402,0.4352,+1.55,490967842,28.5786,28.8291,27.8670
2022/03/28,28.1050,0.5249,+1.90,427219829,27.6434,28.1359,27.0961
2022/03/25,27.5801,0.4562,-1.63,581364814,27.7733,28.2434,27.1608
2022/03/24,28.0363,2.5059,+9.82,880938008,26.0603,28.2056,25.8023
2022/03/23,25.5304,0.8864,-3.36,504156583,26.0205,26.5040,25.4717
2022/03/22,26.4168,0.2092,-0.79,549225897,26.6190,27.1280,25.9667
2022/03/21,26.6260,0.2799,+1.06,594127272,26.3999,27.0423,25.8621
2022/03/18,26.3461,1.6802,+6.81,733682536,24.6988,26.4617,24.5245
2022/03/17,24.6659,0.2689,+1.10,473855501,24.0226,24.7416,23.8094
2022/03/16,24.3970,1.5168,+6.63,674145194,23.4051,24.4976,23.0784
2022/03/15,22.8802,1.6364,+7.70,493991347,21.4311,22.9449,21.2359
2022/03/14,21.2438,0.7669,-3.48,386917333,21.7807,22.1721,21.0735
2022/03/11,22.0107,0.5558,-2.46,368698059,22.9290,23.0515,21.9569
2022/03/10,22.5665,0.3545,-1.55,429801991,22.4400,22.6959,21.7936
2022/03/09,22.9210,1.4939,+6.97,494740634,22.2966,23.1262,22.1571
2022/03/08,21.4271,0.1614,+0.76,559728416,21.2229,22.2826,20.5666
2022/03/07,21.2657,1.5776,-6.91,452649532,22.7248,22.9399,21.2438
2022/03/04,22.8433,0.7749,-3.28,433763043,23.2895,23.5843,22.3912
2022/03/03,23.6182,0.5040,-2.09,366575956,24.1635,24.2277,23.3742
2022/03/02,24.1222,0.7440,+3.18,391222334,23.6600,24.3104,23.3204
2022/03/01,23.3782,0.9042,-3.72,413797884,24.1887,24.2744,23.0346
2022/02/28,24.2824,0.2271,+0.94,479336402,23.8910,24.5612,23.6072
2022/02/25,24.0553,0.4073,+1.72,531101209,23.6211,24.1151,23.2826
2022/02/24,23.6480,1.3552,+6.08,738911116,20.9265,23.6998,20.8021
2022/02/23,22.2928,0.9987,-4.29,568905608,23.7018,24.0533,22.2071
2022/02/22,23.2915,0.2510,-1.07,636100137,22.9380,23.9627,22.9032
2022/02/18,23.5425,0.8613,-3.53,764473000,24.5637,24.8808,23.0028
2022/02/17,24.4038,1.9956,-7.56,814021748,25.5221,25.6765,24.0633
2022/02/16,26.3994,0.0159,+0.06,735773608,26.1485,26.4701,25.4444
2022/02/15,26.3835,2.2187,+9.18,704719354,24.8440,26.4333,24.6797
2022/02/14,24.1648,0.3166,+1.33,442286258,23.8332,24.7703,23.6550
2022/02/11,23.8482,1.8671,-7.26,608031521,25.8069,26.0419,23.6729
2022/02/10,25.7153,0.8773,-3.30,515369194,25.8856,26.8116,25.4922
2022/02/09,26.5926,1.5903,+6.36,526497981,25.5141,26.6125,25.2463
2022/02/08,25.0023,0.3784,+1.54,412093369,24.2565,25.1238,23.8791
2022/02/07,24.6239,0.4073,+1.68,378460650,24.2694,25.0760,24.1001
2022/02/04,24.2166,0.3694,+1.55,356328484,23.8711,24.5313,23.5325
2022/02/03,23.8472,1.2885,-5.13,411911744,24.3550,24.9714,23.6799
2022/02/02,25.1357,0.6014,+2.45,545716633,25.6854,25.7083,24.4497
2022/02/01,24.5343,0.1514,+0.62,521118847,24.9983,25.0392,23.7894
2022/01/31,24.3829,1.6390,+7.21,567066778,23.0844,24.4058,22.9550
2022/01/28,22.7439,0.8923,+4.08,546072973,21.9195,22.7618,21.2064
2022/01/27,21.8516,0.8245,-3.64,575776482,23.4688,23.8940,21.5838
2022/01/26,22.6761,0.4461,+2.01,759154431,23.1422,23.9557,22.2061
2022/01/25,22.2300,1.0436,-4.48,667425925,22.4511,22.8464,21.9074
2022/01/24,23.2736,0.0020,-0.01,919682081,22.2360,23.2816,20.8001
2022/01/21,23.2756,0.7727,-3.21,721997125,23.4080,24.7185,23.1651
2022/01/20,24.0483,0.9132,-3.66,437020391,25.1975,25.4714,23.9766
2022/01/19,24.9615,0.8325,-3.23,490378786,25.9692,26.4314,24.9465
2022/01/18,25.7940,1.0346,-3.86,427104087,26.1495,26.5259,25.6615
2022/01/14,26.8286,0.3655,+1.38,397505671,26.1893,27.0824,26.0997
2022/01/13,26.4631,1.4180,-5.09,541146073,28.2595,28.3601,26.3865
2022/01/12,27.8811,0.1812,+0.65,385034302,27.9484,28.4746,27.4918
2022/01/11,27.6999,0.4152,+1.52,405797516,27.2075,27.9469,26.7260
2022/01/10,27.2847,0.1524,+0.56,597194874,26.4691,27.3534,25.5359
2022/01/07,27.1323,0.9271,-3.30,411671463,28.0225,28.3024,26.9431
2022/01/06,28.0594,0.5716,+2.08,456106374,27.5236,28.3183,26.9511
2022/01/05,27.4878,1.6789,-5.76,500169370,28.8271,29.2922,27.4171
2022/01/04,29.1667,0.8275,-2.76,529382865,30.1495,30.3397,28.2297
2022/01/03,29.9942,0.7070,+2.41,394061764,29.6895,30.5817,29.6596
2021/12/31,29.2872,0.1743,-0.59,267656625,29.5491,29.9036,29.2071
2021/12/30,29.4615,0.4132,-1.38,310169897,29.7014,30.3288,29.4156
2021/12/29,29.8747,0.3197,-1.06,344589849,30.1451,30.4194,29.2424
2021/12/28,30.1944,0.6203,-2.01,422369196,31.1802,31.1981,29.8855
2021/12/27,30.8147,1.2995,+4.40,405392391,29.5351,30.9556,29.5152
2021/12/23,29.5152,0.2390,+0.82,344471812,29.6297,29.9325,29.3071
2021/12/22,29.2762,0.3236,+1.12,396854962,28.7694,29.4306,28.3292
2021/12/21,28.9526,1.3503,+4.89,526601698,28.2546,28.9974,27.2857
2021/12/20,27.6023,0.0817,-0.30,463799147,27.1901,28.0255,27.0307
2021/12/17,27.6840,0.5835,-2.06,719651803,27.8672,28.8003,27.6431
2021/12/16,28.2675,2.0633,-6.80,710356232,31.0209,31.0288,27.9747
2021/12/15,30.3308,2.1131,+7.49,701248824,28.2804,30.3716,27.7208
2021/12/14,28.2177,0.1752,+0.62,669855161,27.5824,28.5573,27.1353
2021/12/13,28.0425,2.0284,-6.75,600873067,30.1217,30.1665,27.9976
2021/12/10,30.0709,0.2908,-0.96,490891524,31.0189,31.1732,29.7353
2021/12/09,30.3617,1.3303,-4.20,490572250,31.6004,32.0694,30.2999
2021/12/08,31.6920,0.5985,-1.85,477561772,31.8643,32.1541,31.2887
2021/12/07,32.2905,2.3799,+7.96,595560524,30.8267,32.3124,30.5220
2021/12/06,29.9106,0.6532,-2.14,661724012,29.7542,30.1137,27.9200
2021/12/03,30.5638,1.4270,-4.46,546626102,31.8653,31.9938,30.0032
2021/12/02,31.9908,0.6881,+2.20,474889402,31.0826,32.3413,30.8944
2021/12/01,31.3027,1.2318,-3.79,487855694,33.0796,33.1492,31.2479
2021/11/30,32.5345,0.6969,-2.10,624772643,33.0253,33.2085,31.7260
2021/11/29,33.2314,1.8649,+5.95,456943208,32.2258,33.2673,31.8972
2021/11/26,31.3665,1.1660,-3.58,284300293,32.4588,32.5683,31.2142
2021/11/24,32.5325,0.9240,+2.92,437055344,31.3247,32.7127,30.7940
2021/11/23,31.6085,0.2091,-0.66,534477765,31.3984,32.2198,30.7462
2021/11/22,31.8176,1.0245,-3.12,757616821,33.3718,34.4969,31.7618
2021/11/19,32.8421,1.3043,+4.14,536189127,32.1033,32.9447,31.7668
2021/11/18,31.5378,2.4035,+8.25,785111422,32.2268,32.6181,31.1853
2021/11/17,29.1343,0.9379,-3.12,430372126,30.2862,30.3769,28.6753
2021/11/16,30.0722,0.1773,+0.59,265634252,29.6301,30.2584,29.5772
2021/11/15,29.8949,0.3635,-1.20,386583468,30.4197,30.5113,29.1203
2021/11/12,30.2584,0.0000,0,414851188,29.8800,30.5471,29.5017
2021/11/11,30.2584,0.9270,+3.16,333617157,30.3360,30.4575,29.6480
2021/11/10,29.3314,1.1928,-3.91,638973403,29.2288,30.7164,28.6533
2021/11/09,30.5242,0.1464,-0.48,649559747,32.1422,32.1701,29.8342
2021/11/08,30.6706,1.0475,+3.54,505289567,30.0184,30.9653,29.7775
2021/11/05,29.6231,0.0488,-0.16,854963383,30.0562,31.2640,29.2826
2021/11/04,29.6719,3.1891,+12.04,1158649786,27.1111,31.2291,27.0005
2021/11/03,26.4828,0.1962,+0.75,240954011,26.5545,26.6680,26.1214
2021/11/02,26.2866,0.5715,+2.22,295391866,25.7102,26.5624,25.6882
2021/11/01,25.7151,0.2588,+1.02,266895806,25.5379,25.7818,25.1177
2021/10/29,25.4563,0.6233,+2.51,293775314,24.8922,25.5976,24.8917
2021/10/28,24.8330,0.4879,+2.00,235223168,24.7702,24.8419,24.4168
2021/10/27,24.3451,0.2648,-1.08,247060019,24.3680,24.9813,24.1768
2021/10/26,24.6099,1.5442,+6.69,488012101,23.8851,25.1496,23.8204
2021/10/25,23.0657,0.4381,+1.94,231236419,22.8735,23.2538,22.6714
2021/10/22,22.6276,0.0339,+0.15,250468683,22.7241,23.0298,22.4633
2021/10/21,22.5937,0.5864,+2.66,188406393,22.0013,22.6126,21.9873
2021/10/20,22.0073,0.1862,-0.84,146912283,22.2079,22.3358,21.8868
2021/10/19,22.1935,0.0678,+0.31,162175746,22.1795,22.2821,21.9415
2021/10/18,22.1257,0.3584,+1.65,190317913,21.6548,22.1944,21.5503
2021/10/15,21.7673,0.1155,+0.53,227981501,21.7155,21.8360,21.5682
2021/10/14,21.6518,0.8035,+3.85,244648493,21.1958,21.6608,21.0305
2021/10/13,20.8483,0.2668,+1.30,181437769,20.8274,20.8991,20.6233
2021/10/12,20.5815,0.0239,-0.12,162838869,20.7373,20.9658,20.4391
2021/10/11,20.6054,0.1354,-0.65,164098324,20.4859,20.9718,20.4222
2021/10/08,20.7408,0.2429,-1.16,151915927,21.0096,21.1141,20.6850
2021/10/07,20.9837,0.3734,+1.81,258036603,21.0006,21.2296,20.8812
2021/10/06,20.6103,0.2479,+1.22,298494665,20.0329,20.6303,19.9930
2021/10/05,20.3624,0.7159,+3.64,280496608,19.8636,20.5586,19.7680
2021/10/04,19.6465,1.0057,-4.87,347138584,20.4152,20.4528,19.4703
2021/10/01,20.6522,0.0259,+0.13,242026285,20.6601,20.7687,20.1155
2021/09/30,20.6263,0.1982,+0.97,221970575,20.6784,20.9748,20.5984
2021/09/29,20.4281,0.1812,-0.88,219343707,20.8488,20.9260,20.3783
2021/09/28,20.6093,0.9569,-4.44,344561401,21.1216,21.3262,20.5616
2021/09/27,21.5662,0.4192,-1.91,246281898,21.6163,21.7046,21.2326
2021/09/24,21.9854,0.3992,-1.78,218602315,21.9744,22.0531,21.7663
2021/09/23,22.3846,0.5386,+2.47,249636197,22.0441,22.4369,21.7952
2021/09/22,21.8460,0.6920,+3.27,269894595,21.2730,21.8649,21.1042
2021/09/21,21.1540,0.1324,+0.63,205578554,21.3237,21.3322,20.8593
2021/09/20,21.0216,0.7835,-3.59,350960619,21.0544,21.3402,20.5725
2021/09/17,21.8051,0.3406,-1.54,295784014,22.2034,22.2243,21.7354
2021/09/16,22.1457,0.0985,-0.44,156712231,22.0874,22.1805,21.8320
2021/09/15,22.2442,0.0985,+0.44,167262499,22.2124,22.2701,21.8709
2021/09/14,22.1457,0.0897,+0.41,200623591,22.1785,22.3129,21.9903
2021/09/13,22.0560,0.3246,-1.45,298794112,22.5857,22.8645,21.7633
2021/09/10,22.3806,0.2997,+1.36,249456248,22.2515,22.5280,22.1735
2021/09/09,22.0809,0.1613,-0.73,197712392,22.2154,22.4404,22.0351
2021/09/08,22.2422,0.3216,-1.43,255541074,22.4155,22.5121,21.8818
2021/09/07,22.5638,0.1803,-0.79,198968985,22.7341,22.7998,22.4248
2021/09/03,22.7441,0.4451,+2.00,282053682,22.2283,22.8864,22.1038
2021/09/02,22.2990,0.0448,-0.20,188927902,22.4205,22.4951,22.1979
2021/09/01,22.3438,0.0558,+0.25,202644696,22.3876,22.5987,22.2597
2021/08/31,22.2880,0.2977,-1.32,260980103,22.5967,22.5967,22.0242
2021/08/30,22.5857,0.0517,+0.23,263768704,22.7271,22.9391,22.4494
2021/08/27,22.5340,0.5655,+2.57,306101789,22.0840,22.6196,22.0671
2021/08/26,21.9685,0.1444,-0.65,239017671,22.0999,22.2393,21.6918
2021/08/25,22.1129,0.4181,+1.93,349275221,21.6390,22.3687,21.6241
2021/08/24,21.6948,0.1642,-0.75,298644910,21.6550,21.8600,21.4379
2021/08/23,21.8590,1.1368,+5.49,578413485,20.8765,21.8979,20.8556
2021/08/20,20.7222,1.0134,+5.14,678800660,19.9009,20.7710,19.8432
2021/08/19,19.7088,0.7546,+3.98,770025268,19.4061,20.4026,18.6774
2021/08/18,18.9542,0.4161,-2.15,287207924,19.4121,19.5452,18.9144
2021/08/17,19.3703,0.4898,-2.47,205511087,19.5963,19.6809,19.1802
2021/08/16,19.8601,0.2369,-1.18,212108773,20.0443,20.1956,19.3653
2021/08/13,20.0970,0.2817,+1.42,183891658,19.8153,20.1227,19.7615
2021/08/12,19.8153,0.2051,+1.05,152549088,19.7804,19.9387,19.5316
2021/08/11,19.6102,0.2359,-1.19,186766596,19.9527,19.9586,19.3424
2021/08/10,19.8461,0.3574,-1.77,180049261,20.2304,20.3379,19.7451
2021/08/09,20.2035,0.0707,-0.35,147106106,20.3539,20.4156,20.0522
2021/08/06,20.2742,0.2698,-1.31,179304735,20.4315,20.4773,20.1189
2021/08/05,20.5440,0.3614,+1.79,212392622,20.4076,20.6396,20.2503
2021/08/04,20.1826,0.4569,+2.32,232356630,19.8999,20.2264,19.7386
2021/08/03,19.7257,0.0647,+0.33,303177157,19.6510,20.1309,19.1334
2021/08/02,19.6610,0.2499,+1.29,218428425,19.6112,19.8710,19.2737
2021/07/30,19.4111,0.1623,-0.83,184328226,19.3305,19.5415,19.1762
2021/07/29,19.5734,0.1583,+0.82,191644621,19.4310,19.7635,19.2409
2021/07/28,19.4151,0.2937,+1.54,203106550,19.2321,19.5575,18.9094
2021/07/27,19.1214,0.0856,-0.45,249989280,19.1782,19.5336,18.6565
2021/07/26,19.2070,0.2629,-1.35,204866492,19.2240,19.3544,18.8288
2021/07/23,19.4699,0.0358,-0.18,196557865,19.5678,19.6112,19.1632
2021/07/22,19.5057,0.1832,+0.95,325292039,19.5535,19.7974,19.1891
2021/07/21,19.3225,0.7944,+4.29,372697103,18.7969,19.4390,18.6575
2021/07/20,18.5281,0.1670,-0.89,436654539,18.6456,18.7531,18.0821
2021/07/19,18.6951,0.6160,+3.41,752450047,17.8345,18.9562,17.7850
2021/07/16,18.0791,0.8017,-4.25,691338498,18.9447,19.0708,17.9915
2021/07/15,18.8808,0.8713,-4.41,553057145,19.7225,19.7575,18.7735
2021/07/14,19.7521,0.4066,-2.02,381820060,20.2660,20.3257,19.6637
2021/07/13,20.1587,0.2614,-1.28,292022463,20.3086,20.3690,20.0233
2021/07/12,20.4201,0.4602,+2.31,323442513,20.1488,20.4402,20.0968
2021/07/09,19.9599,0.1469,+0.74,297965609,19.8725,19.9896,19.6652
2021/07/08,19.8130,0.4669,-2.30,505578318,19.7670,20.0423,19.6120
2021/07/07,20.2799,0.3253,-1.58,420321667,20.7595,20.7809,20.2404
2021/07/06,20.6052,0.2105,+1.03,448729902,20.6440,20.7481,20.2585
2021/07/02,20.3947,0.2738,+1.36,344951373,20.3480,20.4128,20.1963
2021/07/01,20.1209,0.2086,+1.05,482308722,20.0343,20.3638,19.9288
2021/06/30,19.9123,0.0242,-0.12,328044655,19.9090,20.0716,19.7742
2021/06/29,19.9365,0.0416,+0.21,369298265,19.7929,20.0082,19.5683
2021/06/28,19.8949,0.9497,+5.01,497679598,19.2740,19.9883,19.2319
2021/06/25,18.9452,0.1737,-0.91,279626193,19.1936,19.2583,18.8092
2021/06/24,19.1189,0.1475,+0.78,322375343,19.1411,19.3325,19.0022
2021/06/23,18.9714,0.1698,+0.90,333861753,18.9221,19.0664,18.8225
2021/06/22,18.8016,0.4574,+2.49,582772110,18.3882,18.8783,18.3030
2021/06/21,18.3442,0.2105,-1.13,675426302,18.3522,18.4530,17.7423
2021/06/18,18.5547,0.0185,-0.10,973240669,18.6993,19.2877,18.5002
2021/06/17,18.5732,0.8432,+4.76,813320510,17.6945,18.7501,17.6762
2021/06/16,17.7300,0.0217,+0.12,308513066,17.7106,17.8738,17.5052
2021/06/15,17.7083,0.2292,-1.28,244130735,17.8343,17.9351,17.6481
2021/06/14,17.9375,0.1926,+1.09,322829269,17.8253,17.9582,17.5831
2021/06/11,17.7449,0.3984,+2.30,418192430,17.4007,17.8584,17.3651
2021/06/10,17.3465,0.0665,+0.38,289073291,17.2718,17.4132,17.0986
2021/06/09,17.2800,0.0943,-0.54,383385395,17.4368,17.4958,17.1780
2021/06/08,17.3743,0.1613,-0.92,325387501,17.4443,17.5381,17.1693
2021/06/07,17.5356,0.0406,+0.23,578494144,17.4879,17.7282,17.1113
2021/06/04,17.4950,0.6056,+3.59,620056305,17.0315,17.5774,17.0146
2021/06/03,16.8894,0.1906,+1.14,582766253,16.6217,17.1773,16.5045
2021/06/02,16.6988,0.5113,+3.16,596994385,16.1753,16.8388,16.1586
2021/06/01,16.1875,0.0199,+0.12,475052418,16.1930,16.3105,15.8279
2021/05/28,16.1676,0.7529,+4.88,647602057,15.4276,16.2004,15.4276
2021/05/27,15.4147,0.2110,-1.35,584241639,15.6254,15.6754,15.3868
2021/05/26,15.6257,0.0520,+0.33,372201047,15.6597,15.7190,15.5124
2021/05/25,15.5737,0.0356,+0.23,437478382,15.6913,15.7436,15.4092
2021/05/24,15.5381,0.6173,+4.14,557455806,15.1405,15.6704,15.1041
2021/05/21,14.9208,0.3775,+2.60,676193842,15.0919,15.1499,14.7990
2021/05/20,14.5433,0.5442,+3.89,323121933,14.2348,14.6143,14.2029
2021/05/19,13.9991,0.0497,+0.36,345635979,13.5023,14.0128,13.4791
2021/05/18,13.9494,0.1490,-1.06,187140367,14.1994,14.3360,13.9377
2021/05/17,14.0984,0.0772,-0.54,218013153,14.0900,14.1022,13.7879
2021/05/14,14.1756,0.5751,+4.23,259845393,13.8242,14.2603,13.6834
2021/05/13,13.6005,0.0929,-0.68,287086863,13.9673,14.0141,13.3953
2021/05/12,13.6934,0.5451,-3.83,304852827,13.9432,14.1927,13.6443
2021/05/11,14.2385,0.0403,+0.28,286944067,13.7595,14.2868,13.6849
2021/05/10,14.1982,0.5439,-3.69,270183143,14.7172,14.7359,14.1825
2021/05/07,14.7421,0.2879,+1.99,230418373,14.7381,14.8999,14.6022
2021/05/06,14.4542,0.0642,+0.45,194300953,14.4266,14.5023,14.1508
2021/05/05,14.3900,0.1067,+0.75,293412375,14.6394,14.7434,14.3194
2021/05/04,14.2833,0.4832,-3.27,407253182,14.5679,14.5682,13.9439
2021/05/03,14.7665,0.1719,-1.15,204881976,15.0534,15.1746,14.7175
2021/04/30,14.9384,0.3138,-2.06,202870692,15.1026,15.2922,14.9260
2021/04/29,15.2522,0.0478,+0.31,174020483,15.3271,15.3634,15.0001
2021/04/28,15.2044,0.1045,-0.68,210412523,15.2917,15.4587,15.1435
2021/04/27,15.3089,0.0958,-0.62,165355976,15.5047,15.5963,15.2818
2021/04/26,15.4047,0.2117,+1.39,198738124,15.1131,15.4057,15.0534
2021/04/23,15.1930,0.4131,+2.80,228855854,14.8636,15.2623,14.8297
2021/04/22,14.7799,0.5079,-3.32,279107882,15.3022,15.3655,14.7135
2021/04/21,15.2878,0.1884,+1.25,217808383,15.0472,15.2898,15.0307
2021/04/20,15.0994,0.1896,-1.24,335722719,15.2507,15.4236,14.8921
2021/04/19,15.2890,0.5482,-3.46,406342149,15.4630,15.7326,15.1609
2021/04/16,15.8372,0.2236,-1.39,336802351,15.9771,16.0892,15.7901
2021/04/15,16.0608,0.8561,+5.63,601328025,15.5883,16.1374,15.5575
2021/04/14,15.2047,0.4006,-2.57,387335993,15.5510,15.6460,15.1554
2021/04/13,15.6053,0.4683,+3.09,679429041,15.1594,15.6257,15.0541
2021/04/12,15.1370,0.8052,+5.62,873457906,14.2221,15.2798,14.0723
2021/04/09,14.3318,0.0826,+0.58,196099429,14.1467,14.3398,14.1079
2021/04/08,14.2492,0.1727,+1.23,245577754,14.1853,14.4030,14.1815
2021/04/07,14.0765,0.2806,+2.03,252479876,13.8150,14.1761,13.6466
2021/04/06,13.7959,0.1254,-0.90,192658215,13.9334,13.9876,13.7084
2021/04/05,13.9213,0.1749,+1.27,256887788,13.8018,13.9476,13.6680
2021/04/01,13.7464,0.4614,+3.47,309741254,13.5080,13.8043,13.4473
2021/03/31,13.2850,0.4742,+3.70,316275113,12.9539,13.4067,12.9210
2021/03/30,12.8108,0.0761,-0.59,201154968,12.7811,12.9138,12.6448
2021/03/29,12.8869,0.1084,+0.85,274821184,12.7595,13.0006,12.6399
2021/03/26,12.7785,0.3026,+2.43,365700587,12.4951,12.7954,12.3149
2021/03/25,12.4759,0.1072,-0.85,296548746,12.4403,12.6545,12.2139
2021/03/24,12.5831,0.4258,-3.27,247008127,13.0890,13.0968,12.5769
2021/03/23,13.0089,0.1149,-0.88,223102491,13.1915,13.2813,12.9596
2021/03/22,13.1238,0.3389,+2.65,299219915,12.8516,13.3311,12.8456
2021/03/19,12.7849,0.1226,+0.97,300630474,12.6896,12.8603,12.5528
2021/03/18,12.6623,0.6158,-4.64,295587716,13.0743,13.1216,12.6568
2021/03/17,13.2781,0.0498,+0.38,245024414,12.9780,13.3895,12.9280
2021/03/16,13.2283,0.0995,+0.76,273424290,13.2933,13.4485,13.0546
2021/03/15,13.1288,0.3337,+2.61,223579108,12.8038,13.1442,12.7067
2021/03/12,12.7951,0.1369,-1.06,245124648,12.5884,12.8277,12.5304
2021/03/11,12.9320,0.5228,+4.21,301341159,12.8887,12.9845,12.6742
2021/03/10,12.4092,0.0518,-0.42,386205279,12.7797,12.9185,12.3985
2021/03/09,12.4610,0.9266,+8.03,524308169,12.0728,12.5570,12.0021
2021/03/08,11.5344,0.8638,-6.97,545883946,12.3868,12.4079,11.5078
2021/03/05,12.3982,0.0908,+0.74,545609713,12.4863,12.4863,11.6199
2021/03/04,12.3074,0.4323,-3.39,576271750,12.7357,12.9091,12.0224
2021/03/03,12.7397,0.5985,-4.49,379517656,13.3581,13.3832,12.7338
2021/03/02,13.3382,0.4333,-3.15,265462267,13.8294,13.8498,13.3280
2021/03/01,13.7715,0.1266,+0.93,354985792,13.8045,13.8543,13.4844
2021/02/26,13.6449,0.4050,+3.06,503487355,13.6827,13.7841,13.2931
2021/02/25,13.2399,1.1855,-8.22,828644301,13.9741,14.3017,13.1491
2021/02/24,14.4254,0.3552,+2.52,450607485,14.0510,14.4331,13.6861
2021/02/23,14.0702,0.2126,-1.49,393779123,14.0038,14.1664,13.3215
2021/02/22,14.2828,0.5679,-3.82,327549014,14.6997,15.0564,14.2523
2021/02/19,14.8507,0.0970,+0.66,273111112,14.9482,15.0999,14.7713
2021/02/18,14.7537,0.0766,-0.52,235275645,14.6542,14.7977,14.5010
2021/02/17,14.8303,0.4221,-2.77,277105960,15.0940,15.1462,14.7049
2021/02/16,15.2524,0.3671,+2.47,323602934,14.9877,15.2944,14.8741
2021/02/12,14.8853,0.2880,-1.90,376670397,14.9736,15.2135,14.7000
2021/02/11,15.1733,0.4840,+3.29,453128930,14.9042,15.1947,14.8492
2021/02/10,14.6893,0.4985,+3.51,487829758,14.3898,14.8293,14.2685
2021/02/09,14.1908,0.1746,-1.22,289027945,14.2678,14.5092,14.1503
2021/02/08,14.3654,0.8434,+6.24,436841334,13.6575,14.4002,13.6575
2021/02/05,13.5220,0.0729,-0.54,170017070,13.6553,13.6675,13.4770
2021/02/04,13.5949,0.1331,+0.99,202366195,13.4623,13.6041,13.2701
2021/02/03,13.4618,0.0261,-0.19,246661950,13.5667,13.8610,13.4479
2021/02/02,13.4879,0.3181,+2.42,221563488,13.3307,13.5031,13.2180
2021/02/01,13.1698,0.2460,+1.90,218313020,12.9870,13.2034,12.8372
2021/01/29,12.9238,0.0609,-0.47,272938153,13.0086,13.2670,12.8459
2021/01/28,12.9847,0.1326,+1.03,229481379,12.9302,13.2720,12.8947
2021/01/27,12.8521,0.5149,-3.85,373167970,13.1628,13.1655,12.7288
2021/01/26,13.3670,0.2169,-1.60,164817424,13.5115,13.5755,13.3195
2021/01/25,13.5839,0.0590,-0.43,252392935,13.7118,13.7583,13.1693
2021/01/22,13.6429,0.1542,-1.12,248078424,13.6703,13.7714,13.5580
2021/01/21,13.7971,0.4992,+3.75,340066625,13.3505,13.9283,13.1857
2021/01/20,13.2979,0.3388,+2.61,259890732,13.0452,13.3623,12.9904
2021/01/19,12.9591,0.1649,+1.29,227341431,12.9501,13.0275,12.7788
2021/01/15,12.7942,0.3390,-2.58,279199190,13.1608,13.2576,12.7832
2021/01/14,13.1332,0.3298,-2.45,284565443,13.5061,13.5307,13.1136
2021/01/13,13.4630,0.0467,+0.35,211100512,13.4215,13.5558,13.3170
2021/01/12,13.4163,0.1360,-1.00,292965542,13.6827,13.6846,13.2772
2021/01/11,13.5523,0.3430,+2.60,521678137,13.3506,13.8901,13.2946
2021/01/08,13.2093,0.0669,-0.50,294021786,13.2946,13.3528,12.9758
2021/01/07,13.2762,0.7258,+5.78,463837072,12.9016,13.3098,12.8211
2021/01/06,12.5504,0.7863,-5.90,583385718,13.1553,13.1777,12.5221
2021/01/05,13.3367,0.2898,+2.22,324407420,13.0332,13.3752,13.0205
2021/01/04,13.0469,0.0582,+0.45,563503547,13.0377,13.5832,12.8967
2020/12/31,12.9887,0.0903,-0.69,193406613,13.0698,13.0843,12.8494
2020/12/30,13.0790,0.2015,+1.56,226547680,12.9243,13.1466,12.8313
2020/12/29,12.8775,0.0430,+0.34,171241810,12.8594,13.0061,12.7770
2020/12/28,12.8345,0.0933,-0.72,213650663,12.9962,12.9962,12.6984
2020/12/24,12.9278,0.0154,-0.12,98383158,12.9710,13.0658,12.8730
2020/12/23,12.9432,0.2676,-2.03,180057178,13.1887,13.2076,12.9390
2020/12/22,13.2108,0.0537,-0.40,187265908,13.2516,13.2695,12.9876
2020/12/21,13.2645,0.0599,+0.45,303875388,13.0084,13.3021,12.9016
2020/12/18,13.2046,0.0689,-0.52,343810679,13.3111,13.3369,13.0041
2020/12/17,13.2735,0.0983,+0.75,232564959,13.2989,13.3116,13.1116
2020/12/16,13.1752,0.1174,-0.88,224253549,13.3543,13.3690,13.1454
2020/12/15,13.2926,0.0514,+0.39,194473552,13.3715,13.3956,13.1198
2020/12/14,13.2412,0.2940,+2.27,271536877,13.0214,13.3208,13.0111
2020/12/11,12.9472,0.0408,+0.32,210333818,12.9014,12.9539,12.7579
2020/12/10,12.9064,0.0413,+0.32,208825237,12.8036,13.0024,12.7841
2020/12/09,12.8651,0.4171,-3.14,403349607,13.2330,13.3459,12.8029
2020/12/08,13.2822,0.2554,-1.89,273308876,13.5160,13.5297,13.2141
2020/12/07,13.5376,0.0482,+0.36,224382765,13.5322,13.6615,13.4314
2020/12/04,13.4894,0.1614,+1.21,203275734,13.3802,13.4911,13.3207
2020/12/03,13.3280,0.1437,-1.07,200539076,13.5185,13.5906,13.2613
2020/12/02,13.4717,0.1536,+1.15,284891727,13.2788,13.6000,13.1632
2020/12/01,13.3181,0.0114,-0.09,299178561,13.4198,13.4561,13.1572
2020/11/30,13.3295,0.1395,+1.06,288501922,13.1937,13.3404,12.9027
2020/11/27,13.1900,0.0264,+0.20,168178709,13.3031,13.3355,13.0998
2020/11/25,13.1636,0.2755,+2.14,261320294,12.9625,13.1981,12.9501
2020/11/24,12.8881,0.1813,-1.39,348371521,13.0719,13.0913,12.8158
2020/11/23,13.0694,0.0520,+0.40,363305993,13.1004,13.3106,12.9456
2020/11/20,13.0174,0.3506,-2.62,342932139,13.3817,13.4220,12.9948
2020/11/19,13.3680,0.0114,+0.09,568990997,13.1418,13.4150,13.0296
2020/11/18,13.3566,0.0065,+0.05,513684996,13.3929,13.5327,13.1142
2020/11/17,13.3501,0.0925,-0.69,313713326,13.4797,13.5232,13.2324
2020/11/16,13.4426,0.2170,+1.64,416009734,13.1017,13.5762,13.0853
2020/11/13,13.2256,0.1589,-1.19,348635298,13.5541,13.5953,12.9891
2020/11/12,13.3845,0.0386,+0.29,368615317,13.4065,13.6920,13.2445
2020/11/11,13.3459,0.6445,+5.07,406929593,12.9836,13.3627,12.8787
2020/11/10,12.7014,0.8561,-6.31,647546019,13.5334,13.5334,12.5604
2020/11/09,13.5575,0.9263,-6.40,586126736,14.4743,14.6126,13.5376
2020/11/06,14.4838,0.3999,+2.84,385419876,14.0339,14.5104,13.8204
2020/11/05,14.0839,0.3638,+2.65,320751497,14.0864,14.2620,13.9158
2020/11/04,13.7201,0.7705,+5.95,412445064,13.3173,13.7532,13.2652
2020/11/03,12.9496,0.4364,+3.49,274375109,12.6402,13.0346,12.5350
2020/11/02,12.5132,0.0465,+0.37,301271163,12.5897,12.7677,12.3284
2020/10/30,12.4667,0.4873,-3.76,419650493,12.7810,12.8669,12.2339
2020/10/29,12.9540,0.3948,+3.14,321810708,12.7695,13.1219,12.6815
2020/10/28,12.5592,0.7656,-5.75,378551778,13.1271,13.1888,12.5413
2020/10/27,13.3248,0.2541,+1.94,251872819,13.2345,13.3698,13.1206
2020/10/26,13.0707,0.4465,-3.30,338713997,13.3549,13.6192,12.9685
2020/10/23,13.5172,0.2280,+1.72,234745406,13.3777,13.5202,13.2198
2020/10/22,13.2892,0.1629,-1.21,292048415,13.4499,13.5386,13.1607
2020/10/21,13.4521,0.1201,-0.88,220783438,13.5518,13.7174,13.4051
2020/10/20,13.5722,0.1470,+1.09,230450090,13.5105,13.7256,13.4344
2020/10/19,13.4252,0.3121,-2.27,299678527,13.8282,13.9084,13.3347
2020/10/16,13.7373,0.1576,-1.13,243950177,13.9613,14.0456,13.7184
2020/10/15,13.8949,0.1246,-0.89,268668491,13.7365,13.9305,13.6938
2020/10/14,14.0195,0.1522,-1.07,278141382,14.2137,14.2657,13.8850
2020/10/13,14.1717,0.0221,+0.16,346464435,14.2197,14.2714,13.9433
2020/10/12,14.1496,0.4608,+3.37,437091995,13.9143,14.2699,13.8378
2020/10/09,13.6888,0.0756,-0.55,348764592,13.6930,13.7500,13.5874
2020/10/08,13.7644,0.1246,-0.90,380947449,13.9994,14.0088,13.6841
2020/10/07,13.8890,0.2263,+1.66,420343376,13.9245,14.0434,13.7890
2020/10/06,13.6627,0.0935,+0.69,788656750,13.7557,14.0660,13.5916
2020/10/05,13.5692,0.5771,+4.44,482409937,13.1649,13.5709,13.1517
2020/10/02,12.9921,0.5493,-4.06,555480093,13.1540,13.4469,12.9809
2020/10/01,13.5414,0.0836,+0.62,527838071,13.6841,13.6888,13.3884
2020/09/30,13.4578,0.3031,+2.30,692906631,13.0868,13.5493,13.0796
2020/09/29,13.1547,0.1897,+1.46,626370015,12.8680,13.3705,12.8638
2020/09/28,12.9650,0.1604,+1.25,576908452,12.9702,12.9816,12.6815
