일자,종가,대비,등락률,거래량,시가,고가,저가
2026/09/17,43.1900,1.4800,+3.55,6928858,41.9800,43.4400,41.9600
2026/09/16,41.7100,0.8200,-1.93,11669847,42.4700,42.7200,41.4700
2026/09/15,42.5300,0.9200,-2.12,8862135,42.7250,43.0000,42.4000
2026/09/14,43.4500,0.3800,+0.88,6564589,43.6600,43.7100,43.0701
2026/09/11,43.0700,0.9400,-2.14,11029063,43.1950,43.4951,42.7216
2026/09/10,44.0100,0.5500,-1.23,6580888,44.6000,44.8200,44.0100
2026/09/09,44.5600,0.6000,-1.33,8833554,45.0000,45.3950,44.5200
2026/09/08,45.1600,1.4400,-3.09,10353971,45.5800,45.9100,45.1450
2026/09/04,46.6000,0.9100,-1.92,6219243,46.3500,46.7400,46.0417
2026/09/03,47.5100,0.7400,+1.58,8769639,47.9900,48.0000,46.5650
2026/09/02,46.7700,1.6500,+3.66,13602634,46.0500,47.0050,45.9100
2026/09/01,45.1200,0.2100,-0.46,9355998,45.8000,46.1600,45.0650
2026/08/31,45.3300,0.2800,-0.61,7607222,45.2800,45.6100,44.9500
2026/08/28,45.6100,0.6500,-1.41,8504974,46.1700,46.2100,45.4050
2026/08/27,46.2600,0.9300,-1.97,13024424,45.9700,46.3300,45.7000
2026/08/26,47.1900,1.4700,-3.02,8877891,47.8000,48.0400,46.8700
2026/08/25,48.6600,1.7400,+3.71,15526741,47.8400,48.6600,47.5600
2026/08/24,46.9200,0.1800,+0.39,9674151,47.0900,47.3000,46.5650
2026/08/21,46.7400,0.6000,+1.30,10912622,46.3500,47.1650,46.3400
2026/08/20,46.1400,0.3400,-0.73,9669896,46.8900,46.9000,46.1100
2026/08/19,46.4800,0.7700,+1.68,19511352,46.0100,47.1950,45.8410
2026/08/18,45.7100,0.8300,+1.85,12089921,44.9100,46.0650,44.7600
2026/08/17,44.8800,0.4314,-0.95,14626376,45.1800,45.4500,44.6800
2026/08/14,45.3114,0.8195,-1.78,10992336,46.3037,46.4518,45.1732
2026/08/13,46.1309,0.3258,+0.71,10316998,45.3805,46.1951,45.1534
2026/08/12,45.8051,0.7702,-1.65,9685891,45.2917,45.9631,44.9856
2026/08/11,46.5753,0.5529,-1.17,7934715,46.8517,47.0690,46.3383
2026/08/10,47.1282,0.4641,+0.99,10315267,46.4074,47.1331,46.0717
2026/08/07,46.6641,1.2737,+2.81,12233671,46.5506,46.9011,46.1408
2026/08/06,45.3904,1.4219,+3.23,13288571,45.0349,45.4003,44.3635
2026/08/05,43.9685,0.2468,+0.56,22560187,44.2450,45.1435,43.8204
2026/08/04,43.7217,2.7746,-5.97,48085089,46.9850,48.5303,43.1293
2026/08/03,46.4963,0.0099,+0.02,12011159,46.4074,46.5999,45.6027
2026/07/31,46.4864,4.4729,-8.78,27140236,46.8024,46.9900,45.8545
2026/07/30,50.9593,0.0296,+0.06,10737086,50.0706,50.9692,49.8731
2026/07/29,50.9297,0.6122,+1.22,8824226,50.3570,51.4579,50.2780
2026/07/28,50.3175,1.2738,+2.60,9643259,49.3202,50.5841,49.3202
2026/07/27,49.0437,0.8886,+1.85,6892991,48.5550,49.3301,48.2045
2026/07/24,48.1551,0.5826,+1.22,10937009,48.2143,48.8956,48.0909
2026/07/23,47.5725,0.0099,-0.02,8282604,47.7749,48.3131,47.5034
2026/07/22,47.5824,1.1750,-2.41,8395289,48.8265,48.9154,47.3750
2026/07/21,48.7574,0.2271,-0.46,5859664,48.7179,49.2067,48.3328
2026/07/20,48.9845,0.7010,-1.41,7392195,49.8139,49.8633,48.9351
2026/07/17,49.6855,1.1454,-2.25,9664407,50.4162,50.7518,49.3696
2026/07/16,50.8309,0.9084,+1.82,9917398,50.2681,51.1173,49.9621
2026/07/15,49.9225,1.4712,+3.04,10446573,48.7376,50.3570,48.7376
2026/07/14,48.4513,0.2074,-0.43,6708236,48.1600,48.6488,47.6831
2026/07/13,48.6587,0.1974,-0.40,7515180,48.5500,49.0437,48.1452
2026/07/10,48.8561,0.5924,+1.23,6398497,48.5500,49.0141,48.1156
2026/07/09,48.2637,0.0099,-0.02,5528169,48.0761,48.7525,47.9675
2026/07/08,48.2736,0.7405,-1.51,9254483,48.1353,48.8413,47.8891
2026/07/07,49.0141,0.3752,+0.77,12378812,49.6587,49.8040,48.6833
2026/07/06,48.6389,1.1553,-2.32,12490800,48.6537,48.8512,47.9379
2026/07/02,49.7942,1.6391,+3.40,12234436,49.1918,50.2533,49.1524
2026/07/01,48.1551,0.8195,+1.73,11391996,48.4019,48.9253,47.9994
2026/06/30,47.3356,0.3949,-0.83,8688882,47.8984,48.0050,47.2664
2026/06/29,47.7305,0.2666,+0.56,9443172,47.1183,47.8687,47.0097
2026/06/26,47.4639,0.4246,+0.90,20393479,46.5259,47.8885,46.3975
2026/06/25,47.0393,0.2271,+0.49,12655366,47.2121,47.6318,46.7234
2026/06/24,46.8122,0.0099,-0.02,15270737,46.5061,47.0492,46.4272
2026/06/23,46.8221,1.5206,+3.36,17899940,46.2099,46.8320,45.8495
2026/06/22,45.3015,2.6561,+6.23,17360181,43.4551,45.8643,43.3465
2026/06/18,42.6454,0.3259,-0.76,9111615,42.9022,43.4452,41.9790
2026/06/17,42.9713,0.0296,-0.07,9988720,44.4030,44.4301,42.9120
2026/06/16,43.0009,0.3653,-0.84,7237866,43.4749,43.5538,42.8133
2026/06/15,43.3662,0.0395,+0.09,10353893,44.1265,44.2253,43.2576
2026/06/12,43.3267,0.0790,-0.18,14988151,43.3860,44.0327,43.1688
2026/06/11,43.4057,1.1355,+2.69,12882268,42.4282,43.5538,42.3986
2026/06/10,42.2702,0.6121,+1.47,16775370,41.1446,43.4749,41.1298
2026/06/09,41.6581,1.1553,+2.85,14908067,40.5571,41.7765,40.5571
2026/06/08,40.5028,1.9155,-4.52,20954423,41.6877,41.8753,40.4831
2026/06/05,42.4183,0.7801,-1.81,10994243,43.4946,43.6625,42.3147
2026/06/04,43.1984,1.7280,+4.17,16650224,42.5467,43.8106,41.6877
2026/06/03,41.4704,0.9084,-2.14,11486794,42.1764,42.2258,41.3717
2026/06/02,42.3788,1.1355,-2.61,17364156,42.9367,43.0829,41.7173
2026/06/01,43.5143,1.4910,-3.31,13144597,44.8177,44.8177,43.2379
2026/05/29,45.0053,0.0691,+0.15,11126692,44.9066,45.3114,44.5826
2026/05/28,44.9362,0.9479,+2.15,14826216,43.4946,45.4694,43.3959
2026/05/27,43.9883,0.3555,+0.81,11480157,43.6230,44.6597,43.6180
2026/05/26,43.6328,0.7603,-1.71,9475157,44.1759,44.4227,43.6180
2026/05/22,44.3931,0.5628,+1.28,10928745,44.0475,44.6104,43.9044
2026/05/21,43.8303,0.6714,-1.51,11776440,43.6625,44.0229,43.1836
2026/05/20,44.5017,0.7800,+1.78,10899597,44.1265,44.6795,43.8698
2026/05/19,43.7217,0.0000,0,9828349,43.8007,44.2746,43.5242
2026/05/18,43.7217,0.4542,-1.03,15600093,44.0673,44.5235,43.4156
2026/05/15,44.1759,1.0466,-2.31,16592969,44.8276,44.9263,43.6922
2026/05/14,45.2225,1.2639,-2.72,13467029,46.2001,46.2494,44.9659
2026/05/13,46.4864,0.0790,+0.17,10126414,46.4765,46.6148,46.0618
2026/05/12,46.4074,0.5924,+1.29,14430117,46.3975,46.5160,45.7064
2026/05/11,45.8150,0.3259,+0.72,18079578,46.1013,47.1874,45.6866
2026/05/08,45.4891,0.2666,+0.59,12207973,45.3904,45.5582,44.6202
2026/05/07,45.2225,0.0395,+0.09,17128567,45.9631,46.4864,45.1732
2026/05/06,45.1830,0.8787,+1.98,31289502,45.7261,46.9505,44.9559
2026/05/05,44.3043,0.4740,+1.08,21563855,43.9636,44.5511,43.6526
2026/05/04,43.8303,0.5036,+1.16,18914145,43.5933,44.0179,43.2909
2026/05/01,43.3267,1.6390,+3.93,26589741,42.7639,43.4847,42.5516
2026/04/30,41.6877,1.9057,+4.79,25530008,41.3223,42.3147,41.1249
2026/04/29,39.7820,0.8689,-2.14,16547998,40.2461,40.2658,39.1994
2026/04/28,40.6509,0.0296,-0.07,16597011,40.7793,41.5445,40.5818
2026/04/27,40.6805,0.0296,+0.07,19614970,40.2461,41.1446,40.0387
2026/04/24,40.6509,2.6166,+6.88,25336770,39.5549,40.7102,39.3871
2026/04/23,38.0343,0.6221,-1.61,12423124,38.6366,38.7058,37.5406
2026/04/22,38.6564,0.2666,-0.68,17845581,38.6564,38.8341,38.3602
2026/04/21,38.9230,1.0269,-2.57,25508031,39.6290,39.6882,38.2122
2026/04/20,39.9499,0.0592,-0.15,10600744,39.9992,40.3349,39.7524
2026/04/17,40.0091,0.4048,-1.00,13372614,40.4633,40.7645,39.9202
2026/04/16,40.4139,0.1184,+0.29,16289132,40.7348,40.8879,39.7228
2026/04/15,40.2955,1.4713,+3.79,19728143,39.2883,40.3446,39.1698
2026/04/14,38.8242,1.3231,+3.53,19981230,38.6366,38.9131,38.2417
2026/04/13,37.5011,0.4542,+1.23,12854291,36.6668,37.5308,36.4841
2026/04/10,37.0469,0.0790,+0.21,11546044,37.8171,37.9356,36.9482
2026/04/09,36.9679,0.1679,-0.45,11375090,36.7112,37.1753,36.3558
2026/04/08,37.1358,0.6912,+1.90,14059739,37.5505,37.7085,36.8544
2026/04/07,36.4446,0.2370,+0.65,14094016,35.9411,36.5680,35.5165
2026/04/06,36.2076,0.3061,-0.84,11682782,36.5335,36.9482,36.0546
2026/04/02,36.5137,0.4937,+1.37,14883504,35.6350,36.5137,35.1758
2026/04/01,36.0200,0.2666,-0.73,24398225,36.3064,36.6224,35.3289
2026/03/31,36.2866,1.4416,+4.14,19221549,34.9635,36.2866,34.8747
2026/03/30,34.8450,0.5184,+1.51,17615872,34.6871,35.1786,34.6772
2026/03/27,34.3266,0.3429,-0.99,15428069,34.5837,34.7552,34.1837
2026/03/26,34.6695,0.0667,+0.19,21631220,34.5647,35.6600,34.4124
2026/03/25,34.6028,0.5334,-1.52,17263498,35.3838,35.6124,34.5075
2026/03/24,35.1362,0.0667,+0.19,16949052,35.0981,35.4314,34.8076
2026/03/23,35.0695,0.2762,+0.79,15761111,35.0790,35.4409,34.7457
2026/03/20,34.7933,0.5238,-1.48,27683874,34.7552,35.2409,34.4552
2026/03/19,35.3171,0.3524,-0.99,22430972,34.6314,35.4746,34.6314
2026/03/18,35.6695,0.9334,-2.55,27419533,35.6600,35.8981,35.2409
2026/03/17,36.6029,0.1429,-0.39,12782594,36.8315,37.4030,36.5553
2026/03/16,36.7458,0.5905,+1.63,12013893,36.1648,36.7553,35.9934
2026/03/13,36.1553,0.0571,-0.16,12188017,36.5648,36.9554,35.9076
2026/03/12,36.2124,0.7715,-2.09,17977750,36.8411,37.1649,36.0505
2026/03/11,36.9839,0.1047,+0.28,13867540,36.8887,37.1363,36.6839
2026/03/10,36.8792,1.0096,-2.66,21872504,37.3220,37.3554,36.3648
2026/03/09,37.8888,1.1430,+3.11,24983757,37.3268,37.9840,36.6649
2026/03/06,36.7458,0.4667,-1.25,16412701,36.7458,37.0030,36.3505
2026/03/05,37.2125,0.5429,+1.48,22656104,36.4601,37.2554,36.2696
2026/03/04,36.6696,1.7525,+5.02,28146278,35.8410,36.7649,35.5171
2026/03/03,34.9171,1.0477,-2.91,35957328,34.6409,35.1923,34.1456
2026/03/02,35.9648,0.2953,+0.83,23197080,35.0790,36.0362,34.9742
2026/02/27,35.6695,0.1620,-0.45,25431780,35.7553,36.0600,35.5552
2026/02/26,35.8315,0.5143,-1.42,37270972,36.0267,36.2601,35.5362
2026/02/25,36.3458,0.4095,-1.11,58228366,35.9124,36.4220,35.8600
2026/02/24,36.7553,0.9906,-2.62,46124534,36.6696,37.2125,36.5363
2026/02/23,37.7459,7.4196,-16.43,103588882,38.2793,39.1365,37.4697
2026/02/20,45.1655,0.9811,-2.13,12899103,45.4179,45.4798,44.7941
2026/02/19,46.1466,0.7429,-1.58,8703202,46.4037,46.4514,45.8894
2026/02/18,46.8895,0.1333,-0.28,11860276,46.5133,47.0085,46.3180
2026/02/17,47.0228,0.1905,-0.40,10386548,46.7752,47.4800,46.3609
2026/02/13,47.2133,0.6096,+1.31,10663054,46.9562,47.4705,46.8561
2026/02/12,46.6037,0.1809,+0.39,12292943,46.5228,47.6895,45.8323
2026/02/11,46.4228,0.3619,-0.77,12856257,46.4133,46.6323,45.7942
2026/02/10,46.7847,0.2381,-0.51,16638990,47.6419,48.0610,46.6514
2026/02/09,47.0228,1.6477,+3.63,31599151,47.7467,48.6611,46.6752
2026/02/06,45.3751,4.0956,+9.92,38696344,44.1655,45.4703,43.6607
2026/02/05,41.2795,3.6670,-8.16,57163843,42.9035,43.4987,41.1843
2026/02/04,44.9465,2.9621,-6.18,49198717,45.6703,46.7657,44.2607
2026/02/03,47.9086,8.2197,-14.64,73423972,55.5759,55.8473,47.5848
2026/02/02,56.1283,0.4763,-0.84,17478863,55.1521,56.4807,55.0425
2026/01/30,56.6046,0.0953,+0.17,12689043,56.4522,57.0617,55.8045
2026/01/29,56.5093,0.9525,-1.66,16632627,57.0808,57.0808,56.0045
2026/01/28,57.4618,2.4383,-4.07,17046331,58.5571,58.6333,57.1379
2026/01/27,59.9001,1.0381,-1.70,14096682,59.9001,60.4670,59.5191
2026/01/26,60.9382,1.6382,+2.76,21111652,59.8858,60.9525,59.6953
2026/01/23,59.3000,0.0286,+0.05,29411674,60.3858,61.1097,59.0762
2026/01/22,59.2714,2.7716,+4.91,21315360,58.5190,59.4714,58.1380
2026/01/21,56.4998,1.2953,-2.24,32129451,57.1570,57.3094,54.8235
2026/01/20,57.7951,1.5716,-2.65,31943293,57.3522,59.2190,57.1046
2026/01/16,59.3667,4.9623,+9.12,45542157,57.0617,59.4334,56.4236
2026/01/15,54.4044,1.7049,-3.04,27037772,55.0425,55.0901,53.6138
2026/01/14,56.1093,0.6953,-1.22,17159880,56.0426,56.9093,55.5664
2026/01/13,56.8046,0.2095,-0.37,17757106,57.6999,57.7475,56.3283
2026/01/12,57.0141,1.0001,+1.79,20275490,57.2808,57.4332,56.2902
2026/01/09,56.0140,1.4001,+2.56,30515168,56.6427,57.7570,55.9855
2026/01/08,54.6139,0.7334,+1.36,18379450,54.3282,55.1566,54.2996
2026/01/07,53.8805,0.2952,+0.55,18413876,54.1472,55.0187,53.5567
2026/01/06,53.5853,1.0954,+2.09,34586518,54.4615,55.3854,53.3567
2026/01/05,52.4899,2.5906,+5.19,31527630,51.3565,52.7804,50.8231
2026/01/02,49.8993,1.4383,+2.97,12739790,49.1563,49.9183,48.9658
2025/12/31,48.4610,0.3239,-0.66,11343137,48.6230,48.8182,48.1468
2025/12/30,48.7849,0.2381,-0.49,12496641,49.0706,49.2135,48.6372
2025/12/29,49.0230,0.8858,-1.77,17739287,49.1087,49.5183,48.9039
2025/12/26,49.9088,0.1524,-0.30,13917211,50.4993,50.5041,49.2421
2025/12/24,50.0612,0.9049,+1.84,20263478,50.3374,51.0803,49.5278
2025/12/23,49.1563,3.3431,+7.30,70937359,50.1659,50.6707,48.6134
2025/12/22,45.8132,0.0095,+0.02,16860728,45.4798,45.9227,45.3275
2025/12/19,45.8037,0.4572,+1.01,11472542,45.8180,46.4799,45.6989
2025/12/18,45.3465,0.1524,-0.33,8717740,45.7180,46.0132,45.2560
2025/12/17,45.4989,1.1334,-2.43,10857065,45.8132,46.4323,45.4608
2025/12/16,46.6323,1.3430,-2.80,14854748,47.4419,47.5943,46.1085
2025/12/15,47.9753,0.1810,+0.38,11921487,47.5848,48.2515,47.1943
2025/12/12,47.7943,0.1048,-0.22,13011437,48.1277,48.3372,47.5419
2025/12/11,47.8991,1.1811,+2.53,16379924,47.5848,48.1372,47.2276
2025/12/10,46.7180,2.5621,+5.80,17811650,45.1465,47.1466,44.8036
2025/12/09,44.1559,0.3905,-0.88,10759410,44.0178,44.5655,43.8892
2025/12/08,44.5464,1.0382,-2.28,15614901,44.9179,44.9274,44.1464
2025/12/05,45.5846,0.1238,-0.27,16090279,46.6133,46.7846,45.5560
2025/12/04,45.7084,0.4000,+0.88,19378423,45.6989,45.9466,45.1179
2025/12/03,45.3084,0.1333,+0.30,12045124,45.3656,45.8227,45.0512
2025/12/02,45.1751,0.9524,-2.06,12499420,45.5846,45.6988,45.1189
2025/12/01,46.1275,0.8763,-1.86,12207061,46.5990,47.1326,46.0704
2025/11/28,47.0038,0.6096,+1.31,16257106,46.7942,47.3419,46.0513
2025/11/26,46.3942,1.5715,+3.51,18725029,46.2228,46.6990,45.8894
2025/11/25,44.8227,1.9907,+4.65,31978928,43.7892,44.9655,43.7559
2025/11/24,42.8320,2.5336,-5.58,77293443,41.3605,43.0701,41.0319
2025/11/21,45.3656,0.0286,+0.06,19932909,44.7846,45.8608,44.4702
2025/11/20,45.3370,1.3334,-2.86,16013619,47.1466,47.1752,45.2238
2025/11/19,46.6704,1.3810,+3.05,17412885,45.7513,47.0371,45.4894
2025/11/18,45.2894,0.8667,-1.88,17958491,45.3370,45.7370,44.9560
2025/11/17,46.1561,0.1905,+0.41,14195373,45.6322,46.8514,45.4513
2025/11/14,45.9656,0.8572,-1.83,13131882,46.1942,46.5821,45.7465
2025/11/13,46.8228,1.0477,-2.19,19820653,46.8609,47.7086,46.5847
2025/11/12,47.8705,1.0572,+2.26,25903819,47.1276,48.0324,46.9752
2025/11/11,46.8133,3.0574,+6.99,29094312,44.8322,47.0752,44.8131
2025/11/10,43.7559,0.2476,+0.57,15125647,44.0226,44.1655,43.4035
2025/11/07,43.5083,0.7905,-1.78,20976873,43.8511,44.0702,43.0035
2025/11/06,44.2988,1.8573,-4.02,45930880,45.4798,47.2038,44.0845
2025/11/05,46.1561,0.2000,+0.44,39893270,44.7465,46.6704,43.9654
2025/11/04,45.9561,0.8191,-1.75,30058499,45.6799,47.5276,45.4894
2025/11/03,46.7752,0.3334,-0.71,11703405,47.0609,47.1562,46.2561
2025/10/31,47.1086,0.5524,-1.16,21020222,46.4609,47.1181,46.1847
2025/10/30,47.6610,1.2667,-2.59,22108633,47.5753,48.1372,47.0847
2025/10/29,48.9277,0.6477,-1.31,9951269,50.1659,50.2945,48.7563
2025/10/28,49.5754,0.8001,-1.59,12779751,50.2993,50.3660,49.0516
2025/10/27,50.3755,0.0667,-0.13,10824598,50.2707,50.6946,50.1416
2025/10/24,50.4422,0.2571,-0.51,8921812,50.8708,50.9993,50.4136
2025/10/23,50.6993,0.1429,-0.28,9792082,50.0707,50.9184,49.8897
2025/10/22,50.8422,1.3334,-2.56,13040851,50.9565,51.2136,50.4136
2025/10/21,52.1756,0.9144,-1.72,10690374,52.6709,52.7328,51.9382
2025/10/20,53.0900,1.3049,+2.52,8296020,52.7757,53.5567,52.5661
2025/10/17,51.7851,1.6382,-3.07,15498343,51.3184,51.8518,50.9946
2025/10/16,53.4233,0.6001,-1.11,8770728,54.3663,54.8139,53.3090
2025/10/15,54.0234,0.0572,+0.11,8898285,53.7234,54.2329,53.4329
2025/10/14,53.9662,0.8001,-1.46,8013734,53.6043,54.1628,53.1471
2025/10/13,54.7663,0.5429,+1.00,9276482,54.5758,55.3616,54.5282
2025/10/10,54.2234,1.6668,-2.98,15798758,55.8092,56.0045,54.0901
2025/10/09,55.8902,0.8858,-1.56,9281004,56.1188,56.5760,55.6664
2025/10/08,56.7760,0.5620,+1.00,10382293,56.9665,57.2713,56.6427
2025/10/07,56.2140,0.6001,-1.06,10158008,56.6331,56.7569,55.7473
2025/10/06,56.8141,0.0191,+0.03,14470317,57.2760,58.0047,56.8141
2025/10/03,56.7950,0.8476,+1.51,16129712,56.1950,57.2379,55.6688
2025/10/02,55.9474,0.4095,-0.73,12563992,56.0807,56.3093,55.2425
2025/10/01,56.3569,3.5050,+6.63,26074785,53.3471,56.4045,53.3376
2025/09/30,52.8519,0.0095,-0.02,19952062,51.4422,52.9281,51.2134
2025/09/29,52.8614,0.1048,-0.20,20293963,51.5661,52.9947,51.4422
2025/09/26,52.9662,0.4095,-0.77,18625293,52.9566,53.3567,51.9661
2025/09/25,53.3757,2.5717,-4.60,19200176,54.4234,54.6234,53.2138
2025/09/24,55.9474,0.7619,-1.34,11792778,56.0521,56.4331,55.3759
2025/09/23,56.7093,1.1144,-1.93,12085423,57.4332,57.4618,56.2712
2025/09/22,57.8237,0.6572,-1.12,11278978,57.1475,58.2142,56.7855
2025/09/19,58.4809,0.4286,-0.73,13546941,59.3381,59.3573,57.8333
2025/09/18,58.9095,3.4765,+6.27,25830074,58.9000,59.2905,57.9475
2025/09/17,55.4330,0.9524,+1.75,17648078,55.0330,56.3379,54.9282
2025/09/16,54.4806,1.5049,+2.84,17969929,54.4234,54.9854,53.9368
2025/09/15,52.9757,0.7144,+1.37,14451354,53.8139,54.2710,52.9043
2025/09/12,52.2613,0.5429,+1.05,10832995,52.4376,52.5757,51.7470
2025/09/11,51.7184,0.0667,-0.13,12381735,51.0708,52.0232,51.0041
2025/09/10,51.7851,0.0667,+0.13,17311306,51.6280,52.6090,51.3041
2025/09/09,51.7184,0.0190,+0.04,21634959,50.5374,51.7184,50.2136
2025/09/08,51.6994,0.9048,-1.72,13636450,51.7661,52.2852,51.5137
2025/09/05,52.6042,0.8668,-1.62,16279023,53.1662,53.4138,52.1280
2025/09/04,53.4710,0.5714,-1.06,9216242,53.3043,53.8139,52.8233
2025/09/03,54.0424,0.3428,+0.64,9560162,53.9853,54.6234,53.7805
2025/09/02,53.6996,0.0762,-0.14,12223806,54.0234,54.4615,53.1212
2025/08/29,53.7758,0.3334,+0.62,9571564,53.3852,53.8377,53.0615
2025/08/28,53.4424,0.3143,-0.58,10018772,54.0234,54.0615,53.0614
2025/08/27,53.7567,1.0477,+1.99,12281554,53.0328,53.9377,52.6900
2025/08/26,52.7090,0.9525,-1.78,13511839,52.4042,52.7336,52.0042
2025/08/25,53.6615,0.6095,-1.12,16992846,54.6996,55.5664,53.5770
2025/08/22,54.2710,1.4572,+2.76,18807577,54.0139,54.7758,53.9472
2025/08/21,52.8138,1.0954,+2.12,13526250,52.1947,53.1948,51.9708
2025/08/20,51.7184,0.4572,-0.88,14804514,51.7470,52.0328,51.2708
2025/08/19,52.1756,0.9810,+1.92,27291206,51.9708,52.8423,51.4518
2025/08/18,51.1946,1.8333,+3.71,34064613,52.0042,52.3756,51.1898
2025/08/15,49.3613,1.3751,+2.87,18710932,48.4430,49.6815,48.3818
2025/08/14,47.9862,0.0471,+0.10,13400046,47.5389,47.9862,46.9643
2025/08/13,47.9391,1.0548,+2.25,20644064,47.3552,48.2547,47.3175
2025/08/12,46.8843,0.0848,-0.18,11819476,46.5405,47.3788,46.5076
2025/08/11,46.9691,1.1396,-2.37,17176808,47.4682,47.7461,46.8937
2025/08/08,48.1087,2.1851,+4.76,24810788,47.7508,48.3159,47.1951
2025/08/07,45.9236,3.1834,+7.45,43299237,45.6505,46.2438,45.1325
2025/08/06,42.7402,1.7330,-3.90,39750401,43.2959,43.7857,42.4294
2025/08/05,44.4732,1.4975,-3.26,22836795,45.0948,45.3962,44.3790
2025/08/04,45.9707,0.5839,+1.29,21969928,46.2250,46.3474,45.5469
2025/08/01,45.3868,1.0549,+2.38,36936018,45.4621,46.1779,44.7840
2025/07/31,44.3319,2.7878,-5.92,53483673,46.1120,46.4322,44.1718
2025/07/30,47.1197,3.6826,-7.25,69934296,48.2782,48.3818,46.7148
2025/07/29,50.8023,14.1840,-21.83,117574996,50.8117,52.1491,50.3973
2025/07/28,64.9863,2.5429,-3.77,7598211,66.8699,67.1336,64.4824
2025/07/25,67.5292,0.9136,+1.37,7804157,66.8888,67.6187,66.4696
2025/07/24,66.6156,0.6593,+1.00,10788621,66.5403,67.2278,66.1400
2025/07/23,65.9563,3.0609,+4.87,12720297,64.9533,66.2859,64.8732
2025/07/22,62.8954,1.7518,+2.87,9524287,61.7087,63.0743,61.6428
2025/07/21,61.1436,0.5745,+0.95,8792172,60.9835,61.5312,60.3901
2025/07/18,60.5691,0.9230,-1.50,8548443,61.8500,61.9630,60.4278
2025/07/17,61.4921,1.6482,-2.61,9600293,62.3303,62.5478,61.0965
2025/07/16,63.1403,0.1695,-0.27,5957679,63.4228,64.0821,63.0932
2025/07/15,63.3098,1.6200,-2.50,7698669,65.4478,65.4478,62.8295
2025/07/14,64.9298,0.0095,+0.01,6387414,64.6095,65.5043,64.4965
2025/07/11,64.9203,1.9590,-2.93,6925204,65.6832,65.8245,64.5436
2025/07/10,66.8793,1.2432,+1.89,6772278,65.5325,67.5763,65.4760
2025/07/09,65.6361,0.0471,+0.07,5712304,64.9768,65.8057,64.8544
2025/07/08,65.5890,0.3014,+0.46,10476559,65.4101,66.5026,64.6566
2025/07/07,65.2876,0.1412,+0.22,7765184,65.3253,65.4980,64.7131
2025/07/03,65.1464,0.6122,-0.93,4297922,65.2500,65.3630,64.5908
2025/07/02,65.7586,0.0000,0,8396763,65.5137,66.2389,64.8956
2025/07/01,65.7586,0.7535,+1.16,7274912,64.4306,66.3236,64.1574
2025/06/30,65.0051,0.4803,+0.74,8109111,65.3912,65.5034,64.5530
2025/06/27,64.5248,0.7629,+1.20,5977045,64.7602,64.9298,64.0209
2025/06/26,63.7619,0.3297,+0.52,8644909,63.6865,64.4023,63.2815
2025/06/25,63.4322,3.1834,-4.78,14533537,64.8544,64.8685,62.9802
2025/06/24,66.6156,0.9512,+1.45,7842539,66.1588,66.9076,65.7962
2025/06/23,65.6644,3.8144,-5.49,16348897,64.8638,65.9794,64.5546
2025/06/20,69.4788,0.2260,-0.32,8720244,69.5447,70.0533,68.5087
2025/06/18,69.7048,0.3108,-0.44,5799690,70.2228,70.4663,69.4129
2025/06/17,70.0156,2.5241,-3.48,8579086,71.1176,71.3719,69.8273
2025/06/16,72.5397,2.6466,-3.52,8687270,73.3120,73.8206,72.1630
2025/06/13,75.1863,1.1490,-1.51,7954473,76.6744,76.7026,74.8095
2025/06/12,76.3353,2.1850,+2.95,11214875,75.9492,76.4389,75.2710
2025/06/11,74.1503,0.5651,-0.76,9780497,74.4799,75.1863,73.7830
2025/06/10,74.7154,3.6449,+5.13,13884420,73.4533,75.7608,72.9353
2025/06/09,71.0705,0.7817,+1.11,11558160,70.6467,72.3796,69.8442
2025/06/06,70.2888,1.8649,+2.73,10139706,69.8367,70.7879,69.6672
2025/06/05,68.4239,0.5745,+0.85,5409726,68.8854,69.3658,68.1131
2025/06/04,67.8494,1.0642,+1.59,7344235,67.9813,68.8854,67.8306
2025/06/03,66.7852,1.8083,-2.64,9367638,67.4350,67.7741,66.4744
2025/06/02,68.5935,1.2527,+1.86,17846004,67.5951,68.6123,67.1148
2025/05/30,67.3408,1.9213,+2.94,11885541,65.7303,67.4021,65.0522
2025/05/29,65.4195,0.8100,+1.25,9553643,65.2311,65.4572,64.3270
2025/05/28,64.6095,1.7330,-2.61,8350427,65.3442,65.8151,64.3855
2025/05/27,66.3425,2.9103,+4.59,9821940,66.6910,67.1525,65.8057
2025/05/23,63.4322,0.7723,-1.20,6910356,63.3475,63.9408,62.7259
2025/05/22,64.2045,0.0283,-0.04,7636551,62.5469,64.5295,62.4998
2025/05/21,64.2328,0.0000,0,9538284,64.3458,65.6926,64.1622
2025/05/20,64.2328,1.1114,+1.76,13334762,65.4054,65.9281,63.7171
2025/05/19,63.1214,2.4958,+4.12,11885681,61.5674,63.1309,61.0965
2025/05/16,60.6256,1.6764,-2.69,20186920,60.6538,60.9364,59.4577
2025/05/15,62.3020,1.6387,+2.70,9635147,61.4073,62.4433,61.0117
2025/05/14,60.6633,0.9324,-1.51,10804645,62.6317,62.9425,60.3619
2025/05/13,61.5957,2.2039,-3.45,10996688,62.7353,62.7541,61.1718
2025/05/12,63.7996,1.8555,+3.00,19387440,60.3619,63.8090,60.3148
2025/05/09,61.9441,0.8664,+1.42,13878667,63.1026,63.5170,61.7746
2025/05/08,61.0777,2.5429,-4.00,12791188,62.0760,62.1231,60.6538
2025/05/07,63.6206,1.1867,+1.90,15072200,65.3159,65.6173,62.9331
2025/05/06,62.4339,2.6654,-4.09,11206564,64.0068,64.1540,62.1514
2025/05/05,65.0993,0.1036,-0.16,9355569,65.1464,65.7303,64.8827
2025/05/02,65.2029,3.4189,+5.53,14298010,65.6926,65.7962,64.5436
2025/05/01,61.7840,0.8006,-1.28,17454834,64.8073,64.8261,60.4466
2025/04/30,62.5846,1.2150,+1.98,9813757,62.6081,62.7635,61.5964
2025/04/29,61.3696,2.3922,+4.06,11598374,61.4638,61.6051,60.4231
2025/04/28,58.9774,0.5086,+0.87,6668222,58.5724,59.5671,58.3652
2025/04/25,58.4688,0.5180,-0.88,8319107,57.1408,58.6477,57.0467
2025/04/24,58.9868,1.2526,+2.17,8378443,58.8408,59.0904,58.2445
2025/04/23,57.7342,1.3092,+2.32,9692547,58.1768,58.7984,57.3480
2025/04/22,56.4250,1.4881,+2.71,12420373,55.5774,56.6793,55.4926
2025/04/21,54.9369,0.2354,+0.43,14248137,54.8616,55.8505,53.6843
2025/04/17,54.7015,4.5208,-7.63,34210669,54.5414,55.6245,53.9480
2025/04/16,59.2223,1.5163,-2.50,6691905,60.5879,60.6633,58.7702
2025/04/15,60.7386,1.4787,-2.38,6312840,61.8217,62.1094,60.1453
2025/04/14,62.2173,1.2527,+2.05,8565603,62.6128,62.8671,61.5297
2025/04/11,60.9646,3.3152,+5.75,12095750,60.0228,61.2189,59.5519
2025/04/10,57.6494,3.6543,-5.96,10600621,59.4483,59.5613,55.8693
2025/04/09,61.3037,3.2870,+5.67,14061271,56.9713,61.5015,56.0530
2025/04/08,58.0167,1.9214,-3.21,8600852,61.1436,61.2660,57.2915
2025/04/07,59.9381,1.0266,+1.74,15450670,57.8660,61.4827,57.0820
2025/04/04,58.9115,4.2853,-6.78,11540872,61.4356,61.6616,58.7372
2025/04/03,63.1968,1.0737,-1.67,9367417,64.4494,64.5530,63.1026
2025/04/02,64.2705,0.1978,+0.31,7790403,63.5829,64.7225,63.4040
2025/04/01,64.0727,1.3280,-2.03,6597537,65.9093,65.9281,63.7054
2025/03/31,65.4007,1.1672,+1.82,7247736,63.7807,65.5796,62.9896
2025/03/28,64.2335,0.7972,-1.23,6329785,65.0399,65.2068,64.1223
2025/03/27,65.0307,1.4552,-2.19,8599550,65.0260,65.4756,64.6692
2025/03/26,66.4859,1.7333,-2.54,8214356,67.2506,67.5333,66.3654
2025/03/25,68.2192,1.6035,-2.30,9597232,70.3325,70.4901,67.8484
2025/03/24,69.8227,1.4181,-1.99,8720753,69.4890,70.4437,69.4195
2025/03/21,71.2408,1.7889,-2.45,6344279,70.4066,71.6394,69.9988
2025/03/20,73.0297,0.1947,-0.27,4933121,73.4283,73.7435,72.7517
2025/03/19,73.2244,1.8352,-2.44,7466428,74.2903,74.3645,72.7424
2025/03/18,75.0596,0.7693,+1.04,6145690,76.1997,76.5334,74.3459
2025/03/17,74.2903,2.7807,+3.89,6468672,73.8176,74.6703,73.5488
2025/03/14,71.5096,1.1678,+1.66,7019093,70.2120,71.8804,69.7393
2025/03/13,70.3418,1.0196,+1.47,8877171,70.4623,71.6858,69.8876
2025/03/12,69.3222,3.0773,-4.25,11714643,68.8865,69.8320,68.4046
2025/03/11,72.3995,0.7785,-1.06,8019772,73.1132,73.4747,71.3707
2025/03/10,73.1780,7.6191,-9.43,13597461,73.9752,74.8001,72.5756
2025/03/07,80.7971,0.8064,-0.99,5694496,81.9094,82.0762,80.0370
2025/03/06,81.6035,2.6138,-3.10,5880803,81.5201,82.5216,81.0659
2025/03/05,84.2173,3.1143,+3.84,8643670,84.8105,85.1813,83.6890
2025/03/04,81.1030,1.7333,-2.09,5614048,81.8445,82.1689,80.0185
2025/03/03,82.8363,1.1864,-1.41,5190338,84.0319,84.1061,82.4933
2025/02/28,84.0227,1.3255,+1.60,6432763,83.2904,84.0829,82.8455
2025/02/27,82.6972,0.3059,-0.37,7502326,82.4470,83.5963,82.4099
2025/02/26,83.0031,1.2976,-1.54,7970548,84.3749,84.4583,82.7528
2025/02/25,84.3007,0.3336,+0.40,12370296,85.5335,86.9424,82.4933
2025/02/24,83.9671,2.3265,+2.85,11302595,82.3635,84.4615,81.6776
2025/02/21,81.6406,4.0227,+5.18,16322124,81.9279,82.7065,79.4717
2025/02/20,77.6179,0.3152,+0.41,5410807,76.8671,77.8588,76.6632
2025/02/19,77.3027,0.9918,+1.30,6417312,76.8763,77.5159,76.5241
2025/02/18,76.3109,4.1339,+5.73,9399323,76.0978,76.6354,75.1338
2025/02/14,72.1770,0.8898,-1.22,10654418,72.8351,73.2858,72.1307
2025/02/13,73.0668,2.7436,-3.62,11661833,73.7249,74.2810,72.9463
2025/02/12,75.8104,1.8075,-2.33,6934335,75.0967,76.3387,74.6425
2025/02/11,77.6179,0.1575,-0.20,5444887,77.4047,78.0859,76.8115
2025/02/10,77.7754,2.3265,-2.90,10308694,79.4346,79.6385,77.5344
2025/02/07,80.1019,0.6952,-0.86,9387122,82.2060,82.2801,79.8424
2025/02/06,80.7971,1.3347,+1.68,11410181,80.3800,82.4470,80.3336
2025/02/05,79.4624,2.8827,+3.76,15211111,80.1112,81.0288,78.8692
2025/02/04,76.5797,0.0278,-0.04,10660067,75.6528,77.3398,75.3284
2025/02/03,76.6075,1.6684,-2.13,5890785,76.1256,77.2842,76.0699
2025/01/31,78.2759,0.8250,-1.04,7062485,78.6652,79.1936,78.1276
2025/01/30,79.1009,1.2142,+1.56,6256210,78.4150,80.1483,77.8032
2025/01/29,77.8867,1.0751,-1.36,7383730,79.3604,79.4068,77.7662
2025/01/28,78.9618,2.1504,-2.65,10286289,79.7775,80.5098,78.4150
2025/01/27,81.1122,0.4264,-0.52,11721917,79.4716,81.9928,79.1009
2025/01/24,81.5386,6.3677,+8.47,29232574,83.3924,83.3924,80.2410
2025/01/23,75.1709,0.4913,+0.66,7299431,75.3840,75.7455,74.4526
2025/01/22,74.6796,0.4264,-0.57,6376538,75.7548,75.8197,74.5498
2025/01/21,75.1060,2.1689,+2.97,8732746,73.8547,75.1755,73.5209
2025/01/17,72.9371,4.0597,-5.27,22942599,74.0957,74.9669,72.4551
2025/01/16,76.9968,0.1390,+0.18,6821038,76.6910,77.8496,76.1812
2025/01/15,76.8578,1.6128,+2.14,9733073,77.2656,77.6874,76.6632
2025/01/14,75.2450,3.1885,-4.07,14775087,76.8578,77.5622,74.1976
2025/01/13,78.4335,1.5201,-1.90,7997005,78.2481,78.5262,77.5715
2025/01/10,79.9536,0.5747,+0.72,7309083,80.8434,80.8991,79.5643
2025/01/08,79.3789,2.1318,+2.76,9921772,79.2538,79.5272,78.4891
2025/01/07,77.2471,1.5664,-1.99,10322624,77.9515,78.6096,76.5983
2025/01/06,78.8135,2.4285,-2.99,11539289,79.8146,80.0278,78.5957
2025/01/03,81.2420,0.1205,+0.15,4066272,81.0937,81.7458,80.9547
2025/01/02,81.1215,1.3903,+1.74,4931768,81.4830,82.0391,80.8110
2024/12/31,79.7312,0.2688,+0.34,4533855,79.1704,79.7590,78.7857
2024/12/30,79.4624,1.5201,-1.88,6591917,80.6117,80.6442,79.3975
2024/12/27,80.9825,0.2595,-0.32,6544487,81.3162,82.2801,80.6581
2024/12/26,81.2420,0.2595,+0.32,6788365,80.7971,81.6220,80.5190
2024/12/24,80.9825,1.2420,-1.51,5151498,82.4006,82.4748,80.7044
2024/12/23,82.2245,3.4388,+4.36,20496397,82.3728,82.5860,79.7034
2024/12/20,78.7857,17.0919,-17.83,58002983,76.6724,80.2039,75.5416
2024/12/19,95.8776,2.3358,-2.38,5765923,96.6469,97.0918,95.2288
2024/12/18,98.2134,1.9001,-1.90,4057586,100.4657,101.0682,97.7647
2024/12/17,100.1135,0.0371,-0.04,5842596,99.8725,101.0219,99.8503
2024/12/16,100.1506,1.0196,+1.03,5768615,101.2999,101.8468,99.9837
2024/12/13,99.1310,1.5386,-1.53,6743390,99.2144,99.7427,96.5264
2024/12/12,100.6696,2.8549,-2.76,3938787,102.7737,103.0416,100.4843
2024/12/11,103.5245,2.3173,+2.29,7061954,102.3751,104.2938,101.9766
2024/12/10,101.2072,1.7519,-1.70,4986270,103.3947,103.3947,100.7531
2024/12/09,102.9591,0.2874,+0.28,5296103,103.5523,103.8025,102.2361
2024/12/06,102.6717,1.8074,+1.79,6522507,101.8931,103.1686,101.7263
2024/12/05,100.8643,0.1390,-0.14,4223110,100.6789,101.3317,100.3174
2024/12/04,101.0033,0.2132,-0.21,4839393,102.1619,102.4400,100.9940
2024/12/03,101.2165,0.4913,+0.49,5209591,102.6810,102.7737,101.0775
2024/12/02,100.7252,1.7332,+1.75,5338603,100.9662,101.1609,100.2433
2024/11/29,98.9920,0.6211,+0.63,2994040,97.7221,99.5481,97.6466
2024/11/27,98.3709,0.0000,0,4305343,98.0558,98.3709,97.2874
2024/11/26,98.3709,1.4552,+1.50,7294677,98.8715,99.8262,97.9075
2024/11/25,96.9157,0.4635,-0.48,4633362,97.6109,98.1763,96.3968
2024/11/22,97.3792,2.2524,+2.37,6627904,96.3132,98.4729,96.2669
2024/11/21,95.1268,2.4470,-2.51,6673327,95.6366,95.6737,94.0899
2024/11/20,97.5738,2.4470,+2.57,8113907,95.8683,98.0095,95.4698
2024/11/19,95.1268,2.6138,+2.83,6234523,93.7828,95.5810,93.7458
2024/11/18,92.5130,1.7889,-1.90,9483371,92.9857,93.6160,92.1515
2024/11/15,94.3019,3.3183,-3.40,8713266,94.2370,94.8580,92.9857
2024/11/14,97.6202,1.4737,-1.49,4819489,99.0198,99.1773,97.3236
2024/11/13,99.0939,0.1391,-0.14,3406099,99.0661,99.9096,98.7602
2024/11/12,99.2330,1.8815,-1.86,5540504,99.0012,99.7427,97.9724
2024/11/11,101.1145,1.7518,+1.76,5331655,101.6521,102.5234,100.9662
2024/11/08,99.3627,0.3986,-0.40,5634548,99.3164,99.9837,98.6444
2024/11/07,99.7613,2.1041,+2.15,9022797,98.3431,99.8632,97.8704
2024/11/06,97.6572,4.4213,-4.33,12994658,100.3545,100.7994,97.3514
2024/11/05,102.0785,0.3800,+0.37,7125186,100.0811,102.2361,99.8726
2024/11/04,101.6985,2.0577,-1.98,6705223,102.1341,102.5698,101.4390
2024/11/01,103.7562,0.0093,-0.01,4913985,104.6275,104.7572,103.6172
2024/10/31,103.7655,1.1956,-1.14,9122192,102.1527,103.9601,101.6151
2024/10/30,104.9611,1.1678,+1.13,11985489,100.9292,105.4431,99.3998
2024/10/29,103.7933,0.3522,-0.34,8893574,103.4596,104.9889,103.0239
2024/10/28,104.1455,0.9454,-0.90,5778496,104.1918,104.4792,103.5059
2024/10/25,105.0909,0.5005,-0.47,4924379,105.5729,105.8417,104.8314
2024/10/24,105.5914,1.6870,-1.57,4854810,106.7871,106.8335,105.5822
2024/10/23,107.2784,0.6766,-0.63,3474720,107.8252,107.9226,106.5462
2024/10/22,107.9550,0.7971,-0.73,5059629,106.5925,108.1218,106.3700
2024/10/21,108.7521,0.7045,-0.64,3485406,109.3268,109.3361,108.3350
2024/10/18,109.4566,0.1205,-0.11,3445325,109.1507,109.6188,108.5760
2024/10/17,109.5771,0.1761,+0.16,3234829,109.9200,110.3632,109.4797
2024/10/16,109.4010,0.2040,+0.19,3257109,108.3999,109.4288,107.9274
2024/10/15,109.1970,1.8260,-1.64,3898990,110.2908,110.3809,108.5792
2024/10/14,111.0230,0.2410,-0.22,2672712,110.8562,111.6653,110.8098
2024/10/11,111.2640,2.3265,+2.14,4440385,111.1528,111.7460,110.7449
2024/10/10,108.9375,0.4912,+0.45,3140952,109.3546,109.7810,108.5528
2024/10/09,108.4463,0.1853,-0.17,4284593,108.0199,108.5946,107.3525
2024/10/08,108.6316,0.5284,-0.48,4108363,108.8541,109.2680,108.0662
2024/10/07,109.1600,2.4563,+2.30,4580115,108.5760,109.8823,108.4648
2024/10/04,106.7037,0.0371,+0.03,6808137,105.8880,106.7408,105.4709
2024/10/03,106.6666,1.2977,-1.20,4661683,107.7418,107.8252,106.6203
2024/10/02,107.9643,1.4181,-1.30,6428574,108.1496,108.2516,106.9632
2024/10/01,109.3824,0.9825,-0.89,4292157,110.1054,110.2259,108.7434
2024/09/30,110.3649,1.5665,-1.40,7392646,108.9931,110.4113,108.9004
2024/09/27,111.9314,3.2812,-2.85,10416842,111.7367,112.4690,110.4391
2024/09/26,115.2126,2.4562,-2.09,4714177,116.4175,116.4361,114.9160
2024/09/25,117.6688,1.3996,+1.20,3175819,118.0581,118.2806,117.1590
2024/09/24,116.2692,1.6128,+1.41,5366409,115.2311,117.4000,114.7213
2024/09/23,114.6564,3.5315,-2.99,7627537,114.9345,116.1146,113.9534
2024/09/20,118.1879,6.8312,-5.46,10447292,119.6616,120.0139,116.9088
2024/09/19,125.0191,2.6139,+2.14,2863174,124.8151,125.3157,123.8605
2024/09/18,122.4052,0.0556,+0.05,3079927,123.1189,123.5268,121.7008
2024/09/17,122.3496,4.5418,-3.58,3793142,123.8326,125.2786,122.1642
2024/09/16,126.8914,0.0927,-0.07,1916417,127.9666,128.1163,126.7709
2024/09/13,126.9841,0.3152,+0.25,2562687,126.8543,127.8090,126.3966
2024/09/12,126.6689,1.3254,+1.06,2341992,125.3527,126.9516,124.8059
2024/09/11,125.3435,5.0516,+4.20,4240310,123.4063,125.8903,121.4042
2024/09/10,120.2919,1.9743,-1.61,2423919,119.7821,120.6071,119.0128
2024/09/09,122.2662,0.7137,+0.59,2030233,122.3774,123.2209,121.3393
2024/09/06,121.5525,0.2317,+0.19,2796248,123.9809,124.3517,121.0242
2024/09/05,121.3208,3.3739,-2.71,3110928,122.3589,122.9614,120.9871
2024/09/04,124.6947,1.6035,-1.27,1954488,124.2405,125.0469,123.8605
2024/09/03,126.2982,2.6880,-2.08,2491933,128.4300,128.4856,125.8996
2024/08/30,128.9862,1.5201,+1.19,2932748,128.1056,129.5191,127.7719
2024/08/29,127.4661,2.8178,+2.26,2972239,126.4928,127.7997,125.8180
2024/08/28,124.6483,0.6488,-0.52,2983561,124.8151,125.2879,124.2961
2024/08/27,125.2971,0.1113,-0.09,2291994,124.1200,125.5937,123.9902
2024/08/26,125.4084,1.5479,-1.22,1921571,125.3527,125.7976,124.7781
2024/08/23,126.9563,0.0835,+0.07,2278795,126.5855,127.1185,125.9830
2024/08/22,126.8728,1.7796,+1.42,2938608,127.2899,128.3651,126.1591
2024/08/21,125.0932,0.7879,-0.63,2600637,125.4547,125.6586,123.6287
2024/08/20,125.8811,0.5191,+0.41,2273052,125.3064,126.3723,124.6993
2024/08/19,125.3620,0.3337,+0.27,1814416,125.1952,126.1777,125.0839
2024/08/16,125.0283,2.0090,-1.58,2277796,125.5010,125.7513,124.8151
2024/08/15,127.0373,2.9089,+2.34,3157885,126.1508,127.1481,125.1673
2024/08/14,124.1284,0.7849,+0.64,2131113,122.5401,124.5255,122.1154
2024/08/13,123.3435,3.3982,+2.83,3620617,121.4874,123.9715,121.4874
2024/08/12,119.9453,3.3059,-2.68,3901391,121.4967,121.9214,119.6313
2024/08/09,123.2512,4.8942,+4.14,8125781,120.4532,124.3408,120.2408
2024/08/08,118.3570,8.2556,+7.50,11133751,116.2515,118.5140,113.7767
2024/08/07,110.1014,10.0563,-8.37,15052307,113.2965,114.1553,109.7044
2024/08/06,120.1577,3.8046,+3.27,7574180,118.8926,121.2196,118.4585
2024/08/05,116.3531,1.3759,-1.17,6377057,114.4000,117.6644,113.3335
2024/08/02,117.7290,4.5895,-3.75,5169850,119.8437,120.1669,117.1380
2024/08/01,122.3185,0.1570,-0.13,3973252,121.9399,124.0546,121.0626
2024/07/31,122.4755,3.1397,+2.63,3877212,122.5863,122.7156,121.5613
2024/07/30,119.3358,1.0896,+0.92,4751912,121.0626,121.5890,117.8214
2024/07/29,118.2462,1.2190,+1.04,3350507,118.2092,119.6124,117.6275
2024/07/26,117.0272,1.0435,-0.88,3442721,117.1473,118.4401,116.6855
2024/07/25,118.0707,3.4537,-2.84,5767718,119.2158,120.0284,116.6763
2024/07/24,121.5244,1.5513,-1.26,2884172,122.3554,122.7248,120.8964
2024/07/23,123.0757,0.0923,+0.08,2580841,123.3343,124.3593,122.8356
2024/07/22,122.9834,1.5145,+1.25,4028884,121.8965,123.0573,121.7552
2024/07/19,121.4689,1.4313,+1.19,4677680,122.4570,123.2789,121.2473
2024/07/18,120.0376,5.0143,-4.01,10567310,124.6086,124.6363,117.1196
2024/07/17,125.0519,5.0327,-3.87,7259598,125.9661,126.1600,124.1377
2024/07/16,130.0846,0.4802,-0.37,2405256,131.1281,131.3405,129.8445
2024/07/15,130.5648,0.6372,-0.49,2635931,132.2824,132.5040,130.2693
2024/07/12,131.2020,2.1147,+1.64,3116229,130.8972,132.5039,130.7864
2024/07/11,129.0873,2.7241,-2.07,4156014,131.3774,131.6175,128.1731
2024/07/10,131.8114,2.1331,+1.64,3297700,129.1427,131.8576,128.9877
2024/07/09,129.6783,2.4379,-1.85,4965112,129.9738,130.4725,128.4224
2024/07/08,132.1162,0.6464,+0.49,3150667,131.3867,132.6887,131.2943
2024/07/05,131.4698,3.2321,+2.52,3968315,129.6598,131.9223,129.6053
2024/07/03,128.2377,3.7954,-2.87,8073913,130.5186,130.6849,125.5967
2024/07/02,132.0331,2.2532,-1.68,7141208,130.8418,132.3932,128.3855
2024/07/01,134.2863,2.4749,+1.88,3720638,132.5964,134.8126,132.5687
2024/06/28,131.8114,1.6161,-1.21,2986173,133.5844,134.4432,131.7468
2024/06/27,133.4275,0.7573,+0.57,2807382,132.8457,134.2309,132.4486
2024/06/26,132.6702,2.9920,-2.21,4748037,134.4155,134.4703,131.8614
2024/06/25,135.6622,4.2755,+3.25,6867484,134.3694,136.8072,133.6029
2024/06/24,131.3867,0.2955,+0.23,3240166,131.0081,131.7376,130.6756
2024/06/21,131.0912,0.8958,+0.69,3284796,130.6294,131.6452,130.3986
2024/06/20,130.1954,0.1754,+0.13,3471368,130.6756,132.5964,130.0292
2024/06/18,130.0200,0.3971,+0.31,2859128,130.2601,130.8603,129.0781
2024/06/17,129.6229,1.9669,-1.49,3426814,131.1281,131.2482,129.5952
2024/06/14,131.5898,0.0092,+0.01,3066427,131.3220,132.2178,131.0265
2024/06/13,131.5806,0.7110,-0.54,3094075,131.8946,131.9684,130.3339
2024/06/12,132.2916,1.3574,+1.04,3511647,132.5317,133.4367,131.1281
2024/06/11,130.9342,1.6991,-1.28,4800902,131.0450,131.9961,130.2231
2024/06/10,132.6333,0.6926,+0.52,3958058,131.2343,132.9196,130.4355
2024/06/07,131.9407,0.4432,+0.34,3802312,132.1162,132.7257,131.3774
2024/06/06,131.4975,1.2928,+0.99,4731424,130.3801,131.9961,130.1032
2024/06/05,130.2047,0.9973,+0.77,4100690,130.5371,131.5063,129.3551
2024/06/04,129.2074,3.9708,+3.17,5491625,125.9938,129.2812,125.3843
2024/06/03,125.2366,0.3140,+0.25,4869536,123.6021,126.2247,123.4451
2024/05/31,124.9226,2.2901,+1.87,3732086,124.7010,125.4582,123.5191
2024/05/30,122.6325,0.1108,+0.09,2988686,123.6390,124.2762,122.6140
2024/05/29,122.5217,1.2928,-1.04,3431906,122.2169,122.9464,121.9491
2024/05/28,123.8145,1.8099,-1.44,3406455,124.1562,124.2854,122.5401
2024/05/24,125.6244,0.4340,+0.35,3081121,124.2023,126.2293,123.9438
2024/05/23,125.1904,1.4221,+1.15,4733051,126.0123,126.7141,124.6640
2024/05/22,123.7683,1.0435,-0.84,2905478,123.3712,124.3408,122.6048
2024/05/21,124.8118,2.0777,+1.69,3854905,123.1496,125.1073,123.1127
2024/05/20,122.7341,0.9419,+0.77,2611639,121.3858,123.3897,120.9703
2024/05/17,121.7922,1.0619,-0.86,2805067,121.8383,121.9734,120.8318
2024/05/16,122.8541,1.4960,-1.20,3134399,122.9372,123.4359,122.3370
2024/05/15,124.3501,1.6068,+1.31,4028092,122.7664,124.4701,122.7248
2024/05/14,122.7433,0.4710,+0.39,3162809,122.0599,122.8172,121.2473
2024/05/13,122.2723,3.6845,+3.11,6654435,121.4043,123.2789,120.4162
2024/05/10,118.5878,0.2217,-0.19,3336528,119.2065,120.2962,118.5047
2024/05/09,118.8095,1.8192,+1.56,2570837,117.6829,118.9387,117.2211
2024/05/08,116.9903,0.5540,-0.47,4396894,117.7475,118.5971,116.9256
2024/05/07,117.5443,2.4932,+2.17,4513021,116.9533,118.0153,116.7040
2024/05/06,115.0511,1.4221,+1.25,3938103,112.6594,115.0972,112.4562
2024/05/03,113.6290,0.8957,-0.78,6424828,113.5089,114.2938,112.0039
2024/05/02,114.5247,4.7926,-4.02,9190739,118.1446,118.1446,114.3492
2024/05/01,119.3173,0.8311,+0.70,5650289,118.0153,120.1669,117.7383
2024/04/30,118.4862,1.3205,+1.13,8491151,118.2462,120.4745,117.7290
2024/04/29,117.1657,0.0277,+0.02,2285874,117.5720,118.1723,116.8333
2024/04/26,117.1380,0.9788,+0.84,3587094,116.4916,118.1076,116.3439
2024/04/25,116.1592,0.3417,-0.29,3719096,114.2200,116.2146,113.7763
2024/04/24,116.5009,2.2901,-1.93,3403684,117.4243,117.5720,115.7529
2024/04/23,118.7910,3.1212,+2.70,4010674,116.8795,118.9018,116.6671
2024/04/22,115.6698,2.3548,+2.08,4113262,113.2042,116.5840,113.1857
2024/04/19,113.3150,0.0369,-0.03,5613233,114.0260,115.0049,113.0841
2024/04/18,113.3519,1.6438,-1.43,3076588,113.8598,114.5940,113.1303
2024/04/17,114.9957,0.9974,+0.87,3330078,115.3835,115.6236,113.8229
2024/04/16,113.9983,0.4156,-0.36,3296502,113.6474,114.7376,112.4654
2024/04/15,114.4139,0.5633,-0.49,3136860,116.1777,116.3993,114.0630
2024/04/12,114.9772,0.8218,-0.71,3620186,117.0365,117.3320,114.8294
2024/04/11,115.7990,0.4340,+0.38,2619518,115.8729,116.2423,114.6263
2024/04/10,115.3650,0.0646,+0.06,3276135,113.9429,115.6698,113.8044
2024/04/09,115.3004,2.4009,-2.04,3481821,116.5193,117.0365,114.7094
2024/04/08,117.7013,1.4775,+1.27,3267217,117.2765,117.8583,116.3439
2024/04/05,116.2238,1.7545,+1.53,5412187,115.1249,116.5101,115.0603
2024/04/04,114.4693,2.7980,-2.39,4339035,117.1842,117.7197,114.2938
2024/04/03,117.2673,0.4894,+0.42,3916286,115.7806,118.3200,115.7806
2024/04/02,116.7779,1.0065,-0.85,4680823,115.4758,116.9810,114.5801
2024/04/01,117.7844,0.7850,-0.66,3319280,119.2250,119.2250,117.4151
2024/03/28,118.5694,0.3232,+0.27,3959706,118.5601,120.1946,118.0061
2024/03/27,118.2462,1.2558,-1.05,4268005,118.5047,118.7725,117.5443
2024/03/26,119.5020,0.3324,+0.28,4567949,120.1392,120.1946,118.6063
2024/03/25,119.1696,0.2678,+0.23,3595222,119.1234,120.2777,118.8556
2024/03/22,118.9018,0.1295,-0.11,3497207,119.3266,119.5759,118.3016
2024/03/21,119.0313,0.4859,-0.41,7142971,118.2703,120.1681,116.5375
2024/03/20,119.5172,0.9260,-0.77,4803437,120.2415,120.4982,118.1163
2024/03/19,120.4432,1.3935,-1.14,4792082,121.0574,121.2133,119.6547
2024/03/18,121.8367,0.4767,+0.39,4252461,120.6265,122.6237,120.1681
2024/03/15,121.3600,2.0262,-1.64,4123051,122.7444,122.8544,120.8924
2024/03/14,123.3862,0.9994,+0.82,3825006,124.5505,124.6147,122.7352
2024/03/13,122.3868,1.4853,-1.20,7468199,123.0745,124.2297,121.6625
2024/03/12,123.8721,3.5481,+2.95,6915851,120.6540,123.8813,120.5165
2024/03/11,120.3240,1.6778,-1.38,6254701,122.2768,122.4143,119.8747
2024/03/08,122.0018,2.6129,-2.10,13923111,122.7627,123.6154,120.1956
2024/03/07,124.6147,10.2409,+8.95,21385535,122.3410,126.7784,121.8184
2024/03/06,114.3738,0.0917,+0.08,4248956,114.0162,114.7634,113.0994
2024/03/05,114.2821,3.0255,-2.58,5243977,115.7490,116.2808,113.6587
2024/03/04,117.3076,3.4106,+2.99,7435395,116.7392,118.0594,116.4275
2024/03/01,113.8970,4.0890,+3.72,5941252,112.5860,114.0804,112.0817
2024/02/29,109.8080,1.6228,-1.46,5976903,110.1197,110.2756,109.0195
2024/02/28,111.4308,0.6326,-0.56,3354188,111.8159,111.9901,110.8715
2024/02/27,112.0634,1.1552,-1.02,8329827,109.9914,112.3659,109.8263
2024/02/26,113.2186,0.0367,+0.03,4855662,112.9527,113.8375,112.5768
2024/02/23,113.1819,0.9810,-0.86,4100462,113.3836,113.8420,112.6868
2024/02/22,114.1629,3.2914,+2.97,3915183,112.8335,114.4792,112.7785
2024/02/21,110.8715,0.4768,-0.43,4496273,109.1021,110.9220,108.4606
2024/02/20,111.3483,2.3470,-2.06,5530371,114.2546,114.3830,110.6790
2024/02/16,113.6953,2.0720,+1.86,7209088,111.7013,114.2729,111.4400
2024/02/15,111.6233,1.4119,-1.25,5196197,112.5677,112.9069,111.0182
2024/02/14,113.0352,3.0255,+2.75,6193303,110.4865,113.0811,110.3673
2024/02/13,110.0097,0.4951,-0.45,4566423,109.7026,110.5231,109.4963
2024/02/12,110.5048,0.6143,-0.55,4905802,110.4039,110.7936,109.3643
2024/02/09,111.1191,2.5763,+2.37,5774798,110.0189,111.5316,109.5421
2024/02/08,108.5428,0.2475,-0.23,4956982,108.2311,108.7628,107.7360
2024/02/07,108.7903,0.9626,+0.89,6769017,107.2409,109.7163,107.0942
2024/02/06,107.8277,0.5959,-0.55,6847758,108.4878,108.8270,106.9567
2024/02/05,108.4236,4.1807,+4.01,9522283,106.7091,108.7353,106.5992
2024/02/02,104.2429,1.9162,-1.81,5603451,104.2979,105.0680,103.8211
2024/02/01,106.1591,0.9627,+0.92,7457452,104.5179,106.2232,103.9128
2024/01/31,105.1964,5.2442,+5.25,13869754,102.8218,106.4616,102.8218
2024/01/30,99.9522,0.0000,0,5568131,100.1080,100.2364,99.4387
2024/01/29,99.9522,0.8710,+0.88,4271119,99.1362,99.9522,98.7419
2024/01/26,99.0812,2.1912,+2.26,6047775,97.6693,99.1958,97.5684
2024/01/25,96.8900,0.4309,+0.45,2481509,96.9358,96.9358,96.0923
2024/01/24,96.4591,0.1466,-0.15,2767659,97.7793,98.1277,96.4591
2024/01/23,96.6057,0.1101,-0.11,9439785,95.0746,96.7158,94.7813
2024/01/22,96.7158,1.3477,-1.37,3170765,97.4767,97.7426,96.7158
2024/01/19,98.0635,0.5409,-0.55,3898731,98.2744,98.9299,97.6418
2024/01/18,98.6044,0.7976,+0.82,3669699,97.4584,98.7419,97.1100
2024/01/17,97.8068,0.3026,+0.31,2929414,97.4767,98.2033,96.7616
2024/01/16,97.5042,0.7427,-0.76,3415404,97.9718,98.1368,97.0591
2024/01/12,98.2469,0.4309,+0.44,3909180,98.0452,98.5311,97.8435
2024/01/11,97.8160,1.8153,-1.82,5476839,99.3012,99.6496,97.1650
2024/01/10,99.6313,1.5770,+1.61,5154646,98.8611,99.7229,98.7236
2024/01/09,98.0543,0.5042,+0.52,4015078,97.3025,98.0727,96.9220
2024/01/08,97.5501,0.3851,+0.40,3141988,97.3484,97.6784,96.5141
2024/01/05,97.1650,1.5128,-1.53,4337441,97.6968,98.2744,96.9286
2024/01/04,98.6778,3.6765,+3.87,9961349,96.3674,99.9155,96.2940
2024/01/03,95.0013,1.3844,+1.48,4432810,93.5619,95.2030,93.5436
2024/01/02,93.6169,1.2285,-1.30,2876898,93.2502,94.0936,93.2502
2023/12/29,94.8454,0.0184,-0.02,2242503,94.9371,95.0563,94.1853
2023/12/28,94.8638,0.1925,-0.20,2596015,95.8539,96.2574,94.8638
2023/12/27,95.0563,0.9168,+0.97,2459474,94.1212,95.1755,93.8369
2023/12/26,94.1395,0.0275,-0.03,2019325,94.0295,94.5521,93.8919
2023/12/22,94.1670,0.7059,-0.74,2412295,94.5796,94.9463,94.0478
2023/12/21,94.8729,1.9895,+2.14,3936343,94.3045,94.8729,94.0386
2023/12/20,92.8834,1.2102,+1.32,5878523,92.7826,94.3128,92.6451
2023/12/19,91.6732,0.9260,+1.02,3814286,91.5724,92.2325,91.2607
2023/12/18,90.7472,1.7236,+1.94,5152940,91.2423,91.4990,90.3255
2023/12/15,89.0236,0.8252,-0.92,5705525,89.4178,89.4178,88.5010
2023/12/14,89.8488,0.8251,-0.91,6205070,90.3255,90.5180,88.8953
2023/12/13,90.6739,2.4663,+2.80,6029707,88.8678,90.7014,88.7852
2023/12/12,88.2076,0.4034,-0.46,3972862,87.1441,88.3177,87.0616
2023/12/11,88.6110,0.0091,+0.01,5496817,88.4093,89.0144,86.8519
2023/12/08,88.6019,0.1558,-0.18,3926336,88.3818,88.9778,88.2122
2023/12/07,88.7577,0.7152,-0.80,3735541,89.1886,89.2070,87.7745
2023/12/06,89.4729,1.8703,-2.05,3361670,90.9948,91.0040,89.4729
2023/12/05,91.3432,1.1827,-1.28,3104220,91.1048,91.5724,90.6831
2023/12/04,92.5259,0.4768,+0.52,3259045,92.2050,92.7322,91.2973
2023/12/01,92.0491,1.3203,-1.41,4981896,92.6909,93.2960,91.9666
2023/11/30,93.3694,0.1466,-0.16,2913449,93.0485,93.5069,92.6084
2023/11/29,93.5160,0.5225,+0.56,2906384,93.1035,93.8003,92.4709
2023/11/28,92.9935,2.2370,-2.35,5614746,93.3969,93.7453,92.6267
2023/11/27,95.2305,1.4486,-1.50,5176606,96.1565,96.6699,95.0655
2023/11/24,96.6791,2.0079,+2.12,5015908,95.5606,96.8991,95.4843
2023/11/22,94.6712,0.4400,+0.47,2937159,94.4879,95.0838,93.6444
2023/11/21,94.2312,0.7426,-0.78,4458879,94.7629,95.0013,93.3877
2023/11/20,94.9738,2.0170,+2.17,5039751,93.0576,95.1113,93.0485
2023/11/17,92.9568,1.7053,+1.87,4156754,92.8284,93.2502,92.1821
2023/11/16,91.2515,2.8422,+3.21,5541510,90.7289,91.3386,89.9496
2023/11/15,88.4093,2.5396,-2.79,7677887,90.1238,90.5868,88.0151
2023/11/14,90.9489,1.4486,-1.57,5973906,91.4074,91.4899,90.3163
2023/11/13,92.3975,0.3759,-0.41,9178422,91.1781,93.4885,89.6379
2023/11/10,92.7734,1.0635,+1.16,6153915,91.8658,92.9751,90.3255
2023/11/09,91.7099,1.5861,-1.70,4889591,92.4800,93.1952,91.4532
2023/11/08,93.2960,0.0642,+0.07,8418362,93.4977,94.6621,91.1598
2023/11/07,93.2318,0.5592,+0.60,4754988,92.3792,93.5160,92.1912
2023/11/06,92.6726,2.6680,+2.96,4071347,91.5265,93.0576,91.1323
2023/11/03,90.0046,2.5304,-2.73,4851872,90.4722,90.6188,88.7394
2023/11/02,92.5350,2.9796,+3.33,5865561,92.8559,93.7453,91.9574
2023/11/01,89.5554,1.0177,+1.15,3402199,89.3078,89.9588,88.9319
2023/10/31,88.5377,0.1559,+0.18,3479410,88.6569,88.7394,87.6942
2023/10/30,88.3818,2.6588,+3.10,4466994,88.6752,89.3063,87.9459
2023/10/27,85.7230,1.5586,-1.79,3596197,85.9706,86.6399,85.2096
2023/10/26,87.2816,2.0446,-2.29,3651688,88.0151,88.2076,86.7132
2023/10/25,89.3262,0.0825,-0.09,3085852,90.0963,90.3800,88.4735
2023/10/24,89.4087,0.3668,+0.41,3518397,88.3360,89.5829,88.2351
2023/10/23,89.0419,0.7609,+0.86,2860649,89.0053,89.7754,88.3177
2023/10/20,88.2810,1.2560,-1.40,4302924,89.3903,90.0596,88.0701
2023/10/19,89.5370,2.6680,-2.89,5550299,90.5547,90.7289,88.2535
2023/10/18,92.2050,0.5409,-0.58,3123523,92.4159,92.8009,91.7924
2023/10/17,92.7459,0.0092,+0.01,4512779,92.7734,93.3602,91.9391
2023/10/16,92.7367,0.9077,-0.97,6962638,92.8559,93.0301,91.6182
2023/10/13,93.6444,1.7970,+1.96,15432538,93.1401,95.3497,92.1775
2023/10/12,91.8474,1.2285,+1.36,11074946,91.2423,93.5756,90.8308
2023/10/11,90.6189,5.3451,+6.27,12895650,88.4735,90.9673,87.1166
2023/10/10,85.2738,0.8710,+1.03,3843746,84.4762,85.6680,84.2561
2023/10/09,84.4028,0.0550,-0.07,3280366,83.5502,84.5128,82.9726
2023/10/06,84.4578,1.9528,+2.37,4651883,83.0184,84.8521,82.9497
2023/10/05,82.5050,0.8710,+1.07,4956265,81.5698,82.7434,79.7820
2023/10/04,81.6340,1.1552,+1.44,4681191,81.9916,82.4775,81.1206
2023/10/03,80.4788,3.6856,-4.38,5162118,82.1474,82.3308,79.7270
2023/10/02,84.1644,0.7884,+0.95,8239925,82.6700,85.2554,81.4506
2023/09/29,83.3760,0.5317,-0.63,2867994,84.8062,84.8704,83.0826
2023/09/28,83.9077,0.1651,-0.20,4662610,84.3295,85.1729,83.7152
2023/09/27,84.0728,0.0825,-0.10,3213234,83.7244,84.2470,83.0734
2023/09/26,84.1553,0.6051,+0.72,3026912,85.0629,85.2371,83.9261
2023/09/25,83.5502,0.1558,-0.19,3368779,83.3393,83.6143,82.8809
2023/09/22,83.7060,0.0091,+0.01,3212581,84.1644,84.9300,83.5502
2023/09/21,83.6969,3.1538,-3.63,8205620,85.1821,85.7047,82.9703
2023/09/20,86.8507,1.1047,+1.29,6681661,86.8232,88.4002,85.7597
2023/09/19,85.7460,0.2017,+0.24,3539547,85.0675,86.0073,84.8841
2023/09/18,85.5443,1.7511,-2.01,5121245,84.9988,86.4835,84.3707
2023/09/15,87.2954,1.1185,-1.27,4920905,88.7027,88.7852,87.1120
2023/09/14,88.4139,0.1100,+0.12,4419223,89.1199,89.7250,88.3131
2023/09/13,88.3039,1.8887,-2.09,7002432,88.2031,89.2849,87.9748
2023/09/12,90.1926,1.2789,-1.40,7947353,89.9771,90.6120,88.9503
2023/09/11,91.4715,1.8978,+2.12,8528138,89.5600,92.4892,89.3903
2023/09/08,89.5737,0.0092,+0.01,4260124,89.1153,89.8992,88.7990
2023/09/07,89.5645,1.8932,+2.16,7019415,88.0793,90.5547,88.0793
2023/09/06,87.6713,0.5226,+0.60,2542728,87.6850,87.9321,86.9837
2023/09/05,87.1487,0.3667,+0.42,3523084,88.0793,88.2214,87.1074
2023/09/01,86.7820,1.6916,+1.99,3039410,86.1402,87.4329,85.8789
2023/08/31,85.0904,1.1231,-1.30,4173525,85.7597,85.7838,84.7329
2023/08/30,86.2135,1.0544,-1.21,3070592,86.6399,86.9537,86.1402
2023/08/29,87.2679,1.3202,+1.54,3395101,85.9018,87.4994,85.9018
2023/08/28,85.9477,0.4860,+0.57,2430822,85.3059,86.4061,85.1729
2023/08/25,85.4617,0.4950,+0.58,2947493,84.6779,85.7712,84.5128
2023/08/24,84.9667,2.1499,-2.47,3948010,86.0669,86.6445,84.9437
2023/08/23,87.1166,2.3058,+2.72,3592954,85.8789,87.6438,85.8743
2023/08/22,84.8108,0.3942,-0.46,2645934,84.5495,85.1590,84.2836
2023/08/21,85.2050,1.2560,+1.50,2279644,84.9667,85.4342,84.3799
2023/08/18,83.9490,0.3238,-0.38,2969488,83.7656,84.2286,83.1789
2023/08/17,84.2728,0.0319,+0.04,4061431,84.7564,85.4225,84.0493
2023/08/16,84.2409,0.2098,-0.25,3461248,84.1953,85.3358,84.0949
2023/08/15,84.4507,2.5867,+3.16,5290196,84.1679,84.7838,82.9042
2023/08/14,81.8640,0.9854,-1.19,5093806,82.6989,83.3330,81.7590
2023/08/11,82.8494,0.2236,-0.27,4646074,83.2463,83.7847,82.2061
2023/08/10,83.0730,2.5092,-2.93,7140975,84.3458,85.1807,82.9224
2023/08/09,85.5822,0.7208,-0.84,8162778,84.4690,86.8869,84.3549
2023/08/08,86.3030,12.6875,+17.23,19533003,84.9115,87.6767,83.7527
2023/08/07,73.6155,2.1716,+3.04,2709038,73.0818,73.8573,72.6757
2023/08/04,71.4439,0.4243,-0.59,3328464,71.6447,72.1419,71.3481
2023/08/03,71.8682,0.3695,-0.51,1758512,71.7450,72.3586,71.4439
2023/08/02,72.2377,1.5466,-2.10,1832987,72.8035,73.2095,72.1460
2023/08/01,73.7843,0.2874,+0.39,3136457,73.6201,73.9376,73.3464
2023/07/31,73.4969,1.4964,+2.08,2372498,73.3464,73.7752,72.9403
2023/07/28,72.0005,0.5292,+0.74,2404044,71.4622,72.1282,71.1291
2023/07/27,71.4713,0.7391,-1.02,2499605,72.3381,72.4248,71.4576
2023/07/26,72.2104,1.8385,-2.48,3352625,72.5890,72.6027,71.5124
2023/07/25,74.0489,0.1095,+0.15,2602424,73.2597,74.3546,73.2141
2023/07/24,73.9394,1.6379,-2.17,2430952,74.7150,74.7903,73.9349
2023/07/21,75.5773,0.5384,+0.72,2651633,74.9203,75.8008,74.8793
2023/07/20,75.0389,1.9389,+2.65,3913691,74.6694,75.9787,74.6694
2023/07/19,73.1000,0.0091,-0.01,1543208,73.1684,73.4370,72.7852
2023/07/18,73.1091,0.3194,-0.43,1913753,73.0772,73.3692,72.7350
2023/07/17,73.4285,0.3696,+0.51,2449145,73.7250,73.8391,73.2506
2023/07/14,73.0589,1.4872,+2.08,2574289,73.0407,73.3737,72.1739
2023/07/13,71.5717,0.9718,+1.38,2588118,71.7998,71.8089,71.1748
2023/07/12,70.5999,1.1405,+1.64,3734630,69.4229,70.9102,69.3127
2023/07/11,69.4594,2.1990,-3.07,4874407,70.1209,70.3308,68.9438
2023/07/10,71.6584,0.0411,+0.06,1680067,71.3390,71.8089,71.2295
2023/07/07,71.6173,0.6113,-0.85,2389211,72.1693,72.3336,71.5922
2023/07/06,72.2286,0.7665,-1.05,2797736,72.1556,72.4659,71.6000
2023/07/05,72.9951,0.2601,+0.36,2131087,72.6575,73.1958,72.5617
2023/07/03,72.7350,1.0950,-1.48,1840030,73.0544,73.0544,72.1693
2023/06/30,73.8300,2.1899,+3.06,2389088,73.2369,73.9440,73.2277
2023/06/29,71.6401,0.1095,+0.15,2542344,70.6775,71.6720,70.5406
2023/06/28,71.5306,0.3695,+0.52,2524471,72.2104,72.2104,71.0060
2023/06/27,71.1611,0.5657,-0.79,3015099,70.9649,71.3527,70.4640
2023/06/26,71.7268,0.8440,-1.16,2641605,72.7533,72.9631,71.6173
2023/06/23,72.5708,0.4334,-0.59,1570918,72.3016,72.9039,72.1648
2023/06/22,73.0042,0.2372,-0.32,1978128,72.9084,73.5608,72.8798
2023/06/21,73.2414,0.5156,-0.70,4194201,73.6520,74.0170,72.9130
2023/06/20,73.7570,0.1734,+0.24,4169739,72.8445,74.2269,72.7350
2023/06/16,73.5836,0.5657,-0.76,2305696,74.1539,74.2269,73.5517
2023/06/15,74.1493,1.5785,+2.18,2434356,73.2186,74.2976,73.0224
2023/06/14,72.5708,0.6570,+0.91,2176007,72.3244,72.8628,72.1921
2023/06/13,71.9138,0.5110,-0.71,2012333,72.6027,73.0133,71.7633
2023/06/12,72.4248,0.3194,+0.44,4192638,73.0772,73.2414,71.0196
2023/06/09,72.1054,0.6388,-0.88,2587622,71.8728,72.1921,71.6173
2023/06/08,72.7442,0.8760,+1.22,2094224,72.1328,72.9312,71.9275
2023/06/07,71.8682,1.4736,-2.01,2662547,72.5799,72.7305,71.4713
2023/06/06,73.3418,1.3276,+1.84,3562242,73.7433,73.9253,73.0407
2023/06/05,72.0142,0.3239,+0.45,2119632,72.3336,72.1898,71.7177
2023/06/02,71.6903,0.3832,-0.53,3506457,70.7505,71.9001,70.4174
2023/06/01,72.0735,1.1314,-1.55,3100556,71.9275,72.5845,71.6857
2023/05/31,73.2049,0.2965,+0.41,1845422,72.9586,73.5015,72.6575
2023/05/30,72.9084,1.4416,-1.94,2755787,73.8163,73.8300,72.7327
2023/05/26,74.3500,0.2418,+0.33,2111005,74.6557,75.1302,74.2497
2023/05/25,74.1082,0.3011,+0.41,3413839,74.1082,74.2497,73.4285
2023/05/24,73.8071,0.7756,-1.04,3872919,74.1402,74.3272,73.6657
2023/05/23,74.5827,3.2118,-4.13,5237355,76.7114,76.7589,73.9577
2023/05/22,77.7945,0.0091,-0.01,6881131,77.7763,78.4469,76.4258
2023/05/19,77.8036,0.9079,+1.18,2991134,77.5527,78.3100,77.2470
2023/05/18,76.8957,0.6615,+0.87,1534639,76.5673,76.9596,76.2556
2023/05/17,76.2342,0.2555,-0.33,1686045,76.8638,76.8821,75.9833
2023/05/16,76.4897,0.8075,-1.04,2174731,76.1521,76.9621,75.9856
2023/05/15,77.2972,0.8395,-1.07,1672095,77.5892,77.7719,77.0281
2023/05/12,78.1367,1.0402,+1.35,2395438,77.6713,78.6203,77.6713
2023/05/11,77.0965,0.1916,-0.25,2241118,77.4341,77.6257,76.7612
2023/05/10,77.2881,0.4015,+0.52,2687020,76.2662,77.4501,76.1749
2023/05/09,76.8866,0.0410,+0.05,3463425,75.6913,77.2790,75.6913
2023/05/08,76.8456,2.3724,+3.19,4020629,77.1695,77.4432,76.5262
2023/05/05,74.4732,1.2820,+1.75,2814925,74.0033,74.7059,73.3920
2023/05/04,73.1912,3.3487,-4.38,5982933,73.6977,74.0124,72.3153
2023/05/03,76.5399,0.2600,+0.34,3653724,76.0791,76.9911,75.6092
2023/05/02,76.2799,0.1003,-0.13,2448209,75.6685,76.3528,75.6229
2023/05/01,76.3802,0.1505,+0.20,2207991,76.0563,76.4122,75.6366
2023/04/28,76.2297,0.4882,+0.64,2453268,75.9103,76.6859,75.5339
2023/04/27,75.7415,0.4699,+0.62,2529067,75.5636,75.8419,75.0252
2023/04/26,75.2716,1.6378,-2.13,2458114,75.5773,75.6275,74.5782
2023/04/25,76.9094,0.8669,-1.11,2449426,77.8036,77.9542,76.7361
2023/04/24,77.7763,0.9899,-1.26,2604366,77.9633,78.2051,77.4341
2023/04/21,78.7662,3.3212,+4.40,3784841,76.9824,78.9122,76.9505
2023/04/20,75.4450,0.1551,+0.21,2615762,75.5408,75.8145,74.9956
2023/04/19,75.2899,2.1670,-2.80,4362140,74.7378,75.6913,74.6968
2023/04/18,77.4569,0.5885,-0.75,3530737,77.5299,78.0819,77.2470
2023/04/17,78.0454,1.1268,+1.46,3495190,78.0363,78.3328,77.5892
2023/04/14,76.9186,0.4380,+0.57,3632326,76.9687,77.5038,76.5490
2023/04/13,76.4806,1.8796,+2.52,7721321,75.9559,76.4851,75.0161
2023/04/12,74.6010,2.3496,+3.25,3859202,73.5699,75.2442,73.4992
2023/04/11,72.2514,0.2464,-0.34,2117234,71.9230,72.5389,71.6036
2023/04/10,72.4978,0.2053,-0.28,1619502,72.8126,72.8406,71.9937
2023/04/06,72.7031,0.6661,+0.92,2247069,72.7213,73.4088,72.6301
2023/04/05,72.0370,0.3102,-0.43,2933533,72.3792,72.5662,71.3071
2023/04/04,72.3472,0.4654,-0.64,3458903,72.4978,73.0407,72.0142
2023/04/03,72.8126,0.2099,+0.29,2286521,72.2423,72.8354,71.9230
2023/03/31,72.6027,0.4790,+0.66,2505307,72.3381,72.8765,72.1054
2023/03/30,72.1237,0.6889,+0.96,2264935,71.7313,72.1328,71.6538
2023/03/29,71.4348,0.5748,+0.81,1802701,71.2797,71.7131,71.1428
2023/03/28,70.8600,0.2829,+0.40,2008594,71.0151,71.1063,70.4996
2023/03/27,70.5771,0.8896,+1.28,2552733,70.0479,70.9147,69.8472
2023/03/24,69.6875,1.9885,+2.94,3512952,68.4192,70.0935,68.0497
2023/03/23,67.6990,1.3080,+1.97,2842901,67.7578,68.5679,67.5043
2023/03/22,66.3910,0.2715,-0.41,2317768,66.6598,67.1286,66.3638
2023/03/21,66.6625,1.6746,+2.58,3032097,65.6985,66.7236,65.5265
2023/03/20,64.9879,1.8782,+2.98,2745107,64.3317,65.0694,64.1733
2023/03/17,63.1097,0.2490,+0.40,3816390,63.2454,63.4898,62.9558
2023/03/16,62.8607,0.9460,-1.48,6601029,62.9105,62.9286,61.2450
2023/03/15,63.8067,0.8916,-1.38,3524117,63.5215,64.1144,63.2545
2023/03/14,64.6983,1.0908,+1.71,2651776,64.3362,64.7548,63.8429
2023/03/13,63.6075,0.3395,-0.53,2766636,63.9334,64.8521,63.5532
2023/03/10,63.9470,0.3349,-0.52,3003115,64.7435,65.2323,63.8112
2023/03/09,64.2819,0.2580,+0.40,2787461,64.5082,65.0377,64.1597
2023/03/08,64.0239,1.1134,-1.71,9765307,63.8474,64.1631,63.3812
2023/03/07,65.1373,0.3802,-0.58,2418962,65.7800,65.8976,65.0513
2023/03/06,65.5175,0.0633,-0.10,2577902,65.9112,66.0515,65.1305
2023/03/03,65.5808,0.5883,+0.91,2222210,64.9200,65.6578,64.8431
2023/03/02,64.9925,0.3350,+0.52,1796320,64.3136,65.1343,64.1733
2023/03/01,64.6575,0.8463,+1.33,2836485,64.5444,65.1011,64.3633
2023/02/28,63.8112,1.0726,-1.65,2570447,64.7073,64.7073,63.6573
2023/02/27,64.8838,0.7965,+1.24,1858930,64.8340,65.1328,64.6304
2023/02/24,64.0873,0.5838,-0.90,1886655,64.0239,64.1642,63.6437
2023/02/23,64.6711,0.2897,+0.45,1780188,64.7843,65.0920,64.1823
2023/02/22,64.3814,0.1630,-0.25,1526718,64.5308,64.8114,64.3136
2023/02/21,64.5444,0.4436,+0.69,1910838,64.4539,64.9472,64.1687
2023/02/17,64.1008,1.3306,+2.12,2627916,63.3948,64.3362,63.2545
2023/02/16,62.7702,1.0274,-1.61,1950509,63.2228,63.4129,62.6661
2023/02/15,63.7976,0.9007,-1.39,1901986,63.8383,64.2547,63.6777
2023/02/14,64.6983,0.0181,-0.03,1953381,64.6304,64.9834,64.3814
2023/02/13,64.7164,1.5615,+2.47,3549095,63.6709,64.9350,63.6437
2023/02/10,63.1549,0.0045,+0.01,2742924,62.8562,63.3586,62.6209
2023/02/09,63.1504,0.0226,-0.04,2833199,63.1821,63.4355,62.8653
2023/02/08,63.1730,0.0046,-0.01,2718293,63.7116,63.7704,62.8155
2023/02/07,63.1776,0.6880,+1.10,2355700,62.6073,63.2409,62.5213
2023/02/06,62.4896,0.5793,+0.94,3717962,62.2859,62.8336,61.9872
2023/02/03,61.9103,2.0141,+3.36,3931829,61.4396,62.1999,61.2178
2023/02/02,59.8962,3.0505,-4.85,8977132,61.0685,61.1228,59.3667
2023/02/01,62.9467,0.1358,+0.22,5067501,63.2726,63.4401,62.0823
2023/01/31,62.8109,0.1268,-0.20,3359380,62.3176,62.8698,61.7293
2023/01/30,62.9377,0.4390,+0.70,3192029,63.6799,63.7116,62.8336
2023/01/27,62.4987,0.2490,+0.40,2449570,62.4353,62.8245,62.2633
2023/01/26,62.2497,0.6110,-0.97,2870619,62.7204,62.8291,61.6772
2023/01/25,62.8607,0.4572,-0.72,3557535,62.0687,63.1504,62.0461
2023/01/24,63.3179,0.5340,-0.84,4299841,65.5265,65.5265,62.9648
2023/01/23,63.8519,0.0091,-0.01,2879702,63.9424,64.0420,63.6166
2023/01/20,63.8610,0.1992,+0.31,2981361,63.5125,63.8655,63.2522
2023/01/19,63.6618,0.4073,+0.64,3892381,63.3360,63.7478,62.8607
2023/01/18,63.2545,0.3530,+0.56,5366571,63.2590,63.7931,63.2228
2023/01/17,62.9015,1.2039,+1.95,3912012,63.1957,63.3586,62.5145
2023/01/13,61.6976,1.2220,+2.02,2407773,61.3898,61.9345,61.2948
2023/01/12,60.4756,0.4707,+0.78,2637560,59.4437,60.4982,58.8824
2023/01/11,60.0049,0.4888,-0.81,3731963,59.2852,60.0230,59.1630
2023/01/10,60.4937,1.6157,-2.60,3211368,60.6249,61.0906,60.2131
2023/01/09,62.1094,0.6382,-1.02,2672505,62.7928,62.9331,61.9827
2023/01/06,62.7476,1.0817,+1.75,2549943,62.0099,62.9331,61.7836
2023/01/05,61.6659,0.2353,-0.38,3368797,61.3491,62.0732,61.2721
2023/01/04,61.9012,0.0860,-0.14,3068817,62.7566,62.7612,61.5776
2023/01/03,61.9872,0.7332,+1.20,3912461,62.1275,62.6480,61.6116
2022/12/30,61.2540,0.0633,+0.10,2174898,61.2223,61.4894,60.6928
2022/12/29,61.1907,0.7468,+1.24,2946402,60.8014,61.2767,60.6792
2022/12/28,60.4439,0.1358,+0.23,2441461,60.1723,60.7019,60.0954
2022/12/27,60.3081,0.3395,-0.56,2538445,60.5978,60.6430,60.1497
2022/12/23,60.6476,0.1720,+0.28,2707276,60.4484,60.6476,60.1588
2022/12/22,60.4756,0.5115,+0.85,2827481,60.0049,60.4801,59.8329
2022/12/21,59.9641,0.1357,+0.23,3896645,59.7378,60.1904,59.5296
2022/12/20,59.8284,0.7151,+1.21,3150201,59.6881,60.0049,59.3803
2022/12/19,59.1133,1.1631,-1.93,4074476,59.1766,59.3153,58.7421
2022/12/16,60.2764,0.2263,-0.37,4607475,59.8419,60.4937,59.6971
2022/12/15,60.5027,0.4707,-0.77,3559654,60.8557,60.8648,59.9913
2022/12/14,60.9734,0.8509,+1.42,4554142,60.4982,61.1861,60.1090
2022/12/13,60.1225,1.3713,+2.33,3405028,59.8238,60.4032,59.7333
2022/12/12,58.7512,0.4074,+0.70,2128883,58.6290,58.8100,58.3438
2022/12/09,58.3438,0.5069,+0.88,4072103,58.9775,59.2219,58.3348
2022/12/08,57.8369,1.1541,+2.04,1977491,57.2531,57.9003,57.1626
2022/12/07,56.6828,0.2490,-0.44,1988737,56.9544,57.2893,56.4927
2022/12/06,56.9318,0.5838,-1.02,2706682,57.0268,57.2893,56.5154
2022/12/05,57.5156,0.0815,+0.14,2197636,57.5609,57.8369,57.3074
2022/12/02,57.4341,0.3485,+0.61,1850530,56.7688,57.5156,56.7417
2022/12/01,57.0856,0.6924,+1.23,2183550,57.0992,57.2134,56.6466
2022/11/30,56.3932,1.4710,+2.68,2854485,56.0764,56.3932,55.3613
2022/11/29,54.9222,0.0543,+0.10,5399939,54.8498,55.4473,54.8272
2022/11/28,54.8679,1.1043,+2.05,4100148,54.3112,55.1599,54.1030
2022/11/25,53.7636,0.4345,+0.81,1127846,53.5780,53.8994,53.4920
2022/11/23,53.3291,1.1088,+2.12,2314462,53.0802,53.3517,52.7769
2022/11/22,52.2203,0.8917,+1.74,1578263,51.4780,52.2700,51.4780
2022/11/21,51.3286,0.0136,-0.03,2271797,51.2427,51.6364,51.1114
2022/11/18,51.3422,0.2398,+0.47,2217426,50.7584,51.5368,50.7539
2022/11/17,51.1024,0.2081,-0.41,1771929,50.7041,51.1929,50.6701
2022/11/16,51.3105,0.1222,-0.24,1993346,51.2789,51.6817,50.9439
2022/11/15,51.4327,0.3576,-0.69,3161905,51.4825,51.6749,50.6452
2022/11/14,51.7903,1.3397,+2.66,3101314,52.0302,52.3198,51.4690
2022/11/11,50.4506,1.8421,-3.52,3537833,51.0299,51.0480,49.6495
2022/11/10,52.2927,0.6201,+1.20,2837974,52.7272,52.8177,51.7088
2022/11/09,51.6726,0.3078,-0.59,2621205,51.8446,52.3108,51.4418
2022/11/08,51.9804,0.0905,-0.17,4542125,51.8084,52.4103,51.6228
2022/11/07,52.0709,1.1948,+2.35,2723273,51.3377,52.2746,51.1874
2022/11/04,50.8761,0.6607,-1.28,3352663,51.4056,51.4644,50.1610
2022/11/03,51.5368,0.2896,+0.57,5058491,50.5230,51.9623,50.4322
2022/11/02,51.2472,3.0777,+6.39,4851780,50.5004,52.6114,50.4099
2022/11/01,48.1695,1.0908,-2.21,2933897,49.0747,49.3870,47.9478
2022/10/31,49.2603,0.0543,-0.11,3280243,48.9027,49.4187,48.8982
2022/10/28,49.3146,1.0636,+2.20,3070268,48.9457,49.3689,48.7579
2022/10/27,48.2510,0.5431,-1.11,2439650,48.7489,49.0249,48.2510
2022/10/26,48.7941,0.1630,-0.33,5107139,48.8846,49.4594,48.6946
2022/10/25,48.9571,0.7378,+1.53,3183443,48.8168,48.9887,48.4456
2022/10/24,48.2193,1.0500,+2.23,3897262,47.7351,48.6040,47.6129
2022/10/21,47.1693,0.0724,+0.15,4100870,45.9518,47.4314,45.6622
2022/10/20,47.0969,0.2489,-0.53,2183524,47.1784,47.7803,46.9430
2022/10/19,47.3458,0.9459,-1.96,1435495,48.1062,48.1242,47.1693
2022/10/18,48.2917,0.3168,+0.66,1839953,48.5452,48.5452,48.0428
2022/10/17,47.9749,0.9957,+2.12,2097917,47.5314,48.1288,47.5065
2022/10/14,46.9792,0.4662,-0.98,2167478,47.4590,47.6264,46.9068
2022/10/13,47.4454,0.3847,+0.82,2018418,45.9518,47.6717,45.9202
2022/10/12,47.0607,0.1856,-0.39,1694516,47.3594,47.6129,47.0064
2022/10/11,47.2463,0.2444,+0.52,2453176,46.8842,47.8007,46.5945
2022/10/10,47.0019,0.0950,-0.20,1764459,47.1014,47.1422,46.7122
2022/10/07,47.0969,0.7966,-1.66,2278644,47.5495,47.7011,46.7620
2022/10/06,47.8935,0.0950,-0.20,2396357,47.4318,48.0292,47.4228
2022/10/05,47.9885,0.2942,+0.62,1670956,47.6038,48.1695,47.4363
2022/10/04,47.6943,1.2808,+2.76,2538314,47.1422,47.8075,47.0290
2022/10/03,46.4135,1.3216,+2.93,3023708,45.9835,46.5782,45.8206
2022/09/30,45.0919,0.3440,-0.76,2428923,45.3499,45.5852,45.0648
2022/09/29,45.4359,0.4662,+1.04,3549462,45.4404,45.6735,45.0829
2022/09/28,44.9697,1.5660,+3.61,3046715,44.0419,45.0783,43.9785
2022/09/27,43.4037,0.2806,+0.65,3632954,43.6255,43.9016,43.1095
2022/09/26,43.1231,1.1994,-2.71,3899248,43.2272,43.7703,43.0055
2022/09/23,44.3225,0.1720,-0.39,3621973,44.2591,44.6167,44.0283
2022/09/22,44.4945,0.4118,-0.92,2925500,44.7072,44.8792,44.2953
2022/09/21,44.9063,0.1087,-0.24,3250160,45.6758,45.7889,44.8520
2022/09/20,45.0150,0.8056,-1.76,2241224,44.7163,45.1326,44.6438
2022/09/19,45.8206,0.0814,-0.18,2660855,45.4087,45.8477,45.0964
2022/09/16,45.9020,0.8102,-1.73,3170422,45.8885,46.1419,45.2594
2022/09/15,46.7122,0.8282,-1.74,2318559,47.1241,47.3368,46.5538
2022/09/14,47.5404,0.4526,-0.94,2600496,47.8527,48.1944,47.0924
2022/09/13,47.9930,1.4891,-3.01,2057808,48.9208,49.0159,47.9093
2022/09/12,49.4821,0.3621,+0.74,2380272,49.3463,49.9120,49.3418
2022/09/09,49.1200,1.2854,+2.69,3396272,48.7172,49.3101,48.5271
2022/09/08,47.8346,0.3892,+0.82,2406094,47.1059,47.8663,47.0064
2022/09/07,47.4454,0.5612,+1.20,2029843,46.6669,47.5348,46.5357
2022/09/06,46.8842,0.6110,+1.32,2104280,46.7077,47.2462,46.3912
2022/09/02,46.2732,1.0364,-2.19,7645487,46.9521,47.4047,45.9835
2022/09/01,47.3096,0.7106,-1.48,4129547,47.5404,47.7351,46.7258
2022/08/31,48.0202,0.0272,+0.06,14648782,48.4547,48.6131,48.0055
2022/08/30,47.9930,0.6337,-1.30,7926978,48.5452,48.6583,47.8618
2022/08/29,48.6267,0.5657,-1.15,2824903,48.8892,49.0476,48.5497
2022/08/26,49.1924,1.2265,-2.43,2953804,50.4144,50.6033,49.1426
2022/08/25,50.4189,0.6245,+1.25,3394363,49.7038,50.4235,49.5590
2022/08/24,49.7944,1.5615,+3.24,5643530,48.7217,49.9528,48.6629
2022/08/23,48.2329,0.4435,-0.91,3424829,48.2555,48.4502,47.9342
2022/08/22,48.6764,1.3577,+2.87,5235005,49.1064,49.3463,48.2646
2022/08/19,47.3187,0.8102,+1.74,3648831,47.2508,47.6354,46.9385
2022/08/18,46.5085,0.9278,-1.96,4150350,47.1376,47.1693,46.2008
2022/08/17,47.4363,0.2309,-0.48,3950563,47.8165,48.1424,47.4137
2022/08/16,47.6672,0.4752,-0.99,4123228,47.9297,48.0790,47.4092
2022/08/15,48.1424,0.5114,-1.05,2976895,48.2917,48.4909,47.9116
2022/08/12,48.6538,0.3197,-0.65,4902802,48.6267,48.7941,47.8754
2022/08/11,48.9735,0.5762,+1.19,4399175,49.3247,49.7073,48.5864
2022/08/10,48.3973,1.3100,+2.78,5053050,48.2037,49.0276,47.7806
2022/08/09,47.0873,0.9813,+2.13,4682311,47.1864,47.6726,46.8217
2022/08/08,46.1060,0.3511,-0.76,3456913,46.2050,46.6844,45.9169
2022/08/05,46.4571,0.5717,-1.22,5743527,46.8803,46.9343,45.9709
2022/08/04,47.0288,2.0527,+4.56,11371043,47.6410,48.1272,46.3806
2022/08/03,44.9761,6.5499,-12.71,14038276,51.2694,51.3459,44.7330
2022/08/02,51.5260,0.7337,-1.40,1989978,52.5073,52.7774,51.5260
2022/08/01,52.2597,0.0135,+0.03,2635065,52.6424,52.8585,52.1607
2022/07/29,52.2462,0.1486,-0.28,2683425,52.7369,52.7774,52.1157
2022/07/28,52.3948,0.2431,-0.46,1710148,51.6565,52.5884,50.9678
2022/07/27,52.6379,0.0495,+0.09,2280122,51.6925,52.7639,51.6346
2022/07/26,52.5884,0.4007,+0.77,1789907,52.2012,52.7795,52.1517
2022/07/25,52.1877,0.6167,+1.20,1530678,52.0212,52.3723,51.6475
2022/07/22,51.5710,0.3601,-0.69,1281886,51.6250,52.0482,51.3864
2022/07/21,51.9311,0.7968,+1.56,1701416,51.2199,52.0212,51.1253
2022/07/20,51.1343,1.0039,-1.93,1924498,51.4720,51.5777,50.8057
2022/07/19,52.1382,1.2785,+2.51,2159545,51.7646,52.1472,51.4404
2022/07/18,50.8597,0.5627,-1.09,3629390,51.5215,52.0932,50.8192
2022/07/15,51.4224,2.1518,+4.37,3407161,50.8102,51.4449,50.5806
2022/07/14,49.2706,0.3017,-0.61,2004571,48.5999,49.4237,48.4517
2022/07/13,49.5723,0.5808,+1.19,2709538,48.4513,49.8333,48.4513
2022/07/12,48.9915,0.3197,-0.65,2099591,49.3652,49.4282,48.8160
2022/07/11,49.3112,0.2296,+0.47,1181152,49.0906,49.6983,48.9645
2022/07/08,49.0816,0.4096,-0.83,2148207,48.4964,49.3202,48.3793
2022/07/07,49.4912,0.2476,-0.50,2503522,49.3787,49.6758,49.2886
2022/07/06,49.7388,0.3376,-0.67,3570958,49.1851,50.0044,49.1356
2022/07/05,50.0764,0.1801,-0.36,5594291,48.7800,50.0764,48.7800
2022/07/01,50.2565,0.0945,+0.19,2076080,49.3967,50.3510,48.9375
2022/06/30,50.1620,0.6078,+1.23,2737127,49.3247,50.2430,49.0546
2022/06/29,49.5542,0.8012,+1.64,2582016,49.0771,50.0629,49.0095
2022/06/28,48.7530,2.0662,-4.07,3298285,49.1806,49.5047,48.7214
2022/06/27,50.8192,0.3466,+0.69,2204452,50.7247,51.2154,50.4546
2022/06/24,50.4726,1.6611,+3.40,3188528,50.3330,50.5086,49.7796
2022/06/23,48.8115,0.4907,+1.02,4901410,48.1812,48.8250,48.1812
2022/06/22,48.3208,0.2476,-0.51,3749617,48.3343,48.9555,48.2848
2022/06/21,48.5684,1.0399,+2.19,1956315,48.6494,48.9150,48.4783
2022/06/17,47.5285,0.0495,-0.10,2674766,47.6140,48.0012,47.2156
2022/06/16,47.5780,0.2881,-0.60,2855557,46.9253,47.7941,46.9253
2022/06/15,47.8661,0.0900,+0.19,3148280,47.6951,48.2668,47.0851
2022/06/14,47.7761,0.6527,-1.35,2939471,48.0822,48.1317,47.4025
2022/06/13,48.4288,1.7602,-3.51,2364289,49.0140,49.1536,48.3330
2022/06/10,50.1890,0.5942,-1.17,2304362,49.9729,50.5896,49.6623
2022/06/09,50.7832,1.4180,-2.72,1985073,51.7330,51.8816,50.7787
2022/06/08,52.2012,0.0405,+0.08,3230086,51.9671,52.5704,51.9041
2022/06/07,52.1607,1.6746,+3.32,2395347,51.4179,52.1967,51.4044
2022/06/06,50.4861,0.1170,-0.23,3134923,50.7202,50.7922,50.2430
2022/06/03,50.6031,0.1081,-0.21,1566596,50.5221,50.8417,50.2756
2022/06/02,50.7112,1.0444,+2.10,2407129,50.1935,50.7607,49.7208
2022/06/01,49.6668,0.0315,-0.06,4413168,49.8739,49.9842,49.5137
2022/05/31,49.6983,1.1974,+2.47,5063653,50.1935,50.2430,49.3922
2022/05/27,48.5009,0.5132,+1.07,2026609,47.5825,48.5414,47.5375
2022/05/26,47.9877,0.6078,+1.28,2105804,47.7131,48.0822,47.3664
2022/05/25,47.3799,1.2290,-2.53,4969450,47.9066,48.0912,47.1954
2022/05/24,48.6089,0.0630,+0.13,1925278,48.8385,49.0585,48.2983
2022/05/23,48.5459,0.0405,+0.08,1829775,48.6044,48.8115,48.2893
2022/05/20,48.5054,1.6657,+3.56,5100088,47.9562,48.7169,47.8751
2022/05/19,46.8397,0.2475,+0.53,4828359,46.4571,47.2854,46.3941
2022/05/18,46.5922,1.2784,-2.67,2204166,47.1008,47.3034,46.4211
2022/05/17,47.8706,1.3955,+3.00,2625513,48.1362,48.1461,47.4835
2022/05/16,46.4751,1.2605,-2.64,4205671,46.4661,46.9388,45.9889
2022/05/13,47.7356,0.7608,+1.62,3297510,47.7176,48.1227,47.1594
2022/05/12,46.9748,0.2431,+0.52,4679436,47.0401,47.4520,46.4031
2022/05/11,46.7317,1.6341,-3.38,3906101,47.1324,48.2263,46.7047
2022/05/10,48.3658,0.5357,+1.12,3083846,48.3703,49.1333,47.8211
2022/05/09,47.8301,2.2959,-4.58,4912722,48.6674,48.9645,47.6906
2022/05/06,50.1260,0.6482,-1.28,5761800,49.8469,50.6572,49.5903
2022/05/05,50.7742,0.5042,-0.98,4878899,50.7967,51.2694,50.4411
2022/05/04,51.2784,0.3286,+0.64,3629412,50.5761,51.4089,49.9414
2022/05/03,50.9498,0.2971,-0.58,2658474,50.9678,51.4584,50.5941
2022/05/02,51.2469,0.0720,-0.14,3777704,51.1974,51.4674,50.4276
2022/04/29,51.3189,1.7151,+3.46,7174193,51.5350,52.2777,51.1748
2022/04/28,49.6038,0.6167,-1.23,3953291,48.6089,49.9166,48.5819
2022/04/27,50.2205,0.8013,+1.62,2374101,49.9549,50.6902,49.7298
2022/04/26,49.4192,1.7736,-3.46,3142134,50.2520,50.5311,49.3742
2022/04/25,51.1928,1.3595,+2.73,2964070,49.9999,51.2019,49.9729
2022/04/22,49.8333,0.0226,-0.05,2627734,50.9002,50.9002,49.6668
2022/04/21,49.8559,2.1563,-4.15,4782001,51.5260,51.5935,49.6623
2022/04/20,52.0122,0.5087,+0.99,1770543,51.8501,52.4398,51.6970
2022/04/19,51.5035,0.8823,-1.68,2655740,51.3324,51.8771,51.0579
2022/04/18,52.3858,0.8238,-1.55,1319863,52.7684,53.3817,52.1688
2022/04/14,53.2096,0.3061,-0.57,1967780,53.6012,53.8488,53.1286
2022/04/13,53.5157,0.6662,+1.26,3224626,53.2006,53.6192,52.7122
2022/04/12,52.8495,1.5980,-2.93,6576051,52.5929,53.2321,52.1247
2022/04/11,54.4475,0.1755,+0.32,5558890,54.3260,54.9022,53.9955
2022/04/08,54.2720,0.5627,-1.03,2863905,54.0199,54.6771,53.9794
2022/04/07,54.8347,2.1068,+4.00,5162321,53.4257,54.9922,53.4257
2022/04/06,52.7279,1.0444,+2.02,3140574,51.8186,52.7822,51.7150
2022/04/05,51.6835,0.4501,+0.88,2225647,51.5260,52.0527,51.4990
2022/04/04,51.2334,0.4052,+0.80,3289391,50.7877,51.3279,50.5311
2022/04/01,50.8282,0.8373,+1.67,2091541,50.2205,50.9408,50.1395
2022/03/31,49.9909,0.6708,-1.32,1852678,50.8102,50.9182,49.9909
2022/03/30,50.6617,1.0534,+2.12,2623811,50.2835,51.1928,50.2340
2022/03/29,49.6083,1.0309,+2.12,2226886,49.9684,50.2025,49.3697
2022/03/28,48.5774,0.6302,+1.31,1175278,48.0147,48.6044,47.9742
2022/03/25,47.9472,0.6455,-1.33,1696269,48.4468,48.5144,47.6432
2022/03/24,48.5927,0.1739,-0.36,1584543,48.1468,48.6194,47.9291
2022/03/23,48.7666,0.1070,-0.22,1819762,48.8736,49.2660,48.6462
2022/03/22,48.8736,0.2586,-0.53,2191476,48.9851,49.2080,48.5303
2022/03/21,49.1322,0.5707,-1.15,2585329,49.0921,49.6940,48.7710
2022/03/18,49.7029,0.7223,+1.47,3051767,48.4857,49.7029,48.4099
2022/03/17,48.9806,1.6096,+3.40,1888558,48.1111,49.0207,48.0755
2022/03/16,47.3710,1.6899,+3.70,2659669,47.0410,47.6385,46.4078
2022/03/15,45.6811,0.3166,+0.70,2563620,45.9085,46.0155,45.2218
2022/03/14,45.3645,0.2141,+0.47,1561963,45.5161,46.1492,45.3377
2022/03/11,45.1504,1.4269,-3.06,6004066,45.2441,45.9486,44.8428
2022/03/10,46.5773,0.2675,-0.57,4963202,46.1314,46.8136,45.9753
2022/03/09,46.8448,1.2262,+2.69,6029714,45.8460,47.0945,45.6382
2022/03/08,45.6186,0.6510,+1.45,8245207,45.4938,47.1168,44.8027
2022/03/07,44.9676,1.4536,-3.13,6117680,45.8059,46.0066,44.8740
2022/03/04,46.4212,0.0714,-0.15,2692953,45.3779,46.4435,45.3779
2022/03/03,46.4926,0.1783,-0.38,2087725,47.3799,47.8570,46.2027
2022/03/02,46.6709,0.4771,+1.03,3029207,45.7836,46.8136,45.4804
2022/03/01,46.1938,0.2898,+0.63,2359956,46.3499,46.8359,46.0199
2022/02/28,45.9040,0.0892,+0.19,2425569,45.6186,46.0244,45.3288
2022/02/25,45.8148,1.6943,+3.84,2999908,44.9453,46.0266,44.8829
2022/02/24,44.1205,0.5663,+1.30,3272697,42.6178,44.1740,42.2477
2022/02/23,43.5542,0.6956,-1.57,1584666,44.2096,44.2943,43.4784
2022/02/22,44.2498,0.7000,-1.56,1788777,44.5039,45.1014,43.7950
2022/02/18,44.9498,0.7313,-1.60,1319857,45.4269,45.5295,44.6823
2022/02/17,45.6811,0.3210,-0.70,1769790,46.0957,46.1537,45.6336
2022/02/16,46.0021,0.8071,+1.79,2254644,45.2887,46.0824,45.2842
2022/02/15,45.1950,1.4357,+3.28,2119473,44.8874,45.5607,44.8874
2022/02/14,43.7593,0.3433,-0.78,3540981,43.5096,43.9911,43.3758
2022/02/11,44.1026,2.2963,-4.95,4202172,45.3645,45.4447,43.7816
2022/02/10,46.3989,0.8294,-1.76,2119226,46.6397,47.4334,46.2696
2022/02/09,47.2283,1.9485,+4.30,2870285,46.5059,47.2907,46.4792
2022/02/08,45.2798,0.0936,-0.21,2181984,45.1549,45.3511,44.8695
2022/02/07,45.3734,0.9319,+2.10,2349083,44.9320,45.8237,44.8116
2022/02/04,44.4415,2.2116,-4.74,6352543,45.3199,45.5473,44.2230
2022/02/03,46.6531,0.8739,-1.84,4415803,46.4078,46.9518,46.3276
2022/02/02,47.5270,1.7791,+3.89,4929079,47.4066,47.7856,47.0455
2022/02/01,45.7479,1.2172,+2.73,4529013,45.1950,45.8282,44.8829
2022/01/31,44.5307,1.3867,+3.21,3241032,43.7994,44.6198,43.7281
2022/01/28,43.1440,0.5886,+1.38,2221804,42.7605,43.2153,42.3949
2022/01/27,42.5554,1.0434,+2.51,2961096,42.5665,43.1127,42.3592
2022/01/26,41.5120,0.9185,-2.16,4159453,42.1496,42.3815,41.3292
2022/01/25,42.4305,0.1249,-0.29,5791772,41.9980,42.7471,41.9089
2022/01/24,42.5554,0.0357,+0.08,6464428,41.3783,42.6535,40.8031
2022/01/21,42.5197,0.0446,-0.10,3028039,42.7873,43.2019,42.4149
2022/01/20,42.5643,0.8160,-1.88,4510822,42.7962,43.4284,42.5331
2022/01/19,43.3803,0.4013,+0.93,2302244,43.5631,43.9644,43.2396
2022/01/18,42.9790,0.0312,+0.07,2567823,42.6579,43.2064,42.5643
2022/01/14,42.9478,1.4446,-3.25,5525823,43.2733,43.7414,42.5211
2022/01/13,44.3924,0.5306,-1.18,2165687,44.9364,44.9810,44.2220
2022/01/12,44.9230,0.2096,-0.46,2742033,44.6466,45.0791,44.6154
2022/01/11,45.1326,0.2542,-0.56,2696284,44.9008,45.1727,44.4370
2022/01/10,45.3868,0.1338,+0.30,3341901,44.6466,45.4447,44.4281
2022/01/07,45.2530,0.6109,-1.33,8760455,44.8339,45.4581,44.8294
2022/01/06,45.8639,0.1427,+0.31,7474836,44.9097,46.3543,44.7090
2022/01/05,45.7212,1.6052,-3.39,3223250,46.7222,46.9429,45.7212
2022/01/04,47.3264,1.1816,-2.44,6421314,46.3142,47.4022,46.1635
2022/01/03,48.5080,1.4313,-2.87,2593213,48.8914,48.9226,48.0309
2021/12/31,49.9393,0.2453,+0.49,1698419,49.8768,50.3450,49.7966
2021/12/30,49.6940,0.1293,+0.26,1820233,49.7609,50.1689,49.6584
2021/12/29,49.5647,0.1694,+0.34,1507218,49.0029,49.5826,48.7621
2021/12/28,49.3953,0.3790,-0.76,1878773,49.9437,49.9749,49.2036
2021/12/27,49.7743,1.4268,+2.95,2536961,49.3908,50.0195,49.1991
2021/12/23,48.3475,0.6554,-1.34,2703821,48.4455,49.2303,48.3140
2021/12/22,49.0029,1.6453,+3.47,4092702,48.4500,49.1233,48.3653
2021/12/21,47.3576,1.1950,+2.59,5731847,46.7155,47.4735,46.3677
2021/12/20,46.1626,1.7479,-3.65,6679729,46.4301,46.6687,45.5205
2021/12/17,47.9105,4.2939,-8.23,12954703,51.5935,51.9547,47.5174
2021/12/16,52.2044,0.2765,+0.53,1719463,51.8655,52.3248,51.7228
2021/12/15,51.9279,1.6230,+3.23,1834320,50.4387,51.9368,50.4253
2021/12/14,50.3049,1.2841,-2.49,2351564,50.5234,50.5635,50.0423
2021/12/13,51.5890,0.6019,+1.18,1423396,51.3973,51.7808,51.2769
2021/12/10,50.9871,0.3612,+0.71,1330236,50.5813,51.0763,50.5813
2021/12/09,50.6259,0.0579,+0.11,2875376,50.7597,50.9202,50.5412
2021/12/08,50.5680,1.4492,+2.95,2691341,50.1890,50.5903,49.5335
2021/12/07,49.1188,1.0745,+2.24,1509479,48.5481,49.1367,48.5440
2021/12/06,48.0443,0.2988,+0.63,2035272,48.2181,48.3742,47.6519
2021/12/03,47.7455,0.1962,+0.41,1707982,48.7220,48.7934,47.2907
2021/12/02,47.5493,0.2854,-0.60,1775428,47.5003,47.8035,47.3620
2021/12/01,47.8347,0.2007,+0.42,1593420,47.8035,48.4901,47.7188
2021/11/30,47.6340,0.6510,-1.35,2529077,48.3742,48.6417,47.3531
2021/11/29,48.2850,0.0535,+0.11,1490813,47.9060,48.5927,47.7410
2021/11/26,48.2315,0.3879,-0.80,1893561,48.4589,48.6239,48.1557
2021/11/24,48.6194,0.1695,-0.35,1277918,48.4455,48.6284,48.1067
2021/11/23,48.7889,0.8070,-1.63,2249553,48.3920,48.9539,48.2761
2021/11/22,49.5959,1.1772,-2.32,1506335,50.3272,50.3629,49.5781
2021/11/19,50.7731,0.5172,-1.01,1625908,51.1075,51.2591,50.7196
2021/11/18,51.2903,0.2764,+0.54,1988449,51.3929,51.5846,51.0183
2021/11/17,51.0139,0.1873,+0.37,1254039,51.0986,51.3171,50.9425
2021/11/16,50.8266,0.2230,+0.44,1282477,50.6973,51.1209,50.6081
2021/11/15,50.6036,0.1739,+0.34,1253775,50.5368,50.8578,50.5189
2021/11/12,50.4297,0.1383,-0.27,1233561,50.4030,50.5635,49.9526
2021/11/11,50.5680,0.3122,+0.62,2322702,50.7107,50.7731,50.2960
2021/11/10,50.2558,0.6287,-1.24,2169138,50.6661,50.8266,50.1087
2021/11/09,50.8845,0.2587,-0.51,1549671,51.0941,51.1432,50.7619
2021/11/08,51.1432,0.5708,+1.13,2135914,51.3661,51.5311,50.8043
2021/11/05,50.5724,1.0835,-2.10,2641039,50.0775,50.5769,49.9571
2021/11/04,51.6559,0.1293,+0.25,2327282,51.5578,51.6916,51.0807
2021/11/03,51.5266,2.4568,+5.01,4876120,49.8590,51.7005,49.8189
2021/11/02,49.0698,0.2720,+0.56,2639572,49.1188,49.5959,48.9762
2021/11/01,48.7978,0.3077,-0.63,1900532,48.8602,49.0074,48.6055
2021/10/29,49.1055,1.1058,+2.30,2398320,48.7755,49.1991,48.5303
2021/10/28,47.9997,0.8784,+1.86,2015543,47.5047,48.3029,47.5047
2021/10/27,47.1213,0.7446,-1.56,1583917,47.5984,47.7433,47.0423
2021/10/26,47.8659,0.5261,+1.11,1754281,47.0187,48.0264,47.0187
2021/10/25,47.3398,0.0714,+0.15,1473252,47.4334,47.4625,47.1614
2021/10/22,47.2684,0.7134,+1.53,1390603,47.0098,47.3041,46.9920
2021/10/21,46.5550,0.0624,-0.13,1761976,46.4747,46.6308,46.2919
2021/10/20,46.6174,0.0446,-0.10,1432473,46.6620,46.9697,46.2785
2021/10/19,46.6620,0.5440,+1.18,1963415,46.0824,46.8470,46.0824
2021/10/18,46.1180,0.4860,+1.07,3143851,46.1046,46.4346,45.9887
2021/10/15,45.6320,0.8472,+1.89,2105770,45.1326,45.8104,45.0613
2021/10/14,44.7848,0.0714,-0.16,1444216,45.0211,45.0969,44.7447
2021/10/13,44.8562,1.3199,+3.03,2023296,44.2721,44.9721,44.2721
2021/10/12,43.5363,0.3389,-0.77,1507687,43.8574,43.9287,43.3089
2021/10/11,43.8752,0.0089,+0.02,946093,43.8351,44.0045,43.7414
2021/10/08,43.8663,0.0000,0,1367126,44.1026,44.2007,43.7459
2021/10/07,43.8663,0.8160,+1.90,1866574,43.5319,44.1427,43.5007
2021/10/06,43.0503,0.3924,-0.90,1767426,43.2643,43.2777,42.6446
2021/10/05,43.4427,0.2185,+0.51,2353003,43.7860,43.8351,43.4293
2021/10/04,43.2242,0.4726,+1.11,2228929,43.4918,43.6077,42.8987
2021/10/01,42.7516,0.0579,-0.14,1845486,42.6490,42.8452,42.3102
2021/09/30,42.8095,0.0402,-0.09,2510633,43.1395,43.3312,42.7917
2021/09/29,42.8497,0.3211,+0.76,1867783,42.9879,43.2331,42.5955
2021/09/28,42.5286,1.6498,-3.73,3429585,43.0815,43.0815,42.2834
2021/09/27,44.1784,0.7224,-1.61,1614039,44.5128,44.5396,44.0759
2021/09/24,44.9008,0.6242,-1.37,2224179,44.8785,45.2976,44.7625
2021/09/23,45.5250,0.5484,+1.22,1175257,45.5785,45.7167,45.4224
2021/09/22,44.9766,0.4013,-0.88,1318623,45.0078,45.3422,44.8138
2021/09/21,45.3779,0.9409,+2.12,2199960,44.9810,45.6721,44.9810
2021/09/20,44.4370,0.7803,-1.73,2478006,43.9822,44.8160,43.9510
2021/09/17,45.2173,0.4325,-0.95,3382692,45.3021,45.6100,45.0078
2021/09/16,45.6498,0.4949,+1.10,2156171,45.4670,45.7479,45.3243
2021/09/15,45.1549,0.5529,+1.24,1428761,45.1906,45.2120,44.8562
2021/09/14,44.6020,0.1605,+0.36,2168167,44.5975,45.0791,44.5351
2021/09/13,44.4415,0.0535,+0.12,2202770,44.9855,45.0479,44.2542
2021/09/10,44.3880,0.1159,+0.26,1956191,44.4995,44.7179,44.2542
2021/09/09,44.2721,0.6287,-1.40,2647778,44.8294,44.9498,44.2007
2021/09/08,44.9008,0.2987,-0.66,1731782,44.8651,45.1504,44.7492
2021/09/07,45.1995,0.2140,+0.48,1531009,45.2931,45.3466,45.0791
2021/09/03,44.9855,0.3522,-0.78,2218572,44.7447,45.1215,44.5351
2021/09/02,45.3377,0.3879,+0.86,1440845,45.2084,45.3689,44.9855
2021/09/01,44.9498,0.3745,+0.84,2800445,44.5574,44.9764,44.5128
2021/08/31,44.5753,1.0745,-2.35,5367281,45.3466,45.3556,44.1695
2021/08/30,45.6498,0.2229,+0.49,2845104,45.2218,45.8862,45.1861
2021/08/27,45.4269,0.7535,-1.63,3095329,45.7702,46.0467,45.3556
2021/08/26,46.1804,0.0268,-0.06,1581838,46.2964,46.5461,46.1760
2021/08/25,46.2072,0.0045,+0.01,1826764,46.0110,46.2250,45.8059
2021/08/24,46.2027,1.0345,-2.19,3170261,46.5149,46.8849,46.1626
2021/08/23,47.2372,0.3032,-0.64,3133231,47.5359,47.5359,47.1569
2021/08/20,47.5404,0.4503,+0.96,2090560,47.2729,47.8168,47.2104
2021/08/19,47.0901,0.7135,+1.54,2261724,46.6754,47.3442,46.6397
2021/08/18,46.3766,0.4103,-0.88,2271592,46.8047,47.1436,46.3766
2021/08/17,46.7869,0.7447,+1.62,2170486,46.4480,46.8002,46.3722
2021/08/16,46.0422,0.4713,+1.03,1683247,45.7479,46.0467,45.6008
2021/08/13,45.5709,0.4391,+0.97,1722193,45.2294,45.6928,45.2072
2021/08/12,45.1318,0.4612,+1.03,1581078,44.7150,45.2782,44.5686
2021/08/11,44.6706,0.2749,+0.62,2254189,44.4445,44.8347,44.3513
2021/08/10,44.3957,0.2395,-0.54,3166499,44.3868,44.6972,44.1518
2021/08/09,44.6352,0.5189,+1.18,2334716,44.3779,44.7726,44.1562
2021/08/06,44.1163,1.6054,-3.51,3939585,43.6684,44.3779,43.6156
2021/08/05,45.7217,2.1686,+4.98,4709822,44.9278,45.7704,44.8258
2021/08/04,43.5531,2.2573,+5.47,7111478,41.5043,43.6906,41.4887
2021/08/03,41.2958,0.0532,+0.13,3274461,41.1584,41.3934,41.0816
2021/08/02,41.2426,0.1774,+0.43,1718267,40.8834,41.2471,40.6528
2021/07/30,41.0652,0.5454,+1.35,1633368,41.0963,41.1850,40.9278
2021/07/29,40.5198,0.0532,-0.13,1950175,40.7725,40.8790,40.4000
2021/07/28,40.5730,0.8160,+2.05,2703754,40.1251,40.7592,40.0477
2021/07/27,39.7570,0.1685,+0.43,1576710,39.6550,39.7570,39.4111
2021/07/26,39.5885,0.6563,-1.63,2429642,39.5929,39.8013,39.4333
2021/07/23,40.2448,1.1220,+2.87,3728926,39.7437,40.2936,39.5973
2021/07/22,39.1228,0.2617,-0.66,3262411,39.2381,39.4687,39.1184
2021/07/21,39.3845,0.5765,+1.49,1482769,39.1583,39.4421,38.9588
2021/07/20,38.8080,0.3636,-0.93,2949489,38.6882,39.0253,38.6661
2021/07/19,39.1716,0.1464,-0.37,2319831,38.9898,39.2772,38.9604
2021/07/16,39.3180,0.4657,+1.20,1999756,38.9321,39.3734,38.8390
2021/07/15,38.8523,0.2971,+0.77,1711590,38.9233,38.9421,38.6727
2021/07/14,38.5552,0.1242,+0.32,1315215,38.3734,38.5995,38.2049
2021/07/13,38.4310,0.0266,+0.07,918876,38.2958,38.5596,38.2847
2021/07/12,38.4044,0.0266,+0.07,1246748,38.4975,38.6528,38.3379
2021/07/09,38.3778,0.2484,-0.64,2362134,38.0408,38.6794,38.0186
2021/07/08,38.6262,0.3726,+0.97,2219213,38.4887,38.6350,38.1871
2021/07/07,38.2536,0.5366,+1.42,1563293,38.0541,38.2714,37.8856
2021/07/06,37.7170,0.1064,+0.28,1740009,37.8057,37.8168,37.4953
2021/07/02,37.6106,0.1729,+0.46,1049595,37.2115,37.6106,37.1893
2021/07/01,37.4377,0.2883,+0.78,1500015,37.3357,37.5175,37.2248
2021/06/30,37.1494,0.0133,-0.04,1698646,37.1937,37.5130,37.0607
2021/06/29,37.1627,0.2395,+0.65,1491946,37.1893,37.2736,37.0001
2021/06/28,36.9232,0.2040,+0.56,1293225,36.7902,37.0696,36.7281
2021/06/25,36.7192,0.2660,+0.73,1778406,36.5241,36.7547,36.4132
2021/06/24,36.4532,0.2440,+0.67,989178,36.4931,36.7591,36.4295
2021/06/23,36.2092,0.2262,-0.62,1322313,36.6172,36.6172,36.2092
2021/06/22,36.4354,0.2173,-0.59,1837267,36.5108,36.6084,36.3822
2021/06/21,36.6527,0.1641,+0.45,1581452,36.4620,36.7991,36.4088
2021/06/18,36.4886,0.2173,-0.59,2029199,36.4576,36.5818,36.3401
2021/06/17,36.7059,0.3814,-1.03,2245959,36.4310,36.7636,36.4132
2021/06/16,37.0873,0.4169,-1.11,2579619,37.4288,37.6106,36.9897
2021/06/15,37.5042,0.0621,+0.17,1411968,37.5130,37.5751,37.2736
2021/06/14,37.4421,0.0089,-0.02,1915203,37.2691,37.4465,37.2558
2021/06/11,37.4510,0.1374,-0.37,1779349,37.3667,37.4687,37.1893
2021/06/10,37.5884,0.5632,+1.52,2601900,37.1405,37.6683,37.0917
2021/06/09,37.0252,0.5366,+1.47,3188947,36.8567,37.0651,36.8523
2021/06/08,36.4886,0.4789,+1.33,2535526,36.5463,36.5640,36.2492
2021/06/07,36.0097,0.1109,+0.31,5456541,36.1117,36.3245,35.7924
2021/06/04,35.8988,0.5632,+1.59,2052482,35.5440,36.0355,35.4066
2021/06/03,35.3356,0.3681,+1.05,995422,34.9498,35.3356,34.9054
2021/06/02,34.9675,0.1508,-0.43,922583,34.9675,35.1183,34.9187
2021/06/01,35.1183,0.1286,+0.37,1941263,35.5662,35.5662,35.0296
2021/05/28,34.9897,0.0355,+0.10,1685385,34.9498,35.2737,34.9054
2021/05/27,34.9542,0.6741,-1.89,2214157,35.0651,35.3090,34.9099
2021/05/26,35.6283,0.0177,-0.05,1828788,35.6771,35.7347,35.5507
2021/05/25,35.6460,0.5854,-1.62,2541729,35.9520,35.9919,35.6327
2021/05/24,36.2314,0.1774,+0.49,1139308,36.1959,36.4665,36.1826
2021/05/21,36.0540,0.2084,+0.58,1861005,36.1427,36.1959,35.9698
2021/05/20,35.8456,0.3459,+0.97,1595180,35.5219,36.0106,35.4864
2021/05/19,35.4997,0.1818,+0.51,2700579,35.3312,35.6017,35.1826
2021/05/18,35.3179,0.4168,-1.17,2225962,35.4820,35.6017,35.3090
2021/05/17,35.7347,0.6563,+1.87,2121914,35.4110,35.7968,35.4066
2021/05/14,35.0784,0.0931,+0.27,1790802,35.0341,35.2425,35.0341
2021/05/13,34.9853,0.3770,+1.09,2909527,34.5241,35.0252,34.3777
2021/05/12,34.6083,0.6297,+1.85,4010093,34.2269,34.6704,34.1959
2021/05/11,33.9786,0.1508,+0.45,2516997,33.5263,34.0717,33.4553
2021/05/10,33.8278,0.2749,+0.82,2168584,33.9121,33.9990,33.7258
2021/05/07,33.5529,0.6475,+1.97,1682616,33.2779,33.6061,33.2779
2021/05/06,32.9054,0.0577,+0.18,1755324,32.7458,32.9143,32.6083
2021/05/05,32.8477,0.0267,-0.08,3355565,32.8167,33.0207,32.6615
2021/05/04,32.8744,0.5366,-1.61,2576678,32.8832,33.0251,32.6704
2021/05/03,33.4110,0.6165,+1.88,3294014,33.2957,33.4686,33.2158
2021/04/30,32.7945,0.1286,-0.39,1816993,32.8211,33.0917,32.7679
2021/04/29,32.9231,0.0532,+0.16,1361595,32.8566,32.9564,32.6925
2021/04/28,32.8699,0.1951,+0.60,1260000,32.6438,32.9098,32.6038
2021/04/27,32.6748,0.1863,-0.57,2245844,32.6659,32.7147,32.4819
2021/04/26,32.8611,0.0178,+0.05,1416004,32.7058,32.9010,32.5196
2021/04/23,32.8433,0.0399,-0.12,1202481,32.8389,32.8832,32.6615
2021/04/22,32.8832,0.0355,-0.11,1477952,32.9010,33.0420,32.7546
2021/04/21,32.9187,0.4213,+1.30,1626202,32.6260,32.9852,32.5329
2021/04/20,32.4974,0.2572,+0.80,1548207,32.3333,32.5484,32.2668
2021/04/19,32.2402,0.2350,+0.73,1681213,32.2668,32.2934,32.1027
2021/04/16,32.0052,0.2927,+0.92,2977910,32.0140,32.1116,31.8899
2021/04/15,31.7125,0.4258,+1.36,2192036,31.5661,31.8810,31.5661
2021/04/14,31.2867,0.0976,-0.31,2156865,31.5839,31.6016,31.1493
2021/04/13,31.3843,0.5809,+1.89,1834579,31.2734,31.4420,31.1759
2021/04/12,30.8034,0.2926,-0.94,1294039,30.8167,30.9231,30.7280
2021/04/09,31.0960,0.3858,+1.26,2031432,31.0561,31.1337,30.9054
2021/04/08,30.7102,0.6031,+2.00,2007816,30.5905,30.7767,30.5728
2021/04/07,30.1071,0.0621,-0.21,1821237,30.3510,30.3776,29.9430
2021/04/06,30.1692,0.1330,-0.44,1381664,30.2801,30.3839,30.1359
2021/04/05,30.3022,0.2971,+0.99,1286286,29.9785,30.3067,29.9563
2021/04/01,30.0051,0.1064,+0.36,1091670,30.2091,30.3821,29.9031
2021/03/31,29.8987,0.2217,-0.74,2321955,30.4220,30.4264,29.8543
2021/03/30,30.1204,0.2262,-0.75,1717114,30.1781,30.2029,29.9475
2021/03/29,30.3466,0.2883,+0.96,1806262,30.1293,30.5018,30.0982
2021/03/26,30.0583,0.5673,+1.92,1868022,29.7213,30.0583,29.5306
2021/03/25,29.4910,0.1706,+0.58,1629767,29.5128,29.5915,29.2111
2021/03/24,29.3204,0.4067,-1.37,3347004,29.8626,29.8801,29.2505
2021/03/23,29.7271,1.3379,-4.31,2934872,30.3348,30.4835,29.6265
2021/03/22,31.0650,0.3061,+1.00,1789300,30.9732,31.2836,30.9732
2021/03/19,30.7589,0.2449,-0.79,1818008,30.9775,31.0693,30.7327
2021/03/18,31.0038,0.3803,-1.21,1663962,30.9338,31.2399,30.8770
2021/03/17,31.3841,0.3804,-1.20,1204624,31.2661,31.4628,31.0846
2021/03/16,31.7645,0.2448,+0.78,1198586,31.5197,31.8214,31.5197
2021/03/15,31.5197,0.4722,+1.52,1399271,31.2093,31.5197,31.1524
2021/03/12,31.0475,0.3760,-1.20,1623525,31.0387,31.0650,30.8376
2021/03/11,31.4235,0.0612,+0.20,1469939,31.4366,31.5547,31.2617
2021/03/10,31.3623,0.4416,+1.43,1882611,31.5722,31.6268,31.2923
2021/03/09,30.9207,0.8264,+2.75,3364992,30.8507,31.1655,30.8376
2021/03/08,30.0943,0.3411,-1.12,2439221,30.1861,30.5141,30.0703
2021/03/05,30.4354,0.1706,+0.56,3025651,30.2736,30.5097,29.6965
2021/03/04,30.2648,0.9794,-3.13,3982422,30.6059,30.9054,29.9806
2021/03/03,31.2442,0.5335,-1.68,1719846,31.3492,31.4016,31.0300
2021/03/02,31.7777,0.0655,-0.21,1126975,31.8476,31.9176,31.6509
2021/03/01,31.8432,0.6908,+2.22,1871271,31.7121,31.9831,31.6509
2021/02/26,31.1524,0.4766,-1.51,1997116,31.5503,31.5853,31.0475
2021/02/25,31.6290,0.0656,+0.21,2451523,31.8126,31.9176,31.5634
2021/02/24,31.5634,0.2230,+0.71,1978359,31.4803,31.7820,31.3317
2021/02/23,31.3404,0.4679,-1.47,2426042,31.3317,31.4235,31.1262
2021/02/22,31.8083,0.5815,-1.80,1918514,32.0050,32.0793,31.7842
2021/02/19,32.3898,0.4416,-1.35,3574734,32.4903,32.6084,32.2980
2021/02/18,32.8314,0.2098,-0.63,2664740,32.7702,32.9013,32.5253
2021/02/17,33.0412,0.2229,+0.68,3024761,32.6390,33.0762,32.5996
2021/02/16,32.8183,0.3322,-1.00,4541562,32.8183,32.9888,32.5559
2021/02/12,33.1505,0.8263,+2.56,4392653,32.3111,33.1681,32.3111
2021/02/11,32.3242,1.2024,+3.86,5722409,32.2061,32.3849,31.9525
2021/02/10,31.1218,0.0394,-0.13,1834366,31.2880,31.2923,30.8158
2021/02/09,31.1612,0.1662,+0.54,1840808,31.3273,31.3798,30.9906
2021/02/08,30.9950,0.2230,-0.71,2782338,31.2049,31.2180,30.8026
2021/02/05,31.2180,0.1006,-0.32,2656030,31.1437,31.2311,30.9425
2021/02/04,31.3186,0.3410,-1.08,3295824,31.6071,31.6203,31.2136
2021/02/03,31.6596,0.6296,+2.03,3247065,31.9001,32.0575,31.6071
2021/02/02,31.0300,0.2449,+0.80,2860366,31.0693,31.1349,30.8201
2021/02/01,30.7851,0.3541,+1.16,2043804,30.9513,30.9863,30.7239
2021/01/29,30.4310,0.4372,-1.42,2663846,30.5709,30.6452,30.1599
2021/01/28,30.8682,0.2754,+0.90,2380830,30.9425,31.4366,30.8551
2021/01/27,30.5928,1.4428,-4.50,2655735,31.3011,31.4016,30.5840
2021/01/26,32.0356,0.0393,+0.12,1783449,32.0618,32.1930,31.9394
2021/01/25,31.9963,0.1531,+0.48,1272573,31.7777,32.0509,31.7689
2021/01/22,31.8432,0.1355,+0.43,1823966,31.5372,32.0094,31.4410
2021/01/21,31.7077,0.2361,+0.75,2199377,31.7777,31.7995,31.4760
2021/01/20,31.4716,0.4547,-1.42,2381370,31.6334,31.7164,31.3667
2021/01/19,31.9263,0.4328,+1.37,2290477,32.0793,32.0793,31.7164
2021/01/15,31.4935,0.4373,+1.41,2313808,31.3623,31.6071,31.2136
2021/01/14,31.0562,0.0568,+0.18,1916536,30.9382,31.1787,30.9032
2021/01/13,30.9994,0.6865,+2.26,2918425,30.6758,31.2224,30.6584
2021/01/12,30.3129,0.4766,-1.55,3563406,30.5097,30.5971,30.0550
2021/01/11,30.7895,0.0699,+0.23,1233954,30.7851,30.8813,30.6758
2021/01/08,30.7196,0.0744,+0.24,1292299,30.6671,30.7545,30.4922
2021/01/07,30.6452,0.5071,+1.68,1617057,30.5097,30.7064,30.2299
2021/01/06,30.1381,0.8044,-2.60,2425917,30.3042,30.5136,30.0768
2021/01/05,30.9425,0.2886,-0.92,2002354,30.9644,31.0038,30.4922
2021/01/04,31.2311,0.6908,+2.26,5294276,31.1262,31.2748,30.8507
2020/12/31,30.5403,0.1530,-0.50,1175122,30.5359,30.6452,30.2561
2020/12/30,30.6933,0.1662,-0.54,1705853,31.0693,31.1218,30.5958
2020/12/29,30.8595,0.1443,+0.47,2914647,31.1262,31.1262,30.7764
2020/12/28,30.7152,0.3585,+1.18,2874119,31.2442,31.2442,30.5801
2020/12/24,30.3567,0.0830,-0.27,634732,30.5097,30.5534,30.3129
2020/12/23,30.4397,0.4373,-1.42,2027609,30.7196,30.7283,30.4048
2020/12/22,30.8770,0.5596,-1.78,1977843,31.1131,31.1524,30.7764
2020/12/21,31.4366,0.8307,-2.57,2603982,31.4978,31.5153,31.2595
2020/12/18,32.2673,0.9050,+2.89,3820481,31.9744,32.3198,31.7602
2020/12/17,31.3623,0.0481,-0.15,3122708,31.4410,31.5219,31.2792
2020/12/16,31.4104,1.0319,+3.40,3766360,31.5940,31.6727,31.3841
2020/12/15,30.3785,0.3323,+1.11,2619523,30.2736,30.4135,30.1818
2020/12/14,30.0462,0.3586,-1.18,2436543,30.4747,30.5928,30.0375
2020/12/11,30.4048,0.1137,+0.38,1412180,30.3348,30.4703,30.2386
2020/12/10,30.2911,0.4241,-1.38,2257615,30.6715,30.7217,30.1599
2020/12/09,30.7152,0.7302,+2.44,3446455,30.8026,30.8070,30.4922
2020/12/08,29.9850,0.1618,+0.54,1139969,29.6352,30.0375,29.6046
2020/12/07,29.8232,0.1748,+0.59,1508926,30.0331,30.0943,29.7577
2020/12/04,29.6484,0.2624,+0.89,1286421,29.6309,29.8276,29.5740
2020/12/03,29.3860,0.4066,-1.36,1274226,29.6265,29.6309,29.3029
2020/12/02,29.7926,0.2754,+0.93,1383058,29.5871,29.9369,29.5522
2020/12/01,29.5172,0.1662,+0.57,1752330,29.2155,29.6003,29.1849
2020/11/30,29.3510,0.1793,-0.61,4175781,29.7402,29.7489,29.2461
2020/11/27,29.5303,0.6121,+2.12,2917144,29.0931,29.5784,29.0800
2020/11/25,28.9182,0.0962,+0.33,1937326,28.7914,28.9313,28.7258
2020/11/24,28.8220,0.6471,-2.20,2334168,28.8745,29.0100,28.7477
2020/11/23,29.4691,0.0831,-0.28,2691648,29.3948,29.4866,29.2111
2020/11/20,29.5522,0.1137,+0.39,2453865,29.5434,29.7970,29.4822
2020/11/19,29.4385,0.3542,+1.22,2265442,29.4603,29.5347,29.2286
2020/11/18,29.0843,0.0919,-0.31,2677344,29.3948,29.4560,29.0800
2020/11/17,29.1762,0.2448,-0.83,3174061,29.8145,29.8407,29.1215
2020/11/16,29.4210,0.3454,-1.16,2638744,29.3860,29.5697,29.3073
2020/11/13,29.7664,0.0612,-0.21,1476675,29.7664,29.8582,29.7008
2020/11/12,29.8276,0.2273,+0.77,1721541,29.6833,29.9894,29.6396
2020/11/11,29.6003,0.0744,+0.25,2423659,29.6571,29.7839,29.4429
2020/11/10,29.5259,0.1793,-0.60,3575029,29.5128,29.7074,29.2155
2020/11/09,29.7052,1.0581,-3.44,4744193,29.3161,29.9326,29.2986
2020/11/06,30.7633,0.5247,-1.68,8242885,31.4454,31.4935,30.6103
2020/11/05,31.2880,0.6952,+2.27,3099208,31.3404,31.4410,31.1000
2020/11/04,30.5928,2.0594,+7.22,5476909,29.7402,30.8726,29.6746
2020/11/03,28.5334,0.1005,+0.35,2286451,28.7302,28.8307,28.5028
2020/11/02,28.4329,0.4985,+1.78,3143148,28.2886,28.5640,28.1705
2020/10/30,27.9344,1.0669,-3.68,4902191,28.3935,28.6340,27.6415
2020/10/29,29.0013,0.0962,-0.33,3063592,29.3860,29.3991,28.9094
2020/10/28,29.0975,0.6121,-2.06,3477993,29.3816,29.4385,28.9269
2020/10/27,29.7096,0.7433,-2.44,2795301,30.3523,30.4004,29.6833
2020/10/26,30.4529,0.4765,-1.54,1486770,30.5840,30.8048,30.2544
2020/10/23,30.9294,0.0612,-0.20,2688917,30.9644,31.1196,30.7983
2020/10/22,30.9906,0.0131,+0.04,1911639,31.0868,31.1003,30.7633
2020/10/21,30.9775,0.1749,-0.56,1993164,31.1830,31.2748,30.9294
2020/10/20,31.1524,0.2055,+0.66,2620964,31.4541,31.4978,31.0912
2020/10/19,30.9469,0.1050,-0.34,1789563,31.4279,31.4366,30.8901
2020/10/16,31.0519,0.1968,+0.64,1406130,30.8158,31.1699,30.7720
2020/10/15,30.8551,0.5072,-1.62,2046983,30.8420,31.0103,30.6190
2020/10/14,31.3623,0.6340,-1.98,1636871,31.5984,31.6552,31.2093
2020/10/13,31.9963,0.1923,-0.60,2947993,31.9044,32.2586,31.7689
2020/10/12,32.1886,0.6777,+2.15,2357956,32.1580,32.2717,31.9351
2020/10/09,31.5109,0.3629,+1.17,2999603,31.3054,31.6159,31.2136
2020/10/08,31.1480,1.1193,+3.73,5066436,30.1249,31.3973,30.0856
2020/10/07,30.0287,0.2099,-0.69,1880902,30.1687,30.2386,29.8801
2020/10/06,30.2386,0.4198,-1.37,2206378,30.4441,30.4966,30.2036
2020/10/05,30.6584,0.6384,+2.13,1543718,30.3217,30.7108,30.2955
2020/10/02,30.0200,0.2580,-0.85,1832938,30.0156,30.1621,29.8845
2020/10/01,30.2780,0.0787,-0.26,2077178,30.6059,30.6146,30.1993
2020/09/30,30.3567,0.3454,-1.13,3192521,30.3873,30.4660,30.1949
2020/09/29,30.7021,0.4591,+1.52,2916111,30.4354,30.8070,30.3873
2020/09/28,30.2430,0.0481,+0.16,1655573,30.0506,30.3348,30.0375
2020/09/25,30.1949,0.3454,+1.16,1447338,29.7577,30.2342,29.7345
2020/09/24,29.8495,0.4940,-1.63,2443271,29.9588,30.0550,29.7489
2020/09/23,30.3435,0.1486,+0.49,1984455,30.4529,30.6846,30.3020
2020/09/22,30.1949,0.0306,+0.10,1718062,29.9588,30.2517,29.8276
2020/09/21,30.1643,0.1967,-0.65,2427657,30.0856,30.1905,29.7008
2020/09/18,30.3610,0.0569,-0.19,2008497,30.2474,30.3873,30.0637
2020/09/17,30.4179,0.7040,+2.37,2813937,29.9063,30.4966,29.8014
2020/09/16,29.7139,0.0174,+0.06,2469926,29.7183,29.9981,29.7052
2020/09/15,29.6965,0.5510,+1.89,1256222,29.7970,29.9894,29.6396
2020/09/14,29.1455,0.0918,+0.32,1496450,29.0843,29.2942,28.9969
2020/09/11,29.0537,0.2754,+0.96,1843212,29.1936,29.2920,28.8001
2020/09/10,28.7783,0.3629,-1.25,1492788,29.1762,29.2592,28.6821
2020/09/09,29.1412,0.7958,+2.81,1786347,29.0362,29.3292,28.9925
2020/09/08,28.3454,0.1224,-0.43,3019391,28.4197,28.6384,28.1880
2020/09/04,28.4678,0.0131,+0.05,2804551,28.5291,28.6296,28.0612
2020/09/03,28.4547,0.4985,-1.72,2116283,29.2199,29.2242,28.3017
2020/09/02,28.9532,0.1443,+0.50,1686465,28.8351,29.0013,28.7433
2020/09/01,28.8089,0.0656,-0.23,2037912,29.2505,29.2549,28.6873
2020/08/31,28.8745,0.0919,+0.32,1168974,28.7039,29.0083,28.7023
2020/08/28,28.7826,0.1881,-0.65,1632349,28.9619,28.9619,28.6821
2020/08/27,28.9707,0.2229,-0.76,1352174,29.3554,29.3598,28.7870
2020/08/26,29.1936,0.1355,+0.47,1461900,29.0931,29.2024,28.9051
2020/08/25,29.0581,0.2186,+0.76,1819870,29.2068,29.2155,28.9094
2020/08/24,28.8395,0.1574,-0.54,1298518,29.2723,29.3008,28.7039
2020/08/21,28.9969,0.0743,-0.26,1172659,28.9269,29.0756,28.8176
2020/08/20,29.0712,0.0612,-0.21,1810312,28.9663,29.1106,28.8220
2020/08/19,29.1324,0.0699,+0.24,1991170,29.5041,29.5784,29.1084
2020/08/18,29.0625,0.1705,-0.58,2168748,29.1893,29.2374,28.9663
2020/08/17,29.2330,0.4766,+1.66,1329477,29.1106,29.3882,29.0800
2020/08/14,28.7564,0.2503,-0.86,1142626,28.8307,28.9532,28.6690
2020/08/13,29.0067,0.0998,-0.34,1870754,28.9590,29.1282,28.8809
2020/08/12,29.1065,0.8243,+2.91,2230225,28.8896,29.3148,28.8419
2020/08/11,28.2822,0.2473,+0.88,2442074,28.5512,28.6119,28.2432
2020/08/10,28.0349,0.0087,-0.03,2041996,28.0826,28.2432,27.9091
2020/08/07,28.0436,0.4122,+1.49,3362820,27.9395,28.1000,27.7573
2020/08/06,27.6314,0.6074,-2.15,4397427,27.7442,27.8657,27.4492
2020/08/05,28.2388,0.1995,+0.71,2489513,28.3386,28.3733,28.0436
2020/08/04,28.0393,0.3427,-1.21,2597621,27.8657,28.1564,27.8357
2020/08/03,28.3820,0.0391,+0.14,4274461,28.2996,28.5772,28.2692
2020/07/31,28.3429,0.7983,-2.74,3035093,28.9156,28.9764,28.2388
2020/07/30,29.1412,0.1084,+0.37,1573181,28.9156,29.1824,28.7551
2020/07/29,29.0328,0.1561,-0.53,1444238,29.1933,29.1933,28.9209
2020/07/28,29.1889,0.0564,-0.19,1562453,29.2887,29.4015,29.1152
2020/07/27,29.2453,0.5379,+1.87,2136758,29.1065,29.3224,29.0067
2020/07/24,28.7074,0.1084,-0.38,2613963,28.8592,28.8636,28.5555
2020/07/23,28.8158,0.9068,-3.05,2456715,29.4276,29.4623,28.7941
2020/07/22,29.7226,0.0781,+0.26,2355063,29.8918,29.9178,29.5577
2020/07/21,29.6445,0.0564,-0.19,2466011,29.7746,29.8788,29.6358
2020/07/20,29.7009,0.5597,+1.92,2403193,29.7660,29.8484,29.4302
2020/07/17,29.1412,0.6551,+2.30,1971929,28.8809,29.2367,28.8679
2020/07/16,28.4861,0.4035,-1.40,2027587,28.6770,28.7464,28.3993
2020/07/15,28.8896,0.4772,+1.68,2897522,28.7161,28.8896,28.5555
2020/07/14,28.4124,0.1475,+0.52,1860068,28.1304,28.4514,28.0089
2020/07/13,28.2649,0.1258,-0.44,2377191,28.3690,28.7768,28.2171
2020/07/10,28.3907,0.0737,-0.26,1859178,28.5338,28.5599,28.1434
2020/07/09,28.4644,0.1172,-0.41,2027004,28.6033,28.7161,28.2735
2020/07/08,28.5816,0.3558,+1.26,1792147,28.4297,28.5859,28.3343
2020/07/07,28.2258,0.3731,-1.30,3679536,28.0696,28.4471,28.0609
2020/07/06,28.5989,0.1909,-0.66,2274163,28.5121,28.7681,28.4297
2020/07/02,28.7898,0.2950,+1.04,3167311,28.7377,28.9286,28.5555
2020/07/01,28.4948,0.0868,+0.31,3117081,28.1130,28.6033,28.1043
2020/06/30,28.4080,0.0347,-0.12,3452225,28.0870,28.4818,28.0089
2020/06/29,28.4427,0.2083,-0.73,2272116,28.7074,28.7443,28.3733
2020/06/26,28.6510,0.5249,-1.80,2562993,28.9503,29.0458,28.5512
2020/06/25,29.1759,0.3123,+1.08,2128403,28.7030,29.1889,28.5295
2020/06/24,28.8636,0.6117,-2.08,2775619,29.1542,29.3017,28.6987
2020/06/23,29.4753,0.0000,0,2858561,29.3451,29.8115,29.3321
2020/06/22,29.4753,0.1692,+0.58,2641900,29.3061,29.5317,29.0718
2020/06/19,29.3061,0.6464,+2.26,4547599,29.5143,29.5143,29.0588
2020/06/18,28.6597,0.2863,-0.99,2249057,28.6900,28.7681,28.4905
2020/06/17,28.9460,0.6204,+2.19,2471965,28.7117,29.1716,28.6423
2020/06/16,28.3256,0.0390,-0.14,5705507,28.5642,28.6553,28.1434
2020/06/15,28.3646,0.3340,+1.19,5137087,28.0002,28.4167,27.7833
2020/06/12,28.0306,0.0825,+0.30,3896817,28.6553,28.6770,27.7052
2020/06/11,27.9481,0.9285,-3.22,4898616,28.9547,29.0501,27.8570
2020/06/10,28.8766,0.8373,+2.99,5274538,28.7161,28.9525,28.6163
2020/06/09,28.0393,0.1345,+0.48,2378551,28.0262,28.3256,27.9568
2020/06/08,27.9048,0.0737,-0.26,2870363,27.8831,27.9915,27.7269
2020/06/05,27.9785,0.0651,+0.23,2029424,28.1998,28.1998,27.7703
2020/06/04,27.9134,0.1606,-0.57,2825134,28.1868,28.3950,27.8223
2020/06/03,28.0740,0.1909,-0.68,2088937,27.9698,28.1911,27.9048
2020/06/02,28.2649,0.2386,-0.84,1866384,28.2822,28.3646,28.0913
2020/06/01,28.5035,0.1041,-0.36,2478119,28.6336,28.6770,28.2822
2020/05/29,28.6076,0.4252,+1.51,3741342,28.4341,28.6249,27.9438
2020/05/28,28.1824,0.9414,+3.46,3727844,27.8397,28.4406,27.8223
2020/05/27,27.2410,0.2646,-0.96,3039200,27.0848,27.2453,26.6943
2020/05/26,27.5056,0.6204,-2.21,3537881,28.0262,28.0306,27.4796
2020/05/22,28.1260,0.0043,+0.02,1857742,27.9872,28.1477,27.8614
2020/05/21,28.1217,0.0217,-0.08,2516439,28.1998,28.2388,27.7573
2020/05/20,28.1434,0.1736,+0.62,4863145,28.5599,28.6423,28.0653
2020/05/19,27.9698,0.2993,+1.08,5028467,28.1434,28.4167,27.8831
2020/05/18,27.6705,0.0564,-0.20,2359698,27.4883,27.8614,27.3668
2020/05/15,27.7269,0.1649,-0.59,1950949,27.7269,27.8787,27.5794
2020/05/14,27.8918,0.4512,+1.64,3526600,27.8657,27.9872,27.5208
2020/05/13,27.4406,0.3081,+1.14,4837504,27.3494,27.6141,27.2063
2020/05/12,27.1325,0.6248,-2.25,2523910,27.3538,27.5707,27.1152
2020/05/11,27.7573,0.5293,+1.94,4317449,27.2627,27.8267,27.1065
2020/05/08,27.2280,0.1953,+0.72,1749899,27.1976,27.3278,27.1000
2020/05/07,27.0327,0.1431,+0.53,2331852,27.4145,27.4319,26.9807
2020/05/06,26.8896,0.4989,-1.82,3791399,27.2106,27.3278,26.8028
