일자,종가,대비,등락률,거래량,시가,고가,저가
2026/09/17,414.0000,1.6600,+0.40,193365,414.4700,416.5800,410.9700
2026/09/16,412.3400,5.4200,+1.33,467671,408.8700,415.4200,408.3750
2026/09/15,406.9200,2.1600,-0.53,208905,405.8000,408.1300,404.6600
2026/09/14,409.0800,4.7000,-1.14,320604,401.9600,410.5100,401.8600
2026/09/11,413.7800,5.1400,+1.26,257310,411.6800,414.7100,411.1200
2026/09/10,408.6400,6.3100,+1.57,361877,408.4200,411.3400,406.1700
2026/09/09,402.3300,3.6100,-0.89,302916,404.1200,405.0500,400.8200
2026/09/08,405.9400,4.0100,-0.98,321732,411.5800,412.2900,403.8200
2026/09/04,409.9500,7.9800,-1.91,320727,409.2800,411.7750,407.9300
2026/09/03,417.9300,4.7000,+1.14,305850,417.5500,419.3500,412.8200
2026/09/02,413.2300,3.0200,+0.74,280515,413.1100,416.8000,412.0200
2026/09/01,410.2100,12.3900,-2.93,438044,412.7500,414.9200,409.7300
2026/08/31,422.6000,2.0600,+0.49,319233,422.0200,424.7700,421.0750
2026/08/28,420.5400,6.5000,+1.57,319117,422.7600,425.7300,418.6500
2026/08/27,414.0400,1.2100,+0.29,301753,411.3100,416.3900,411.3100
2026/08/26,412.8300,9.0200,-2.14,490172,419.2700,419.2700,412.4800
2026/08/25,421.8500,2.5900,-0.61,269222,419.7000,424.2200,419.5100
2026/08/24,424.4400,12.1000,-2.77,502766,429.7600,430.0900,422.0500
2026/08/21,436.5400,8.1700,+1.91,444165,433.5000,437.1500,432.1250
2026/08/20,428.3700,3.1900,+0.75,587531,423.0000,428.4700,422.5500
2026/08/19,425.1800,12.7400,+3.09,355008,413.4300,425.2500,413.4300
2026/08/18,412.4400,4.6600,-1.12,220547,414.3900,415.9400,412.4300
2026/08/17,417.1000,2.2500,+0.54,475432,416.5500,420.3600,416.2100
2026/08/14,414.8500,2.5600,+0.62,291188,416.3100,417.7800,412.4300
2026/08/13,412.2900,5.0800,+1.25,340948,410.0050,413.4000,408.9200
2026/08/12,407.2100,3.0500,-0.74,377378,408.9300,410.2600,404.6200
2026/08/11,410.2600,3.4900,+0.86,257690,410.1300,412.7198,407.8000
2026/08/10,406.7700,5.4900,-1.33,410451,408.1700,408.3000,404.5100
2026/08/07,412.2600,4.9800,+1.22,621909,410.7500,413.2900,409.6400
2026/08/06,407.2800,0.4800,+0.12,723782,411.7900,414.5200,405.3000
2026/08/05,406.8000,4.0100,+1.00,474759,406.7000,408.1700,405.3600
2026/08/04,402.7900,1.5100,+0.38,466349,400.0000,405.9300,399.2000
2026/08/03,401.2800,7.4100,+1.88,693031,404.7200,408.9100,396.4100
2026/07/31,393.8700,3.8600,-0.97,819288,397.3000,398.2100,388.4000
2026/07/30,397.7300,12.0400,+3.12,1165549,390.0000,403.0000,381.4350
2026/07/29,385.6900,4.4500,-1.14,840019,387.2900,391.0000,382.0000
2026/07/28,390.1400,10.1300,+2.67,642537,384.6500,391.1950,382.4500
2026/07/27,380.0100,19.8700,+5.52,707262,372.0100,380.7100,372.0100
2026/07/24,360.1400,0.7000,+0.19,277514,357.5600,363.0100,356.3200
2026/07/23,359.4400,12.1700,-3.27,367321,364.2800,364.6600,357.6700
2026/07/22,371.6100,1.6400,+0.44,219713,374.0600,374.9600,371.6100
2026/07/21,369.9700,1.5500,-0.42,211663,370.6700,371.5900,367.2100
2026/07/20,371.5200,5.3100,-1.41,322938,375.6500,375.7500,370.9650
2026/07/17,376.8300,5.7500,-1.50,343122,379.0600,379.5800,375.6250
2026/07/16,382.5800,6.8400,+1.82,364258,377.9200,382.9600,376.8800
2026/07/15,375.7400,6.5800,+1.78,313289,372.5000,377.9300,371.9600
2026/07/14,369.1600,3.8200,-1.02,281153,370.7600,373.6300,369.0900
2026/07/13,372.9800,3.6600,-0.97,304674,376.0300,380.0499,372.2800
2026/07/10,376.6400,1.9700,+0.53,250141,379.3000,380.3400,376.0200
2026/07/09,374.6700,0.3600,-0.10,287855,372.0200,376.7400,371.5000
2026/07/08,375.0300,11.9600,-3.09,403139,378.6600,379.5400,372.7800
2026/07/07,386.9900,4.8700,-1.24,366056,398.1700,398.4100,386.9150
2026/07/06,391.8600,6.8900,+1.79,662323,386.7300,392.2500,382.8800
2026/07/02,384.9700,10.3100,+2.75,624025,380.0000,385.4900,376.9700
2026/07/01,374.6600,2.3700,+0.64,692905,374.4300,378.8000,370.0100
2026/06/30,372.2900,3.9500,+1.07,594731,366.5500,373.4800,364.0900
2026/06/29,368.3400,0.0000,0,1049320,370.1350,373.2600,367.5800
2026/06/26,368.3400,16.1400,+4.58,519487,353.4500,368.9900,352.8500
2026/06/25,352.2000,3.4500,+0.99,859045,348.9200,357.0200,348.6800
2026/06/24,348.7500,3.8800,+1.13,395539,349.6200,351.8099,345.8400
2026/06/23,344.8700,3.5500,-1.02,472514,347.1100,347.4100,343.3800
2026/06/22,348.4200,13.7100,-3.79,533561,348.4000,352.7150,346.8700
2026/06/18,362.1300,7.8500,+2.22,476420,357.0800,363.0900,356.8400
2026/06/17,354.2800,11.8500,-3.24,547798,358.4200,361.6925,353.0800
2026/06/16,366.1300,2.9300,-0.79,423149,369.0000,372.4200,365.4200
2026/06/15,369.0600,14.1500,+3.99,700157,372.0000,375.6250,368.8900
2026/06/12,354.9100,10.7100,-2.93,362665,360.4500,360.8800,352.9900
2026/06/11,365.6200,19.0600,+5.50,690202,354.8000,367.1200,354.5700
2026/06/10,346.5600,10.9600,-3.07,439483,353.5900,355.4900,346.5600
2026/06/09,357.5200,5.9500,+1.69,617818,355.4900,363.0950,352.7700
2026/06/08,351.5700,4.5800,+1.32,689298,350.0950,355.2700,347.5800
2026/06/05,346.9900,2.9300,-0.84,458865,348.5800,350.7300,345.2700
2026/06/04,349.9200,5.5200,+1.60,406750,352.2700,354.7100,347.2331
2026/06/03,344.4000,9.4100,-2.66,463980,348.3000,350.3300,344.3400
2026/06/02,353.8100,4.5700,+1.31,573361,355.9800,358.3900,350.8400
2026/06/01,349.2400,9.0100,+2.65,677582,345.6800,350.9600,343.9300
2026/05/29,340.2300,6.1200,-1.77,741202,348.2700,350.7700,340.2300
2026/05/28,346.3500,13.1300,+3.94,1416477,335.0000,349.7900,335.0000
2026/05/27,333.2200,3.3100,+1.00,1363698,328.5500,333.3100,327.2000
2026/05/26,329.9100,18.3300,-5.26,2138286,333.2900,334.1300,327.3800
2026/05/22,348.2400,1.1500,-0.33,688387,351.0700,353.2800,346.7300
2026/05/21,349.3900,7.5800,+2.22,556300,344.5400,352.1300,341.9700
2026/05/20,341.8100,12.1500,+3.69,719431,329.1300,342.1600,328.6300
2026/05/19,329.6600,4.8900,+1.51,478439,330.3000,336.1200,329.0000
2026/05/18,324.7700,3.5700,+1.11,498639,321.3700,325.2700,319.7200
2026/05/15,321.2000,11.0100,-3.31,665925,325.4200,328.6300,321.0800
2026/05/14,332.2100,0.8800,-0.26,332173,334.4150,336.5400,331.4600
2026/05/13,333.0900,3.8300,+1.16,644840,324.7700,334.1200,324.0900
2026/05/12,329.2600,0.0000,0,424044,328.0300,330.2797,326.5200
2026/05/11,329.2600,10.4300,-3.07,556867,333.6100,333.6600,327.8600
2026/05/08,339.6900,2.2300,+0.66,699219,342.9700,343.7700,338.1500
2026/05/07,337.4600,1.2100,+0.36,696691,339.0100,342.8700,335.8000
2026/05/06,336.2500,10.8100,+3.32,673421,337.0000,338.6000,332.6600
2026/05/05,325.4400,13.4700,-3.97,1159419,333.5000,333.7900,322.6050
2026/05/04,338.9100,2.3500,-0.69,840668,338.4500,343.4100,337.3100
2026/05/01,341.2600,6.0400,-1.74,601604,346.9000,349.6800,339.4500
2026/04/30,347.3000,9.7600,+2.89,556861,340.8400,347.4100,339.2600
2026/04/29,337.5400,5.1700,-1.51,304534,339.2200,339.6300,337.0200
2026/04/28,342.7100,5.1000,-1.47,451940,343.8700,345.0300,339.9290
2026/04/27,347.8100,4.1400,-1.18,432010,350.0000,351.9500,346.3400
2026/04/24,351.9500,2.2400,-0.63,333403,352.1500,353.2200,350.0000
2026/04/23,354.1900,4.3900,-1.22,438813,357.0000,359.7200,351.5900
2026/04/22,358.5800,0.0800,+0.02,499893,360.7100,364.0000,358.4400
2026/04/21,358.5000,10.0808,-2.74,495914,367.4800,368.9000,358.1500
2026/04/20,368.5808,0.0099,-0,571404,365.1801,368.5907,363.9444
2026/04/17,368.5907,16.1435,+4.58,876700,371.8036,375.3130,368.1458
2026/04/16,352.4472,0.5339,-0.15,507746,358.2798,358.9422,351.6761
2026/04/15,352.9811,1.0577,-0.30,410013,352.9218,354.0982,350.4108
2026/04/14,354.0388,2.9558,+0.84,465094,353.6533,356.2631,353.2084
2026/04/13,351.0830,3.2129,+0.92,450653,342.6406,351.5971,341.8756
2026/04/10,347.8701,0.3263,-0.09,581439,352.1012,353.3172,346.8519
2026/04/09,348.1964,0.9095,+0.26,571634,343.5105,350.6876,342.1957
2026/04/08,347.2869,16.5389,+5.00,872469,357.8251,358.1118,347.1534
2026/04/07,330.7480,3.6676,-1.10,634464,332.9921,333.5061,326.6454
2026/04/06,334.4156,1.7004,-0.51,326013,334.8209,338.0807,333.9609
2026/04/02,336.1160,2.4022,-0.71,593067,333.9213,338.6823,331.8156
2026/04/01,338.5182,3.9345,+1.18,1035804,341.9486,342.1265,336.7190
2026/03/31,334.5837,11.1215,+3.44,1446510,324.3222,338.6368,323.7785
2026/03/30,323.4622,9.6881,+3.09,772737,326.4477,329.6209,323.0173
2026/03/27,313.7741,6.1094,-1.91,517036,320.6645,321.4158,312.8548
2026/03/26,319.8835,1.3939,+0.44,637475,317.3330,324.0356,316.8980
2026/03/25,318.4896,0.1482,+0.05,536118,320.2493,321.7025,313.8730
2026/03/24,318.3414,7.0584,-2.17,521184,319.3200,324.1542,317.2539
2026/03/23,325.3998,14.3640,+4.62,862707,324.8561,330.5602,322.7652
2026/03/20,311.0358,6.3071,-1.99,952328,313.9323,314.9405,308.9400
2026/03/19,317.3429,9.3519,-2.86,1153317,319.4683,320.0417,310.5711
2026/03/18,326.6948,5.9414,-1.79,573895,328.6324,332.3594,326.6948
2026/03/17,332.6362,2.0958,+0.63,561099,334.1190,337.0156,332.3099
2026/03/16,330.5404,2.4715,+0.75,669926,326.7344,330.6491,325.5728
2026/03/13,328.0689,2.6593,-0.80,889746,329.3541,332.1765,327.0112
2026/03/12,330.7282,5.9908,-1.78,553286,333.1898,336.2346,330.4020
2026/03/11,336.7190,5.8820,-1.72,390883,344.3113,347.4450,336.1160
2026/03/10,342.6010,0.0198,-0.01,525435,344.4793,349.5507,341.3950
2026/03/09,342.6208,3.4600,-1.00,772353,336.3730,343.8268,333.0514
2026/03/06,346.0808,7.8592,-2.22,483842,343.1348,347.8256,343.1052
2026/03/05,353.9400,6.9793,-1.93,583417,357.2023,359.8318,349.1652
2026/03/04,360.9193,3.9147,+1.10,378884,358.5270,362.0760,358.0426
2026/03/03,357.0046,1.6015,-0.45,750604,345.7991,357.1034,343.7972
2026/03/02,358.6061,16.9738,-4.52,883422,358.7642,364.0284,355.9765
2026/02/27,375.5799,3.6874,+0.99,581096,370.5283,376.2027,370.1428
2026/02/26,371.8925,2.8174,+0.76,538894,373.8005,375.8122,370.2416
2026/02/25,369.0751,0.5734,-0.16,639336,376.8156,377.3940,368.3435
2026/02/24,369.6485,15.3230,+4.32,768139,365.7732,373.9092,365.6843
2026/02/23,354.3255,8.4326,-2.32,504407,357.3308,358.7049,352.7240
2026/02/20,362.7581,0.4449,+0.12,614365,356.3818,364.0531,356.3818
2026/02/19,362.3132,0.0692,+0.02,814126,355.6403,364.5870,355.6403
2026/02/18,362.2440,8.4622,-2.28,559967,361.2752,366.0599,360.3064
2026/02/17,370.7062,4.0433,-1.08,582810,372.8317,373.6819,368.3337
2026/02/13,374.7495,11.9914,-3.10,1059045,380.9578,381.3334,373.3457
2026/02/12,386.7409,8.1557,+2.15,1348272,385.5448,389.0048,381.1664
2026/02/11,378.5852,19.5145,+5.43,3121993,376.7662,381.0369,372.8959
2026/02/10,359.0707,26.7805,+8.06,2431124,358.1217,367.4242,353.5940
2026/02/09,332.2902,2.3133,+0.70,654822,330.1351,334.3612,329.6507
2026/02/06,329.9769,0.9589,-0.29,740748,328.2765,330.8370,327.2682
2026/02/05,330.9358,4.5178,-1.35,457446,332.0134,334.0103,328.1579
2026/02/04,335.4536,8.9071,+2.73,697725,338.7060,341.7277,333.9313
2026/02/03,326.5465,5.9414,-1.79,594021,330.1351,332.0134,324.2530
2026/02/02,332.4879,3.1239,+0.95,475687,331.9145,334.5342,330.6392
2026/01/30,329.3640,5.2197,-1.56,537591,330.0955,331.4795,327.2287
2026/01/29,334.5837,4.9330,+1.50,493715,331.2126,335.9776,331.1731
2026/01/28,329.6507,3.8950,-1.17,503341,330.8765,334.5737,328.8400
2026/01/27,333.5457,3.0151,-0.90,456247,334.1932,334.9000,331.0396
2026/01/26,336.5608,1.8981,+0.57,649846,336.9760,338.0931,333.4369
2026/01/23,334.6627,0.9688,+0.29,880730,331.5191,334.7122,329.8484
2026/01/22,333.6939,4.0829,-1.21,738268,336.1258,337.5494,333.0613
2026/01/21,337.7768,4.8441,+1.45,1502465,334.1487,338.4688,329.5320
2026/01/20,332.9327,8.3535,-2.45,1450982,336.1160,338.4737,331.8156
2026/01/16,341.2862,9.2333,-2.63,1072532,346.3971,347.8800,340.9550
2026/01/15,350.5195,1.1665,+0.33,512244,351.9727,352.4472,349.3332
2026/01/14,349.3530,6.6235,-1.86,1349977,356.7970,359.5699,346.6542
2026/01/13,355.9765,16.9145,-4.54,1082439,368.4622,369.0949,354.0784
2026/01/12,372.8910,0.9985,+0.27,454168,370.9534,374.4826,369.5793
2026/01/09,371.8925,5.2790,+1.44,677842,375.5404,376.0742,370.4591
2026/01/08,366.6135,3.9938,+1.10,883387,359.8022,372.2978,359.8022
2026/01/07,362.6197,5.0912,-1.38,679747,366.8112,368.0470,362.4319
2026/01/06,367.7109,7.2264,-1.93,490665,373.4545,373.4841,367.1197
2026/01/05,374.9373,7.2956,+1.98,653508,365.4866,375.7134,364.3299
2026/01/02,367.6417,2.3034,+0.63,482722,366.8211,368.5413,365.0269
2025/12/31,365.3383,2.8866,-0.78,240584,367.3550,367.7850,365.0714
2025/12/30,368.2249,3.2327,-0.87,352397,371.3884,372.1989,367.4335
2025/12/29,371.4576,2.3528,-0.63,423455,372.8119,373.2765,369.5298
2025/12/26,373.8104,1.7696,+0.48,175303,372.3374,374.2927,371.7047
2025/12/24,372.0408,0.4251,+0.11,124408,370.7754,373.6323,370.7656
2025/12/23,371.6157,0.6524,+0.18,446825,372.6537,375.3723,371.0127
2025/12/22,370.9633,3.0052,-0.80,535216,373.3853,375.3031,370.8397
2025/12/19,373.9685,5.5755,+1.51,567881,375.0955,376.5586,372.6933
2025/12/18,368.3930,7.0585,+1.95,822378,364.1816,368.9070,363.0744
2025/12/17,361.3345,4.8539,-1.33,656152,361.6904,364.3275,359.7528
2025/12/16,366.1884,1.7992,+0.49,663526,362.4022,367.4667,361.7596
2025/12/15,364.3892,1.4532,+0.40,692799,365.5162,366.8508,362.4912
2025/12/12,362.9360,0.8205,-0.23,918661,362.3923,364.9527,361.6707
2025/12/11,363.7565,3.8752,+1.08,794646,366.1291,367.7405,361.8189
2025/12/10,359.8813,11.1808,-3.01,1531687,359.3475,361.1665,352.8526
2025/12/09,371.0621,7.5429,-1.99,746715,377.0331,378.8422,370.7161
2025/12/08,378.6050,10.1131,-2.60,785804,381.4224,382.0749,376.0940
2025/12/05,388.7181,0.0198,-0.01,474623,390.0131,394.4914,387.6850
2025/12/04,388.7379,0.6030,-0.15,359379,395.3910,395.3910,388.1942
2025/12/03,389.3409,7.1968,+1.88,570527,383.5874,392.2770,383.4786
2025/12/02,382.1441,0.3657,-0.10,459480,381.2049,383.4603,379.9495
2025/12/01,382.5098,4.9133,-1.27,410251,383.5182,386.1527,382.2528
2025/11/28,387.4231,8.9961,+2.38,353610,384.1410,388.3227,383.6566
2025/11/26,378.4270,2.3133,-0.61,545213,379.7913,382.5790,377.5274
2025/11/25,380.7403,3.5193,+0.93,661339,377.4681,384.4573,376.8898
2025/11/24,377.2210,7.5230,-1.96,1103438,385.9896,386.5927,376.7168
2025/11/21,384.7440,5.9710,+1.58,795644,386.0687,386.2862,382.8460
2025/11/20,378.7730,6.6037,-1.71,581687,389.4793,389.4793,378.6445
2025/11/19,385.3767,7.9086,-2.01,510049,390.2405,390.2405,384.9121
2025/11/18,393.2853,7.4638,-1.86,592520,394.5606,395.1636,389.8945
2025/11/17,400.7491,11.6454,-2.82,759948,403.9026,407.5208,399.7210
2025/11/14,412.3945,0.6426,-0.16,578332,410.1801,414.7374,409.1124
2025/11/13,413.0371,1.6904,-0.41,644072,415.2021,420.3328,412.6021
2025/11/12,414.7275,2.9065,-0.70,989066,425.0878,427.4209,413.6500
2025/11/11,417.6340,10.9337,+2.69,878901,413.0371,418.6028,413.0074
2025/11/10,406.7003,1.8388,-0.45,548240,406.7201,410.0120,406.3889
2025/11/07,408.5391,7.5528,+1.88,634389,402.3506,408.6725,401.6586
2025/11/06,400.9863,1.0380,-0.26,837813,403.0129,404.6243,397.9119
2025/11/05,402.0243,7.1968,+1.82,750421,399.3453,404.3771,399.3453
2025/11/04,394.8275,7.2759,+1.88,1590001,391.1599,402.3031,390.6755
2025/11/03,387.5516,11.7838,-2.95,954377,391.6146,392.6032,385.8710
2025/10/31,399.3354,7.8592,+2.01,1027535,395.4305,400.3240,392.9097
2025/10/30,391.4762,4.5079,+1.16,612852,383.5676,392.2078,382.9053
2025/10/29,386.9683,10.7063,-2.69,1059006,393.5226,394.1256,384.7078
2025/10/28,397.6746,5.1307,-1.27,694191,401.0555,401.0555,394.9906
2025/10/27,402.8053,0.8403,-0.21,450975,403.4973,405.2570,402.4395
2025/10/24,403.6456,5.3976,+1.36,718522,404.2981,406.6915,402.8943
2025/10/23,398.2480,8.6896,+2.23,656879,394.3332,400.2449,392.7910
2025/10/22,389.5584,6.3269,-1.60,960007,394.5606,394.9264,387.6900
2025/10/21,395.8853,2.1255,+0.54,748279,393.8982,396.6366,391.1525
2025/10/20,393.7598,0.7612,-0.19,649792,391.1747,394.4914,389.3409
2025/10/17,394.5210,6.5443,+1.69,1168171,388.5105,396.2708,387.0771
2025/10/16,387.9767,2.8669,+0.74,1380893,388.7774,395.7073,386.3159
2025/10/15,385.1098,7.2858,+1.93,1552424,376.7712,387.2847,375.3525
2025/10/14,377.8240,3.4304,+0.92,1860614,371.5169,382.1935,368.0569
2025/10/13,374.3936,16.8058,-4.30,2654660,382.2924,382.7174,373.3260
2025/10/10,391.1994,11.5268,-2.86,2649894,407.5307,408.2623,388.8863
2025/10/09,402.7262,71.0095,-14.99,4929161,414.3914,418.0689,398.2579
2025/10/08,473.7357,11.5169,-2.37,493987,482.5933,484.9362,471.5608
2025/10/07,485.2526,0.6623,-0.14,412527,487.7833,489.3453,483.3990
2025/10/06,485.9149,9.5101,-1.92,446098,495.6722,495.6722,484.8670
2025/10/03,495.4250,2.9064,-0.58,484978,493.7346,498.0250,492.0046
2025/10/02,498.3314,13.6917,+2.83,488237,496.1763,498.7269,490.7392
2025/10/01,484.6397,4.9627,+1.03,379444,477.2550,485.3811,476.2466
2025/09/30,479.6770,3.1437,+0.66,232591,476.5927,479.9736,475.3124
2025/09/29,476.5333,6.6037,+1.41,251994,476.1280,477.5911,474.6254
2025/09/26,469.9296,2.1649,+0.46,185878,468.6840,470.6315,466.8255
2025/09/25,467.7647,7.3451,-1.55,357739,469.2772,470.7006,463.4713
2025/09/24,475.1098,5.8326,-1.21,328640,474.0520,476.0242,472.4802
2025/09/23,480.9424,8.6599,+1.83,431195,481.9211,485.4009,479.3310
2025/09/22,472.2825,1.8288,-0.39,331056,468.8818,473.9729,468.2886
2025/09/19,474.1113,4.1323,-0.86,461933,476.7212,476.9387,469.5836
2025/09/18,478.2436,13.5831,+2.92,369739,470.7304,479.5485,470.1669
2025/09/17,464.6605,10.1824,-2.14,390672,464.9571,468.0909,462.1298
2025/09/16,474.8429,1.3742,+0.29,304867,482.9986,483.1271,474.6550
2025/09/15,473.4687,0.9292,+0.20,244338,472.8064,474.3288,469.6825
2025/09/12,472.5395,1.3445,-0.28,160656,471.1159,473.6269,470.5623
2025/09/11,473.8840,5.6745,+1.21,212675,470.2756,475.8809,469.6430
2025/09/10,468.2095,5.9315,-1.25,324932,472.8657,475.7326,467.2605
2025/09/09,474.1410,0.6426,+0.14,313743,472.1045,475.0307,468.0217
2025/09/08,473.4984,9.6881,-2.01,469749,478.4709,480.2306,473.1030
2025/09/05,483.1865,6.3466,-1.30,282532,488.1985,491.5202,483.0481
2025/09/04,489.5331,0.3658,+0.07,335319,489.3057,493.0030,488.9993
2025/09/03,489.1673,2.7087,+0.56,324563,486.3796,490.0274,484.6990
2025/09/02,486.4586,14.7001,+3.12,410246,477.3835,486.6069,476.7904
2025/08/29,471.7585,1.7498,-0.37,189046,471.6695,472.8163,469.7912
2025/08/28,473.5083,9.5101,+2.05,307911,474.1212,474.7341,470.4931
2025/08/27,463.9982,1.4038,+0.30,235865,465.6985,468.9806,463.5632
2025/08/26,462.5944,0.3954,+0.09,227060,464.2453,465.8765,461.0522
2025/08/25,462.1990,3.4402,-0.74,245260,465.5799,467.6609,462.1891
2025/08/22,465.6392,3.9543,+0.86,323554,463.8005,471.1110,463.0492
2025/08/21,461.6849,1.3840,-0.30,543089,460.7458,461.7442,456.8014
2025/08/20,463.0689,3.0448,-0.65,246421,465.9160,467.2209,462.2583
2025/08/19,466.1137,8.2348,+1.80,385676,462.3967,468.0217,461.6157
2025/08/18,457.8789,2.5901,+0.57,306207,455.7337,458.8279,454.5276
2025/08/15,455.2888,3.8357,-0.84,317753,460.4393,461.5267,454.3695
2025/08/14,459.1245,13.0690,+2.93,786988,449.4068,459.7869,449.2190
2025/08/13,446.0555,4.9923,+1.13,473857,444.3156,447.1825,441.4389
2025/08/12,441.0632,4.7550,+1.09,357537,437.6922,442.5461,434.9736
2025/08/11,436.3082,2.4615,-0.56,322487,440.0351,440.4374,435.7150
2025/08/08,438.7697,4.7847,-1.08,485925,443.6434,444.7704,437.5834
2025/08/07,443.5544,5.6942,+1.30,641352,437.6032,444.2860,436.3774
2025/08/06,437.8602,1.1171,+0.26,474472,434.1728,438.6313,432.7097
2025/08/05,436.7431,3.4303,+0.79,830792,438.8389,444.8495,436.7135
2025/08/04,433.3128,2.0563,+0.48,944234,431.2961,436.8815,430.3142
2025/08/01,431.2565,7.0684,-1.61,1697429,424.4700,436.5652,423.1156
2025/07/31,438.3249,54.7671,-11.11,2340666,451.0627,453.4204,427.0551
2025/07/30,493.0920,6.5543,-1.31,302020,497.1748,499.7649,490.9874
2025/07/29,499.6463,1.8684,-0.37,230894,503.3930,503.9960,499.6463
2025/07/28,501.5147,10.2218,-2.00,249929,509.1168,509.1168,500.8276
2025/07/25,511.7365,1.4334,+0.28,274913,508.0689,513.1699,506.4872
2025/07/24,510.3031,1.3445,-0.26,217806,508.9488,512.8635,508.9488
2025/07/23,511.6476,16.5587,+3.34,394993,505.1625,511.6575,500.1405
2025/07/22,495.0889,6.4554,-1.29,233976,501.1588,501.7519,494.2882
2025/07/21,501.5443,1.9178,+0.38,198399,500.2196,504.5496,497.5384
2025/07/18,499.6265,0.7810,-0.16,376607,502.4439,504.7572,498.3710
2025/07/17,500.4075,0.8799,+0.18,481199,497.0760,502.4538,494.7355
2025/07/16,499.5276,17.9822,+3.73,558782,487.4472,500.3630,487.0073
2025/07/15,481.5454,1.1665,-0.24,225021,485.7073,486.2313,479.4595
2025/07/14,482.7119,2.3430,-0.48,222846,481.4367,485.2724,480.9770
2025/07/11,485.0549,7.1968,-1.46,271365,487.9712,489.3255,484.7682
2025/07/10,492.2517,6.8508,+1.41,319903,489.4244,493.3589,487.3681
2025/07/09,485.4009,1.9574,+0.40,200734,483.8488,485.5096,481.6838
2025/07/08,483.4435,2.6791,+0.56,369699,480.5964,485.9446,480.4234
2025/07/07,480.7644,3.8357,-0.79,265858,480.2010,482.9986,478.5104
2025/07/03,484.6001,1.3445,-0.28,203932,485.5788,486.8145,483.5621
2025/07/02,485.9446,2.1650,+0.45,291662,482.2473,485.9841,479.4397
2025/07/01,483.7796,1.3543,-0.28,358272,481.9606,485.3712,479.3310
2025/06/30,485.1339,0.3559,-0.07,343482,484.1256,485.5195,481.8048
2025/06/27,485.4898,13.4051,+2.84,494405,476.4938,489.3156,475.9600
2025/06/26,472.0847,2.3923,+0.51,535018,463.8400,472.2627,460.8743
2025/06/25,469.6924,2.6692,+0.57,287512,472.5395,473.3007,467.8536
2025/06/24,467.0232,11.2104,+2.46,447715,457.0683,470.0384,455.4124
2025/06/23,455.8128,2.0068,+0.44,233805,448.9422,455.9017,448.0426
2025/06/20,453.8060,1.4433,-0.32,180013,454.5771,455.8402,452.5801
2025/06/18,455.2493,0.1384,-0.03,215054,456.5938,457.6120,453.7022
2025/06/17,455.3877,4.1125,-0.89,266659,459.2431,460.7557,453.7269
2025/06/16,459.5002,1.3544,+0.30,259339,462.7625,465.1923,459.1986
2025/06/13,458.1458,9.1147,-1.95,653847,459.2926,462.7427,455.8325
2025/06/12,467.2605,9.6188,-2.02,476566,472.4505,474.6946,465.9259
2025/06/11,476.8793,3.9543,-0.82,378907,482.3659,483.4929,475.6634
2025/06/10,480.8336,7.1869,+1.52,560677,482.7515,483.5423,477.9075
2025/06/09,473.6467,3.4501,-0.72,213999,474.5858,475.7899,472.7669
2025/06/06,477.0968,2.2243,+0.47,219711,475.6436,479.5880,475.6436
2025/06/05,474.8725,0.5932,-0.12,223208,476.2862,477.8877,473.6368
2025/06/04,475.4657,5.1604,+1.10,276303,473.2216,476.5877,471.9760
2025/06/03,470.3053,4.2904,-0.90,362295,468.9707,472.2133,468.4567
2025/06/02,474.5957,1.3049,+0.28,360525,469.4947,474.8033,468.2985
2025/05/30,473.2908,0.2570,-0.05,325353,475.0505,475.7721,469.1783
2025/05/29,473.5478,3.5786,+0.76,233868,471.6992,474.1212,470.0779
2025/05/28,469.9692,7.9778,-1.67,294903,471.8673,474.0125,469.4452
2025/05/27,477.9470,7.1672,+1.52,444234,478.0360,478.8367,472.8015
2025/05/23,470.7798,14.9078,-3.07,493058,470.7600,473.0832,468.9510
2025/05/22,485.6876,4.7649,-0.97,282345,487.3385,488.4259,485.0054
2025/05/21,490.4525,2.8669,-0.58,306366,493.6851,497.3528,490.1955
2025/05/20,493.3194,1.3742,+0.28,198224,492.0540,495.3459,492.0540
2025/05/19,491.9452,1.0974,-0.22,187823,487.1012,492.2319,487.1012
2025/05/16,493.0426,3.9049,+0.80,186252,492.1034,493.6308,490.5317
2025/05/15,489.1377,0.8502,-0.17,239528,488.7423,490.8627,486.3746
2025/05/14,489.9879,4.7155,+0.97,313271,490.2647,493.1810,487.5941
2025/05/13,485.2724,4.0730,+0.85,338199,485.4800,486.6366,483.9823
2025/05/12,481.1994,1.5027,-0.31,355930,486.8837,487.4176,477.4725
2025/05/09,482.7021,7.4836,+1.57,273028,480.7249,483.4237,479.7067
2025/05/08,475.2185,3.9246,+0.83,357132,478.9949,481.7135,475.2185
2025/05/07,471.2939,2.5703,+0.55,301330,464.3738,472.9448,464.3738
2025/05/06,468.7236,7.5923,+1.65,438400,465.3723,471.8376,463.0986
2025/05/05,461.1313,3.5786,+0.78,311652,461.6651,463.4714,458.3040
2025/05/02,457.5527,2.6890,+0.59,413151,458.6500,461.4872,456.9002
2025/05/01,454.8637,1.6411,-0.36,250287,458.3238,459.3717,453.7071
2025/04/30,456.5048,0.9490,-0.21,366018,448.1612,456.6432,444.1871
2025/04/29,457.4538,4.4881,+0.99,265350,453.4995,458.0173,452.6691
2025/04/28,452.9657,2.5703,-0.56,334309,449.6836,453.2820,447.2912
2025/04/25,455.5360,3.9346,+0.87,253060,453.0349,455.7139,450.8501
2025/04/24,451.6014,14.9670,+3.43,419993,448.8137,451.7695,447.4000
2025/04/23,436.6344,2.0640,-0.47,344609,440.1438,443.4556,434.7264
2025/04/22,438.6984,15.4932,+3.66,378813,436.2065,441.3670,435.7650
2025/04/21,423.2052,5.0715,-1.18,245177,423.2636,425.6485,419.0973
2025/04/17,428.2767,7.0281,+1.67,246196,427.8095,429.8731,423.9839
2025/04/16,421.2486,1.1973,-0.28,350106,420.8106,425.3175,418.4549
2025/04/15,422.4459,4.3317,+1.04,273785,421.9203,426.1060,420.1000
2025/04/14,418.1142,0.9248,+0.22,446407,418.5230,423.1954,415.1063
2025/04/11,417.1894,4.6432,+1.13,629839,407.2313,417.4620,404.4279
2025/04/10,412.5462,7.9723,-1.90,633232,410.7259,416.5664,402.0235
2025/04/09,420.5185,33.2326,+8.58,1050540,394.5184,422.5043,387.2275
2025/04/08,387.2859,0.8177,-0.21,1033294,397.9351,402.2474,382.8957
2025/04/07,388.1036,15.7207,-3.89,1166063,387.9673,410.7648,381.1339
2025/04/04,403.8243,15.9447,-3.80,1261355,412.8966,420.5672,403.2549
2025/04/03,419.7690,7.1157,-1.67,625134,426.3591,428.1599,417.8708
2025/04/02,426.8847,7.7192,+1.84,618332,422.0955,429.0798,420.7229
2025/04/01,419.1655,2.6575,+0.64,611012,421.8229,423.9109,416.6248
2025/03/31,416.5080,1.7814,-0.43,458191,414.0939,418.6885,409.9472
2025/03/28,418.2894,2.8132,+0.68,1178249,425.2737,427.0113,416.2063
2025/03/27,415.4762,12.7421,+3.16,1555574,395.7741,415.6417,392.1919
2025/03/26,402.7341,19.7118,-4.67,1095146,409.8206,413.3152,398.1980
2025/03/25,422.4459,1.8008,-0.42,365934,424.2662,424.8795,419.7982
2025/03/24,424.2467,0.4770,-0.11,504282,420.5185,425.5949,418.7810
2025/03/21,424.7237,7.5051,-1.74,488118,424.1494,426.7582,421.9300
2025/03/20,432.2288,9.0042,-2.04,473693,433.9615,435.8986,431.1094
2025/03/19,441.2330,6.6680,+1.53,261901,438.9941,443.5205,435.7137
2025/03/18,434.5650,7.5635,-1.71,326758,438.8189,439.8799,433.4553
2025/03/17,442.1285,4.8379,+1.11,253220,437.6897,443.8223,437.2419
2025/03/14,437.2906,8.3422,+1.94,311470,436.5313,439.1888,433.9128
2025/03/13,428.9484,9.4324,-2.15,449671,431.3235,433.1633,427.8289
2025/03/12,438.3808,8.8581,+2.06,396130,433.6889,440.6976,431.4890
2025/03/11,429.5227,4.0592,+0.95,551243,430.4864,432.8323,422.2804
2025/03/10,425.4635,12.1483,-2.78,532075,439.4321,439.4321,421.9495
2025/03/07,437.6118,2.7840,+0.64,455629,431.6350,440.9896,431.6350
2025/03/06,434.8278,12.1678,-2.72,561805,434.1464,440.3633,432.0536
2025/03/05,446.9956,0.3797,-0.08,589456,444.7373,447.7452,440.9020
2025/03/04,447.3753,4.4874,-0.99,471998,447.3850,453.1671,440.9701
2025/03/03,451.8627,0.3602,-0.08,704146,460.5165,463.5243,447.2975
2025/02/28,452.2229,3.9618,+0.88,588432,452.6415,456.1653,445.4284
2025/02/27,448.2611,18.9817,-4.06,1249059,452.8362,455.1626,445.7302
2025/02/26,467.2428,23.8489,-4.86,960196,489.8262,495.0613,463.7774
2025/02/25,491.0917,5.1397,+1.06,291399,495.3942,495.5986,486.5798
2025/02/24,485.9520,4.0981,-0.84,244255,490.7412,492.1303,485.4458
2025/02/21,490.0501,4.5946,-0.93,290653,494.2942,494.6933,485.3248
2025/02/20,494.6447,7.1158,+1.46,220973,489.0475,494.6447,486.4679
2025/02/19,487.5289,3.7477,-0.76,176037,488.9891,489.3784,485.2025
2025/02/18,491.2766,0.8274,+0.17,281426,492.9120,494.5303,488.3563
2025/02/14,490.4492,13.0341,+2.73,390002,490.4687,493.7173,488.4021
2025/02/13,477.4151,7.6901,+1.64,430677,477.3859,483.0804,474.9231
2025/02/12,469.7250,7.3882,+1.60,378078,465.2960,471.1170,463.7872
2025/02/11,462.3368,13.7837,+3.07,612951,454.1697,464.3225,453.6149
2025/02/10,448.5531,13.9783,+3.22,399097,443.4232,448.9327,441.5007
2025/02/07,434.5748,14.7181,-3.28,408947,441.3400,442.5179,434.2730
2025/02/06,449.2929,2.5601,-0.57,407700,449.2248,451.9698,447.6673
2025/02/05,451.8530,4.7600,+1.06,554082,448.1735,452.7096,445.3505
2025/02/04,447.0930,29.5531,+7.08,964609,441.6272,457.6643,441.5250
2025/02/03,417.5399,0.4089,+0.10,497817,411.2807,418.4062,408.7985
2025/01/31,417.1310,3.3389,-0.79,382552,419.8371,425.5171,416.9558
2025/01/30,420.4699,2.8814,+0.69,486961,418.5717,423.2830,416.7076
2025/01/29,417.5885,2.0442,-0.49,306983,418.6009,420.6694,415.7682
2025/01/28,419.6327,1.1973,-0.28,303879,419.6717,421.2291,414.7364
2025/01/27,420.8300,0.0487,-0.01,330050,415.1355,421.1415,414.5320
2025/01/24,420.8787,2.3265,+0.56,358644,419.7885,421.8034,418.5717
2025/01/23,418.5522,2.4530,-0.58,351031,416.9655,419.8830,414.3276
2025/01/22,421.0052,7.5246,-1.76,218704,424.4122,424.8989,420.6159
2025/01/21,428.5298,4.2441,+1.00,282491,426.1936,428.8900,423.1468
2025/01/17,424.2857,2.8522,+0.68,172264,425.8626,427.0210,423.8087
2025/01/16,421.4335,1.2265,+0.29,185765,421.5796,423.0154,420.6159
2025/01/15,420.2070,9.4519,+2.30,217865,420.8592,421.2827,417.6664
2025/01/14,410.7551,3.5043,+0.86,277839,412.8577,413.1984,409.1100
2025/01/13,407.2508,10.6298,-2.54,300691,405.3331,407.7959,403.3960
2025/01/10,417.8806,4.4582,-1.06,221048,422.8450,422.8450,416.0895
2025/01/08,422.3388,5.7432,+1.38,244679,416.9363,422.9424,416.0992
2025/01/07,416.5956,1.1681,+0.28,173642,419.5743,420.1389,415.4762
2025/01/06,415.4275,9.1015,+2.24,241628,413.9479,417.0823,412.3612
2025/01/03,406.3260,0.9734,+0.24,249999,405.4402,408.6866,402.1890
2025/01/02,405.3526,8.1962,-1.98,291146,409.7427,411.9135,405.3137
2024/12/31,413.5488,1.8787,-0.45,142673,413.7046,415.3205,411.3781
2024/12/30,415.4275,5.2370,-1.24,154359,416.8682,417.8903,413.6510
2024/12/27,420.6645,0.3991,+0.09,175896,418.2991,421.2194,416.9171
2024/12/26,420.2654,2.1805,-0.52,162853,421.6477,423.5799,420.0318
2024/12/24,422.4459,3.7282,+0.89,84864,419.6230,422.4946,419.0292
2024/12/23,418.7177,3.1344,+0.75,231865,413.1010,419.7787,411.0666
2024/12/20,415.5833,1.5867,+0.38,269870,411.9621,418.8442,409.8206
2024/12/19,413.9966,2.4044,+0.58,398835,416.8195,416.8682,410.1418
2024/12/18,411.5922,9.2768,-2.20,310577,422.9813,425.2396,409.4507
2024/12/17,420.8690,4.4777,-1.05,391124,422.3778,424.3051,420.6840
2024/12/16,425.3467,16.7623,-3.79,334193,433.6111,433.9712,424.8308
2024/12/13,442.1090,2.2583,+0.51,207435,445.7107,445.8178,438.7774
2024/12/12,439.8507,2.2681,+0.52,214691,438.7994,443.5692,438.6729
2024/12/11,437.5826,0.9442,+0.22,234154,435.5968,439.1206,434.5957
2024/12/10,436.6384,0.0779,+0.02,241753,437.9915,438.9844,433.8556
2024/12/09,436.5605,9.6953,-2.17,286973,442.9949,445.0585,436.1614
2024/12/06,446.2558,12.5766,+2.90,372488,440.3374,446.2948,439.9091
2024/12/05,433.6792,0.2044,-0.05,366440,434.5163,436.8866,432.4430
2024/12/04,433.8836,1.1876,+0.27,314890,436.2393,436.7747,430.9536
2024/12/03,432.6960,6.9210,+1.63,321046,429.3864,433.0578,426.9918
2024/12/02,425.7750,3.1539,+0.75,230015,423.9255,426.7874,422.2512
2024/11/29,422.6211,2.5211,+0.60,147624,419.5354,423.0981,418.9221
2024/11/27,420.1000,0.1265,-0.03,171785,421.5698,423.5459,419.6863
2024/11/26,420.2265,3.4459,-0.81,226727,422.6017,422.8304,418.6886
2024/11/25,423.6724,2.3168,-0.54,349914,426.4369,429.1796,423.4388
2024/11/22,425.9892,7.8945,+1.89,238043,421.8229,426.9626,421.8229
2024/11/21,418.0947,2.2875,+0.55,223393,415.9629,419.8683,413.9090
2024/11/20,415.8072,1.2849,-0.31,233988,414.6099,416.6053,411.2126
2024/11/19,417.0921,6.3272,-1.49,322193,416.1576,419.0487,413.9479
2024/11/18,423.4193,3.8839,+0.93,249747,416.6248,423.7406,416.0700
2024/11/15,419.5354,9.1501,-2.13,287832,424.4122,424.8989,418.5717
2024/11/14,428.6855,0.4867,+0.11,210435,430.0483,430.7881,427.9555
2024/11/13,428.1988,2.6963,+0.63,285394,424.7432,430.1554,423.4583
2024/11/12,425.5025,14.9323,-3.39,431442,433.0562,433.4105,424.4122
2024/11/11,440.4348,1.9468,-0.44,333564,442.6639,445.4868,439.7631
2024/11/08,442.3816,1.7522,+0.40,441087,438.3808,443.5789,436.2685
2024/11/07,440.6294,9.4032,+2.18,531049,434.9447,444.4258,434.9057
2024/11/06,431.2262,1.9469,+0.45,774303,425.1326,431.4501,422.3680
2024/11/05,429.2793,34.1185,-7.36,1559827,435.0517,441.1064,427.5466
2024/11/04,463.3978,0.6911,-0.15,257832,467.9631,467.9631,462.2784
2024/11/01,464.0889,0.8566,+0.18,306543,469.1994,469.9635,462.7359
2024/10/31,463.2323,2.8813,-0.62,247260,468.1676,468.1676,460.6527
2024/10/30,466.1136,8.8582,-1.86,272113,465.8800,471.7400,464.9358
2024/10/29,474.9718,2.4725,-0.52,143337,474.1200,476.9332,473.3559
2024/10/28,477.4443,5.5972,+1.19,148756,475.8479,478.2425,475.2930
2024/10/25,471.8471,1.7035,-0.36,212352,474.1054,475.4240,470.2020
2024/10/24,473.5506,3.9326,+0.84,417057,472.1099,474.4781,467.5543
2024/10/23,469.6180,3.8256,+0.82,195116,465.9774,470.9029,465.9676
2024/10/22,465.7924,1.6256,-0.35,238359,466.0747,467.4570,464.0987
2024/10/21,467.4180,2.1124,-0.45,159934,469.3746,469.5693,464.2544
2024/10/18,469.5304,0.0292,+0.01,275225,468.5667,471.5940,466.6880
2024/10/17,469.5012,10.0555,+2.19,310354,467.3596,470.1728,464.5854
2024/10/16,459.4457,1.1876,+0.26,162719,456.7688,460.0200,456.1750
2024/10/15,458.2581,8.2352,-1.77,277322,466.6490,466.7561,457.0997
2024/10/14,466.4933,9.8803,+2.16,251800,463.5633,466.6457,462.8916
2024/10/11,456.6130,15.3898,+3.49,345844,453.3034,457.1387,451.9698
2024/10/10,441.2232,3.1442,-0.71,220772,442.5568,443.1993,439.2472
2024/10/09,444.3674,4.4388,-0.99,261784,444.0364,448.2027,444.0364
2024/10/08,448.8062,11.2236,+2.56,435846,444.5134,448.8062,442.4108
2024/10/07,437.5826,0.2726,-0.06,376282,437.7773,439.3056,434.7305
2024/10/04,437.8552,0.2725,-0.06,297871,436.3269,438.9162,434.9154
2024/10/03,438.1277,6.8821,-1.55,332852,438.6534,440.2790,434.4385
2024/10/02,445.0098,1.2654,+0.29,295090,447.1027,447.5797,443.8125
2024/10/01,443.7444,13.8713,-3.03,332213,453.3229,453.9264,442.6834
2024/09/30,457.6157,1.5282,-0.33,228282,459.4457,460.9934,452.6415
2024/09/27,459.1439,6.1813,-1.33,212822,460.2634,465.4154,458.9103
2024/09/26,465.3252,3.8158,+0.83,216287,465.8606,468.5813,462.4049
2024/09/25,461.5094,3.7184,-0.80,290136,463.6509,464.0695,458.6280
2024/09/24,465.2278,0.9442,+0.20,330474,461.4607,465.2960,461.3633
2024/09/23,464.2836,6.2299,+1.36,314784,467.2428,468.9171,463.5341
2024/09/20,458.0537,3.4070,-0.74,324789,458.3360,458.9590,453.7122
2024/09/19,461.4607,16.0907,+3.61,458789,457.7714,465.0526,457.6254
2024/09/18,445.3700,5.1494,-1.14,316847,449.9548,451.7362,444.3820
2024/09/17,450.5194,0.8177,-0.18,253637,454.2963,455.9316,450.2955
2024/09/16,451.3371,5.2857,-1.16,276290,456.0582,456.1361,450.1957
2024/09/13,456.6228,2.7353,-0.60,232062,458.7059,460.9156,456.0582
2024/09/12,459.3581,3.0663,-0.66,319890,453.5468,460.9058,453.0211
2024/09/11,462.4244,7.7582,+1.71,341587,455.5520,462.5412,451.4539
2024/09/10,454.6662,4.7698,-1.04,327820,458.7740,459.0369,450.1592
2024/09/09,459.4360,1.2460,+0.27,176717,459.1245,462.8429,457.8651
2024/09/06,458.1900,6.2786,-1.35,294913,469.8224,471.3507,456.8613
2024/09/05,464.4686,9.5103,-2.01,294619,460.3510,465.3446,458.7156
2024/09/04,473.9789,0.2336,+0.05,277900,471.1365,474.5435,465.8800
2024/09/03,473.7453,9.8413,-2.04,255457,484.4335,484.9883,471.6621
2024/08/30,483.5866,6.0352,+1.26,233198,481.1433,483.5866,478.7973
2024/08/29,477.5514,3.7477,+0.79,228787,476.2372,482.2187,474.1445
2024/08/28,473.8037,2.4530,-0.52,164771,477.5222,477.8721,471.6427
2024/08/27,476.2567,9.1599,+1.96,306750,469.9295,478.5248,469.3259
2024/08/26,467.0968,3.9813,-0.85,160521,469.3941,469.4427,466.8242
2024/08/23,471.0781,6.7166,+1.45,220547,467.7295,471.3896,467.4375
2024/08/22,464.3615,1.7035,-0.37,358010,467.6224,468.4109,461.1784
2024/08/21,466.0650,11.7395,+2.58,398115,462.4828,467.9826,461.5775
2024/08/20,454.3255,3.5725,+0.79,207570,455.5617,457.3139,452.7778
2024/08/19,450.7530,3.2707,+0.73,273677,448.3292,453.8096,448.3292
2024/08/16,447.4823,5.4219,+1.23,324683,445.9054,448.6407,444.5523
2024/08/15,442.0604,1.1973,+0.27,436761,446.1487,450.6946,441.3011
2024/08/14,440.8631,20.5295,+4.88,738482,426.2033,444.2798,426.2033
2024/08/13,420.3336,9.2281,+2.24,210996,412.6533,421.0393,412.1517
2024/08/12,411.1055,2.1610,+0.53,144596,409.8011,412.2736,407.3773
2024/08/09,408.9445,0.4283,-0.10,198644,409.9180,411.0374,408.2437
2024/08/08,409.3728,2.5309,+0.62,168692,404.6031,410.6286,401.2448
2024/08/07,406.8419,1.0999,+0.27,195374,414.1329,414.9700,406.1605
2024/08/06,405.7420,5.8016,-1.41,304523,403.8633,410.5117,403.4058
2024/08/05,411.5436,10.5227,-2.49,561832,403.3376,416.9947,402.0332
2024/08/02,422.0663,11.6519,+2.84,550059,412.8480,422.2220,411.0958
2024/08/01,410.4144,8.3812,+2.08,421757,418.0071,422.4459,405.1190
2024/07/31,402.0332,2.6671,+0.67,319611,400.6802,405.0119,397.6577
2024/07/30,399.3661,1.3920,-0.35,174686,403.2305,404.1066,398.2369
2024/07/29,400.7581,2.0441,-0.51,202226,398.8501,401.2740,396.1830
2024/07/26,402.8022,7.6705,+1.94,180757,399.1032,404.7868,397.6236
2024/07/25,395.1317,7.5440,-1.87,272372,397.9157,399.9061,393.4088
2024/07/24,402.6757,9.2475,-2.24,266669,405.3331,406.3066,402.0235
2024/07/23,411.9232,3.9132,-0.94,156528,410.0640,412.9356,409.8498
2024/07/22,415.8364,10.5909,+2.61,243464,410.0445,416.3036,408.5454
2024/07/19,405.2455,5.9574,-1.45,105482,408.3702,409.3046,405.2455
2024/07/18,411.2029,1.6743,+0.41,173108,415.5541,415.7196,408.6038
2024/07/17,409.5286,8.2838,-1.98,182137,412.0887,412.9940,409.1295
2024/07/16,417.8124,0.6424,+0.15,162213,415.3789,418.4159,414.1718
2024/07/15,417.1700,6.4245,-1.52,171173,423.8282,423.9644,415.7098
2024/07/12,423.5945,6.5122,+1.56,168098,418.7080,424.9379,418.7080
2024/07/11,417.0823,6.4052,-1.51,225406,422.1441,422.9131,416.1284
2024/07/10,423.4875,8.5272,+2.05,137266,417.6956,423.4875,417.6275
2024/07/09,414.9603,1.0610,-0.26,154954,417.3354,418.6496,414.5709
2024/07/08,416.0213,4.8574,+1.18,199758,418.5912,418.8442,415.7974
2024/07/05,411.1639,0.3213,-0.08,184874,412.7311,413.7046,407.1437
2024/07/03,411.4852,8.1184,+2.01,203656,408.5454,411.4852,406.9371
2024/07/02,403.3668,4.0299,+1.01,240766,395.5794,403.3668,395.1706
2024/07/01,399.3369,1.8203,+0.46,192545,400.0767,400.7581,397.6431
2024/06/28,397.5166,1.0610,-0.27,253494,398.9767,399.2298,396.3096
2024/06/27,398.5776,2.9787,-0.74,261097,399.1032,401.2545,398.1298
2024/06/26,401.5563,10.9996,-2.67,304313,406.1119,407.3189,401.4735
2024/06/25,412.5559,2.0831,+0.51,238744,411.5922,413.7484,411.5572
2024/06/24,410.4728,6.8432,+1.70,181545,409.8109,412.1330,408.7572
2024/06/21,403.6296,5.2955,-1.29,222377,401.7996,403.8535,399.2736
2024/06/20,408.9251,5.5777,+1.38,194959,407.7278,409.4312,405.1482
2024/06/18,403.3474,1.6548,-0.41,105967,404.1358,404.1358,400.1643
2024/06/17,405.0022,5.9184,+1.48,167603,401.2740,406.4526,399.1422
2024/06/14,399.0838,6.5219,-1.61,356105,393.6521,399.2784,392.2990
2024/06/13,405.6057,10.3961,-2.50,183680,408.8375,409.7135,403.8243
2024/06/12,416.0018,15.9835,+4.00,366462,412.0887,417.7345,410.9790
2024/06/11,400.0183,2.4724,-0.61,173678,400.0572,401.4248,398.2661
2024/06/10,402.4907,0.5353,+0.13,110028,400.2227,403.1819,399.8430
2024/06/07,401.9554,3.8839,-0.96,189270,403.8827,405.6252,400.9430
2024/06/06,405.8393,5.3344,-1.30,404266,411.9329,412.2834,405.4207
2024/06/05,411.1737,11.3501,+2.84,340435,409.4020,411.4706,405.9172
2024/06/04,399.8236,1.6451,+0.41,200450,399.6484,402.3739,399.2006
2024/06/03,398.1785,1.8982,-0.47,151522,398.4024,400.2519,395.5113
2024/05/31,400.0767,1.9664,+0.49,182452,397.7015,400.2908,396.4458
2024/05/30,398.1103,2.7158,+0.69,119183,396.7865,400.0475,396.5723
2024/05/29,395.3945,5.7919,-1.44,264284,396.0272,397.0396,394.0804
2024/05/28,401.1864,3.9131,-0.97,179773,404.1066,404.1066,399.2492
2024/05/24,405.0995,2.5601,+0.64,174330,405.2553,407.3773,404.4765
2024/05/23,402.5394,1.4796,-0.37,157542,406.8711,407.4698,401.4784
2024/05/22,404.0190,3.2318,-0.79,229329,406.8030,407.5817,402.8107
2024/05/21,407.2508,1.6743,+0.41,232102,403.6296,407.4552,403.1721
2024/05/20,405.5765,5.4998,-1.34,190482,408.5065,409.4215,405.3371
2024/05/17,411.0763,2.6574,+0.65,187925,410.0348,412.5754,408.6038
2024/05/16,408.4189,2.2973,+0.57,274121,409.5189,410.5117,407.2995
2024/05/15,406.1216,6.0255,+1.51,316051,400.6120,410.1418,400.0961
2024/05/14,400.0961,5.1494,+1.30,139116,396.1635,400.7191,395.9201
2024/05/13,394.9467,0.7106,+0.18,179530,395.5989,397.5166,394.6839
2024/05/10,394.2361,2.3654,-0.60,228519,392.6008,394.7277,389.8265
2024/05/09,396.6015,1.1778,+0.30,262308,393.4671,397.4192,393.3308
2024/05/08,395.4237,5.0813,+1.30,454646,389.3690,398.3829,388.6584
2024/05/07,390.3424,25.9515,-6.23,993182,408.3702,409.5967,390.3424
2024/05/06,416.2939,2.5601,-0.61,315940,415.2913,417.1310,414.1523
2024/05/03,418.8540,5.5777,+1.35,296861,420.5867,422.5627,417.4230
2024/05/02,413.2763,8.3909,+2.07,219970,412.0400,413.7046,408.7012
2024/05/01,404.8854,0.2337,+0.06,112895,406.8419,410.3755,403.2987
2024/04/30,404.6517,6.5609,-1.60,223644,405.4792,408.3702,402.0299
2024/04/29,411.2126,0.0195,-0,150791,407.7862,411.5144,406.5911
2024/04/26,411.2321,9.9776,+2.49,223531,405.9367,411.4949,405.6544
2024/04/25,401.2545,7.9042,-1.93,524043,400.6802,403.9947,398.9671
2024/04/24,409.1587,4.2928,-1.04,243838,411.3489,413.6170,406.8906
2024/04/23,413.4515,14.0854,+3.53,280826,407.4747,414.2400,406.4428
2024/04/22,399.3661,4.1068,+1.04,184849,395.6768,399.9939,394.7277
2024/04/19,395.2593,3.8399,-0.96,292536,402.2040,403.0455,394.7273
2024/04/18,399.0992,3.2692,-0.81,223411,400.4146,404.2062,396.8939
2024/04/17,402.3684,4.5073,+1.13,273760,405.4829,406.0052,399.8681
2024/04/16,397.8611,0.3965,+0.10,210295,398.5189,400.0084,396.2749
2024/04/15,397.4646,0.5127,+0.13,225409,405.7441,406.0633,396.5650
2024/04/12,396.9519,9.6530,-2.37,258423,398.0546,400.3179,396.3716
2024/04/11,406.6049,0.5416,+0.13,168549,406.2374,407.9880,401.7397
2024/04/10,406.0633,0.6577,-0.16,255792,400.6758,408.2008,400.6758
2024/04/09,406.7210,2.9500,-0.72,224550,408.6554,409.2455,401.6430
2024/04/08,409.6710,4.5363,+1.12,294045,410.6286,411.7603,407.8043
2024/04/05,405.1347,4.6717,+1.17,193024,402.0299,407.5818,401.1884
2024/04/04,400.4630,5.3004,-1.31,438498,405.6957,409.4679,400.0374
2024/04/03,405.7634,0.0774,-0.02,313345,399.6118,407.3980,397.4162
2024/04/02,405.8408,11.7615,-2.82,315299,411.9827,412.6211,405.2992
2024/04/01,417.6023,4.0527,-0.96,172108,421.1618,422.4820,415.9580
2024/03/28,421.6550,3.1145,-0.73,182361,423.1446,424.3053,421.2875
2024/03/27,424.7695,1.1510,+0.27,135745,428.1162,428.2225,424.2182
2024/03/26,423.6185,1.5669,-0.37,179273,427.0135,428.2903,423.6185
2024/03/25,425.1854,6.0935,+1.45,192592,424.4794,427.7486,424.0828
2024/03/22,419.0919,2.1086,+0.51,136200,417.9022,420.7362,416.7995
2024/03/21,416.9833,2.9307,-0.70,246621,418.1827,419.5755,414.4879
2024/03/20,419.9140,0.7544,+0.18,251069,418.5986,421.2585,417.0897
2024/03/19,419.1596,6.6062,+1.60,363828,417.0800,419.3917,414.9425
2024/03/18,412.5534,1.9248,+0.47,227481,412.4470,415.3342,410.8027
2024/03/15,410.6286,4.0237,+0.99,214805,408.6168,410.6286,407.3980
2024/03/14,406.6049,2.0022,-0.49,196673,410.6866,410.9381,405.2798
2024/03/13,408.6071,1.4992,-0.37,168286,407.5141,411.1383,406.7016
2024/03/12,410.1063,10.6396,+2.66,424066,402.2330,411.1316,400.6081
2024/03/11,399.4667,7.4864,-1.84,265970,403.6162,404.3851,399.4281
2024/03/08,406.9531,0.9769,-0.24,288216,410.5996,412.4857,406.9338
2024/03/07,407.9300,4.9522,+1.23,169427,406.0633,407.9694,404.9026
2024/03/06,402.9778,5.0006,+1.26,375879,398.5769,403.3840,398.0352
2024/03/05,397.9772,2.0409,-0.51,231553,399.6408,400.1922,396.5070
2024/03/04,400.0181,11.3940,-2.77,409702,397.6483,401.4496,395.3947
2024/03/01,411.4121,0.5610,+0.14,223822,411.0735,412.5788,409.0520
2024/02/29,410.8511,3.6658,-0.88,500275,413.8108,413.8688,404.3948
2024/02/28,414.5169,7.0125,+1.72,353418,412.1955,415.9871,411.2283
2024/02/27,407.5044,1.9151,+0.47,419124,405.0670,410.2610,403.6839
2024/02/26,405.5893,3.1532,+0.78,330441,405.4829,406.1212,402.9681
2024/02/23,402.4361,4.0817,+1.02,292078,402.1170,404.1094,400.5017
2024/02/22,398.3544,9.2661,+2.38,338539,394.3017,399.4571,394.3017
2024/02/21,389.0883,11.4326,+3.03,363535,381.3215,389.4849,381.0120
2024/02/20,377.6557,1.1801,+0.31,264000,377.6847,379.5000,376.5820
2024/02/16,376.4756,0.1257,+0.03,239471,378.0426,378.7390,376.0888
2024/02/15,376.3499,6.4321,+1.74,191238,375.5955,377.0173,373.6114
2024/02/14,369.9178,5.4262,+1.49,166646,367.5481,370.3434,366.3874
2024/02/13,364.4916,10.0689,-2.69,287955,366.3681,368.1478,363.0118
2024/02/12,374.5605,5.1360,-1.35,242312,377.2204,377.8008,373.6755
2024/02/09,379.6965,7.1672,+1.92,261413,377.1430,380.6928,376.5337
2024/02/08,372.5293,3.9753,+1.08,280217,368.5540,373.1000,367.5481
2024/02/07,368.5540,2.4277,+0.66,315509,371.4751,373.2451,368.2252
2024/02/06,366.1263,6.6449,+1.85,329757,361.5416,366.8418,361.5416
2024/02/05,359.4814,7.3413,-2.00,462840,358.7656,362.3637,356.7151
2024/02/02,366.8227,9.8657,-2.62,718222,367.4224,367.9350,359.3266
2024/02/01,376.6884,42.1036,+12.58,1664421,360.5647,378.5939,360.4776
2024/01/31,334.5848,3.3757,-1.00,399719,341.5392,343.0626,334.5848
2024/01/30,337.9605,4.3332,+1.30,395267,336.5967,338.8213,335.9099
2024/01/29,333.6273,4.6040,+1.40,310740,328.6654,333.6853,327.6304
2024/01/26,329.0233,4.6718,+1.44,521339,327.8916,329.8261,326.8760
2024/01/25,324.3515,0.0967,+0.03,389539,323.0264,324.3515,319.3364
2024/01/24,324.2548,1.8764,+0.58,350301,325.9184,326.3392,323.6551
2024/01/23,322.3784,3.7335,-1.14,379175,323.0167,323.2102,319.7088
2024/01/22,326.1119,11.8486,-3.51,505388,330.5805,331.4317,326.0925
2024/01/19,337.9605,2.2343,+0.67,200546,334.9330,338.7246,334.3430
2024/01/18,335.7262,3.6852,+1.11,236816,334.4011,336.2146,333.5306
2024/01/17,332.0410,3.3370,-0.99,300431,330.9480,332.4376,328.6992
2024/01/16,335.3780,4.4105,-1.30,378448,329.7970,336.4709,328.7041
2024/01/12,339.7885,0.7447,+0.22,257741,338.9567,339.9336,336.9449
2024/01/11,339.0438,0.8608,-0.25,260842,341.9358,342.6076,336.3452
2024/01/10,339.9046,8.0570,+2.43,561903,335.0684,339.9723,334.1399
2024/01/09,331.8476,1.0156,-0.31,427128,331.6444,333.9174,329.8938
2024/01/08,332.8632,8.9082,+2.75,378818,327.6498,332.9696,327.6498
2024/01/05,323.9550,0.4933,+0.15,273292,322.4364,326.4407,322.3687
2024/01/04,323.4617,1.0350,+0.32,323063,324.5837,326.9630,323.1086
2024/01/03,322.4267,4.2268,-1.29,284933,320.8695,324.0517,320.4439
2024/01/02,326.6535,0.6868,-0.21,353796,325.1930,326.8663,324.0710
2023/12/29,327.3403,1.4315,+0.44,281023,327.8916,329.0523,325.5606
2023/12/28,325.9088,1.3444,-0.41,194679,327.4660,327.8577,325.8314
2023/12/27,327.2532,2.3697,+0.73,343447,328.5783,328.7524,326.5278
2023/12/26,324.8835,1.2284,+0.38,232058,323.4617,326.1311,323.3069
2023/12/22,323.6551,1.3832,-0.43,412160,326.5858,327.0066,323.4665
2023/12/21,325.0383,2.9210,-0.89,573353,327.6981,327.6981,323.6503
2023/12/20,327.9593,9.2757,-2.75,589301,335.3006,335.4360,327.3886
2023/12/19,337.2350,1.6926,+0.50,434078,334.0915,337.9411,333.6853
2023/12/18,335.5424,7.3413,-2.14,656782,335.1458,336.4806,333.0276
2023/12/15,342.8837,9.0436,-2.57,507587,348.8999,349.1223,342.7676
2023/12/14,351.9273,5.8518,-1.64,430168,350.8730,353.7264,349.1320
2023/12/13,357.7791,1.4024,-0.39,418276,354.9934,357.8661,352.4496
2023/12/12,359.1815,0.5900,-0.16,206369,358.1176,359.6458,357.0720
2023/12/11,359.7715,5.0392,+1.42,320426,357.0149,360.2165,356.2895
2023/12/08,354.7323,2.9017,+0.82,401059,352.8849,356.1831,352.8462
2023/12/07,351.8306,2.0022,+0.57,244265,352.8558,352.8558,349.4802
2023/12/06,349.8284,0.5417,-0.15,272345,354.0068,354.2970,349.4028
2023/12/05,350.3701,8.3182,+2.43,262223,346.0949,350.8730,345.9401
2023/12/04,342.0519,3.2402,-0.94,408964,342.7289,344.4603,341.5779
2023/12/01,345.2921,1.9054,-0.55,484851,346.6172,347.4442,343.9089
2023/11/30,347.1975,7.2156,-2.04,451081,349.8091,350.7569,345.3211
2023/11/29,354.4131,1.7894,-0.50,258281,356.3862,357.6436,353.4362
2023/11/28,356.2025,1.3444,-0.38,292789,355.7092,357.5566,354.4421
2023/11/27,357.5469,2.1472,+0.60,214551,355.9316,357.7887,355.7382
2023/11/24,355.3997,3.0855,+0.88,157664,353.3298,356.5217,352.7881
2023/11/22,352.3142,3.0565,+0.88,135022,353.6490,353.9391,350.9697
2023/11/21,349.2577,3.1242,-0.89,242215,350.4861,352.3626,348.5420
2023/11/20,352.3819,4.8168,+1.39,352815,349.6543,353.5668,349.1320
2023/11/17,347.5651,5.1554,+1.51,295091,345.2244,347.6521,344.5376
2023/11/16,342.4097,2.2536,+0.66,285974,341.2587,343.2899,340.5082
2023/11/15,340.1561,2.0022,-0.59,395024,343.0965,343.4592,339.7499
2023/11/14,342.1583,12.0614,+3.65,397402,339.1308,342.3759,338.3957
2023/11/13,330.0969,1.6637,+0.51,237468,327.2339,332.5827,327.0791
2023/11/10,328.4332,3.5497,+1.09,214905,325.4251,328.8627,323.2779
2023/11/09,324.8835,1.2864,-0.39,253978,327.7755,328.8782,324.2161
2023/11/08,326.1699,3.7238,+1.15,361513,327.5337,329.1587,323.4133
2023/11/07,322.4461,0.1257,-0.04,328778,321.4402,322.5138,319.8636
2023/11/06,322.5718,2.0215,+0.63,483856,322.3880,325.8604,320.9372
2023/11/03,320.5503,7.7282,+2.47,509926,318.6062,321.1209,317.7308
2023/11/02,312.8221,17.8357,+6.05,639899,308.5470,314.6889,305.2003
2023/11/01,294.9864,3.2306,+1.11,561909,292.1427,295.6441,291.7945
2023/10/31,291.7558,2.1763,+0.75,581081,290.4114,293.6516,290.1695
2023/10/30,289.5795,1.1123,+0.39,508904,290.4984,292.0847,288.7477
2023/10/27,288.4672,1.0930,+0.38,591156,291.3302,291.9299,287.6161
2023/10/26,287.3742,2.1280,-0.74,312683,289.4151,290.1870,286.6295
2023/10/25,289.5022,1.5379,-0.53,325512,290.1695,291.4656,287.9643
2023/10/24,291.0401,2.3793,-0.81,377721,290.8950,292.7230,290.8950
2023/10/23,293.4194,1.6056,+0.55,348781,290.8466,295.9149,290.2759
2023/10/20,291.8138,0.2998,+0.10,346038,292.0363,293.3131,290.7982
2023/10/19,291.5140,2.0312,-0.69,521018,292.2588,293.9611,290.2759
2023/10/18,293.5452,5.8808,-1.96,300142,296.1470,297.1433,293.2260
2023/10/17,299.4260,5.2907,-1.74,337815,298.2169,302.1052,297.4818
2023/10/16,304.7167,2.9210,+0.97,429467,301.7957,306.6995,301.6893
2023/10/13,301.7957,2.8534,+0.95,717210,303.7495,304.2138,301.5152
2023/10/12,298.9423,0.7255,-0.24,291424,302.8016,303.1305,297.3561
2023/10/11,299.6678,4.4590,+1.51,365923,302.4147,302.8016,297.8252
2023/10/10,295.2088,4.5460,+1.56,398975,296.9692,299.0874,294.5705
2023/10/09,290.6628,4.7298,-1.60,194099,290.1889,291.5720,288.1384
2023/10/06,295.3926,5.2714,+1.82,266129,290.1405,295.4023,287.8966
2023/10/05,290.1212,0.3482,+0.12,234490,290.6048,291.3302,287.3404
2023/10/04,289.7730,4.8749,+1.71,167468,286.1362,289.7730,284.7724
2023/10/03,284.8981,1.9732,-0.69,242427,285.8750,287.4976,283.8729
2023/10/02,286.8713,1.0156,+0.36,256512,286.0685,287.7321,285.3382
2023/09/29,285.8557,1.0640,+0.37,262214,289.0476,290.3823,283.9696
2023/09/28,284.7917,6.6062,+2.37,274627,281.3871,285.4495,280.4199
2023/09/27,278.1855,1.8087,+0.65,308055,279.8395,280.7487,275.6804
2023/09/26,276.3768,2.2924,-0.82,229003,278.2629,279.5445,276.2318
2023/09/25,278.6692,0.1354,-0.05,213228,277.6923,279.7718,276.4155
2023/09/22,278.8046,3.2112,-1.14,240880,281.0002,282.7702,278.8046
2023/09/21,282.0158,10.9684,-3.74,414479,287.0164,287.1615,281.9094
2023/09/20,292.9842,3.6755,+1.27,243523,294.9380,297.8267,292.8681
2023/09/19,289.3087,0.5513,-0.19,207822,290.9240,291.9366,289.2023
2023/09/18,289.8600,1.2381,-0.43,166840,290.1695,290.7209,287.7418
2023/09/15,291.0981,1.6540,-0.56,403002,293.9804,296.0890,291.0304
2023/09/14,292.7521,3.5014,+1.21,211316,289.7343,293.2357,288.8251
2023/09/13,289.2507,0.8995,+0.31,236961,288.6607,289.8020,287.3839
2023/09/12,288.3512,4.4105,-1.51,223122,289.4248,292.1040,288.0416
2023/09/11,292.7617,5.3101,+1.85,258407,288.8638,293.0616,287.6644
2023/09/08,287.4516,1.5476,-0.54,295875,289.3087,290.7499,286.9680
2023/09/07,288.9992,3.5981,-1.23,567342,288.9605,289.9374,286.9003
2023/09/06,292.5973,2.5728,-0.87,388694,293.0712,293.9418,290.3533
2023/09/05,295.1701,3.0468,-1.02,273950,297.2303,297.2303,294.1062
2023/09/01,298.2169,9.1113,-2.96,598805,302.5018,302.5018,295.7601
2023/08/31,307.3282,2.4665,-0.80,214442,309.0306,310.4814,306.8833
2023/08/30,309.7947,0.2902,-0.09,209242,309.2627,312.1064,309.2627
2023/08/29,310.0849,7.0415,+2.32,295972,301.8247,310.1332,301.8247
2023/08/28,303.0434,1.9828,+0.66,141827,301.9214,303.3142,301.4281
2023/08/25,301.0606,3.6078,+1.21,200184,301.0993,302.3277,297.3077
2023/08/24,297.4528,5.0876,-1.68,168180,302.3567,302.5985,297.2594
2023/08/23,302.5404,2.1569,+0.72,139959,299.1648,303.5464,298.7609
2023/08/22,300.3835,1.3638,-0.45,201342,301.9021,302.9370,299.8902
2023/08/21,301.7473,6.0162,+2.03,141841,301.9504,302.6178,299.5227
2023/08/18,295.7311,0.2612,-0.09,411615,293.5452,297.0272,291.8622
2023/08/17,295.9923,7.0801,-2.34,332689,301.9698,301.9698,295.9342
2023/08/16,303.0724,2.3214,-0.76,194498,304.7941,306.7672,302.8886
2023/08/15,305.3938,0.1645,+0.05,189643,304.2234,306.3223,304.0494
2023/08/14,305.2293,4.2364,+1.41,211161,300.0547,305.9389,300.0547
2023/08/11,300.9929,3.4530,-1.13,279678,302.8886,303.2272,300.7511
2023/08/10,304.4459,3.0468,+1.01,361899,305.8677,308.2084,303.3384
2023/08/09,301.3991,0.6093,+0.20,266531,303.4980,303.9816,299.4211
2023/08/08,300.7898,1.2187,-0.40,327278,298.5845,300.7898,297.1239
2023/08/07,302.0085,0.7641,+0.25,235281,302.2019,302.5308,298.7392
2023/08/04,301.2444,2.6212,-0.86,255288,305.0939,305.7323,301.0509
2023/08/03,303.8656,0.5804,+0.19,324198,301.7763,305.9548,301.5442
2023/08/02,303.2852,3.9270,-1.28,564616,301.6796,311.6034,301.5442
2023/08/01,307.2122,2.6792,-0.86,353088,306.6125,309.0693,306.1966
2023/07/31,309.8914,1.3831,-0.44,274011,311.9323,311.9323,308.8758
2023/07/28,311.2745,4.4009,+1.43,308251,311.1682,313.0059,310.6265
2023/07/27,306.8736,0.0774,-0.03,329853,310.8683,311.5260,306.0805
2023/07/26,306.9510,1.1993,+0.39,177408,304.0397,308.1891,303.7301
2023/07/25,305.7517,1.0155,-0.33,278407,304.1267,306.9321,303.5754
2023/07/24,306.7672,0.8222,-0.27,220894,306.9800,308.2181,306.0718
2023/07/21,307.5894,0.6287,-0.20,290709,310.4911,310.4911,307.5120
2023/07/20,308.2181,2.3504,-0.76,413274,309.7850,310.2009,307.1106
2023/07/19,310.5685,5.0586,-1.60,374478,312.7157,313.7797,310.0752
2023/07/18,315.6271,2.3117,-0.73,267421,315.5304,316.0430,312.9285
2023/07/17,317.9388,0.0677,-0.02,350980,317.7260,319.0704,316.8845
2023/07/14,318.0065,5.2424,+1.68,345601,316.1784,318.7029,315.8786
2023/07/13,312.7641,0.6577,+0.21,387954,315.1628,315.4324,312.4159
2023/07/12,312.1064,4.1495,+1.35,458874,309.6980,312.4546,308.5373
2023/07/11,307.9569,0.0967,+0.03,390939,308.5470,309.8334,306.9655
2023/07/10,307.8602,3.6755,+1.21,349979,303.9526,308.3535,303.7108
2023/07/07,304.1847,0.9285,+0.31,343376,304.3298,307.1541,302.5308
2023/07/06,303.2562,6.2677,-2.02,466425,302.6372,304.4459,301.0025
2023/07/05,309.5239,5.6679,-1.80,408449,311.0618,312.2224,309.1563
2023/07/03,315.1918,0.6383,+0.20,232036,314.8533,315.3369,312.5126
2023/06/30,314.5535,4.3913,+1.42,539496,314.1956,316.3525,313.2670
2023/06/29,310.1622,2.6212,+0.85,488048,307.9279,312.1451,307.8215
2023/06/28,307.5410,3.7432,+1.23,345933,305.0069,307.5894,305.0069
2023/06/27,303.7978,7.3509,+2.48,249081,299.1164,304.1653,298.9907
2023/06/26,296.4469,0.9962,-0.33,149964,297.4238,298.6328,295.8279
2023/06/23,297.4431,0.2224,+0.07,441241,296.1277,298.8843,295.8569
2023/06/22,297.2207,0.9769,-0.33,277179,296.4179,298.8166,295.9729
2023/06/21,298.1976,2.0699,+0.70,413802,297.0466,298.9907,295.5280
2023/06/20,296.1277,1.7990,-0.60,367828,296.6500,297.9654,295.2862
2023/06/16,297.9267,1.8474,+0.62,304917,298.5941,299.1551,296.5726
2023/06/15,296.0793,3.2112,+1.10,679837,295.4506,296.6790,293.7096
2023/06/14,292.8681,2.5922,+0.89,432312,294.7349,295.2185,290.8660
2023/06/13,290.2759,0.4546,-0.16,371566,291.3979,292.6457,290.1115
2023/06/12,290.7305,2.6889,+0.93,284366,290.6919,291.9493,289.2990
2023/06/09,288.0416,0.4256,-0.15,272080,287.6547,289.1008,286.9051
2023/06/08,288.4672,3.5884,+1.26,299081,286.8810,289.2120,286.8810
2023/06/07,284.8788,2.5051,-0.87,325742,285.9718,288.3657,284.4726
2023/06/06,287.3839,0.6674,+0.23,322842,287.2001,288.0658,286.2232
2023/06/05,286.7165,2.0989,-0.73,173988,288.4189,288.0755,286.1846
2023/06/02,288.8154,5.3294,+1.88,376855,288.5253,290.4500,287.8288
2023/06/01,283.4860,6.2097,+2.24,278647,279.4043,283.5827,278.6788
2023/05/31,277.2763,0.6674,-0.24,498488,278.7369,278.9787,273.9201
2023/05/30,277.9437,3.2886,-1.17,418887,282.6058,282.6058,277.8180
2023/05/26,281.2323,4.0237,+1.45,229377,278.9110,282.0255,278.7369
2023/05/25,277.2086,0.3482,-0.13,236073,277.1022,278.0211,275.9609
2023/05/24,277.5568,2.8437,-1.01,460143,276.8798,278.0405,274.6600
2023/05/23,280.4005,11.2489,-3.86,559295,283.1668,283.1668,278.9110
2023/05/22,291.6494,3.1822,+1.10,244854,288.8348,292.9310,288.6220
2023/05/19,288.4672,2.9791,+1.04,404923,288.6994,289.4151,287.4129
2023/05/18,285.4881,1.7700,+0.62,377748,286.1265,286.5714,283.9793
2023/05/17,283.7181,0.7061,+0.25,254541,284.6757,284.7724,283.2152
2023/05/16,283.0120,0.3869,-0.14,327599,285.6622,286.0491,282.8283
2023/05/15,283.3989,3.1629,-1.10,326673,286.1072,286.5714,283.0024
2023/05/12,286.5618,2.5729,+0.91,407191,287.1421,287.3259,284.6176
2023/05/11,283.9889,1.3831,+0.49,344335,284.7047,284.9949,283.0314
2023/05/10,282.6058,1.9441,-0.68,453050,284.5596,285.4156,281.1840
2023/05/09,284.5499,2.6889,-0.94,391695,285.5849,286.8326,284.4339
2023/05/08,287.2388,0.1547,+0.05,307167,287.9836,288.0571,285.9718
2023/05/05,287.0841,4.8555,+1.72,480810,285.9215,287.9836,284.9465
2023/05/04,282.2286,13.6864,+5.10,978985,280.6520,284.0180,279.2785
2023/05/03,268.5422,1.7990,+0.67,341329,269.6546,272.2854,268.3681
2023/05/02,266.7432,3.2499,-1.20,308448,265.2730,267.2655,264.4315
2023/05/01,269.9931,0.4836,+0.18,168497,270.4187,271.0329,269.5288
2023/04/28,269.5095,0.3869,+0.14,396503,266.2402,269.8238,265.6212
2023/04/27,269.1226,2.7373,+1.03,482079,267.3235,269.7319,266.2789
2023/04/26,266.3853,1.7410,-0.65,336090,269.1032,270.0898,265.6309
2023/04/25,268.1263,2.8824,-1.06,258255,270.7862,270.9990,268.0586
2023/04/24,271.0087,4.0117,+1.50,326705,269.7029,271.4481,269.7029
2023/04/21,266.9970,1.9494,+0.74,337676,265.8254,267.7124,263.8760
2023/04/20,265.0476,2.5256,-0.94,446571,262.3587,265.6814,261.8785
2023/04/19,267.5732,1.8918,-0.70,283154,268.8504,269.0713,267.1795
2023/04/18,269.4650,0.4225,-0.16,322215,269.0233,270.4637,267.8570
2023/04/17,269.8875,4.3119,-1.57,351499,269.4842,270.2332,266.8914
2023/04/14,274.1994,2.4872,+0.92,481095,273.6328,275.2365,273.0662
2023/04/13,271.7122,6.0596,+2.28,707909,271.7698,273.5560,268.6199
2023/04/12,265.6526,2.3144,+0.88,306359,266.3728,267.1554,264.9851
2023/04/11,263.3382,1.1812,+0.45,236869,263.3766,264.6922,262.6468
2023/04/10,262.1570,1.0083,+0.39,210743,259.3625,262.4537,259.3595
2023/04/06,261.1487,1.3349,+0.51,419309,258.8055,262.8580,258.8055
2023/04/05,259.8138,0.2689,-0.10,379909,264.0776,264.3561,258.8055
2023/04/04,260.0827,0.1056,-0.04,202484,262.5315,262.8004,259.4825
2023/04/03,260.1883,0.0000,0,194054,259.4777,260.7453,258.1333
2023/03/31,260.1883,1.9590,+0.76,247107,259.9771,261.3119,259.4681
2023/03/30,258.2293,0.0288,+0.01,261809,258.5942,259.2856,257.1729
2023/03/29,258.2005,2.4584,+0.96,193791,259.0840,259.5161,257.3266
2023/03/28,255.7421,0.1345,+0.05,208833,256.2222,256.3567,254.3880
2023/03/27,255.6076,0.7682,+0.30,246859,257.5571,257.9700,254.9162
2023/03/24,254.8394,0.7202,-0.28,340307,253.7446,255.1707,250.8925
2023/03/23,255.5596,0.9123,+0.36,340813,258.3637,259.9771,253.7380
2023/03/22,254.6473,1.4117,-0.55,295910,258.3829,260.2460,254.6473
2023/03/21,256.0590,3.9949,+1.58,272891,255.1563,256.6928,254.6953
2023/03/20,252.0641,3.1499,+1.27,273284,252.3137,253.2741,250.2971
2023/03/17,248.9142,4.9553,-1.95,369108,248.0883,250.0282,246.7823
2023/03/16,253.8695,7.7498,+3.15,434618,246.1485,254.7818,246.1485
2023/03/15,246.1197,6.3477,-2.51,422670,244.1991,246.8015,242.1632
2023/03/14,252.4674,2.7273,+1.09,437185,252.1409,253.3221,250.2395
2023/03/13,249.7401,1.1236,-0.45,323313,247.9539,251.2670,247.5890
2023/03/10,250.8637,3.3131,-1.30,496107,255.2235,255.2235,249.0583
2023/03/09,254.1768,4.7823,-1.85,252330,257.5091,258.1045,252.6883
2023/03/08,258.9591,0.9507,+0.37,171786,257.9124,260.0154,256.7216
2023/03/07,258.0084,1.6230,-0.63,280670,262.6852,263.2037,257.4995
2023/03/06,259.6314,1.0467,-0.40,783181,262.6468,262.9733,259.2184
2023/03/03,260.6781,6.5974,+2.60,515339,261.1102,262.3058,259.7994
2023/03/02,254.0807,1.7862,+0.71,211942,251.9104,254.5321,251.1230
2023/03/01,252.2945,2.2567,+0.90,211735,255.1563,255.2523,251.7376
2023/02/28,250.0378,0.9507,-0.38,366187,249.4136,251.6895,248.6117
2023/02/27,250.9885,2.1607,+0.87,203752,250.5276,252.1793,250.1818
2023/02/24,248.8278,2.9194,-1.16,256370,247.4737,249.7017,246.8783
2023/02/23,251.7472,1.4885,+0.59,268617,253.4853,254.1191,250.8925
2023/02/22,250.2587,2.1127,-0.84,298778,251.4206,251.8768,249.2695
2023/02/21,252.3714,3.9181,-1.53,345532,252.6018,253.1588,251.3918
2023/02/17,256.2895,0.9604,+0.38,262342,254.3784,256.9713,253.8695
2023/02/16,255.3291,1.2965,-0.51,226445,254.7818,258.0420,253.6534
2023/02/15,256.6256,1.5557,+0.61,294369,253.5141,256.6976,253.5141
2023/02/14,255.0699,2.0839,+0.82,206340,250.8829,255.6364,250.6236
2023/02/13,252.9860,3.6108,+1.45,241539,251.2286,254.3880,250.7964
2023/02/10,249.3752,6.3669,-2.49,588016,248.0499,249.8073,246.7247
2023/02/09,255.7421,0.2401,-0.09,319423,258.8823,259.4009,254.5513
2023/02/08,255.9822,0.3361,-0.13,463791,255.8861,257.2114,254.6281
2023/02/07,256.3183,5.3778,+2.14,484089,252.0929,256.6448,251.8696
2023/02/06,250.9405,1.2196,+0.49,411589,250.0666,252.5730,248.6837
2023/02/03,249.7209,5.2241,-2.05,808366,250.1146,253.5237,249.3944
2023/02/02,254.9450,11.6774,+4.80,1240759,254.6761,259.6218,252.1889
2023/02/01,243.2676,1.9303,+0.80,818573,239.8968,246.2830,239.3399
2023/01/31,241.3373,0.0576,+0.02,737984,236.8142,241.6062,236.7278
2023/01/30,241.2797,2.3720,-0.97,501216,243.6805,244.9385,240.6555
2023/01/27,243.6517,5.7139,+2.40,836058,238.9461,245.9196,238.9461
2023/01/26,237.9378,2.1031,+0.89,377508,236.9679,238.6420,236.5261
2023/01/25,235.8347,1.4789,+0.63,286598,233.1266,236.0268,232.7425
2023/01/24,234.3558,0.3841,+0.16,295453,233.0690,234.7351,232.2143
2023/01/23,233.9717,1.2100,+0.52,388507,232.3487,235.5466,232.0703
2023/01/20,232.7617,4.2158,+1.84,324730,230.6682,232.8769,230.0152
2023/01/19,228.5459,1.6517,-0.72,630171,229.9480,230.4761,227.2783
2023/01/18,230.1976,1.7765,+0.78,589682,232.3391,233.0114,230.1976
2023/01/17,228.4211,1.8631,+0.82,354309,227.9409,230.2802,227.9409
2023/01/13,226.5580,0.0768,+0.03,194113,225.4633,227.0670,225.3000
2023/01/12,226.4812,2.0455,+0.91,343554,224.8295,227.6912,223.4370
2023/01/11,224.4357,1.6901,+0.76,346414,223.7155,225.5593,223.2161
2023/01/10,222.7456,3.0538,+1.39,309999,220.9690,222.9184,220.1623
2023/01/09,219.6918,4.5039,+2.09,588057,220.8730,223.5138,219.6918
2023/01/06,215.1879,7.6826,+3.70,221685,208.2352,215.8841,207.6206
2023/01/05,207.5053,3.4476,-1.63,214372,208.6289,209.7813,207.2076
2023/01/04,210.9529,4.1294,+2.00,369399,210.5015,210.9529,208.0143
2023/01/03,206.8235,1.1043,+0.54,329492,208.0623,210.0790,205.4791
2022/12/30,205.7192,2.2759,-1.09,147009,206.9868,207.7070,204.3603
2022/12/29,207.9951,6.0884,+3.02,197091,205.3062,208.3202,205.2198
2022/12/28,201.9067,1.6805,-0.83,169966,203.5872,204.7780,201.7002
2022/12/27,203.5872,0.9507,+0.47,198141,203.3952,204.5188,201.9547
2022/12/23,202.6365,1.4885,-0.73,231159,202.4349,203.8849,201.5514
2022/12/22,204.1250,1.2869,-0.63,188105,204.7396,204.8933,202.0027
2022/12/21,205.4119,0.1824,-0.09,348875,205.2966,206.4874,205.0661
2022/12/20,205.5943,1.9591,-0.94,217465,204.9797,206.4490,204.7492
2022/12/19,207.5534,1.9014,-0.91,200668,209.7141,209.7141,207.5053
2022/12/16,209.4548,4.1197,-1.93,162429,212.2781,213.5073,209.4548
2022/12/15,213.5745,2.6697,-1.23,230794,215.1399,215.6680,212.3838
2022/12/14,216.2442,0.2977,-0.14,213812,216.9549,218.2993,215.2167
2022/12/13,216.5419,2.8425,+1.33,357481,220.1239,221.0381,214.0835
2022/12/12,213.6994,1.7382,+0.82,153037,213.4689,213.9251,212.2301
2022/12/09,211.9612,0.3745,+0.18,156349,211.2506,212.7487,210.7128
2022/12/08,211.5867,0.2401,+0.11,238246,210.9145,211.9324,210.0214
2022/12/07,211.3466,0.9795,-0.46,202893,212.2205,213.8818,211.0489
2022/12/06,212.3261,2.4777,-1.15,313719,214.6213,214.9478,210.2615
2022/12/05,214.8038,2.7849,-1.28,387642,217.9152,218.0304,214.8038
2022/12/02,217.5887,1.4404,-0.66,368416,215.7257,217.6847,214.5445
2022/12/01,219.0291,4.8303,+2.26,311643,217.2045,219.3365,216.0138
2022/11/30,214.1988,7.5193,+3.64,294249,210.9337,214.1988,209.4260
2022/11/29,206.6795,0.7010,-0.34,232720,206.9964,208.5041,206.5402
2022/11/28,207.3805,2.1031,-1.00,211985,210.2807,211.1642,207.2653
2022/11/25,209.4836,0.5282,+0.25,73141,208.9458,210.2134,208.9266
2022/11/23,208.9554,1.1812,+0.57,222030,208.0143,209.8245,207.8607
2022/11/22,207.7742,2.1511,+1.05,169285,206.3818,208.4080,205.9736
2022/11/21,205.6231,2.1223,-1.02,189241,206.3338,207.4285,205.4455
2022/11/18,207.7454,2.6697,+1.30,149437,205.9208,207.8415,205.1238
2022/11/17,205.0757,0.3746,-0.18,362278,202.7230,205.3182,202.5789
2022/11/16,205.4503,1.4404,-0.70,202169,205.8920,206.6219,204.8357
2022/11/15,206.8907,2.5736,+1.26,301793,207.3709,208.2832,204.1442
2022/11/14,204.3171,3.9373,-1.89,356020,207.3325,207.9951,204.3171
2022/11/11,208.2544,3.8989,+1.91,457817,206.4682,209.8677,205.9016
2022/11/10,204.3555,10.8612,+5.61,464389,203.4720,205.7288,202.4564
2022/11/09,193.4943,2.6985,-1.38,272125,194.2146,196.9803,193.2638
2022/11/08,196.1928,4.2350,+2.21,401881,194.1569,198.1711,193.9457
2022/11/07,191.9578,0.6626,+0.35,311036,192.4668,193.0238,190.7622
2022/11/04,191.2952,6.4149,+3.47,588778,193.6864,194.9444,189.3938
2022/11/03,184.8803,0.8931,+0.49,550007,181.6536,186.0903,181.4327
2022/11/02,183.9872,5.1569,-2.73,619787,185.2452,189.7923,182.7382
2022/11/01,189.1441,0.1825,+0.10,311529,192.8893,193.7152,187.8380
2022/10/31,188.9616,1.8054,-0.95,289336,188.9328,190.2388,187.5211
2022/10/28,190.7670,2.2663,+1.20,371386,188.8176,191.2664,188.0493
2022/10/27,188.5007,0.8546,-0.45,272002,190.8726,191.3000,188.2990
2022/10/26,189.3553,0.6434,+0.34,268082,187.8957,191.5257,187.6076
2022/10/25,188.7119,4.5903,+2.49,367254,186.4360,190.9999,186.3688
2022/10/24,184.1216,3.2266,+1.78,416171,181.9801,185.1300,181.8937
2022/10/21,180.8950,1.6422,+0.92,297627,177.5627,181.2023,176.8424
2022/10/20,179.2528,0.8739,-0.49,271377,180.1267,182.1434,178.2061
2022/10/19,180.1267,3.3131,-1.81,186492,181.6152,182.1818,178.7150
2022/10/18,183.4398,2.3336,+1.29,275224,185.0915,185.8022,182.3546
2022/10/17,181.1062,7.6441,+4.41,321242,179.3104,181.5864,178.5230
2022/10/14,173.4621,2.7081,-1.54,404245,178.2157,178.8783,173.4045
2022/10/13,176.1702,0.9123,+0.52,482233,170.9365,176.6984,169.8033
2022/10/12,175.2579,0.6242,-0.35,332772,175.7380,176.9961,174.7777
2022/10/11,175.8821,0.9987,+0.57,335319,176.0742,178.6190,174.7777
2022/10/10,174.8834,2.7753,-1.56,513937,177.2554,177.5146,173.8366
2022/10/07,177.6587,5.6466,-3.08,354579,180.0019,180.1267,177.3706
2022/10/06,183.3053,2.5353,-1.36,346436,183.1709,184.6114,181.7026
2022/10/05,185.8406,0.2497,-0.13,376167,181.8937,186.9257,179.9923
2022/10/04,186.0903,6.7991,+3.79,530658,184.8899,188.2702,184.8899
2022/10/03,179.2912,1.6325,+0.92,429974,176.5639,180.3092,175.5364
2022/09/30,177.6587,1.3636,-0.76,294252,177.5146,180.7605,177.2457
2022/09/29,179.0223,4.6192,-2.52,463011,178.2733,179.4929,175.8821
2022/09/28,183.6415,1.9591,+1.08,451125,179.7522,184.1792,178.0620
2022/09/27,181.6824,2.6505,+1.48,430961,182.6523,183.5358,179.1280
2022/09/26,179.0319,0.1728,+0.10,286562,179.8482,182.7580,178.3693
2022/09/23,178.8591,2.7657,-1.52,600995,179.1472,179.2240,176.3430
2022/09/22,181.6248,3.2171,-1.74,548996,183.7471,183.9776,180.3956
2022/09/21,184.8419,1.4596,-0.78,438708,185.1300,188.9328,184.4769
2022/09/20,186.3015,4.2638,-2.24,602606,186.9738,187.2234,184.3617
2022/09/19,190.5653,1.4788,+0.78,190820,186.9834,190.6518,186.9834
2022/09/16,189.0865,0.2497,+0.13,370234,188.5871,189.6050,187.4923
2022/09/15,188.8368,2.8617,-1.49,302835,190.5653,193.3695,188.6735
2022/09/14,191.6985,3.9373,+2.10,455824,190.9111,193.1006,190.1236
2022/09/13,187.7612,6.1941,-3.19,353293,189.8739,190.5557,187.2907
2022/09/12,193.9553,5.9252,+3.15,334395,192.5244,194.7619,192.5244
2022/09/09,188.0301,2.0071,+1.08,277520,189.3553,189.9700,187.8092
2022/09/08,186.0230,1.4981,-0.80,256063,182.7484,186.3015,181.7880
2022/09/07,187.5211,4.7247,+2.58,163063,184.6114,187.6652,184.2657
2022/09/06,182.7964,0.7970,-0.43,463129,181.2215,183.5358,179.7426
2022/09/02,183.5934,2.5641,-1.38,348716,188.2414,190.3061,182.8348
2022/09/01,186.1575,0.7778,-0.42,321401,184.8611,186.3496,182.5371
2022/08/31,186.9353,0.7395,-0.39,339287,187.8765,188.5295,186.1095
2022/08/30,187.6748,3.4187,-1.79,391395,191.3432,192.0442,186.8297
2022/08/29,191.0935,1.1524,+0.61,282538,190.4981,192.2171,190.2196
2022/08/26,189.9411,8.7677,-4.41,291037,196.3849,197.2588,189.9027
2022/08/25,198.7088,3.1882,+1.63,211193,196.4425,198.8721,195.8567
2022/08/24,195.5206,1.6326,+0.84,180930,193.4847,197.0667,193.2542
2022/08/23,193.8880,1.2868,+0.67,220509,193.4847,196.4137,193.4847
2022/08/22,192.6012,6.2229,-3.13,492984,194.4642,195.5014,191.7705
2022/08/19,198.8241,5.1185,-2.51,229246,200.4566,200.5719,197.4124
2022/08/18,203.9426,0.9507,+0.47,263197,202.7038,203.9522,201.2153
2022/08/17,202.9919,0.7490,-0.37,230312,202.4733,204.8933,201.0424
2022/08/16,203.7409,2.4008,-1.16,300209,201.6186,204.3555,201.2153
2022/08/15,206.1417,1.1044,-0.53,100454,206.0265,206.8427,205.0565
2022/08/12,207.2461,0.5186,+0.25,184081,206.1993,207.2653,205.5175
2022/08/11,206.7275,0.2593,+0.13,312272,208.0239,208.1776,205.8920
2022/08/10,206.4682,4.3502,+2.15,188799,207.2845,208.2352,205.5655
2022/08/09,202.1180,2.9673,-1.45,256267,204.3459,204.3843,201.6666
2022/08/08,205.0853,1.5557,+0.76,221605,204.8357,206.8555,204.4755
2022/08/05,203.5296,3.8989,-1.88,323463,203.7313,205.3542,202.3388
2022/08/04,207.4285,0.2881,+0.14,287838,207.2172,208.8402,205.6999
2022/08/03,207.1404,4.4751,+2.21,363487,203.4336,207.4525,202.6365
2022/08/02,202.6653,2.0839,-1.02,439652,202.9919,205.9304,202.1925
2022/08/01,204.7492,1.9014,+0.94,395799,205.4022,206.0265,203.3280
2022/07/29,202.8478,3.5916,+1.80,351569,201.0904,202.8670,200.1685
2022/07/28,199.2562,6.4917,+3.37,437673,196.8842,200.4355,195.6166
2022/07/27,192.7645,4.8784,+2.60,383724,190.3829,193.2062,189.2305
2022/07/26,187.8861,5.7235,-2.96,272240,190.0084,190.2965,187.1274
2022/07/25,193.6096,1.1332,+0.59,275959,195.2325,195.5302,193.0238
2022/07/22,192.4764,1.5461,-0.80,216358,194.5795,196.3079,192.1019
2022/07/21,194.0225,6.1941,+3.30,376084,190.3157,194.1761,190.3157
2022/07/20,187.8284,3.2555,-1.70,438729,188.0781,190.2340,186.6377
2022/07/19,191.0839,3.7452,+2.00,559782,192.2747,193.5999,190.9207
2022/07/18,187.3387,1.5461,+0.83,570292,191.0839,191.6985,187.2812
2022/07/15,185.7926,4.5327,+2.50,488877,183.7951,187.7900,183.1517
2022/07/14,181.2599,2.2759,-1.24,485317,181.4711,182.7580,177.9636
2022/07/13,183.5358,2.1703,+1.20,274699,179.6177,184.3809,179.1760
2022/07/12,181.3655,1.7478,-0.95,465208,184.0352,184.8130,181.1927
2022/07/11,183.1133,2.8329,-1.52,445016,185.1203,186.1479,182.9116
2022/07/08,185.9462,1.0179,+0.55,250639,183.8623,187.2427,183.8623
2022/07/07,184.9283,2.6505,+1.45,244938,183.2669,185.1011,183.1709
2022/07/06,182.2778,0.1633,-0.09,278195,181.3175,182.9308,178.8495
2022/07/05,182.4411,1.9591,+1.09,313152,178.1004,182.5755,177.5242
2022/07/01,180.4820,4.2830,+2.43,352237,175.8533,180.5108,175.5652
2022/06/30,176.1990,1.2676,-0.71,468470,174.1439,178.0524,172.1561
2022/06/29,177.4666,0.2593,-0.15,475615,175.6612,178.0860,174.8161
2022/06/28,177.7259,1.3348,-0.75,356193,180.8661,182.4219,177.6491
2022/06/27,179.0607,5.2626,-2.86,477472,181.4231,181.9609,178.9551
2022/06/24,184.3233,6.0788,+3.41,382568,179.3488,184.4385,179.0992
2022/06/23,178.2445,1.7862,+1.01,391379,176.5447,178.7342,175.5652
2022/06/22,176.4583,0.6530,-0.37,634176,174.1631,178.1773,173.8366
2022/06/21,177.1113,8.0667,+4.77,646885,176.2182,178.1292,175.6516
2022/06/17,169.0446,1.8918,+1.13,821338,168.9006,170.3123,166.3663
2022/06/16,167.1528,2.6985,-1.59,835458,169.8801,172.8811,165.8660
2022/06/15,169.8513,7.7978,+4.81,710404,165.9524,171.4838,165.5875
2022/06/14,162.0535,2.6505,-1.61,667393,164.6272,165.3858,160.8051
2022/06/13,164.7040,9.9009,-5.67,687034,167.2104,168.4781,164.4159
2022/06/10,174.6049,5.4066,-3.00,434062,175.5364,176.3911,173.5005
2022/06/09,180.0115,4.2446,-2.30,640122,181.7977,186.7145,179.5313
2022/06/08,184.2561,0.6819,+0.37,520169,183.9584,187.1082,183.1901
2022/06/07,183.5742,2.0263,-1.09,350921,181.8841,183.8143,180.4628
2022/06/06,185.6005,3.4187,+1.88,291242,184.9571,186.5416,183.8623
2022/06/03,182.1818,7.8458,-4.13,557837,184.9667,186.2535,181.9177
2022/06/02,190.0276,8.3644,+4.60,421162,183.3246,190.1428,183.2051
2022/06/01,181.6632,5.5698,-2.97,581531,184.3905,185.2452,180.3092
2022/05/31,187.2330,6.6166,-3.41,480418,188.0109,188.8944,185.5555
2022/05/27,193.8496,4.6479,+2.46,455930,192.4476,193.8592,191.8426
2022/05/26,189.2017,5.7427,+3.13,434513,184.4961,190.2773,184.4961
2022/05/25,183.4590,0.4994,+0.27,280185,180.6261,184.9907,180.5588
2022/05/24,182.9596,0.8258,+0.45,315067,182.7772,183.6895,181.1254
2022/05/23,182.1338,0.1729,+0.10,422294,181.0486,183.2669,179.5419
2022/05/20,181.9609,0.9987,+0.55,670344,184.4289,185.5333,177.3035
2022/05/19,180.9622,5.0609,+2.88,694191,176.2182,182.4795,175.9109
2022/05/18,175.9013,8.8349,-4.78,918767,180.9046,181.5000,174.4608
2022/05/17,184.7362,4.5711,+2.54,842085,183.9968,185.6869,182.6331
2022/05/16,180.1651,6.0500,-3.25,624525,184.8707,184.8707,179.5505
2022/05/13,186.2151,4.7248,+2.60,514563,183.4494,188.4334,182.6523
2022/05/12,181.4903,0.4705,+0.26,655040,178.1388,183.2285,176.6715
2022/05/11,181.0198,2.1223,-1.16,540697,182.5755,187.3867,180.8565
2022/05/10,183.1421,0.1441,+0.08,947317,186.7337,187.1466,180.2755
2022/05/09,182.9980,7.0104,-3.69,622583,185.2548,186.4072,182.7964
2022/05/06,190.0084,4.0333,-2.08,722359,191.1896,192.4956,186.9738
2022/05/05,194.0417,9.3055,-4.58,589285,198.2095,198.2095,191.5353
2022/05/04,203.3472,2.3816,-1.16,1387358,200.4950,204.0194,194.8964
2022/05/03,205.7288,3.5244,+1.74,398718,205.6423,207.2941,204.1730
2022/05/02,202.2044,0.7875,+0.39,292635,201.1865,202.7038,198.6128
2022/04/29,201.4169,4.1294,-2.01,330984,204.6724,207.3133,201.2633
2022/04/28,205.5463,5.9060,+2.96,267379,202.3196,206.8715,200.5142
2022/04/27,199.6403,2.0166,+1.02,300726,197.6237,201.7098,197.5661
2022/04/26,197.6237,7.2792,-3.55,549828,203.0495,203.2799,196.4329
2022/04/25,204.9029,2.7945,+1.38,318898,200.7351,204.9317,200.3510
2022/04/22,202.1084,6.1748,-2.96,417446,205.7576,206.8523,201.9643
2022/04/21,208.2832,4.5615,-2.14,416058,214.4580,216.9933,208.2352
2022/04/20,212.8447,1.1620,-0.54,216865,214.4868,215.2647,212.5566
2022/04/19,214.0067,3.6796,+1.75,272262,209.1763,214.1219,208.8498
2022/04/18,210.3271,0.4864,+0.23,199224,209.8407,212.3398,208.8963
2022/04/14,209.8407,3.3194,-1.56,288582,213.4177,214.3906,209.2159
2022/04/13,213.1601,1.6788,+0.79,246804,208.1523,213.6275,208.0436
2022/04/12,211.4813,0.9062,+0.43,387288,215.2968,216.1076,210.2127
2022/04/11,210.5751,1.1923,+0.57,624006,209.1253,212.9980,208.4957
2022/04/08,209.3828,1.8028,-0.85,373665,207.8662,212.0250,207.6945
2022/04/07,211.1856,1.1446,+0.54,480952,211.1475,212.0441,206.8932
2022/04/06,210.0410,5.3225,-2.47,580571,211.0330,211.6149,207.9425
2022/04/05,215.3635,5.3894,-2.44,650136,218.2824,219.6559,214.2857
2022/04/04,220.7529,9.8725,+4.68,791155,219.0264,221.4301,217.7101
2022/04/01,210.8804,2.8521,+1.37,277351,210.2604,211.5862,208.2859
2022/03/31,208.0283,2.9570,-1.40,485237,212.0632,212.6736,207.8662
2022/03/30,210.9853,1.6216,-0.76,380025,212.1299,214.0472,209.8216
2022/03/29,212.6069,8.0602,+3.94,614909,213.8946,215.1728,208.9727
2022/03/28,204.5467,1.0492,+0.52,404000,205.0809,207.0172,203.3735
2022/03/25,203.4975,0.2099,+0.10,311010,204.2796,204.6612,201.0079
2022/03/24,203.2876,4.9982,+2.52,338444,200.2162,203.9267,198.9857
2022/03/23,198.2894,4.3019,-2.12,544034,200.3211,200.7694,197.8983
2022/03/22,202.5913,4.6262,+2.34,651609,201.3704,205.0332,201.3704
2022/03/21,197.9651,1.9745,-0.99,276193,200.3116,200.6317,196.0955
2022/03/18,199.9396,0.0764,+0.04,376878,195.3705,200.8076,195.3515
2022/03/17,199.8632,0.6009,+0.30,394394,195.4278,200.0445,195.1607
2022/03/16,199.2623,13.0679,+7.02,662502,192.0320,199.4149,191.9557
2022/03/15,186.1944,2.1653,+1.18,289135,184.5251,186.2898,183.6274
2022/03/14,184.0291,2.3656,+1.30,444037,185.5171,187.9129,183.3709
2022/03/11,181.6635,2.3942,-1.30,481706,186.2516,186.5187,180.9958
2022/03/10,184.0577,4.5404,-2.41,689992,184.8590,185.5457,181.0149
2022/03/09,188.5981,15.4908,+8.95,767278,186.8716,190.0098,184.5871
2022/03/08,173.1073,1.6884,-0.97,1049793,178.0865,180.2136,170.6178
2022/03/07,174.7957,14.4606,-7.64,987295,186.2707,186.8621,172.9738
2022/03/04,189.2563,5.0841,-2.62,790257,191.4502,191.9080,187.6061
2022/03/03,194.3404,6.0284,-3.01,357635,201.3417,201.6279,194.0065
2022/03/02,200.3688,1.5071,+0.76,336856,199.3386,201.5192,198.4324
2022/03/01,198.8617,6.5149,-3.17,375024,204.9855,205.4338,198.0509
2022/02/28,205.3766,1.8028,+0.89,394662,202.2574,207.9425,201.9141
2022/02/25,203.5738,2.0317,-0.99,482528,202.4101,205.5197,200.5977
2022/02/24,205.6055,0.2385,+0.12,768267,195.4278,205.9155,194.8746
2022/02/23,205.3670,1.0779,-0.52,315812,210.8327,211.2333,205.1477
2022/02/22,206.4449,3.7678,-1.79,360832,206.9886,209.7548,204.1652
2022/02/18,210.2127,0.5628,-0.27,268718,211.0139,211.8819,209.0490
2022/02/17,210.7755,2.9569,-1.38,206048,215.1632,215.1966,210.7755
2022/02/16,213.7324,0.1622,-0.08,253204,213.2269,214.4001,210.9281
2022/02/15,213.8946,5.7518,+2.76,375186,214.4097,215.6688,213.2374
2022/02/14,208.1428,0.0382,+0.02,454359,207.6754,209.7453,206.5403
2022/02/11,208.1046,6.0380,-2.82,810474,212.2349,213.6466,206.2160
2022/02/10,214.1426,8.8709,-3.98,465417,214.7149,218.8357,213.8851
2022/02/09,223.0135,6.4004,+2.95,362069,221.2012,223.6860,220.3999
2022/02/08,216.6131,1.4976,+0.70,606414,211.1379,217.5193,209.9265
2022/02/07,215.1155,4.3974,-2.00,605629,215.5257,217.6528,213.7229
2022/02/04,219.5129,0.5724,+0.26,281266,217.2331,220.8578,216.1934
2022/02/03,218.9405,8.4704,-3.72,302636,221.9166,224.1677,218.7021
2022/02/02,227.4109,2.7853,+1.24,578454,226.0659,228.0309,224.5111
2022/02/01,224.6256,4.3210,+1.96,578286,223.1948,224.8354,220.5144
2022/01/31,220.3046,3.7964,+1.75,858348,215.1155,221.4110,214.8389
2022/01/28,216.5082,5.5897,+2.65,293750,212.2921,216.5082,210.8042
2022/01/27,210.9185,4.9029,-2.27,419503,215.0774,215.1823,210.3653
2022/01/26,215.8214,0.3815,-0.18,425767,217.5288,222.1264,213.8278
2022/01/25,216.2029,4.8266,-2.18,404173,215.0392,218.7688,213.8278
2022/01/24,221.0295,0.5628,-0.25,499227,216.5940,221.0390,211.2127
2022/01/21,221.5923,4.0921,-1.81,410105,223.3760,224.8927,221.1917
2022/01/20,225.6844,2.3655,-1.04,307722,229.1564,232.0753,225.3600
2022/01/19,228.0499,2.3178,+1.03,470513,230.1198,230.9402,226.9387
2022/01/18,225.7321,8.3367,-3.56,341876,227.4776,228.6747,225.3028
2022/01/14,234.0688,5.3607,-2.24,363217,235.0322,235.8526,231.3122
2022/01/13,239.4295,7.0586,-2.86,264087,244.2656,246.0398,239.2865
2022/01/12,246.4881,3.8822,+1.60,252305,244.8189,247.5279,244.4373
2022/01/11,242.6059,0.1144,+0.05,347224,239.9351,242.9302,238.5711
2022/01/10,242.4915,2.6708,-1.09,615230,240.4025,242.8348,237.6744
2022/01/07,245.1623,4.3496,-1.74,289929,245.6392,246.6694,242.3961
2022/01/06,249.5119,1.1542,-0.46,316618,250.3799,250.9045,247.0509
2022/01/05,250.6661,6.1047,-2.38,292215,256.2748,256.4083,250.0938
2022/01/04,256.7708,9.2525,+3.74,725401,249.7027,259.4035,249.7027
2022/01/03,247.5183,0.6391,+0.26,201965,247.4325,247.8808,244.9906
2021/12/31,246.8792,1.8982,+0.77,139397,244.7998,248.4150,244.7998
2021/12/30,244.9810,0.9253,-0.38,176300,245.1909,247.7091,244.9143
2021/12/29,245.9063,0.2862,+0.12,125139,244.6663,246.1829,243.4549
2021/12/28,245.6201,0.6105,-0.25,149156,246.3928,246.7582,245.2386
2021/12/27,246.2306,4.4641,+1.85,177416,242.9302,246.6312,242.5487
2021/12/23,241.7665,2.6327,+1.10,234076,238.4661,242.7395,238.3135
2021/12/22,239.1338,1.6024,+0.67,254907,235.8907,240.0400,235.6236
2021/12/21,237.5314,0.5532,-0.23,478187,237.8938,238.4375,235.4519
2021/12/20,238.0846,2.7757,-1.15,545633,238.8858,239.4772,236.2579
2021/12/17,240.8603,3.8823,-1.59,463371,242.0908,244.4755,240.6324
2021/12/16,244.7426,3.7105,-1.49,315723,247.1749,248.0429,244.1989
2021/12/15,248.4531,6.8297,+2.83,635122,246.5740,248.5008,244.1035
2021/12/14,241.6234,4.8552,-1.97,471524,244.4373,244.8951,240.2689
2021/12/13,246.4786,2.7662,-1.11,201962,247.8903,248.7774,245.8204
2021/12/10,249.2448,1.0015,+0.40,433649,247.8140,249.4356,246.9078
2021/12/09,248.2433,6.5053,-2.55,328835,251.3910,252.1064,247.7711
2021/12/08,254.7486,1.1160,+0.44,302097,255.3686,256.0363,251.8943
2021/12/07,253.6326,7.0300,+2.85,304102,251.4769,254.6795,251.0095
2021/12/06,246.6026,0.2671,-0.11,384759,246.9460,249.2639,245.0192
2021/12/03,246.8697,3.5007,-1.40,298331,249.8171,250.4753,244.9524
2021/12/02,250.3704,5.3607,+2.19,487440,248.3863,251.5818,248.2242
2021/12/01,245.0097,3.4339,-1.38,381684,251.5532,252.3830,245.0001
2021/11/30,248.4436,5.0650,-2.00,399172,254.1286,255.3114,247.7282
2021/11/29,253.5086,2.9188,+1.16,235345,253.8234,255.4640,252.8409
2021/11/26,250.5898,5.3607,-2.09,287137,252.3353,253.6231,249.1780
2021/11/24,255.9505,1.3068,+0.51,270364,251.8775,256.4513,251.7249
2021/11/23,254.6437,7.9552,-3.03,541702,258.8598,259.2604,252.7360
2021/11/22,262.5989,3.8059,+1.47,759537,262.6657,265.9184,260.4050
2021/11/19,258.7930,5.2558,+2.07,478804,256.3988,259.3558,255.7692
2021/11/18,253.5372,0.4579,-0.18,380269,254.5292,255.1111,252.2209
2021/11/17,253.9951,8.0030,+3.25,893082,251.3624,256.1126,250.1796
2021/11/16,245.9921,0.9157,-0.37,205004,246.7266,247.7616,245.6011
2021/11/15,246.9078,0.2670,+0.11,146485,248.1860,248.2814,246.3641
2021/11/12,246.6408,0.4484,+0.18,346097,247.8140,248.9082,246.3832
2021/11/11,246.1924,4.8837,+2.02,370127,244.3229,246.5168,243.2927
2021/11/10,241.3087,3.5197,-1.44,449244,243.1878,245.0287,241.0607
2021/11/09,244.8284,3.8727,-1.56,400160,248.8442,248.9587,244.4612
2021/11/08,248.7011,1.7074,-0.68,299623,250.2559,251.7630,248.7011
2021/11/05,250.4085,4.9505,+2.02,659138,253.9378,254.3671,249.4547
2021/11/04,245.4580,1.5739,+0.65,425453,244.6186,246.4023,243.0065
2021/11/03,243.8841,6.5531,+2.76,1170921,249.5977,249.8744,241.8905
2021/11/02,237.3310,8.6515,+3.78,630930,228.9847,237.5218,228.3456
2021/11/01,228.6795,2.4514,+1.08,875040,230.2152,232.8574,227.8782
2021/10/29,226.2281,2.0127,+0.90,916830,224.3108,226.5810,224.1773
2021/10/28,224.2154,3.4530,+1.56,541059,225.3982,227.0198,223.7099
2021/10/27,220.7624,1.3735,+0.63,298301,219.9993,222.0883,219.3889
2021/10/26,219.3889,0.9634,-0.44,937901,225.4173,225.6080,219.2935
2021/10/25,220.3523,7.6405,+3.59,417247,216.8707,222.0358,215.9740
2021/10/22,212.7118,1.5357,-0.72,130815,214.0472,214.1331,211.9869
2021/10/21,214.2475,1.4975,+0.70,120674,213.7038,215.2872,213.3509
2021/10/20,212.7500,1.5738,-0.73,207866,214.0377,214.4478,212.5878
2021/10/19,214.3238,2.1843,+1.03,277989,213.4177,215.3922,213.1506
2021/10/18,212.1395,1.9268,-0.90,155018,211.8724,212.8835,210.9567
2021/10/15,214.0663,1.0302,+0.48,287839,212.4543,214.0758,211.8438
2021/10/14,213.0361,8.8614,+4.34,335204,207.8185,213.0933,207.1222
2021/10/13,204.1747,1.4976,-0.73,495218,207.0077,207.0077,203.9788
2021/10/12,205.6723,0.4388,+0.21,228468,205.7486,207.3606,205.1190
2021/10/11,205.2335,2.1557,+1.06,428224,203.5165,207.1412,202.7439
2021/10/08,203.0778,1.6025,+0.80,240859,202.4291,205.0046,202.0953
2021/10/07,201.4753,3.4721,+1.75,227313,199.8060,202.6676,199.6820
2021/10/06,198.0032,2.0317,-1.02,173909,196.6392,198.4611,196.4961
2021/10/05,200.0349,2.3560,+1.19,238070,197.1829,201.5420,196.8109
2021/10/04,197.6789,1.8600,-0.93,241997,198.2512,198.6518,196.2004
2021/10/01,199.5389,0.0667,+0.03,125189,200.1494,200.7599,198.0127
2021/09/30,199.4722,0.2480,-0.12,322229,198.6709,200.7599,198.1940
2021/09/29,199.7202,1.8409,-0.91,162571,202.6199,202.6581,199.6439
2021/09/28,201.5611,4.9983,-2.42,326752,205.1953,205.1953,200.7980
2021/09/27,206.5594,0.8680,-0.42,257035,205.8917,207.5514,204.4704
2021/09/24,207.4274,0.3243,+0.16,117025,205.7867,207.5705,205.7867
2021/09/23,207.1031,1.2210,+0.59,137998,207.1698,207.8376,205.9203
2021/09/22,205.8821,1.0778,+0.53,226776,204.6707,206.7597,204.0126
2021/09/21,204.8043,1.4690,+0.72,310583,204.8710,205.6341,204.1462
2021/09/20,203.3353,3.0715,-1.49,258081,202.6485,203.9172,201.9141
2021/09/17,206.4068,2.3560,-1.13,203845,208.4289,208.4385,205.6532
2021/09/16,208.7628,2.4991,-1.18,296599,211.5862,212.1204,208.2286
2021/09/15,211.2619,0.6677,+0.32,395259,211.4145,211.7579,209.0108
2021/09/14,210.5942,1.4212,+0.68,347178,211.4909,212.9121,210.4130
2021/09/13,209.1730,0.1813,+0.09,301709,210.4607,210.4607,206.9506
2021/09/10,208.9917,0.4293,-0.20,394051,212.3970,212.5401,208.9345
2021/09/09,209.4210,0.2003,+0.10,520314,213.2269,213.2650,209.2588
2021/09/08,209.2207,1.1351,-0.54,177538,209.3542,210.2604,208.9059
2021/09/07,210.3558,1.6693,+0.80,235866,210.1936,210.4988,208.7342
2021/09/03,208.6865,0.7059,-0.34,103876,209.2016,209.5259,208.2096
2021/09/02,209.3924,1.9555,+0.94,178927,209.8121,210.4607,208.9345
2021/09/01,207.4369,0.0667,+0.03,182898,207.4942,209.1634,207.2557
2021/08/31,207.3702,0.1812,-0.09,139541,206.9028,207.6182,205.8154
2021/08/30,207.5514,1.2114,+0.59,198478,206.6548,208.7819,205.8631
2021/08/27,206.3400,1.6025,+0.78,103431,204.7184,207.3129,204.7184
2021/08/26,204.7375,3.1859,-1.53,137449,205.6818,206.6643,204.5467
2021/08/25,207.9234,2.7567,+1.34,164487,206.5498,208.6722,206.3209
2021/08/24,205.1667,1.9555,-0.94,252176,205.0809,207.6945,204.7089
2021/08/23,207.1222,2.8807,+1.41,276443,203.9839,207.2938,203.7455
2021/08/20,204.2415,0.9157,+0.45,287229,201.2654,204.3655,201.1128
2021/08/19,203.3258,4.9505,-2.38,175088,202.2002,204.1747,202.0190
2021/08/18,208.2763,0.8585,-0.41,139648,209.6499,210.2222,208.2763
2021/08/17,209.1348,6.3146,-2.93,525749,212.5496,212.9598,208.5005
2021/08/16,215.4494,0.0095,-0,247119,215.0869,215.7366,213.3795
2021/08/13,215.4589,2.5086,+1.18,235122,215.2205,216.9851,215.1823
2021/08/12,212.9503,0.7535,-0.35,100024,213.7611,213.7611,212.4781
2021/08/11,213.7038,2.7090,+1.28,146410,213.2269,213.9232,212.2921
2021/08/10,210.9948,0.8776,-0.41,173166,212.3207,212.4829,210.7087
2021/08/09,211.8724,2.5373,+1.21,232897,210.8041,212.6498,210.7373
2021/08/06,209.3351,0.0381,+0.02,161824,210.2604,210.7564,209.1634
2021/08/05,209.2970,7.3257,+3.63,351772,206.5594,209.4019,206.1683
2021/08/04,201.9713,0.4197,+0.21,351943,203.0301,203.4593,200.7885
2021/08/03,201.5516,0.8108,-0.40,502245,201.8854,202.2002,198.4324
2021/08/02,202.3624,5.8567,-2.81,539572,206.8360,207.1603,201.8854
2021/07/30,208.2191,1.9554,+0.95,559307,207.9425,209.3256,207.7612
2021/07/29,206.2637,3.8155,+1.88,323615,204.1938,206.4354,203.9553
2021/07/28,202.4482,0.8108,+0.40,235765,200.9316,202.9824,200.4737
2021/07/27,201.6374,0.5724,-0.28,253863,202.4196,202.4196,200.4546
2021/07/26,202.2098,0.1144,-0.06,207166,201.4180,202.2574,201.1700
2021/07/23,202.3242,4.6739,+2.36,338262,200.1303,202.6485,199.7679
2021/07/22,197.6503,1.5262,+0.78,167349,197.2115,197.6503,196.1241
2021/07/21,196.1241,1.4022,+0.72,129760,195.6853,197.0970,195.3610
2021/07/20,194.7219,0.0286,+0.01,185452,193.1385,194.8268,192.6139
2021/07/19,194.6933,2.6517,-1.34,238380,194.9699,195.8398,193.8730
2021/07/16,197.3450,0.0477,+0.02,242272,197.5549,201.4753,196.5152
2021/07/15,197.2973,3.3195,-1.65,403233,197.2973,197.7457,194.9318
2021/07/14,200.6168,0.6296,+0.31,207291,200.3211,201.0556,200.0540
2021/07/13,199.9872,0.0763,+0.04,113804,199.2909,200.1971,199.1574
2021/07/12,199.9109,0.4769,+0.24,173341,200.9030,200.9030,199.5389
2021/07/09,199.4340,3.2622,+1.66,256543,198.8617,199.7202,198.0032
2021/07/08,196.1718,1.3068,-0.66,253951,195.3801,197.6968,194.3977
2021/07/07,197.4786,1.1160,+0.57,273116,197.4118,197.9984,195.3515
2021/07/06,196.3626,0.8871,-0.45,251467,197.2497,197.4558,195.5804
2021/07/02,197.2497,3.0810,+1.59,244337,195.2847,198.0795,194.4644
2021/07/01,194.1687,2.3751,-1.21,163174,195.3610,195.5899,193.6822
2021/06/30,196.5438,0.7822,-0.40,174813,196.8300,197.3832,195.7616
2021/06/29,197.3260,1.3831,+0.71,156847,197.4404,197.8792,196.6296
2021/06/28,195.9429,1.1447,+0.59,113250,195.6090,196.5676,194.9699
2021/06/25,194.7982,0.8966,+0.46,369236,194.6361,195.4469,193.2053
2021/06/24,193.9016,3.0238,+1.58,333565,192.4708,194.3213,192.1274
2021/06/23,190.8778,1.3164,-0.68,242063,191.8031,191.8031,190.4200
2021/06/22,192.1942,0.6581,-0.34,239303,192.7570,192.7570,191.0114
2021/06/21,192.8523,1.9935,+1.04,265018,192.2133,193.7585,191.7268
2021/06/18,190.8588,0.7917,-0.41,205794,191.2117,191.5455,190.5344
2021/06/17,191.6505,1.7455,-0.90,650663,188.4741,192.9096,188.2261
2021/06/16,193.3960,1.6693,-0.86,422687,193.5296,194.1305,192.0416
2021/06/15,195.0653,0.7440,-0.38,522504,194.8173,195.3515,193.7618
2021/06/14,195.8093,5.7518,-2.85,424879,194.3213,196.2767,193.1910
2021/06/11,201.5611,0.3243,-0.16,138980,201.2654,201.5897,200.2639
2021/06/10,201.8854,0.5056,-0.25,267934,202.6008,203.4021,201.1987
2021/06/09,202.3910,6.3336,-3.03,329613,204.7947,206.7692,202.3910
2021/06/08,208.7246,0.5247,-0.25,425245,210.5847,211.2386,207.5323
2021/06/07,209.2493,2.3752,+1.15,255752,208.7151,209.9027,208.3717
2021/06/04,206.8741,1.3831,+0.67,278396,207.2271,208.0760,206.2541
2021/06/03,205.4910,0.9729,+0.48,280987,204.5181,206.2780,203.9172
2021/06/02,204.5181,1.6311,+0.80,201084,202.5627,204.5753,202.3147
2021/06/01,202.8870,1.7074,+0.85,273246,203.3735,203.3830,201.2750
2021/05/28,201.1796,0.8680,+0.43,275464,200.2925,201.8282,199.7011
2021/05/27,200.3116,2.4037,-1.19,325363,202.0857,203.8313,200.2353
2021/05/26,202.7153,0.4674,-0.23,353819,202.5722,203.5452,201.8568
2021/05/25,203.1827,0.7536,+0.37,216133,202.4578,203.9553,202.1430
2021/05/24,202.4291,0.9443,+0.47,215672,201.7424,203.1159,201.6374
2021/05/21,201.4848,2.9856,+1.50,241990,201.3322,202.0381,200.5691
2021/05/20,198.4992,5.1032,+2.64,193447,196.4961,198.7758,196.2099
2021/05/19,193.3960,0.7918,-0.41,175502,191.4311,193.6536,191.2880
2021/05/18,194.1878,1.8410,+0.96,251671,193.5773,195.3419,193.3483
2021/05/17,192.3468,2.8616,+1.51,138075,190.3723,192.4136,190.0575
2021/05/14,189.4852,1.3450,+0.71,139656,189.5710,190.3246,188.7889
2021/05/13,188.1402,1.5929,+0.85,160076,188.7030,189.3497,186.3279
2021/05/12,186.5473,2.2034,-1.17,224270,188.9033,190.3532,186.4424
2021/05/11,188.7507,1.6025,-0.84,204641,187.6729,189.6569,186.7571
2021/05/10,190.3532,0.8966,-0.47,198886,190.2388,192.1083,189.6378
2021/05/07,191.2498,0.3720,+0.19,408219,189.7237,192.3563,188.8556
2021/05/06,190.8778,2.9952,-1.54,566806,191.9652,192.8237,189.7714
2021/05/05,193.8730,0.2576,+0.13,521150,196.2386,196.3530,192.3086
2021/05/04,193.6154,14.3080,-6.88,1203866,199.1669,199.7869,191.5837
2021/05/03,207.9234,4.3782,+2.15,484730,209.2493,210.7659,207.9234
2021/04/30,203.5452,2.9188,-1.41,137592,205.4529,205.8631,203.1827
2021/04/29,206.4640,1.0779,-0.52,272767,206.9218,207.2462,204.8138
2021/04/28,207.5419,1.3067,-0.63,151057,207.5132,208.8391,206.9982
2021/04/27,208.8486,0.8584,+0.41,186192,208.4289,209.5545,207.9139
2021/04/26,207.9902,2.0508,+1.00,278719,206.9409,208.1571,206.0634
2021/04/23,205.9394,2.6899,+1.32,244611,204.2606,206.0157,203.8122
2021/04/22,203.2495,1.5929,-0.78,252374,204.4418,204.4799,202.3754
2021/04/21,204.8424,4.6739,+2.33,250891,199.6725,205.2812,199.5103
2021/04/20,200.1685,2.2416,-1.11,308631,199.3577,200.3211,197.8506
2021/04/19,202.4101,1.1807,+0.59,186018,202.8202,202.9156,200.8600
2021/04/16,201.2294,0.9967,+0.50,209365,200.2327,201.8369,199.8530
2021/04/15,200.2327,3.3506,+1.70,1011028,200.3087,201.2294,198.3248
2021/04/14,196.8821,2.6387,-1.32,924853,200.8972,200.8972,196.3505
2021/04/13,199.5208,1.6896,-0.84,249451,199.6632,200.7453,198.9513
2021/04/12,201.2104,2.6388,+1.33,474736,198.5431,201.6280,197.6505
2021/04/09,198.5716,0.0285,+0.01,251000,197.1858,199.0842,196.0468
2021/04/08,198.5431,0.3512,+0.18,249164,198.0306,199.2883,197.4238
2021/04/07,198.1919,0.3702,-0.19,344286,197.1288,199.5018,196.7776
2021/04/06,198.5621,4.1100,-2.03,274581,198.3533,199.7201,197.7411
2021/04/05,202.6721,5.2015,+2.63,444459,199.6157,203.6308,198.9513
2021/04/01,197.4706,1.1770,-0.59,513081,199.3120,200.6409,197.0149
2021/03/31,198.6476,0.4841,+0.24,343329,198.3818,199.6822,198.0116
2021/03/30,198.1635,4.1195,+2.12,553484,193.1422,198.3343,192.9429
2021/03/29,194.0440,0.1614,+0.08,390403,193.3700,195.0596,192.5632
2021/03/26,193.8826,0.2943,+0.15,685233,192.7910,194.3952,191.3008
2021/03/25,193.5883,3.4171,+1.80,432039,189.1651,193.9016,189.0132
2021/03/24,190.1712,2.3446,-1.22,386232,190.8452,192.0127,189.1414
2021/03/23,192.5158,4.9737,-2.52,537743,196.1417,196.3410,191.9937
2021/03/22,197.4895,10.4411,+5.58,694362,191.5571,198.7710,191.0730
2021/03/19,187.0484,2.2876,+1.24,473467,186.4124,187.2382,183.6218
2021/03/18,184.7608,2.7432,-1.46,317478,184.3906,185.6816,183.6218
2021/03/17,187.5040,0.8733,+0.47,167170,185.4727,187.8266,184.4857
2021/03/16,186.6307,0.9397,+0.51,361467,187.2003,187.3047,184.6042
2021/03/15,185.6910,0.1709,-0.09,143369,185.3209,185.8334,184.0489
2021/03/12,185.8619,0.9587,-0.51,150143,184.0489,186.1846,182.9858
2021/03/11,186.8206,4.7365,+2.60,476694,187.8647,187.8647,185.5771
2021/03/10,182.0841,1.1390,-0.62,292802,184.5520,184.5520,182.0556
2021/03/09,183.2231,4.2808,+2.39,366413,183.1567,185.0433,182.9526
2021/03/08,178.9423,0.3607,-0.20,271740,178.6100,182.1790,178.1773
2021/03/05,179.3030,1.0631,+0.60,369294,179.8060,179.8060,174.4811
2021/03/04,178.2399,3.4835,-1.92,719507,179.8250,181.3532,175.7150
2021/03/03,181.7234,4.7745,-2.56,439855,182.8719,185.1215,181.2014
2021/03/02,186.4979,1.1580,-0.62,201899,186.7636,187.9881,185.3873
2021/03/01,187.6559,0.3038,+0.16,388479,185.0931,188.4769,184.9032
2021/02/26,187.3521,2.4204,+1.31,410198,186.4219,188.3868,185.0551
2021/02/25,184.9317,1.4997,-0.80,311068,186.2321,187.1528,183.6123
2021/02/24,186.4314,0.3797,-0.20,310717,185.3588,187.4471,184.2862
2021/02/23,186.8111,0.0854,+0.05,405964,184.7798,187.5040,182.4170
2021/02/22,186.7257,1.4902,-0.79,236952,185.9283,188.5671,185.3968
2021/02/19,188.2159,1.1011,-0.58,149637,189.0512,189.2527,187.9406
2021/02/18,189.3170,0.4556,-0.24,335421,188.9753,189.7821,187.4281
2021/02/17,189.7726,1.9363,-1.01,320181,188.1874,190.3326,187.9501
2021/02/16,191.7089,3.2083,-1.65,242404,193.1422,193.3131,191.3198
2021/02/12,194.9172,0.3986,+0.20,154411,193.6643,195.3793,193.0948
2021/02/11,194.5186,2.1072,-1.07,178295,195.0121,195.3633,193.2561
2021/02/10,196.6258,1.9268,-0.97,158823,198.1445,198.4198,195.9993
2021/02/09,198.5526,0.4746,+0.24,215644,197.7743,198.9038,197.3282
2021/02/08,198.0780,5.6951,+2.96,330000,196.9580,198.3913,196.1132
2021/02/05,192.3829,1.2814,+0.67,226531,193.5124,193.7212,191.4432
2021/02/04,191.1015,1.2625,+0.67,605558,189.9150,193.7117,189.8390
2021/02/03,189.8390,7.3943,-3.75,2097710,191.4432,191.5808,184.3717
2021/02/02,197.2333,8.7326,-4.24,1059151,200.3656,202.0741,194.3192
2021/02/01,205.9659,8.3625,+4.23,613373,201.6945,206.6588,201.0395
2021/01/29,197.6034,1.1390,+0.58,452396,198.8564,199.5268,196.4454
2021/01/28,196.4644,0.2563,-0.13,579654,197.6129,198.1825,195.9803
2021/01/27,196.7207,1.1865,-0.60,406752,196.0278,198.6950,193.4460
2021/01/26,197.9072,1.5757,-0.79,473779,200.3561,200.8972,197.7268
2021/01/25,199.4829,1.8129,-0.90,477012,200.8782,201.1534,198.0685
2021/01/22,201.2958,3.8632,-1.88,291318,202.9474,203.5976,200.0808
2021/01/21,205.1590,2.3635,+1.17,327009,202.5677,206.0892,202.1786
2021/01/20,202.7955,3.0564,+1.53,176563,200.7738,203.2084,200.4985
2021/01/19,199.7391,0.3417,+0.17,261901,200.7453,200.7453,197.8218
2021/01/15,199.3974,5.7806,-2.82,354293,203.9061,204.2098,199.1032
2021/01/14,205.1780,5.2491,-2.49,342266,208.3863,209.4589,204.3143
2021/01/13,210.4271,3.5405,+1.71,277963,209.1836,210.6644,208.1395
2021/01/12,206.8866,0.0000,0,239185,205.5957,208.1965,204.9597
2021/01/11,206.8866,0.0095,-0,649065,204.5705,208.5382,204.2820
2021/01/08,206.8961,3.9201,-1.86,720806,208.4338,209.6297,205.5577
2021/01/07,210.8162,0.3322,+0.16,298306,209.7816,211.0915,208.9416
2021/01/06,210.4840,4.1100,-1.92,341544,210.0854,212.3729,209.8860
2021/01/05,214.5940,0.8828,-0.41,291559,214.5371,216.5873,214.0435
2021/01/04,215.4768,2.3825,-1.09,342173,219.8905,220.5075,214.4327
2020/12/31,217.8593,0.1613,-0.07,141577,217.3847,218.4098,215.5053
2020/12/30,218.0206,0.0474,+0.02,237333,221.1720,221.5327,217.0771
2020/12/29,217.9732,0.9777,+0.45,369062,221.7889,221.7889,217.7549
2020/12/28,216.9955,2.9235,+1.37,205055,217.7833,217.9969,216.0653
2020/12/24,214.0720,0.1804,+0.08,56634,213.5784,214.5181,212.4109
2020/12/23,213.8916,2.0883,-0.97,296829,216.5873,217.2898,213.5120
2020/12/22,215.9799,2.7527,+1.29,294573,214.0245,217.3657,213.3791
2020/12/21,213.2272,1.0346,-0.48,306143,209.7342,213.8442,208.7660
2020/12/18,214.2618,1.8984,+0.89,188877,214.5371,214.8598,213.1323
2020/12/17,212.3634,1.4617,+0.69,279057,212.3539,214.4042,211.8983
2020/12/16,210.9017,1.1011,+0.52,313580,212.2495,212.2685,210.2752
2020/12/15,209.8006,4.3948,+2.14,270119,209.0507,210.7688,208.3483
2020/12/14,205.4058,1.4333,+0.70,246332,206.3076,207.6080,204.8268
2020/12/11,203.9725,0.9112,+0.45,229000,202.2450,204.4282,201.9887
2020/12/10,203.0613,0.9682,-0.47,282823,202.5867,204.2336,201.4429
2020/12/09,204.0295,0.9017,+0.44,301236,205.6716,206.4405,202.7101
2020/12/08,203.1278,3.1704,+1.59,257089,199.8246,204.9692,199.8056
2020/12/07,199.9574,0.3037,+0.15,264644,199.1506,201.1297,198.8279
2020/12/04,199.6537,4.7555,-2.33,584933,201.4192,201.9508,199.1880
2020/12/03,204.4092,0.5506,+0.27,289067,204.4566,205.5007,203.7922
2020/12/02,203.8586,0.3607,+0.18,178499,202.7196,204.2573,201.4762
2020/12/01,203.4979,3.1133,+1.55,269168,201.7894,204.0295,201.5521
2020/11/30,200.3846,1.5472,-0.77,272186,203.6593,203.6593,199.9954
2020/11/27,201.9318,0.3322,+0.16,158348,201.9318,202.8145,201.8084
2020/11/25,201.5996,1.9839,+0.99,151803,200.5459,202.2545,200.1188
2020/11/24,199.6157,0.3227,+0.16,262670,199.3310,200.8687,198.0496
2020/11/23,199.2930,0.2088,+0.10,202201,199.9480,200.4605,197.3296
2020/11/20,199.0842,4.2049,-2.07,210891,201.1534,201.9413,198.4103
2020/11/19,203.2891,0.1329,+0.07,205990,201.6660,203.2891,201.1345
2020/11/18,203.1562,3.4930,+1.75,467409,203.6118,204.5326,201.9792
2020/11/17,199.6632,2.5438,+1.29,318639,200.0049,201.2389,198.9608
2020/11/16,197.1194,0.9303,+0.47,288763,197.9072,198.3058,195.2494
2020/11/13,196.1891,1.1485,+0.59,819556,197.4895,197.9167,195.0596
2020/11/12,195.0406,3.5975,-1.81,311293,198.2394,198.5716,193.6738
2020/11/11,198.6381,4.4328,+2.28,206409,197.2617,199.3879,197.2617
2020/11/10,194.2053,1.1391,-0.58,204602,193.1232,195.1450,192.0696
2020/11/09,195.3444,2.0882,-1.06,420577,201.8938,202.6342,194.9362
2020/11/06,197.4326,0.8638,+0.44,507398,196.4834,198.3248,196.0088
2020/11/05,196.5688,4.6415,+2.42,399745,193.8067,196.7302,193.1138
2020/11/04,191.9273,5.8756,+3.16,517595,191.8323,192.9619,189.5543
2020/11/03,186.0517,12.1781,+7.00,707221,183.1852,188.1305,181.9180
2020/11/02,173.8736,4.5182,+2.67,355719,171.5196,174.4431,171.5101
2020/10/30,169.3554,0.1424,-0.08,240696,169.3459,170.1907,167.7323
2020/10/29,169.4978,1.3764,+0.82,200826,168.1025,170.7080,167.3306
2020/10/28,168.1214,7.8024,-4.44,416556,170.0198,171.3867,168.0075
2020/10/27,175.9238,0.0760,-0.04,252955,177.2242,177.2242,175.4397
2020/10/26,175.9998,4.3188,-2.40,234925,176.6072,177.1673,175.0221
2020/10/23,180.3186,0.1234,-0.07,215702,180.8312,181.2583,178.9138
2020/10/22,180.4420,0.1614,+0.09,323058,179.5877,182.0461,179.0752
2020/10/21,180.2806,2.4774,-1.36,233488,180.1383,182.3309,179.7111
2020/10/20,182.7580,3.0089,+1.67,192131,182.5682,184.4951,182.1695
2020/10/19,179.7491,2.9899,-1.64,300255,182.7485,183.1947,179.2270
2020/10/16,182.7390,4.5656,+2.56,527134,181.3532,184.4476,181.1824
2020/10/15,178.1734,1.8509,+1.05,571613,172.5067,179.0372,172.4972
2020/10/14,176.3225,1.4902,+0.85,273175,176.5408,177.3666,174.5427
2020/10/13,174.8323,0.6739,-0.38,125538,176.3605,176.3605,174.1868
2020/10/12,175.5062,1.9554,+1.13,167525,175.3543,176.1611,174.7658
2020/10/09,173.5508,1.4427,+0.84,147599,172.5542,174.0824,172.0131
2020/10/08,172.1081,1.9743,-1.13,224328,173.0193,173.5413,171.7758
2020/10/07,174.0824,6.5589,+3.92,464657,171.3677,175.2309,171.3107
2020/10/06,167.5235,5.8280,-3.36,363664,172.0796,172.2694,167.0868
2020/10/05,173.3515,1.6706,+0.97,140388,172.0416,173.4653,171.4626
2020/10/02,171.6809,3.5405,-2.02,196890,171.4152,173.1949,171.3819
2020/10/01,175.2214,0.4841,+0.28,193538,175.1170,175.6770,173.6268
2020/09/30,174.7373,1.6516,+0.95,263189,173.5603,175.7862,173.0857
2020/09/29,173.0857,0.8828,-0.51,127087,174.3007,174.9082,172.8484
2020/09/28,173.9685,1.9269,+1.12,131590,174.5190,174.7183,173.6458
2020/09/25,172.0416,1.4997,-0.86,163783,170.1432,172.8200,169.8490
2020/09/24,173.5413,1.1864,+0.69,150449,172.7630,175.3733,171.6145
2020/09/23,172.3549,1.6326,-0.94,131843,174.1204,174.8228,172.0796
2020/09/22,173.9875,0.7593,-0.43,162590,173.7502,174.5380,172.7284
2020/09/21,174.7468,3.6260,-2.03,178520,174.5570,175.0506,171.4816
2020/09/18,178.3728,2.1072,-1.17,128548,179.0846,180.1193,177.2147
2020/09/17,180.4800,1.2245,+0.68,98126,178.3633,181.2298,178.2019
2020/09/16,179.2555,2.5913,-1.42,146509,182.2739,182.6441,178.8948
2020/09/15,181.8468,0.3892,-0.21,99527,184.5900,184.8652,181.5573
2020/09/14,182.2360,0.2563,+0.14,246607,182.0461,183.2136,181.3153
2020/09/11,181.9797,3.6639,+2.05,227335,181.0115,182.4828,179.9769
2020/09/10,178.3158,1.4807,-0.82,198446,180.3471,181.4844,178.0026
2020/09/09,179.7965,3.3981,+1.93,169727,179.4169,182.0461,179.0941
2020/09/08,176.3984,5.6003,-3.08,234299,177.0629,180.9071,176.3984
2020/09/04,181.9987,0.7309,+0.40,144944,182.1980,183.1567,177.6324
2020/09/03,181.2678,5.4294,-2.91,330733,186.1372,186.1372,180.3471
2020/09/02,186.6972,1.0631,+0.57,320960,187.5135,187.5135,185.1025
2020/09/01,185.6341,0.7783,+0.42,173701,184.3622,185.7195,183.7262
2020/08/31,184.8558,1.4712,-0.79,107461,185.7385,186.2131,184.4096
2020/08/28,186.3270,0.7499,+0.40,96815,186.1467,186.7162,185.3256
2020/08/27,185.5771,3.5880,-1.90,199809,188.3773,188.4627,184.4381
2020/08/26,189.1651,1.8794,+1.00,227101,186.0992,189.8106,186.0422
2020/08/25,187.2857,1.7845,+0.96,92297,188.1969,188.2207,185.5392
2020/08/24,185.5012,1.5377,+0.84,107071,187.3521,187.3521,185.0615
2020/08/21,183.9635,1.1485,-0.62,133995,181.8848,184.7324,181.8088
2020/08/20,185.1120,0.2942,+0.16,120351,182.6821,185.5107,182.4183
2020/08/19,184.8178,1.5092,-0.81,160694,187.0864,187.0864,184.5520
2020/08/18,186.3270,0.8448,-0.45,146487,188.8898,189.4783,186.1656
2020/08/17,187.1718,2.7432,+1.49,235211,185.9189,188.4627,185.8619
2020/08/14,184.4286,0.0190,-0.01,240198,184.9127,185.4822,183.3845
2020/08/13,184.4476,1.6041,+0.88,258890,183.8686,186.5453,183.6693
2020/08/12,182.8435,6.7773,+3.85,389255,181.3532,183.9825,180.9356
2020/08/11,176.0662,1.1770,+0.67,241748,178.2588,179.5925,175.9048
2020/08/10,174.8892,1.6136,-0.91,157882,174.5380,175.4397,173.4939
2020/08/07,176.5028,0.6550,-0.37,126300,177.0629,177.7653,175.1075
2020/08/06,177.1578,0.0854,-0.05,133708,176.3035,177.8887,175.7340
2020/08/05,177.2432,1.1580,+0.66,381109,178.4487,179.2555,176.7306
2020/08/04,176.0852,0.8922,-0.50,509161,173.2566,177.5806,172.9528
2020/08/03,176.9774,4.5086,+2.61,435489,172.3359,179.6447,171.1779
2020/07/31,172.4688,0.6455,+0.38,285359,171.7948,172.5922,169.0042
2020/07/30,171.8233,1.1201,-0.65,153151,169.2225,172.3074,168.9852
2020/07/29,172.9434,3.1419,+1.85,161078,171.3392,173.1332,170.7697
2020/07/28,169.8015,0.9872,-0.58,100549,169.9059,171.0117,169.3744
2020/07/27,170.7887,0.7024,+0.41,318026,172.1176,173.3990,169.9107
2020/07/24,170.0863,2.8381,-1.64,136344,170.5134,171.2443,169.2415
2020/07/23,172.9244,0.8068,-0.46,256850,174.6519,175.9427,172.5257
2020/07/22,173.7312,2.0693,+1.21,121676,173.3990,174.1773,172.1176
2020/07/21,171.6619,0.0569,+0.03,169253,173.0003,173.7502,171.3202
2020/07/20,171.6050,3.0659,+1.82,163721,169.2415,172.1982,168.9662
2020/07/17,168.5391,0.1614,+0.10,122436,168.2353,168.6596,166.5743
2020/07/16,168.3777,1.5282,-0.90,112774,168.1594,168.9378,167.4950
2020/07/15,169.9059,0.8542,+0.51,156640,170.0103,171.2514,169.1466
2020/07/14,169.0517,1.6801,+1.00,181861,165.4162,169.1181,165.3688
2020/07/13,167.3716,2.5343,-1.49,348494,170.3805,171.1873,166.9349
2020/07/10,169.9059,1.3668,+0.81,157355,169.1656,170.1907,167.6184
2020/07/09,168.5391,1.5662,+0.94,288882,168.1974,168.6055,165.6156
2020/07/08,166.9729,2.2781,+1.38,200274,166.6597,167.6279,165.1789
2020/07/07,164.6948,2.3730,-1.42,154419,167.4760,167.7702,164.4006
2020/07/06,167.0678,3.6544,+2.24,225432,166.8685,168.2164,166.2800
2020/07/02,163.4134,0.2088,+0.13,149824,165.0935,165.9383,163.2426
2020/07/01,163.2046,0.8827,+0.54,202867,161.0404,163.9924,160.2146
2020/06/30,162.3219,0.0285,+0.02,199388,159.9394,163.2141,159.5502
2020/06/29,162.2934,1.2909,+0.80,137911,162.4737,163.0402,160.5186
2020/06/26,161.0025,0.4461,-0.28,138346,163.4229,163.6650,160.3286
2020/06/25,161.4486,1.3289,+0.83,155755,159.2560,161.5245,157.8796
2020/06/24,160.1197,4.1385,-2.52,177547,161.9327,162.8060,158.9902
2020/06/23,164.2582,1.5187,+0.93,194390,165.9478,166.6882,164.2392
2020/06/22,162.7395,3.0754,+1.93,182293,163.9450,163.9450,161.9232
2020/06/19,159.6641,0.3512,-0.22,193601,159.7211,161.2303,159.2276
2020/06/18,160.0153,1.1675,-0.72,136155,159.8160,161.0120,158.7434
2020/06/17,161.1828,0.1139,+0.07,247607,160.3286,162.1605,159.7875
2020/06/16,161.0689,0.0095,-0.01,255023,164.4860,164.4860,160.0248
2020/06/15,161.0784,1.7180,+1.08,190748,156.3704,161.2777,155.8863
2020/06/12,159.3604,2.4679,+1.57,199051,161.5340,161.8473,156.6172
2020/06/11,156.8925,9.8621,-5.91,370570,160.7557,162.2935,155.9338
2020/06/10,166.7546,1.1106,+0.67,222220,166.8685,167.9886,165.6725
2020/06/09,165.6440,1.8129,+1.11,344412,163.2995,166.4224,163.0243
2020/06/08,163.8311,1.6611,+1.02,186154,162.6256,164.1633,161.1450
2020/06/05,162.1700,2.9805,-1.80,467029,164.4955,165.3688,161.7239
2020/06/04,165.1505,2.0882,-1.25,336191,165.2549,167.2482,165.1125
2020/06/03,167.2387,4.7270,+2.91,288605,165.2928,167.9696,165.1125
2020/06/02,162.5117,1.6706,+1.04,235093,160.8031,162.6636,160.8031
2020/06/01,160.8411,0.7024,+0.44,254767,159.9204,161.7618,159.8919
2020/05/29,160.1387,1.9174,+1.21,365761,161.3537,161.4391,158.6010
2020/05/28,158.2213,3.1513,+2.03,317627,156.4274,160.7842,155.9528
2020/05/27,155.0700,0.5600,+0.36,353585,156.5602,156.6077,152.9343
2020/05/26,154.5100,2.1832,+1.43,184881,155.7439,156.0762,154.2062
2020/05/22,152.3268,1.6326,+1.08,130615,151.4251,152.7071,150.7891
2020/05/21,150.6942,0.0285,-0.02,166367,152.6875,152.6970,149.8067
2020/05/20,150.7227,0.5126,+0.34,297243,151.8427,152.3648,149.9918
2020/05/19,150.2101,4.2809,-2.77,523655,151.6529,153.1716,150.1057
2020/05/18,154.4910,5.0972,+3.41,242421,153.1811,155.9528,152.9818
2020/05/15,149.3938,2.4489,+1.67,162282,149.5172,150.6088,148.1599
2020/05/14,146.9449,0.0475,+0.03,159910,143.5183,147.1063,143.3000
2020/05/13,146.8974,2.0408,-1.37,189754,150.1911,150.2956,145.6398
2020/05/12,148.9382,2.9805,-1.96,160689,152.0041,152.0516,148.9097
2020/05/11,151.9187,0.1709,+0.11,127117,150.6468,152.9818,150.1627
2020/05/08,151.7478,2.4584,+1.65,252075,150.2861,152.4407,150.1911
2020/05/07,149.2894,1.4997,+1.01,107146,149.8684,149.8874,147.5619
2020/05/06,147.7897,0.3227,-0.22,202374,150.2861,150.7702,147.5904
2020/05/05,148.1124,2.3635,-1.57,455940,147.6283,149.5125,146.4276
2020/05/04,150.4759,9.0553,+6.40,601081,146.4228,151.7952,145.4736
2020/05/01,141.4206,6.2931,-4.26,540240,145.8818,146.0906,139.6076
2020/04/30,147.7137,1.5472,-1.04,340480,148.4256,150.0820,146.7029
2020/04/29,149.2609,1.3193,+0.89,453819,150.9220,151.8143,149.2609
2020/04/28,147.9416,2.5058,-1.67,344469,151.4251,151.4441,147.9416
2020/04/27,150.4474,2.0407,+1.38,258990,149.5552,151.3966,149.4603
2020/04/24,148.4067,0.6359,-0.43,228931,149.9728,149.9728,147.2961
2020/04/23,149.0426,0.9492,-0.63,172671,148.5775,151.1878,148.3402
2020/04/22,149.9918,4.6226,+3.18,390104,149.2989,150.6847,148.5016
2020/04/21,145.3692,3.6639,-2.46,355758,150.2956,150.9410,145.3123
2020/04/20,149.0331,2.9452,-1.94,226891,150.9125,151.2163,148.6724
2020/04/17,151.9783,6.6315,+4.56,514534,153.4384,153.9093,151.2577
2020/04/16,145.3468,3.4853,+2.46,154934,145.7424,147.1365,143.1708
2020/04/15,141.8615,4.8606,-3.31,288469,143.9809,144.3671,141.2963
2020/04/14,146.7221,2.2043,+1.53,425064,146.5337,147.9937,145.4787
2020/04/13,144.5178,3.4100,-2.31,203804,148.3423,148.4553,143.6606
2020/04/09,147.9278,2.8542,+1.97,351570,145.0642,149.3973,143.9715
2020/04/08,145.0736,7.0931,+5.14,366860,141.9463,146.0062,141.3434
2020/04/07,137.9805,0.4993,-0.36,545749,141.8144,142.6339,137.5284
2020/04/06,138.4798,11.4733,+9.03,580765,131.7541,138.6399,130.8498
2020/04/03,127.0065,6.6127,-4.95,736686,131.0288,132.5265,126.4508
2020/04/02,133.6192,6.2170,-4.45,774540,137.8392,139.6573,133.3272
2020/04/01,139.8362,3.8810,-2.70,608166,143.8585,144.1505,138.4892
2020/03/31,143.7172,1.6202,-1.11,596992,143.6041,147.3720,142.7187
2020/03/30,145.3374,4.0128,+2.84,364724,142.4361,145.4692,141.7673
2020/03/27,141.3246,6.7351,-4.55,657826,143.7548,145.1301,140.8065
2020/03/26,148.0597,2.9390,+2.03,755729,142.8506,148.6154,142.4267
2020/03/25,145.1207,8.5814,+6.28,1463276,140.6746,147.8336,139.3935
2020/03/24,136.5393,14.5535,+11.93,610090,132.6207,141.2775,130.8969
2020/03/23,121.9858,9.4763,-7.21,808037,125.1037,129.6346,121.9858
2020/03/20,131.4621,2.6941,+2.09,832891,129.4462,139.4029,129.2202
2020/03/19,128.7680,2.4962,+1.98,1123945,128.0804,131.3961,125.4240
2020/03/18,126.2718,2.4114,-1.87,1355365,126.3283,130.5578,122.6452
2020/03/17,128.6832,6.8670,+5.64,1585826,130.9440,131.8483,125.3392
2020/03/16,121.8162,12.2080,-9.11,1491040,121.8539,131.5751,120.3185
2020/03/13,134.0242,11.5768,+9.45,838453,135.5785,135.5785,124.9719
2020/03/12,122.4474,12.2927,-9.12,1368714,125.2356,127.0819,120.7989
2020/03/11,134.7401,3.1086,-2.26,892132,137.8581,138.8283,132.2157
2020/03/10,137.8487,8.1104,+6.25,1008460,137.4248,138.8895,133.1671
2020/03/09,129.7383,13.6115,-9.50,1337199,132.9787,136.8784,129.2202
2020/03/06,143.3498,1.8934,-1.30,907803,143.4346,144.3954,140.6369
2020/03/05,145.2432,5.8308,-3.86,668790,146.5808,148.1256,144.2353
2020/03/04,151.0740,3.4382,+2.33,663122,148.4365,151.3236,146.5148
2020/03/03,147.6358,4.2200,-2.78,560941,151.8558,154.0883,147.0612
2020/03/02,151.8558,3.2592,+2.19,601676,147.2873,152.0913,145.6671
2020/02/28,148.5966,1.5637,+1.06,1181960,145.1678,148.8321,143.6606
2020/02/27,147.0329,3.5889,-2.38,859134,148.9169,152.0066,146.7503
2020/02/26,150.6218,1.5166,-1.00,752937,152.4964,154.8419,150.5842
2020/02/25,152.1384,1.3942,-0.91,811658,155.4259,155.7556,151.8841
2020/02/24,153.5326,9.3349,-5.73,1262297,152.4870,155.5201,152.4681
2020/02/21,162.8675,4.6628,-2.78,473443,166.0985,166.0985,162.6791
2020/02/20,167.5303,1.2811,-0.76,517780,168.5853,169.4519,166.5601
2020/02/19,168.8114,1.4507,+0.87,470462,169.8947,170.4504,168.5571
2020/02/18,167.3607,4.1541,+2.55,528651,166.3811,168.5335,166.3623
2020/02/14,163.2066,0.8948,+0.55,274915,162.9335,163.6305,162.4531
2020/02/13,162.3118,1.3941,-0.85,355423,161.4357,162.8581,161.1720
2020/02/12,163.7059,2.4774,+1.54,277577,162.4342,164.0799,162.3589
2020/02/11,161.2285,3.4005,+2.15,326483,160.0322,161.6053,159.8815
2020/02/10,157.8280,0.7442,+0.47,339128,158.0352,158.2707,156.7541
2020/02/07,157.0838,1.9216,-1.21,421137,157.7055,158.5344,157.0367
2020/02/06,159.0054,0.8666,+0.55,544266,157.8656,160.1829,157.3193
2020/02/05,158.1388,0.6123,-0.39,885018,159.7025,159.9757,157.1592
2020/02/04,158.7511,1.6202,-1.01,1620609,158.4873,159.2221,154.8702
2020/02/03,160.3713,1.3470,+0.85,578715,158.8736,166.3340,158.5580
2020/01/31,159.0243,3.4476,-2.12,634268,159.5800,160.5314,158.7794
2020/01/30,162.4719,0.1601,-0.10,358054,160.5879,162.5473,160.1735
2020/01/29,162.6320,1.3187,+0.82,300493,162.1234,163.1219,161.3227
2020/01/28,161.3133,3.0144,+1.90,256000,159.6742,162.0857,159.6177
2020/01/27,158.2989,4.1730,-2.57,481910,157.6867,158.8829,156.9566
2020/01/24,162.4719,0.2072,+0.13,208898,163.6965,163.9178,161.8879
2020/01/23,162.2647,0.8101,-0.50,285158,161.9821,162.8581,160.8234
2020/01/22,163.0748,0.9702,-0.59,293552,164.8457,165.1094,162.5661
2020/01/21,164.0450,0.1978,+0.12,385098,162.3494,164.1863,161.7183
2020/01/17,163.8472,0.4993,+0.31,202517,164.8363,165.2225,163.3197
2020/01/16,163.3479,0.7818,+0.48,525757,162.5661,163.3479,160.6774
2020/01/15,162.5661,0.9702,+0.60,1043952,162.9240,163.2679,161.8596
2020/01/14,161.5959,2.5810,-1.57,513491,163.5928,163.9743,161.2662
2020/01/13,164.1769,2.8071,+1.74,398721,162.6886,164.1769,162.1705
2020/01/10,161.3698,1.3188,+0.82,639283,164.2993,164.3935,160.4466
2020/01/09,160.0510,1.2905,+0.81,300974,160.8517,161.0778,159.1938
2020/01/08,158.7605,3.1273,+2.01,277480,157.3476,159.1656,157.0744
2020/01/07,155.6332,0.5934,-0.38,328422,156.3491,156.4809,155.5955
2020/01/06,156.2266,0.8289,-0.53,180407,155.1998,156.6411,155.1998
2020/01/03,157.0555,1.6768,-1.06,142877,157.0838,158.0164,156.6205
2020/01/02,158.7323,2.7977,+1.79,207836,157.3570,158.9807,156.9613
2019/12/31,155.9346,0.2261,+0.15,136114,155.4259,156.2172,154.7100
2019/12/30,155.7085,3.2216,-2.03,273212,157.9881,157.9881,155.6332
2019/12/27,158.9301,0.6123,+0.39,424997,158.6757,160.3948,158.4685
2019/12/26,158.3178,0.0565,+0.04,180753,158.0823,158.5344,157.4229
2019/12/24,158.2613,0.5463,-0.34,59953,158.2801,158.7323,157.3946
2019/12/23,158.8076,1.4883,+0.95,142550,158.2518,159.1750,158.0069
2019/12/20,157.3193,0.4616,+0.29,179457,157.5925,158.0823,157.0650
2019/12/19,156.8577,0.9514,-0.60,197901,156.3679,157.7338,156.0759
2019/12/18,157.8091,0.0942,+0.06,325340,157.6867,158.2613,156.7729
2019/12/17,157.7149,2.0535,+1.32,234366,157.3099,157.8939,156.8671
2019/12/16,155.6614,1.2434,+0.81,212179,156.1041,156.3114,155.1716
2019/12/13,154.4180,2.1571,-1.38,323444,156.5186,156.6034,154.0601
2019/12/12,156.5751,0.9325,+0.60,291793,156.3208,157.5359,156.0241
2019/12/11,155.6426,0.3674,+0.24,115312,155.6237,156.3585,155.3600
2019/12/10,155.2752,1.0927,+0.71,156186,155.4542,156.2266,154.8513
2019/12/09,154.1825,2.3455,-1.50,298720,154.2956,155.1245,153.7586
2019/12/06,156.5280,0.7254,-0.46,175396,157.8656,158.1482,156.2078
2019/12/05,157.2534,0.6405,-0.41,338651,158.6569,158.9112,157.0602
2019/12/04,157.8939,0.3768,-0.24,213427,159.0619,159.3069,157.7149
2019/12/03,158.2707,2.7412,+1.76,467625,157.4794,158.3178,156.4809
2019/12/02,155.5295,2.9767,-1.88,407630,157.4888,157.5642,154.5970
2019/11/29,158.5062,2.4585,-1.53,156795,158.7511,159.6601,158.3178
2019/11/27,160.9647,0.7912,+0.49,185370,160.8705,161.4546,160.5314
2019/11/26,160.1735,2.2419,+1.42,333948,158.6757,160.4090,158.5721
2019/11/25,157.9316,2.2702,+1.46,253324,156.9802,158.0446,156.6222
2019/11/22,155.6614,0.1507,-0.10,185243,156.8012,156.8860,155.2564
2019/11/21,155.8121,0.9419,+0.61,311667,156.1512,156.6411,155.6803
2019/11/20,154.8702,0.1790,+0.12,277016,156.3773,156.6976,154.1543
2019/11/19,154.6912,1.0644,-0.68,256226,156.0853,156.3302,154.2296
2019/11/18,155.7556,1.5543,-0.99,217113,156.0947,156.3679,155.4353
2019/11/15,157.3099,1.4413,+0.92,226696,157.2251,157.7809,156.9425
2019/11/14,155.8686,1.5165,+0.98,320308,154.4368,156.2643,154.1260
2019/11/13,154.3521,1.0927,-0.70,338587,154.4745,155.2187,153.9093
2019/11/12,155.4448,0.5841,+0.38,271828,155.1527,155.7179,154.0977
2019/11/11,154.8607,0.4710,-0.30,313561,154.2956,155.1810,154.0506
2019/11/08,155.3317,0.0565,-0.04,309466,155.8592,156.1230,155.0962
2019/11/07,155.3882,0.4522,-0.29,314275,156.3585,156.5563,155.2940
2019/11/06,155.8404,0.1507,-0.10,268475,155.6803,156.1560,155.1998
2019/11/05,155.9911,4.1353,-2.58,792728,158.6286,158.6286,155.1622
2019/11/04,160.1264,8.1104,+5.34,1507291,161.9256,162.8581,159.5235
2019/11/01,152.0160,1.1869,+0.79,422428,151.2153,152.6659,151.2153
2019/10/31,150.8291,1.8651,+1.25,474928,150.3110,151.0269,149.9248
2019/10/30,148.9640,0.3391,+0.23,451129,149.3690,149.4161,147.7865
2019/10/29,148.6249,0.3109,+0.21,292732,148.2386,149.0582,147.4945
2019/10/28,148.3140,1.2811,+0.87,219731,147.9090,149.3408,147.9090
2019/10/25,147.0329,0.9985,+0.68,260971,146.0062,147.4003,145.8319
2019/10/24,146.0344,2.8824,+2.01,436884,144.2635,146.6185,144.2353
2019/10/23,143.1520,1.8180,-1.25,636187,144.1316,144.6169,142.8035
2019/10/22,144.9700,2.0252,-1.38,464892,147.8713,148.2010,144.9229
2019/10/21,146.9952,0.1884,+0.13,271452,147.9372,148.0079,146.3264
2019/10/18,146.8068,1.6579,-1.12,323160,147.8901,148.0032,146.0658
2019/10/17,148.4647,2.1289,-1.41,377558,150.4335,151.1211,148.4365
2019/10/16,150.5936,3.5513,+2.42,427454,149.6705,151.8312,149.2842
2019/10/15,147.0423,1.2528,+0.86,201264,146.3924,148.0691,146.3547
2019/10/14,145.7895,1.3659,+0.95,237847,145.3562,146.2134,145.1490
2019/10/11,144.4236,2.9860,+2.11,436308,143.2368,145.6482,143.1708
2019/10/10,141.4376,0.8007,+0.57,244937,139.5160,141.8615,139.4123
2019/10/09,140.6369,1.6579,+1.19,138672,140.4579,141.1550,139.9210
2019/10/08,138.9790,2.1195,-1.50,223516,140.3355,140.5427,138.9588
2019/10/07,141.0985,0.2167,+0.15,208913,140.3072,141.8238,140.2601
2019/10/04,140.8818,0.1130,+0.08,334072,141.1550,141.3622,140.6463
2019/10/03,140.7688,2.3926,+1.73,430796,138.5834,140.7688,137.0009
2019/10/02,138.3762,4.7664,-3.33,880680,139.4406,139.7326,137.4625
2019/10/01,143.1426,2.0064,-1.38,427444,145.1301,145.5823,142.6151
2019/09/30,145.1490,1.8557,+1.30,665490,144.4613,145.6953,144.2447
2019/09/27,143.2933,0.6029,+0.42,323239,144.2635,144.6591,142.3136
2019/09/26,142.6904,1.0644,+0.75,240466,143.1802,143.4063,142.1629
2019/09/25,141.6260,0.2920,-0.21,791233,140.0340,141.8426,139.1015
2019/09/24,141.9180,1.9876,-1.38,278333,142.8882,143.1708,141.5412
2019/09/23,143.9056,0.6500,+0.45,495592,142.2854,144.2824,142.2854
2019/09/20,143.2556,1.4506,-1.00,734684,143.8773,144.1492,142.6339
2019/09/19,144.7062,1.0927,-0.75,272641,145.5163,145.8272,144.7062
2019/09/18,145.7989,0.7724,+0.53,639807,144.9229,145.9967,144.1411
2019/09/17,145.0265,2.8259,+1.99,479733,142.8506,145.1866,142.7093
2019/09/16,142.2006,1.5448,-1.07,480572,142.7093,143.2368,141.9557
2019/09/13,143.7454,1.7333,-1.19,600503,145.0925,145.3468,143.7266
2019/09/12,145.4787,2.7223,+1.91,604645,143.6983,146.3735,143.5476
2019/09/11,142.7564,0.4805,+0.34,797287,143.8867,144.9512,142.2854
2019/09/10,142.2759,9.1372,-6.03,1754039,145.2526,145.7142,140.9478
2019/09/09,151.4131,2.2325,-1.45,444566,154.9361,154.9361,151.0834
2019/09/06,153.6456,1.1586,+0.76,296231,154.4368,154.8419,153.4478
2019/09/05,152.4870,1.7804,+1.18,533555,153.5891,153.8717,152.1102
2019/09/04,150.7066,1.8651,+1.25,481943,151.1870,151.8464,150.5653
2019/09/03,148.8415,0.2449,+0.16,423555,149.5009,150.0472,148.4741
2019/08/30,148.5966,0.4427,-0.30,432597,149.1524,150.0943,147.8995
2019/08/29,149.0393,0.5369,+0.36,317282,150.0943,150.2639,148.9922
2019/08/28,148.5024,2.5810,-1.71,543555,148.3988,149.7505,147.3720
2019/08/27,151.0834,3.5701,+2.42,409688,150.4523,151.7051,150.0190
2019/08/26,147.5133,3.1838,+2.21,520164,146.9293,147.8524,145.5634
2019/08/23,144.3295,1.7803,-1.22,776771,145.0736,146.6185,144.0469
2019/08/22,146.1098,1.2999,-0.88,203728,146.9952,147.1365,145.4881
2019/08/21,147.4097,1.3753,+0.94,483106,148.0974,148.4647,147.2778
2019/08/20,146.0344,1.0833,-0.74,696200,146.0721,146.7786,145.5634
2019/08/19,147.1177,0.3297,+0.22,352822,147.8901,148.3140,147.0706
2019/08/16,146.7880,0.4804,+0.33,475330,145.1866,147.5981,145.1866
2019/08/15,146.3076,0.5463,-0.37,335695,146.6750,147.0612,145.1490
2019/08/14,146.8539,4.6346,-3.06,452026,149.7741,150.3487,146.0815
2019/08/13,151.4885,2.6281,+1.77,281129,149.3313,152.1384,149.0299
2019/08/12,148.8604,0.7912,-0.53,174513,148.9640,150.3581,148.4365
2019/08/09,149.6516,1.1586,-0.77,464291,149.8494,150.2639,147.6405
2019/08/08,150.8102,1.8745,+1.26,352842,149.3784,151.4979,149.0299
2019/08/07,148.9357,1.4318,+0.97,418217,146.3359,149.1429,146.0815
2019/08/06,147.5039,0.1790,-0.12,571051,147.8901,148.4365,145.6105
2019/08/05,147.6829,2.5433,-1.69,468609,149.7552,150.0190,146.4866
2019/08/02,150.2262,3.3158,-2.16,854946,152.2986,153.0804,149.3973
2019/08/01,153.5420,1.8086,+1.19,448830,153.2405,155.9346,153.1181
2019/07/31,151.7334,0.8855,+0.59,460493,152.8826,153.7586,150.4617
2019/07/30,150.8479,4.2766,-2.76,707205,151.4979,152.5529,150.5371
2019/07/29,155.1245,1.1021,-0.71,349257,155.4730,155.6332,154.8231
2019/07/26,156.2266,0.3956,-0.25,263271,155.9440,156.5657,155.6803
2019/07/25,156.6222,1.1681,-0.74,278964,157.5454,157.6678,155.1669
2019/07/24,157.7903,0.8666,-0.55,554196,158.3837,158.8359,157.0461
2019/07/23,158.6569,1.2528,+0.80,270651,158.7511,158.9772,158.0446
2019/07/22,157.4041,0.5652,+0.36,443430,157.4888,158.4402,157.3099
2019/07/19,156.8389,2.0723,-1.30,356690,157.7243,158.4873,156.7070
2019/07/18,158.9112,0.0471,-0.03,438207,158.9112,159.6271,157.5427
2019/07/17,158.9583,0.3486,-0.22,321410,159.6742,160.3619,158.9301
2019/07/16,159.3069,0.6123,+0.39,468923,160.2017,160.6445,159.2032
2019/07/15,158.6946,1.8463,+1.18,367402,158.3366,158.9772,158.0917
2019/07/12,156.8483,0.0754,+0.05,260407,157.3476,157.7809,156.4338
2019/07/11,156.7729,0.5370,-0.34,257010,157.0273,157.3176,156.4715
2019/07/10,157.3099,1.2811,+0.82,228558,157.3758,157.7997,156.9425
2019/07/09,156.0288,0.1978,-0.13,254740,155.6897,156.0947,155.4259
2019/07/08,156.2266,0.2261,+0.14,334770,156.5375,156.8389,156.0476
2019/07/05,156.0005,1.7898,-1.13,401643,155.9534,156.3526,155.0962
2019/07/03,157.7903,2.2513,+1.45,358957,158.4214,159.6460,157.4606
2019/07/02,155.5390,1.8181,+1.18,286225,155.2564,155.6143,154.8325
2019/07/01,153.7209,1.6673,+1.10,310603,153.1369,154.0412,153.0710
2019/06/28,152.0536,0.5275,+0.35,202980,151.9595,153.1746,151.8464
2019/06/27,151.5261,1.2810,+0.85,243089,149.7364,151.6580,149.7176
2019/06/26,150.2451,0.2260,-0.15,428025,150.4335,150.9798,149.5480
2019/06/25,150.4711,2.3267,-1.52,494295,152.0819,152.8261,149.8871
2019/06/24,152.7978,0.0000,0,453987,153.4195,154.0130,152.6942
2019/06/21,152.7978,0.9891,+0.65,391814,151.8370,152.9331,151.6580
2019/06/20,151.8087,3.1367,+2.11,700424,152.6471,154.1448,151.2718
2019/06/19,148.6720,0.3579,-0.24,355697,147.7488,149.2560,146.8257
2019/06/18,149.0299,3.8338,+2.64,308094,147.4945,149.3219,147.3438
2019/06/17,145.1961,1.2058,+0.84,236277,144.5555,145.6011,144.5461
2019/06/14,143.9903,1.1210,-0.77,208279,144.3295,144.4173,143.4487
2019/06/13,145.1113,0.5463,-0.38,298926,145.1019,145.5163,144.7722
2019/06/12,145.6576,0.0848,-0.06,337892,145.7613,146.5148,145.5069
2019/06/11,145.7424,0.8289,+0.57,558993,146.2982,146.5148,144.8287
2019/06/10,144.9135,3.2969,+2.33,687402,142.0499,145.2243,141.8144
2019/06/07,141.6166,1.7521,+1.25,434695,141.4658,142.5585,141.2398
2019/06/06,139.8645,3.4100,+2.50,350410,137.8958,140.0811,137.6508
2019/06/05,136.4545,1.7144,+1.27,514951,136.0966,136.9915,135.4655
2019/06/04,134.7401,1.0079,+0.75,663210,134.1467,135.7857,133.6851
2019/06/03,133.7322,0.9891,-0.73,813165,133.7699,134.7496,132.7714
2019/05/31,134.7213,0.0188,+0.01,674954,132.3193,135.0981,131.9754
2019/05/30,134.7025,0.0659,-0.05,351216,133.9206,134.7778,133.8358
2019/05/29,134.7684,1.3659,-1.00,618937,133.4779,134.9380,132.7903
2019/05/28,136.1343,0.2167,+0.16,502964,134.7119,136.7089,134.7119
2019/05/24,135.9176,1.8463,+1.38,478622,134.8438,136.1719,134.6083
2019/05/23,134.0713,0.5087,-0.38,435315,134.1373,134.2880,132.8091
2019/05/22,134.5800,0.9326,-0.69,371828,134.4293,135.3618,134.1938
2019/05/21,135.5126,2.1854,+1.64,475129,134.5235,135.6256,133.7605
2019/05/20,133.3272,0.7912,-0.59,697538,133.4591,133.9866,132.4135
2019/05/17,134.1184,1.2058,-0.89,278788,134.6459,135.5973,133.8033
2019/05/16,135.3242,0.0189,+0.01,1071046,134.7401,136.2285,134.4670
2019/05/15,135.3053,2.5433,+1.92,560989,130.7179,136.1531,130.4071
2019/05/14,132.7620,2.1289,+1.63,1017120,132.4040,133.9018,132.1729
2019/05/13,130.6331,2.4963,-1.88,306644,129.7759,130.9722,129.3991
2019/05/10,133.1294,0.1602,+0.12,1270958,133.2236,133.7887,131.4197
2019/05/09,132.9692,0.1130,+0.09,820173,133.1105,133.7982,131.3490
2019/05/08,132.8562,3.1462,+2.43,1649990,130.4730,133.9018,130.1056
2019/05/07,129.7100,5.0584,+4.06,915406,130.2846,131.0005,128.8151
2019/05/06,124.6516,1.7050,-1.35,889489,122.6923,125.4052,121.9481
2019/05/03,126.3566,0.5557,-0.44,281241,126.1587,127.2703,126.1587
2019/05/02,126.9123,0.1224,+0.10,323050,126.9971,127.4493,125.9374
2019/05/01,126.7899,1.3470,-1.05,175238,128.2405,128.4007,126.6486
2019/04/30,128.1369,0.4804,+0.38,223484,128.1463,128.2829,127.0772
2019/04/29,127.6565,0.1130,+0.09,734091,126.7616,128.1133,126.3707
2019/04/26,127.5435,0.1507,-0.12,289921,126.9500,127.6377,126.6674
2019/04/25,127.6942,0.8666,-0.67,251837,127.6282,128.2876,127.1761
2019/04/24,128.5608,2.3361,-1.78,477699,129.3049,129.7571,128.5325
2019/04/23,130.8969,0.4522,+0.35,660970,129.6629,131.3302,129.4745
2019/04/22,130.4447,0.2429,-0.19,622515,130.6876,131.6684,130.1925
2019/04/18,130.6876,2.0737,+1.61,572632,128.2870,131.0706,128.1936
2019/04/17,128.6139,0.3737,-0.29,518276,127.8667,129.1277,127.5024
2019/04/16,128.9876,0.9902,+0.77,348039,127.0820,129.2304,126.9980
2019/04/15,127.9974,1.4385,-1.11,289521,128.9035,128.9035,127.0447
2019/04/12,129.4359,1.2236,+0.95,312826,129.7068,129.9030,129.0716
2019/04/11,128.2123,0.7006,+0.55,202492,127.8853,128.3057,127.4930
2019/04/10,127.5117,0.0654,+0.05,222184,126.8579,128.0908,126.6524
2019/04/09,127.4463,0.6445,-0.50,197892,127.2969,127.8060,126.8392
2019/04/08,128.0908,0.1774,+0.14,553062,128.0815,128.2963,127.3903
2019/04/05,127.9134,0.4390,+0.34,273426,128.4271,128.9035,127.5117
2019/04/04,127.4744,0.2709,+0.21,371785,127.7919,127.9227,126.8112
2019/04/03,127.2035,0.1962,+0.15,260095,127.6425,128.2123,127.0353
2019/04/02,127.0073,0.8593,+0.68,301865,126.2600,127.3436,125.9425
2019/04/01,126.1480,1.1677,+0.93,593256,126.7925,127.6612,125.8210
2019/03/29,124.9803,0.7005,+0.56,368491,124.9710,125.8584,124.4292
2019/03/28,124.2798,0.2522,+0.20,379993,124.2051,124.8309,123.5092
2019/03/27,124.0276,0.1681,-0.14,413311,125.0644,125.6622,123.5232
2019/03/26,124.1957,1.7187,+1.40,327073,123.2990,124.5507,123.0795
2019/03/25,122.4770,2.3072,+1.92,249310,121.3561,122.6358,120.6649
2019/03/22,120.1698,3.4935,-2.83,440948,122.4116,122.6825,120.0297
2019/03/21,123.6633,0.5978,+0.49,179314,123.1869,123.8765,122.9160
2019/03/20,123.0655,0.1308,+0.11,328162,124.1303,124.1303,122.3649
2019/03/19,122.9347,0.6258,-0.51,228044,123.7007,123.9529,122.7946
2019/03/18,123.5605,0.4670,+0.38,236693,122.9814,123.7240,122.7853
2019/03/15,123.0935,0.5511,+0.45,270775,123.2990,123.4858,122.9440
2019/03/14,122.5424,1.0649,+0.88,279662,122.0473,122.5984,121.3001
2019/03/13,121.4775,0.1308,-0.11,471887,122.1127,122.2528,120.5715
2019/03/12,121.6083,0.5324,-0.44,182320,121.6457,122.0940,121.2627
2019/03/11,122.1407,1.7560,+1.46,352128,120.2352,122.2528,120.0577
2019/03/08,120.3847,0.5231,+0.44,268508,118.6379,120.4874,118.4604
2019/03/07,119.8616,1.6720,-1.38,495671,120.0204,120.5528,118.8621
2019/03/06,121.5336,1.5412,-1.25,292162,121.8418,121.9978,120.7507
2019/03/05,123.0748,0.8967,+0.73,256380,121.9072,123.1589,121.7930
2019/03/04,122.1781,0.9341,-0.76,441070,123.1122,123.4485,121.4589
2019/03/01,123.1122,3.3067,+2.76,483908,121.7017,123.2243,121.3561
2019/02/28,119.8055,0.3830,-0.32,280093,119.6841,120.3660,119.5907
2019/02/27,120.1885,0.3550,-0.29,290785,120.1138,120.5995,119.3005
2019/02/26,120.5435,0.9435,+0.79,294699,119.6281,121.1768,119.5907
2019/02/25,119.6000,1.8775,+1.59,473098,118.7500,119.8149,118.4137
2019/02/22,117.7225,0.2522,-0.21,348606,117.9280,118.2456,117.3676
2019/02/21,117.9747,0.4950,+0.42,201475,117.3209,118.3764,117.2555
2019/02/20,117.4797,0.5604,-0.47,237005,117.9934,118.3857,117.2928
2019/02/19,118.0401,0.3643,+0.31,166071,117.4516,118.5445,117.4423
2019/02/15,117.6758,0.8593,+0.74,460349,117.3956,118.0681,117.0414
2019/02/14,116.8165,0.1774,-0.15,335835,116.2934,117.2368,115.9758
2019/02/13,116.9939,1.1116,-0.94,342936,117.5170,117.8346,116.7231
2019/02/12,118.1055,2.7462,+2.38,797740,115.9197,118.3343,115.9197
2019/02/11,115.3593,0.7286,-0.63,356253,115.1351,115.7983,115.1071
2019/02/08,116.0879,0.2895,-0.25,424685,115.0791,116.1252,114.6868
2019/02/07,116.3774,2.2138,-1.87,412731,115.2379,116.5549,114.9221
2019/02/06,118.5912,0.2989,-0.25,204924,118.6566,119.2357,118.3951
2019/02/05,118.8901,0.0560,+0.05,497357,119.5346,119.7215,118.6473
2019/02/04,118.8341,0.0841,+0.07,444787,117.7038,118.8341,117.4983
2019/02/01,118.7500,0.7753,+0.66,1155226,117.7599,119.1423,117.5591
2019/01/31,117.9747,12.7128,+12.08,2416811,108.3910,118.6940,108.3910
2019/01/30,105.2619,1.9990,+1.94,757258,103.5058,105.4954,103.1321
2019/01/29,103.2629,0.1214,+0.12,468431,103.4871,103.7206,102.5344
2019/01/28,103.1415,0.7659,-0.74,352189,102.8519,103.1695,101.6656
2019/01/25,103.9074,1.0742,-1.02,363215,104.5893,104.7948,103.7300
2019/01/24,104.9816,2.0456,+1.99,324440,103.6365,105.0564,103.4778
2019/01/23,102.9360,1.3918,-1.33,364140,103.8794,104.2717,102.2728
2019/01/22,104.3278,1.4945,-1.41,295734,104.8322,105.1871,103.3003
2019/01/18,105.8223,0.3923,-0.37,398536,106.7284,106.9339,105.2899
2019/01/17,106.2146,0.5418,+0.51,298610,106.0745,107.1737,105.5187
2019/01/16,105.6728,0.7099,+0.68,353037,104.5239,106.4108,104.4399
2019/01/15,104.9629,1.3917,+1.34,350168,105.1311,105.4020,104.0569
2019/01/14,103.5712,0.0374,+0.04,241687,103.3190,104.0475,102.8613
2019/01/11,103.5338,0.0467,+0.05,268268,104.3745,104.3838,103.1321
2019/01/10,103.4871,0.3736,-0.36,319492,102.6277,103.9541,102.1981
2019/01/09,103.8607,2.4379,+2.40,525304,104.7668,105.5841,103.8140
2019/01/08,101.4228,3.8298,+3.92,815988,100.5260,102.0486,100.3205
2019/01/07,97.5930,2.1017,+2.20,457627,96.5095,98.7606,96.1639
2019/01/04,95.4913,4.9039,+5.41,561211,93.6232,96.0051,92.7171
2019/01/03,90.5874,1.6066,-1.74,482149,92.3341,92.3715,90.2511
2019/01/02,92.1940,0.6912,-0.74,313824,91.6336,92.6704,91.1759
2018/12/31,92.8852,0.9714,+1.06,327347,92.9973,93.3523,91.2911
2018/12/28,91.9138,1.2610,-1.35,425987,92.8946,93.2402,91.5962
2018/12/27,93.1748,1.3637,+1.49,424427,89.9616,93.1842,89.7280
2018/12/26,91.8111,2.1765,+2.43,713359,89.5693,91.8858,87.6637
2018/12/24,89.6346,2.0550,-2.24,295930,90.9797,91.4219,89.4758
2018/12/21,91.6896,3.1385,-3.31,457702,94.3237,94.6693,91.3533
2018/12/20,94.8281,0.8501,-0.89,634947,96.3133,96.8084,93.7726
2018/12/19,95.6782,1.5226,+1.62,867961,97.3221,99.2837,95.1270
2018/12/18,94.1556,0.8033,+0.86,583758,95.0523,95.4820,94.1182
2018/12/17,93.3523,1.4478,-1.53,700022,94.1463,95.0056,92.9273
2018/12/14,94.8001,2.4380,-2.51,666737,95.3886,96.0518,94.4358
2018/12/13,97.2381,1.2330,-1.25,517515,98.8354,98.9474,96.9111
2018/12/12,98.4711,0.4297,+0.44,564106,98.9194,99.7508,98.4150
2018/12/11,98.0414,0.0280,+0.03,298792,100.4420,100.4747,97.6864
2018/12/10,98.0134,0.0841,+0.09,390918,98.3029,99.1529,97.1727
2018/12/07,97.9293,2.5127,-2.50,423267,101.1706,101.9832,97.3875
2018/12/06,100.4420,0.7846,-0.78,596237,99.2183,100.5447,98.3683
2018/12/04,101.2266,3.0918,-2.96,557507,104.2437,104.6173,100.9557
2018/12/03,104.3184,1.9429,+1.90,527640,104.4399,105.0844,103.7580
2018/11/30,102.3755,0.3643,+0.36,603413,101.3480,102.7585,101.2733
2018/11/29,102.0112,0.8220,+0.81,579438,101.1332,102.5904,100.9370
2018/11/28,101.1892,3.3253,+3.40,1108719,95.8743,101.2640,95.6221
2018/11/27,97.8639,4.1567,-4.07,1145036,99.9376,100.2178,97.1260
2018/11/26,102.0206,2.3913,+2.40,322775,100.8717,102.1794,100.6848
2018/11/23,99.6293,0.0654,-0.07,193446,99.6760,100.5634,99.6293
2018/11/21,99.6947,1.3918,+1.42,314080,98.4524,100.6848,98.4337
2018/11/20,98.3029,3.3440,-3.29,674608,98.7887,99.9843,98.0507
2018/11/19,101.6469,1.7935,-1.73,383145,103.2162,103.2533,101.4788
2018/11/16,103.4404,0.9901,-0.95,187225,103.0481,104.1129,102.7933
2018/11/15,104.4305,0.9341,+0.90,478322,102.5156,104.9536,101.5442
2018/11/14,103.4964,1.1115,+1.09,458906,105.1498,105.6822,102.8052
2018/11/13,102.3849,2.9798,+3.00,619847,101.7404,104.2344,101.6002
2018/11/12,99.4051,3.4095,-3.32,794527,101.4321,101.5909,99.2557
2018/11/09,102.8146,3.8577,-3.62,1561674,104.3838,104.9536,101.6572
2018/11/08,106.6723,1.7468,-1.61,620285,108.3070,109.0169,106.1025
2018/11/07,108.4191,0.0748,+0.07,830649,108.2976,109.2224,108.0174
2018/11/06,108.3443,1.4852,-1.35,840347,107.8586,108.6993,107.2973
2018/11/05,109.8295,1.8215,-1.63,1923969,108.7460,110.9504,108.1762
2018/11/02,111.6510,0.4203,-0.38,727429,112.3142,112.9765,109.4652
2018/11/01,112.0713,2.6808,+2.45,1168166,112.1180,112.4636,110.3433
2018/10/31,109.3905,0.7753,+0.71,466729,110.0257,111.1559,108.9515
2018/10/30,108.6152,1.1769,+1.10,422125,107.3449,108.6993,106.8591
2018/10/29,107.4383,1.0742,-0.99,783919,110.0163,110.6422,106.0745
2018/10/26,108.5125,0.7380,+0.68,969108,105.8223,109.7735,105.5234
2018/10/25,107.7745,3.3533,+3.21,518967,106.5882,108.9328,105.4580
2018/10/24,104.4212,3.2599,-3.03,1271179,105.9437,106.4388,104.3492
2018/10/23,107.6811,0.9341,-0.86,1650608,105.5234,108.4004,104.9256
2018/10/22,108.6152,0.2148,-0.20,448934,107.6251,108.9235,107.0086
2018/10/19,108.8300,2.1110,+1.98,764556,108.2789,110.1564,108.1295
2018/10/18,106.7190,4.3715,-3.94,837402,108.7740,109.0169,106.4201
2018/10/17,111.0905,2.6341,-2.32,1007622,111.6043,111.7444,109.8482
2018/10/16,113.7246,6.2957,+5.86,1501360,114.7054,114.9483,113.5285
2018/10/15,107.4289,1.2050,-1.11,696828,107.1207,108.4284,106.8311
2018/10/12,108.6339,0.7099,+0.66,794167,109.8669,110.5114,107.0273
2018/10/11,107.9240,1.9522,-1.78,1634182,109.7081,110.2779,107.1861
2018/10/10,109.8762,10.5738,-8.78,1898702,115.6208,116.5829,109.8762
2018/10/09,120.4500,0.6819,-0.56,571248,119.5160,121.0572,118.9832
2018/10/08,121.1319,2.4286,-1.97,949739,120.3193,121.5242,119.8475
2018/10/05,123.5605,0.7286,-0.59,541839,123.0281,124.6441,122.8787
2018/10/04,124.2891,2.5688,-2.02,850875,127.2875,127.3996,122.7199
2018/10/03,126.8579,1.6439,-1.28,420362,128.3150,129.0651,126.6804
2018/10/02,128.5018,0.1869,-0.15,730280,128.1749,129.0997,127.2969
2018/10/01,128.6887,0.8034,+0.63,466489,130.4634,130.5942,128.1095
2018/09/28,127.8853,3.0638,-2.34,772199,128.2123,129.9497,127.4650
2018/09/27,130.9491,0.5605,-0.43,683391,131.6684,132.1448,130.7623
2018/09/26,131.5096,1.6347,+1.26,610216,130.6222,133.1252,130.5662
2018/09/25,129.8749,0.0373,+0.03,637386,130.7903,131.0519,129.3238
2018/09/24,129.8376,1.4292,+1.11,452695,128.4084,130.2019,128.1469
2018/09/21,128.4084,0.1681,+0.13,435191,128.2403,128.8288,127.2035
2018/09/20,128.2403,1.3824,+1.09,684874,126.9139,128.9876,126.7738
2018/09/19,126.8579,2.3445,-1.81,1044355,127.8760,128.3524,125.8305
2018/09/18,129.2024,5.1561,+4.16,2068038,124.3358,129.4546,124.0463
2018/09/17,124.0463,0.6165,+0.50,792193,124.4946,124.9617,123.0842
2018/09/14,123.4298,1.2236,-0.98,720044,124.3265,125.4474,122.8039
2018/09/13,124.6534,0.6165,+0.50,633770,124.9150,125.8677,124.2611
2018/09/12,124.0369,3.0357,+2.51,761862,122.5891,124.4479,121.9352
2018/09/11,121.0012,2.6155,+2.21,756889,117.4143,121.7671,116.9939
2018/09/10,118.3857,0.1121,-0.09,429445,119.0116,119.2544,117.7692
2018/09/07,118.4978,0.4016,+0.34,315079,117.8813,119.5627,117.6571
2018/09/06,118.0962,0.6351,-0.53,470677,117.7412,118.8995,117.7412
2018/09/05,118.7313,1.3731,-1.14,822183,119.2171,119.4319,117.6104
2018/09/04,120.1044,2.3446,-1.91,1200909,121.4869,121.4869,119.4226
2018/08/31,122.4490,1.7187,-1.38,564080,124.1303,124.1303,121.3561
2018/08/30,124.1677,1.1863,-0.95,938250,125.6716,125.7370,123.1262
2018/08/29,125.3540,3.8858,+3.20,1025582,123.9155,125.7837,123.3877
2018/08/28,121.4682,1.7187,+1.44,826031,121.0105,121.8325,120.2772
2018/08/27,119.7495,0.6352,+0.53,388007,118.8714,120.1698,118.8341
2018/08/24,119.1143,2.5500,+2.19,520795,117.9374,119.6841,117.9374
2018/08/23,116.5643,0.2802,-0.24,594001,116.4148,117.8626,116.0785
2018/08/22,116.8445,1.1582,-0.98,740798,118.5912,118.8434,116.5176
2018/08/21,118.0027,2.7835,+2.42,952213,116.6390,118.2269,116.2934
2018/08/20,115.2192,2.3819,+2.11,732333,113.5191,115.2472,113.5191
2018/08/17,112.8373,0.2803,+0.25,421903,111.6323,112.9353,111.3801
2018/08/16,112.5570,1.1862,+1.07,842827,112.3422,112.9400,111.8378
2018/08/15,111.3708,1.6533,-1.46,1229460,112.6224,112.6224,111.0812
2018/08/14,113.0241,0.9341,-0.82,827827,113.7246,113.7246,112.6785
2018/08/13,113.9582,1.1301,+1.00,520626,113.3323,114.1730,112.8186
2018/08/10,112.8281,2.9931,-2.58,996551,112.4072,113.2677,111.9162
2018/08/09,115.8212,1.8800,-1.60,686453,117.8040,117.9163,115.6341
2018/08/08,117.7012,0.6641,+0.57,615844,117.8602,118.4494,117.4346
2018/08/07,117.0371,1.0663,+0.92,783495,117.7012,117.7012,115.9334
2018/08/06,115.9708,0.7950,-0.68,852168,115.6528,116.2608,114.8204
2018/08/03,116.7658,1.2534,-1.06,3033711,122.3871,122.5789,115.5125
2018/08/02,118.0192,7.6510,+6.93,3903782,114.5678,119.9553,113.7775
2018/08/01,110.3682,13.6745,-11.02,6889062,126.0536,126.6429,109.0027
2018/07/31,124.0427,1.9829,+1.62,1086343,123.9865,125.2025,123.8275
2018/07/30,122.0598,1.0288,-0.84,925942,123.0325,123.0512,121.4986
2018/07/27,123.0886,0.0281,-0.02,587831,122.6958,123.4534,122.0037
2018/07/26,123.1167,2.7031,-2.15,990040,123.9398,125.2960,122.8735
2018/07/25,125.8198,1.1879,+0.95,2743279,123.5469,127.4846,121.7043
2018/07/24,124.6319,3.0305,-2.37,1368615,125.7637,126.2968,124.4261
2018/07/23,127.6624,3.2829,-2.51,2774639,123.9304,128.1394,123.8837
2018/07/20,130.9453,2.3571,-1.77,534402,130.9641,131.6001,130.8144
2018/07/19,133.3024,0.4770,-0.36,355314,133.0124,133.8355,131.8012
2018/07/18,133.7794,0.6079,-0.45,162514,133.4894,133.9571,133.1995
2018/07/17,134.3873,1.5713,+1.18,289602,132.4232,135.4630,131.9649
2018/07/16,132.8160,0.4770,-0.36,336901,132.8160,132.8815,131.8246
2018/07/13,133.2930,2.6657,+2.04,464110,133.9852,134.4060,132.7131
2018/07/12,130.6273,3.2268,+2.53,357291,128.4761,130.7302,128.2610
2018/07/11,127.4005,1.3936,-1.08,253265,127.2789,128.1768,126.9983
2018/07/10,128.7941,1.2346,+0.97,304215,129.4208,129.4395,128.2984
2018/07/09,127.5595,0.9541,+0.75,245604,127.2321,127.5969,126.1191
2018/07/06,126.6054,0.5425,-0.43,256092,126.4184,126.7644,125.6046
2018/07/05,127.1479,1.8706,+1.49,304625,127.1292,127.3537,125.8759
2018/07/03,125.2773,1.1317,-0.90,234171,125.8665,126.2033,125.2118
2018/07/02,126.4090,0.1309,+0.10,349546,124.1923,126.4277,124.0801
2018/06/29,126.2781,0.0374,-0.03,425690,126.8393,127.9617,126.0068
2018/06/28,126.3155,0.1216,-0.10,589822,123.3412,126.5119,123.1541
2018/06/27,126.4371,1.8239,-1.42,381352,128.8876,129.9165,126.4371
2018/06/26,128.2610,0.2152,+0.17,450121,128.0178,128.5135,127.4098
2018/06/25,128.0458,2.4132,-1.85,420179,129.0560,129.0747,126.7364
2018/06/22,130.4590,1.3281,-1.01,781785,132.4512,132.6009,129.3927
2018/06/21,131.7871,2.1606,-1.61,393616,132.3951,132.5260,130.9453
2018/06/20,133.9477,2.0952,-1.54,348278,135.1356,135.7155,133.7607
2018/06/19,136.0429,2.2073,-1.60,453861,135.9493,136.8192,135.3928
2018/06/18,138.2502,1.0195,-0.73,332699,136.9782,138.7272,136.8286
2018/06/15,139.2697,0.4022,-0.29,393639,140.1583,140.1583,138.6618
2018/06/14,139.6719,5.0227,+3.73,857400,138.5028,139.9058,137.7452
2018/06/13,134.6492,3.1052,+2.36,751248,133.3678,135.6874,133.1714
2018/06/12,131.5440,1.4592,+1.12,552615,131.4878,131.7871,130.4262
2018/06/11,130.0848,2.5347,+1.99,461077,129.7668,130.6554,129.5985
2018/06/08,127.5501,0.0748,-0.06,187609,127.4098,127.7372,126.4839
2018/06/07,127.6249,2.8154,-2.16,305900,129.2992,129.9165,127.2976
2018/06/06,130.4403,2.7779,+2.18,327766,128.1113,130.5151,128.0660
2018/06/05,127.6624,3.9658,+3.21,464658,127.0544,128.5743,126.6335
2018/06/04,123.6966,0.6079,-0.49,286445,124.0333,124.2765,123.3833
2018/06/01,124.3045,1.4497,+1.18,306879,125.0154,125.1557,122.9390
2018/05/31,122.8548,1.0289,+0.84,284925,121.9475,123.4441,121.1852
2018/05/30,121.8259,3.0211,+2.54,435345,121.2367,122.5181,120.4791
2018/05/29,118.8048,3.9003,-3.18,894133,119.5437,120.7597,117.8040
2018/05/25,122.7051,0.3556,-0.29,227401,122.6490,123.4253,121.4892
2018/05/24,123.0607,0.1217,+0.10,193499,122.2181,123.3697,122.0308
2018/05/23,122.9390,1.0767,-0.87,244608,122.3491,123.0513,121.8155
2018/05/22,124.0157,1.5073,-1.20,191852,125.3732,125.6822,123.9220
2018/05/21,125.5230,1.4418,+1.16,267215,125.9256,126.3937,124.9613
2018/05/18,124.0812,1.1235,-0.90,225490,124.6710,124.8864,123.8752
2018/05/17,125.2047,0.1030,-0.08,188556,125.0362,125.7945,124.8583
2018/05/16,125.3077,0.0468,-0.04,276059,124.9519,125.6681,123.9127
2018/05/15,125.3545,1.2265,-0.97,204120,125.4762,125.9724,124.7740
2018/05/14,126.5810,0.7958,-0.62,191651,126.7214,127.5547,126.4312
2018/05/11,127.3768,0.4494,+0.35,226228,126.9648,127.6015,126.5061
2018/05/10,126.9274,0.0655,-0.05,339610,126.4312,127.2130,126.2720
2018/05/09,126.9929,1.0580,-0.83,365081,127.8356,128.0509,126.3750
2018/05/08,128.0509,3.3892,-2.58,626583,128.0790,129.2025,126.5997
2018/05/07,131.4401,2.8649,+2.23,826172,130.4758,132.5355,130.2979
2018/05/04,128.5752,5.9358,+4.84,1283470,126.3188,128.6875,125.7196
2018/05/03,122.6394,4.8498,+4.12,1510943,116.2635,124.9425,115.8244
2018/05/02,117.7896,3.1177,+2.72,825022,118.3514,119.0629,117.6117
2018/05/01,114.6719,0.1872,-0.16,239814,114.8404,114.9294,113.4548
2018/04/30,114.8591,0.6460,+0.57,327504,114.0352,115.5052,113.8480
2018/04/27,114.2131,0.9269,-0.81,283216,115.1587,115.2336,114.0540
2018/04/26,115.1400,0.1498,+0.13,388629,115.5894,115.6830,114.3536
2018/04/25,114.9902,0.0655,+0.06,279110,114.6532,115.4583,114.0165
2018/04/24,114.9247,0.8146,+0.71,589588,114.9060,115.7317,113.8854
2018/04/23,114.1101,0.0749,+0.07,231713,113.7263,114.2584,113.3892
2018/04/20,114.0352,0.4741,-0.41,187692,113.7936,114.4071,113.5333
2018/04/19,114.5093,1.4966,-1.29,355242,115.2622,115.5969,113.9051
2018/04/18,116.0059,0.3997,-0.34,400701,115.4388,116.6008,115.3738
2018/04/17,116.4056,2.0636,+1.80,476554,115.0205,116.6008,114.7511
2018/04/16,114.3420,0.5391,+0.47,311864,113.8586,114.7035,113.6262
2018/04/13,113.8029,0.3812,+0.34,447219,113.1522,114.2862,113.1057
2018/04/12,113.4217,1.4779,+1.32,239379,112.9663,113.5333,112.8640
2018/04/11,111.9438,1.5616,-1.38,282627,112.2134,113.2080,111.6742
2018/04/10,113.5054,1.7847,+1.60,396774,113.3567,114.0074,112.6502
2018/04/09,111.7207,0.5205,-0.46,298253,112.9663,113.3288,111.5534
2018/04/06,112.2412,0.5485,-0.49,414577,112.7804,113.4403,111.1165
2018/04/05,112.7897,0.8366,+0.75,417281,112.3993,113.2172,112.0460
2018/04/04,111.9531,0.1580,-0.14,439875,108.9879,112.1390,108.8391
2018/04/03,112.1111,2.8723,+2.63,571324,112.0181,112.8083,111.0700
2018/04/02,109.2388,2.7886,-2.49,293540,111.2559,111.5906,108.3093
2018/03/29,112.0274,0.8365,+0.75,385815,112.6316,112.7990,111.3582
2018/03/28,111.1909,0.0743,-0.07,423374,112.9291,113.1615,110.9492
2018/03/27,111.2652,1.4966,-1.33,515991,114.0445,114.2026,110.5960
2018/03/26,112.7618,2.7143,+2.47,321170,113.1243,113.5426,110.8283
2018/03/23,110.0475,1.8870,-1.69,530297,112.3714,112.7432,110.0197
2018/03/22,111.9345,2.8908,-2.52,465218,113.3381,113.9237,111.9252
2018/03/21,114.8253,1.7196,+1.52,722701,114.5744,115.6898,114.3792
2018/03/20,113.1057,0.3904,+0.35,593097,112.5945,113.7750,112.5945
2018/03/19,112.7153,0.6321,-0.56,322802,113.7936,113.8214,111.8508
2018/03/16,113.3474,0.7901,-0.69,401189,114.5000,114.5651,113.3288
2018/03/15,114.1375,0.5020,+0.44,431952,113.8400,114.6580,113.4682
2018/03/14,113.6355,0.7901,-0.69,338847,115.1972,115.2343,113.3567
2018/03/13,114.4256,1.1341,-0.98,691610,116.1639,116.4474,114.2026
2018/03/12,115.5597,0.3625,-0.31,445663,115.8199,116.1174,115.3459
2018/03/09,115.9222,0.8273,+0.72,348892,115.4481,116.0523,115.2622
2018/03/08,115.0949,0.8366,-0.72,550044,116.4706,116.6751,114.2397
2018/03/07,115.9315,1.8312,+1.60,566214,113.6820,116.4148,113.6820
2018/03/06,114.1003,1.1619,+1.03,672659,114.1003,114.7510,113.5333
2018/03/05,112.9384,0.3625,+0.32,562746,110.6610,113.0685,109.9825
2018/03/02,112.5759,0.3904,-0.35,746232,112.0274,112.8082,110.2427
2018/03/01,112.9663,2.4911,-2.16,723133,115.4481,115.6062,111.7393
2018/02/28,115.4574,1.6732,-1.43,551322,117.2142,117.5861,115.3459
2018/02/27,117.1306,3.0582,-2.54,565948,120.0493,120.2259,117.1213
2018/02/26,120.1888,0.2416,-0.20,423606,120.9603,121.2856,119.1570
2018/02/23,120.4304,2.6491,+2.25,278041,118.0973,120.4862,118.0973
2018/02/22,117.7813,1.2084,-1.02,384070,118.7852,118.8781,117.2709
2018/02/21,118.9897,0.3625,-0.30,496671,120.4490,121.1741,118.9711
2018/02/20,119.3522,1.2177,-1.01,525178,117.9207,120.3933,117.8742
2018/02/16,120.5699,0.5671,+0.47,615158,121.1369,121.9549,120.1702
2018/02/15,120.0028,2.9931,+2.56,763797,120.4025,120.4025,118.4598
2018/02/14,117.0097,1.9613,+1.70,461733,113.4403,117.5489,113.4032
2018/02/13,115.0484,1.1340,+1.00,533787,114.1654,115.5318,113.6913
2018/02/12,113.9144,2.1472,+1.92,635737,111.1630,114.6766,111.1630
2018/02/09,111.7672,0.5763,+0.52,1158166,110.8562,112.5015,108.9600
2018/02/08,111.1909,4.1457,-3.59,857466,115.5504,115.8032,111.1909
2018/02/07,115.3366,2.6213,-2.22,854291,116.0059,117.2514,115.3366
2018/02/06,117.9579,5.0660,+4.49,1969080,112.4922,118.5993,111.9438
2018/02/05,112.8919,5.2891,-4.48,1245469,118.3483,119.1477,112.0367
2018/02/02,118.1810,0.9760,-0.82,1501263,121.1648,121.4250,117.8277
2018/02/01,119.1570,8.0777,+7.27,2882757,115.2157,120.7186,115.2065
2018/01/31,111.0793,1.3106,+1.19,799033,109.9825,111.6742,109.9360
2018/01/30,109.7687,0.5856,-0.53,509213,110.4101,110.6146,109.7315
2018/01/29,110.3543,1.1526,-1.03,545215,110.2985,110.7912,109.5177
2018/01/26,111.5069,1.6267,+1.48,283817,110.5681,111.5906,110.4937
2018/01/25,109.8802,0.6414,-0.58,407242,110.8748,110.9771,109.4062
2018/01/24,110.5216,0.0279,-0.03,372947,110.8562,111.0421,109.7687
2018/01/23,110.5495,2.2680,-2.01,561676,112.0367,112.0367,110.0568
2018/01/22,112.8175,0.3811,+0.34,332028,112.3342,112.9012,112.0089
2018/01/19,112.4364,1.4686,+1.32,385651,112.2784,112.6409,111.4325
2018/01/18,110.9678,0.0650,-0.06,360513,111.0050,111.4418,110.5030
2018/01/17,111.0328,1.7568,+1.61,483895,110.4751,111.7300,109.9732
2018/01/16,109.2760,0.2603,-0.24,632118,110.3729,110.5960,109.2017
2018/01/12,109.5363,0.6321,+0.58,422825,110.2334,110.3171,109.1459
2018/01/11,108.9042,2.6863,+2.53,679980,107.7516,109.1738,107.7516
2018/01/10,106.2179,0.0464,-0.04,304201,105.9669,106.6826,105.7810
2018/01/09,106.2643,0.7436,+0.70,397298,106.8964,106.9429,105.6416
2018/01/08,105.5207,1.2920,+1.24,485400,104.8700,105.6044,104.6469
2018/01/05,104.2287,0.7623,+0.74,439073,104.7957,105.0559,104.1357
2018/01/04,103.4664,3.8482,+3.86,949849,104.6748,104.7027,103.1969
2018/01/03,99.6182,1.8777,+1.92,458926,98.8467,99.8227,98.8467
2018/01/02,97.7405,0.2881,+0.30,589051,96.7831,97.9543,96.3462
2017/12/29,97.4524,1.7754,-1.79,274287,98.4841,98.5864,97.4245
2017/12/28,99.2278,0.0464,-0.05,298183,98.8652,99.3393,98.8048
2017/12/27,99.2742,0.1674,-0.17,197700,98.6700,99.5531,98.6700
2017/12/26,99.4416,0.4090,+0.41,306206,99.0326,100.3618,98.5306
2017/12/22,99.0326,0.3068,+0.31,253180,98.0101,99.2742,98.0101
2017/12/21,98.7258,0.6042,+0.62,519971,97.9729,99.0697,97.8428
2017/12/20,98.1216,0.0836,+0.09,213514,98.3447,98.4098,97.8707
2017/12/19,98.0380,1.1526,-1.16,325003,98.2889,98.8002,97.9822
2017/12/18,99.1906,2.1658,+2.23,432180,98.0565,99.4880,98.0565
2017/12/15,97.0248,0.5949,-0.61,744629,97.4616,97.4709,96.5786
2017/12/14,97.6197,0.7250,-0.74,375222,98.9489,99.5438,97.4988
