일자,종가,대비,등락률,거래량,시가,고가,저가
2026/09/04,356.4700,0.0000,0,0,,,
2026/09/03,356.4700,50.6300,+16.55,21835875,377.2450,384.5600,355.4700
2026/09/02,305.8400,13.9600,-4.37,11649536,310.5400,319.2500,303.8900
2026/09/01,319.8000,11.6300,-3.51,4000765,325.8750,328.7600,317.8200
2026/08/31,331.4300,3.4300,+1.05,4396223,326.5000,332.6500,323.0400
2026/08/28,328.0000,1.1100,-0.34,3089924,330.3700,334.8000,325.4000
2026/08/27,329.1100,13.7400,+4.36,4069726,322.5000,333.5000,320.0000
2026/08/26,315.3700,1.6500,-0.52,3086938,309.4400,317.5000,307.2700
2026/08/25,317.0200,5.7600,-1.78,4443894,322.1400,325.8500,308.6200
2026/08/24,322.7800,10.0000,-3.00,3727122,332.1500,332.1500,321.8200
2026/08/21,332.7800,11.4900,+3.58,3437059,321.6600,333.2750,314.2000
2026/08/20,321.2900,3.7200,-1.14,3175537,322.7200,325.0000,317.1200
2026/08/19,325.0100,0.3200,-0.10,3885016,325.1500,326.0000,316.3200
2026/08/18,325.3300,4.7800,-1.45,4001687,327.1400,334.0000,321.5000
2026/08/17,330.1100,1.1900,+0.36,3097378,327.7700,334.4500,324.5064
2026/08/14,328.9200,8.4600,-2.51,2583118,339.0000,339.7500,326.3300
2026/08/13,337.3800,5.1200,+1.54,3022539,337.0000,339.7500,330.8000
2026/08/12,332.2600,1.8800,-0.56,4286005,329.0400,341.9498,329.0400
2026/08/11,334.1400,0.5600,-0.17,3662014,331.1400,338.0400,328.0000
2026/08/10,334.7000,4.2100,+1.27,4668737,328.4500,340.5000,328.0000
2026/08/07,330.4900,12.4900,+3.93,6217425,325.0000,331.4000,322.1300
2026/08/06,318.0000,1.1600,+0.37,5968383,304.3900,321.8200,304.3900
2026/08/05,316.8400,0.0700,+0.02,4590947,317.4900,323.1000,315.0200
2026/08/04,316.7700,9.2400,+3.00,5632097,305.0000,321.3100,301.9014
2026/08/03,307.5300,14.2500,+4.86,7988037,296.4400,315.4200,292.9502
2026/07/31,293.2800,4.8200,-1.62,7383073,299.5000,304.1700,292.6301
2026/07/30,298.1000,15.2000,+5.37,6453477,285.0000,298.2300,283.0000
2026/07/29,282.9000,12.5400,+4.64,8782315,276.9000,293.5600,276.9000
2026/07/28,270.3600,2.5600,-0.94,5146767,273.0200,277.2100,253.5901
2026/07/27,272.9200,4.8600,+1.81,5226465,275.0000,278.4300,265.5200
2026/07/24,268.0600,2.9300,+1.11,3454643,268.9000,270.7899,264.0000
2026/07/23,265.1300,2.6700,-1.00,3114332,273.8500,277.5150,260.6000
2026/07/22,267.8000,3.9300,-1.45,3052082,269.9500,271.0000,260.3400
2026/07/21,271.7300,2.6100,-0.95,3166792,271.6700,279.4899,268.9100
2026/07/20,274.3400,5.4400,+2.02,3795719,267.1200,277.2200,267.1200
2026/07/17,268.9000,1.1200,-0.41,5456768,262.6100,274.2500,259.4800
2026/07/16,270.0200,1.8500,-0.68,3345605,272.4600,275.2900,262.8150
2026/07/15,271.8700,4.0700,-1.47,3790964,277.9000,279.1900,266.4700
2026/07/14,275.9400,7.2900,+2.71,5385332,263.2900,278.7999,261.0000
2026/07/13,268.6500,7.2000,+2.75,4195407,265.0000,274.0000,261.5900
2026/07/10,261.4500,6.0400,-2.26,4144563,271.9900,274.9300,258.3400
2026/07/09,267.4900,6.1800,+2.37,3702652,255.8100,267.9140,253.0000
2026/07/08,261.3100,1.4300,-0.54,4709020,258.5800,263.9700,254.8850
2026/07/07,262.7400,0.6500,+0.25,5538414,266.3500,270.9540,262.3700
2026/07/06,262.0900,1.9400,+0.75,3900585,254.2000,266.0000,253.0500
2026/07/02,260.1500,1.0400,-0.40,8095793,256.5750,264.9600,254.1600
2026/07/01,261.1900,6.6900,+2.63,5098968,258.5600,263.0800,254.6100
2026/06/30,254.5000,2.8500,+1.13,4689014,249.8000,255.0000,246.0100
2026/06/29,251.6500,2.6900,+1.08,8381862,250.9600,254.8500,247.0900
2026/06/26,248.9600,21.9000,+9.65,25606976,225.2700,250.0000,222.4500
2026/06/25,227.0600,1.1100,+0.49,5417661,223.0000,232.0400,217.4800
2026/06/24,225.9500,4.4600,-1.94,4320084,228.6300,234.3300,224.2600
2026/06/23,230.4100,3.8200,+1.69,4510957,226.4550,233.4800,221.2400
2026/06/22,226.5900,5.7000,-2.45,6014118,232.6450,241.6800,225.1900
2026/06/18,232.2900,2.2300,-0.95,7758798,232.7500,233.7575,219.6900
2026/06/17,234.5200,3.8000,-1.59,6155535,236.2300,241.3000,230.6200
2026/06/16,238.3200,2.4600,-1.02,5665788,240.0000,246.7700,234.3539
2026/06/15,240.7800,8.0000,+3.44,5917451,236.3000,244.6300,230.0200
2026/06/12,232.7800,7.6100,-3.17,7707338,240.4950,242.7999,230.4400
2026/06/11,240.3900,0.4900,+0.20,7803954,237.7700,243.8300,232.8922
2026/06/10,239.9000,0.2400,+0.10,6160089,236.9500,248.6395,232.5200
2026/06/09,239.6600,0.7900,-0.33,5722254,239.0000,246.0000,229.6000
2026/06/08,240.4500,2.1900,+0.92,4925926,239.8000,247.1899,238.0200
2026/06/05,238.2600,5.9200,-2.42,7162806,242.2000,247.5500,235.0000
2026/06/04,244.1800,2.9000,+1.20,9532165,244.3000,253.0050,241.4650
2026/06/03,241.2800,19.8600,-7.61,11359107,261.8100,263.6400,241.1400
2026/06/02,261.1400,19.0200,-6.79,13701814,265.4500,269.8000,254.8401
2026/06/01,280.1600,24.6100,+9.63,20174863,259.9700,284.9900,258.3100
2026/05/29,255.5500,16.3500,+6.84,19892241,240.6900,256.2100,239.5000
2026/05/28,239.2000,63.9400,+36.48,39582273,237.0000,244.9200,229.4900
2026/05/27,175.2600,2.3400,-1.32,17731428,174.6800,179.1000,173.0800
2026/05/26,177.6000,5.4000,+3.14,12371864,176.8850,181.2700,174.5500
2026/05/22,172.2000,6.6600,+4.02,5968652,167.7400,173.5000,167.4000
2026/05/21,165.5400,1.4300,-0.86,4503979,164.0300,165.7400,161.3863
2026/05/20,166.9700,2.5800,-1.52,5942098,166.4000,169.1490,163.2800
2026/05/19,169.5500,5.3100,+3.23,12357158,172.4750,176.9800,166.7100
2026/05/18,164.2400,6.7700,+4.30,10730077,156.7000,165.2800,155.1900
2026/05/15,157.4700,6.7100,+4.45,7739694,149.9700,159.8300,149.0700
2026/05/14,150.7600,1.6100,-1.06,5835249,151.0000,152.9400,146.8000
2026/05/13,152.3700,0.3900,+0.26,6892746,150.0100,154.8900,146.0500
2026/05/12,151.9800,0.4800,+0.32,4877402,153.0000,154.0000,149.5600
2026/05/11,151.5000,0.9500,-0.62,4799578,150.1600,154.8499,148.1600
2026/05/08,152.4500,1.2700,-0.83,7280670,150.0000,152.7000,144.4800
2026/05/07,153.7200,13.9800,+10.00,13709339,153.4300,157.0000,150.3000
2026/05/06,139.7400,1.9700,-1.39,7431152,139.5100,140.6300,136.2000
2026/05/05,141.7100,2.5000,-1.73,5891606,145.5000,146.8947,139.4200
2026/05/04,144.2100,3.2100,+2.28,6190246,142.0100,149.1400,141.5000
2026/05/01,141.0000,4.5300,+3.32,9351325,142.0000,144.5600,138.6400
2026/04/30,136.4700,4.7500,-3.36,8241627,140.2100,141.2550,133.0201
2026/04/29,141.2200,1.3400,-0.94,4323066,141.3400,142.3600,138.7700
2026/04/28,142.5600,1.6900,-1.17,3578803,145.1500,146.3800,141.5000
2026/04/27,144.2500,3.9300,+2.80,5395078,141.2400,146.1050,140.0000
2026/04/24,140.3200,6.0800,-4.15,11754842,142.5100,143.4800,134.3000
2026/04/23,146.4000,9.1700,-5.89,7625817,147.8500,148.5100,141.0158
2026/04/22,155.5700,4.7300,+3.14,4719743,151.3900,156.7000,151.0100
2026/04/21,150.8400,0.4000,+0.27,5160435,151.6000,155.4990,150.2200
2026/04/20,150.4400,6.4600,+4.49,6981069,143.4800,151.6883,143.4000
2026/04/17,143.9800,0.4300,+0.30,6443300,144.5000,147.2000,143.2500
2026/04/16,143.5500,0.9300,-0.64,7360211,149.4100,151.4800,143.1800
2026/04/15,144.4800,9.0100,+6.65,8560073,139.0000,144.7300,137.0100
2026/04/14,135.4700,1.2300,+0.92,8547925,136.3000,140.0000,133.2200
2026/04/13,134.2400,13.1300,+10.84,14833426,122.0050,134.6000,121.3000
2026/04/10,121.1100,11.1300,-8.42,23316049,132.5050,132.9100,118.3000
2026/04/09,132.2400,17.7500,-11.83,15489411,150.3500,150.3500,131.1800
2026/04/08,149.9900,0.7500,+0.50,5506208,155.3400,157.8400,148.7400
2026/04/07,149.2400,0.1400,-0.09,5267147,149.3500,151.0000,145.3000
2026/04/06,149.3800,2.4700,-1.63,5669261,151.7500,153.1000,147.2400
2026/04/02,151.8500,1.2700,-0.83,4855514,150.2000,155.5850,147.5300
2026/04/01,153.1200,2.3000,+1.52,5070946,153.9000,155.4400,148.2000
2026/03/31,150.8200,2.8500,-1.85,8315973,149.2600,153.9200,145.0100
2026/03/30,153.6700,0.8700,+0.57,3797657,152.8100,159.2800,151.7600
2026/03/27,152.8000,9.5300,-5.87,5826622,158.3300,158.3300,150.6000
2026/03/26,162.3300,1.7200,+1.07,3142799,159.4150,166.4899,158.5400
2026/03/25,160.6100,0.7300,-0.45,4713783,165.3600,165.4300,158.2800
2026/03/24,161.3400,12.8600,-7.38,4536949,171.6400,173.2900,161.1100
2026/03/23,174.2000,6.1800,+3.68,4472432,170.0100,177.0500,169.0000
2026/03/20,168.0200,7.3800,-4.21,5212252,173.6400,174.6900,166.5500
2026/03/19,175.4000,2.1500,+1.24,3815149,172.9000,176.8500,170.8450
2026/03/18,173.2500,1.3500,-0.77,4253023,174.0000,177.7500,173.1100
2026/03/17,174.6000,0.2000,+0.11,4251682,175.3400,178.4800,174.1300
2026/03/16,174.4000,4.2600,-2.38,3893966,180.3950,180.7900,173.7100
2026/03/13,178.6600,1.4100,+0.80,3915125,178.1700,181.9300,175.1700
2026/03/12,177.2500,2.1800,-1.21,3896004,178.9000,184.7400,176.7000
2026/03/11,179.4300,4.1100,+2.34,3486833,177.6500,183.3500,176.9000
2026/03/10,175.3200,7.5200,-4.11,4428207,182.4400,182.4400,174.4300
2026/03/09,182.8400,2.3600,+1.31,4836174,175.8400,183.1050,175.2500
2026/03/06,180.4800,3.0300,+1.71,6039618,174.4900,183.2500,173.9100
2026/03/05,177.4500,9.1900,+5.46,6958264,168.7100,178.6000,168.7100
2026/03/04,168.2600,2.4700,+1.49,3841205,165.6600,169.7599,164.0000
2026/03/03,165.7900,4.5400,-2.67,7890309,164.9500,169.7000,156.8700
2026/03/02,170.3300,1.9200,+1.14,4776762,164.1900,171.8600,164.1300
2026/02/27,168.4100,4.6500,-2.69,10251883,169.4500,171.5200,163.7700
2026/02/26,173.0600,3.8500,+2.28,16645344,178.4400,184.4200,167.2000
2026/02/25,169.2100,8.1500,+5.06,13379454,161.4300,170.4700,160.0000
2026/02/24,161.0600,3.4600,+2.20,8608830,156.8800,163.0800,154.6250
2026/02/23,157.6000,14.9000,-8.64,11128632,169.6800,169.6800,155.3800
2026/02/20,172.5000,6.7000,-3.74,5857611,177.7100,184.6000,172.2900
2026/02/19,179.2000,3.1200,+1.77,3139480,176.2000,180.7900,175.0000
2026/02/18,176.0800,1.0200,-0.58,4155147,176.5000,178.7500,171.0100
2026/02/17,177.1000,5.1900,-2.85,5778402,178.4000,181.4700,172.0200
2026/02/13,182.2900,9.3800,+5.42,8333902,177.0100,185.6245,175.5000
2026/02/12,172.9100,5.9200,-3.31,5683395,180.6800,181.5100,169.1900
2026/02/11,178.8300,3.7500,-2.05,6242771,187.6000,188.5000,173.3200
2026/02/10,182.5800,6.6300,+3.77,9400490,183.9450,186.5800,178.4100
2026/02/09,175.9500,7.5200,+4.46,8828838,168.4100,176.3900,166.2750
2026/02/06,168.4300,11.7200,+7.48,9619346,162.3000,170.3900,159.4800
2026/02/05,156.7100,8.5800,-5.19,8089368,163.8500,165.4450,156.0800
2026/02/04,165.2900,7.9500,-4.59,17295397,171.0500,171.5000,159.5200
2026/02/03,173.2400,17.4400,-9.15,13814028,189.2000,190.1700,168.9708
2026/02/02,190.6800,2.0200,-1.05,4746788,197.0900,197.0900,190.3700
2026/01/30,192.7000,6.6700,-3.35,5753459,200.6500,203.9900,191.8100
2026/01/29,199.3700,16.6300,-7.70,7999562,205.2300,206.0500,196.7900
2026/01/28,216.0000,3.2500,+1.53,4807229,214.2100,223.0500,214.1500
2026/01/27,212.7500,1.4800,+0.70,2855397,213.1500,216.7000,209.0000
2026/01/26,211.2700,1.5800,+0.75,3463786,211.7900,214.6990,208.5000
2026/01/23,209.6900,1.4400,-0.68,2905287,213.2900,214.7400,208.9550
2026/01/22,211.1300,4.6300,+2.24,3539077,208.9300,211.4900,204.8700
2026/01/21,206.5000,0.2900,+0.14,2883734,207.0800,210.3700,205.0500
2026/01/20,206.2100,4.1700,-1.98,3766948,206.5100,209.6000,204.9400
2026/01/16,210.3800,2.6400,+1.27,5250790,208.5300,216.1000,207.1100
2026/01/15,207.7400,1.5800,+0.77,4919784,205.4700,209.3000,205.4700
2026/01/14,206.1600,3.2300,-1.54,4780126,208.0000,208.8800,204.1800
2026/01/13,209.3900,10.8900,-4.94,8054374,220.0000,220.4900,207.5000
2026/01/12,220.2800,1.1900,+0.54,3345003,216.5000,221.7750,214.0300
2026/01/09,219.0900,4.7000,-2.10,4650012,224.4000,226.8300,218.2000
2026/01/08,223.7900,9.7100,-4.16,4348699,235.8300,236.3100,223.5600
2026/01/07,233.5000,1.0300,-0.44,2916908,234.0000,235.6500,230.5501
2026/01/06,234.5300,10.1700,+4.53,5208631,225.5000,234.8700,223.5200
2026/01/05,224.3600,7.6500,+3.53,4986940,217.3500,227.4000,217.3100
2026/01/02,216.7100,2.6500,-1.21,3464246,219.9000,222.9871,213.9500
2025/12/31,219.3600,2.6900,-1.21,2249299,221.6250,222.4000,218.7100
2025/12/30,222.0500,0.8500,-0.38,1593343,222.5000,224.1600,221.9100
2025/12/29,222.9000,0.9800,-0.44,2072989,222.9900,225.4883,222.2000
2025/12/26,223.8800,1.9500,+0.88,1763720,222.1800,224.1000,221.1000
2025/12/24,221.9300,3.1700,-1.41,1677382,223.9100,224.5750,219.5400
2025/12/23,225.1000,1.7400,-0.77,3986810,224.3000,226.1750,219.7000
2025/12/22,226.8400,4.3800,+1.97,2789233,223.3400,226.8600,221.7400
2025/12/19,222.4600,1.1500,+0.52,6288757,221.4300,224.0000,218.3400
2025/12/18,221.3100,5.0200,+2.32,4823233,217.1500,223.6000,216.7900
2025/12/17,216.2900,4.3100,-1.95,2945089,220.0800,224.7500,216.2500
2025/12/16,220.6000,5.3200,+2.47,4793259,212.4500,221.3800,212.4500
2025/12/15,215.2800,2.6500,-1.22,5275679,216.9200,217.6300,211.9100
2025/12/12,217.9300,2.5800,-1.17,3900667,220.0000,222.4400,215.2100
2025/12/11,220.5100,3.9600,+1.83,4932404,215.0000,221.6600,214.9000
2025/12/10,216.5500,6.0500,-2.72,9177781,220.2600,221.8500,216.0000
2025/12/09,222.6000,2.7100,-1.20,6129199,223.0100,225.3100,220.1000
2025/12/08,225.3100,3.4800,-1.52,6328861,228.6400,231.5000,224.4200
2025/12/05,228.7900,5.9800,-2.55,11696734,233.5900,234.0000,225.6000
2025/12/04,234.7700,30.2300,-11.41,25623470,244.0000,244.1399,234.0301
2025/12/03,265.0000,5.3200,+2.05,12573715,262.5800,267.9740,256.7900
2025/12/02,259.6800,7.6800,+3.05,6626645,261.0500,268.2100,258.3250
2025/12/01,252.0000,0.7600,+0.30,4365009,249.0900,253.2200,246.0110
2025/11/28,251.2400,2.5800,+1.04,1944075,249.6500,254.0000,248.8450
2025/11/26,248.6600,1.6600,-0.66,3319463,250.0000,250.7200,247.6900
2025/11/25,250.3200,8.3300,+3.44,3505144,241.6600,250.9900,237.9300
2025/11/24,241.9900,7.9600,+3.40,4587772,237.7000,244.0900,236.0500
2025/11/21,234.0300,10.6300,-4.34,6823865,245.6400,246.3700,228.5800
2025/11/20,244.6600,8.3200,-3.29,3669350,258.6000,262.2500,244.3800
2025/11/19,252.9800,1.5300,-0.60,1966484,252.8900,256.4500,250.7850
2025/11/18,254.5100,1.7200,+0.68,2668156,250.8000,256.8699,248.0200
2025/11/17,252.7900,4.2300,-1.65,3164910,258.8800,260.5000,250.4850
2025/11/14,257.0200,0.1000,+0.04,3246535,247.4100,259.6640,243.2100
2025/11/13,256.9200,12.9000,-4.78,3551148,262.1600,266.2300,255.0110
2025/11/12,269.8200,1.4400,-0.53,3130471,274.2900,275.8700,266.8600
2025/11/11,271.2600,2.7500,+1.02,2481350,266.3700,273.3500,266.0100
2025/11/10,268.5100,5.6500,+2.15,3034464,268.5000,273.0025,267.5759
2025/11/07,262.8600,1.8600,-0.70,3835491,260.0000,264.7200,254.4900
2025/11/06,264.7200,0.0700,-0.03,4100431,268.2500,274.3500,261.0100
2025/11/05,264.7900,0.6300,-0.24,3069338,264.4300,268.3800,262.7700
2025/11/04,265.4200,11.7200,-4.23,5248988,270.4000,276.9600,262.6100
2025/11/03,277.1400,2.2600,+0.82,4256181,277.7300,280.6700,273.6100
2025/10/31,274.8800,3.7000,+1.36,6207555,274.9400,275.4800,265.6900
2025/10/30,271.1800,1.4800,+0.55,4350707,263.5900,273.2900,261.3152
2025/10/29,269.7000,2.6500,+0.99,4105250,268.3000,272.3900,264.2000
2025/10/28,267.0500,1.0800,+0.41,4128977,266.1100,270.9400,264.5000
2025/10/27,265.9700,8.0300,+3.11,4778779,263.1500,267.8000,261.8600
2025/10/24,257.9400,4.9500,+1.96,5169315,256.7700,259.7500,252.6973
2025/10/23,252.9900,11.3200,+4.68,3685464,243.6000,253.0900,243.3500
2025/10/22,241.6700,5.8500,-2.36,3206083,245.9700,249.2800,238.2600
2025/10/21,247.5200,1.8500,+0.75,2407565,246.0000,249.1000,242.5500
2025/10/20,245.6700,4.9300,+2.05,2854807,243.7700,246.6500,241.0200
2025/10/17,240.7400,0.6800,+0.28,2379414,236.7900,241.1100,236.0000
2025/10/16,240.0600,0.8000,-0.33,8485789,246.0000,251.7400,237.0100
2025/10/15,240.8600,0.0300,+0.01,3030195,243.8900,244.3258,240.1100
2025/10/14,240.8300,6.4400,-2.60,4084289,244.0400,244.3600,238.0000
2025/10/13,247.2700,5.1000,+2.11,2938141,246.1900,248.4300,243.2701
2025/10/10,242.1700,8.5000,-3.39,5062741,253.0000,255.3900,241.1200
2025/10/09,250.6700,0.4600,+0.18,6562626,249.9650,253.6000,245.2700
2025/10/08,250.2100,15.4000,+6.56,7518150,239.0400,251.8100,237.0500
2025/10/07,234.8100,7.7100,-3.18,4898682,243.2800,244.1500,231.0700
2025/10/06,242.5200,7.4300,+3.16,5131190,240.3600,245.7589,239.5000
2025/10/03,235.0900,5.4500,-2.27,4073676,242.5000,242.5000,233.2400
2025/10/02,240.5400,9.9900,+4.33,6623123,235.0000,241.1169,234.0101
2025/10/01,230.5500,5.0000,+2.22,4678325,223.8800,231.8600,222.6400
2025/09/30,225.5500,0.3000,+0.13,3420049,225.8400,227.5000,221.5200
2025/09/29,225.2500,0.6100,+0.27,4429088,226.9400,230.3300,224.0700
2025/09/26,224.6400,3.0400,+1.37,3014785,222.3100,225.9709,220.2950
2025/09/25,221.6000,0.9700,-0.44,3006175,219.5000,225.4100,217.2700
2025/09/24,222.5700,0.9700,-0.43,3259385,226.8000,228.0600,221.1200
2025/09/23,223.5400,6.0000,-2.61,4939267,230.1600,231.4920,222.8800
2025/09/22,229.5400,0.9400,-0.41,3217095,228.9100,230.1299,225.3301
2025/09/19,230.4800,8.3700,+3.77,7774901,223.3100,231.9400,222.5701
2025/09/18,222.1100,4.1500,+1.90,3752581,219.9950,222.2500,218.5100
2025/09/17,217.9600,2.0100,+0.93,4366339,217.2000,219.0100,214.3000
2025/09/16,215.9500,9.8400,-4.36,7212202,221.2400,222.3450,215.9500
2025/09/15,225.7900,4.6400,+2.10,3722267,222.0150,228.5400,222.0150
2025/09/12,221.1500,3.3800,-1.51,2634690,224.5000,224.8150,220.8100
2025/09/11,224.5300,1.3200,-0.58,4152549,226.1100,228.6599,223.4110
2025/09/10,225.8500,0.2900,+0.13,5142081,229.9000,232.2100,224.0200
2025/09/09,225.5600,0.9600,-0.42,3949406,223.0000,225.8300,222.1000
2025/09/08,226.5200,0.9400,+0.42,4519522,226.8400,230.9500,225.9950
2025/09/05,225.5800,3.6800,+1.66,5889395,223.9200,226.5000,221.1900
2025/09/04,221.9000,7.4300,-3.24,13279986,222.7000,224.0500,215.0500
2025/09/03,229.3300,4.2700,-1.83,6749008,234.8500,236.5000,227.8440
2025/09/02,233.6000,5.0600,-2.12,7218016,234.0000,235.2599,228.4000
2025/08/29,238.6600,2.3400,-0.97,11742142,236.9300,241.5000,233.2900
2025/08/28,241.0000,40.6100,+20.27,42167445,222.0000,249.9900,218.0900
2025/08/27,200.3900,6.0400,+3.11,17841893,201.7500,202.5400,196.6600
2025/08/26,194.3500,0.3300,-0.17,4665905,195.2000,196.5000,193.4200
2025/08/25,194.6800,2.1300,-1.08,3770606,199.0000,200.4700,194.6700
2025/08/22,196.8100,2.1300,+1.09,3107867,195.1600,199.9100,193.8700
2025/08/21,194.6800,0.1200,-0.06,2848425,192.8100,195.2900,191.2400
2025/08/20,194.8000,2.1700,+1.13,4945563,197.6100,197.7700,189.9900
2025/08/19,192.6300,5.6100,-2.83,3582705,199.3900,199.9500,191.3212
2025/08/18,198.2400,0.8400,-0.42,2379307,197.4700,198.6400,196.1100
2025/08/15,199.0800,4.1800,+2.14,3344882,195.2500,200.3400,194.8000
2025/08/14,194.9000,1.9700,-1.00,2791038,195.9400,197.5000,193.7050
2025/08/13,196.8700,3.8100,+1.97,4429356,194.1250,198.2400,193.0000
2025/08/12,193.0600,1.2600,+0.66,3944781,191.7500,194.0000,188.0000
2025/08/11,191.8000,0.0700,+0.04,5214015,192.1600,196.7300,191.1200
2025/08/08,191.7300,14.6700,-7.11,8616058,205.7900,206.4000,191.3300
2025/08/07,206.4000,4.1400,-1.97,4619413,215.0000,215.3900,200.8001
2025/08/06,210.5400,4.7700,+2.32,3236562,205.9700,211.0000,205.8000
2025/08/05,205.7700,2.7100,-1.30,4003943,208.2500,209.8900,204.6600
2025/08/04,208.4800,3.4600,+1.69,3422662,207.7000,210.4100,205.6500
2025/08/01,205.0200,18.4800,-8.27,8577996,216.8000,216.8000,202.8700
2025/07/31,223.5000,3.2200,+1.46,6227727,225.1300,229.2700,220.9400
2025/07/30,220.2800,1.5200,+0.69,3175254,218.7500,222.1899,217.7102
2025/07/29,218.7600,0.0900,+0.04,2487933,220.3600,220.6000,217.0100
2025/07/28,218.6700,0.8400,-0.38,3441933,219.9300,222.3000,216.9200
2025/07/25,219.5100,4.4900,+2.09,3259067,215.4250,220.9200,215.1400
2025/07/24,215.0200,2.4600,+1.16,2226104,214.5100,217.0000,212.1100
2025/07/23,212.5600,0.3100,+0.15,1692462,211.7700,213.6099,210.4000
2025/07/22,212.2500,3.4000,-1.58,2537030,214.9050,216.6000,211.4000
2025/07/21,215.6500,1.2400,-0.57,2922451,217.0000,218.7200,214.2600
2025/07/18,216.8900,5.3100,+2.51,3384165,212.6900,217.5400,212.2000
2025/07/17,211.5800,0.3600,-0.17,2681779,211.7500,214.0300,210.3100
2025/07/16,211.9400,0.8500,-0.40,2790937,212.9800,214.0000,209.2532
2025/07/15,212.7900,0.7300,-0.34,3249067,213.7500,215.1000,212.2500
2025/07/14,213.5200,2.6800,+1.27,2863820,209.8650,214.9400,208.6000
2025/07/11,210.8400,3.5800,-1.67,3868631,213.4800,215.4900,209.4600
2025/07/10,214.4200,7.4800,-3.37,4799553,221.8300,222.3000,213.2242
2025/07/09,221.9000,1.6000,-0.72,2658440,224.6000,224.7500,220.9300
2025/07/08,223.5000,2.2900,-1.01,3412521,225.6000,226.6000,220.8400
2025/07/07,225.7900,4.3000,+1.94,4090043,221.4300,225.8600,220.1800
2025/07/03,221.4900,4.1500,+1.91,2761777,217.7400,222.6050,217.7400
2025/07/02,217.3400,1.3700,+0.63,2363692,215.6100,218.2900,214.5200
2025/07/01,215.9700,7.8000,-3.49,5398126,218.9000,223.1600,214.4200
2025/06/30,223.7700,1.1600,+0.52,3492413,224.4000,225.5100,222.6100
2025/06/27,222.6100,0.6900,+0.31,4924398,222.4250,224.4300,219.8202
2025/06/26,221.9200,0.4000,+0.18,5086050,222.0500,222.7900,215.5300
2025/06/25,221.5200,1.6200,-0.73,3550187,223.1900,225.6834,219.9900
2025/06/24,223.1400,9.4300,+4.41,7206453,219.4850,224.6100,219.2500
2025/06/23,213.7100,1.7200,+0.81,3146772,209.6250,214.8800,207.3600
2025/06/20,211.9900,0.0900,-0.04,4246319,213.3500,215.9900,210.8500
2025/06/18,212.0800,2.6300,+1.26,4218197,210.3600,212.6999,209.4700
2025/06/17,209.4500,0.3300,+0.16,2217902,208.0000,210.2983,206.2600
2025/06/16,209.1200,0.9400,+0.45,2579570,210.3100,211.0000,207.0501
2025/06/13,208.1800,3.1000,-1.47,3636510,208.0000,212.3000,207.4400
2025/06/12,211.2800,2.6700,+1.28,5138792,206.1400,213.1000,206.1400
2025/06/11,208.6100,0.3700,+0.18,5140168,207.9900,210.2000,205.2300
2025/06/10,208.2400,2.6100,-1.24,3598135,210.0750,212.3972,206.2200
2025/06/09,210.8500,0.0100,+0,3548170,211.3100,212.0900,208.5000
2025/06/06,210.8400,0.7400,+0.35,3798936,211.4500,213.0000,209.4000
2025/06/05,210.1000,0.5000,+0.24,5234404,211.2300,214.3700,208.8900
2025/06/04,209.6000,0.4500,+0.22,6648504,213.4250,214.8300,205.2900
2025/06/03,209.1500,1.0200,-0.49,4063004,210.5000,210.8200,207.2000
2025/06/02,210.1700,4.5000,+2.19,4476945,205.6700,210.4400,204.4100
2025/05/30,205.6700,3.3600,+1.66,7077520,202.1900,206.0000,199.7500
2025/05/29,202.3100,2.0900,-1.02,3805005,206.2900,206.7100,201.0800
2025/05/28,204.4000,1.9500,-0.94,4370949,207.0000,209.8000,203.8700
2025/05/27,206.3500,6.3000,+3.15,9638951,202.6000,208.3100,202.0500
2025/05/23,200.0500,3.1300,-1.54,11909691,198.5050,205.4000,197.7000
2025/05/22,203.1800,24.0600,+13.43,26194102,192.0000,204.0000,191.9900
2025/05/21,179.1200,3.7600,-2.06,11101438,180.9100,184.0900,178.9100
2025/05/20,182.8800,0.8300,+0.46,4228457,183.5000,183.6000,181.5000
2025/05/19,182.0500,1.0300,-0.56,3828007,181.9100,183.1000,179.9400
2025/05/16,183.0800,0.1100,+0.06,3440016,182.6000,184.2500,181.6700
2025/05/15,182.9700,1.5200,+0.84,3122783,180.0000,183.3200,178.6700
2025/05/14,181.4500,0.4300,+0.24,4642308,181.7400,183.5000,180.1500
2025/05/13,181.0200,0.4800,+0.27,4143906,180.7000,184.2900,179.9700
2025/05/12,180.5400,6.4000,+3.68,4276539,181.1600,182.7000,177.6700
2025/05/09,174.1400,0.1700,+0.10,2595508,175.0000,176.3577,172.0000
2025/05/08,173.9700,3.4100,+2.00,3462465,173.0000,176.4200,171.5300
2025/05/07,170.5600,2.1100,+1.25,1965187,168.7500,171.6700,167.3200
2025/05/06,168.4500,0.5800,+0.35,2293950,165.4800,169.8250,164.2400
2025/05/05,167.8700,0.2100,+0.13,2496022,166.5000,170.2000,165.5000
2025/05/02,167.6600,2.3000,+1.39,3332744,167.5600,169.7183,166.1059
2025/05/01,165.3600,5.8700,+3.68,5105913,168.3950,169.3900,164.3827
2025/04/30,159.4900,0.8600,-0.54,3406569,156.0000,159.5500,154.3750
2025/04/29,160.3500,1.3900,+0.87,2329402,159.5100,161.6000,158.3900
2025/04/28,158.9600,0.5600,+0.35,2019044,158.2800,159.8800,156.5200
2025/04/25,158.4000,0.2600,-0.16,4164104,157.8000,160.5700,156.1000
2025/04/24,158.6600,11.2700,+7.65,6855527,149.2100,159.1700,149.0850
2025/04/23,147.3900,7.1600,+5.11,5693212,146.3100,151.8300,146.3100
2025/04/22,140.2300,3.2300,+2.36,2765221,138.3500,141.4899,137.3600
2025/04/21,137.0000,6.4300,-4.48,3362123,142.0000,142.1400,135.3791
2025/04/17,143.4300,2.6500,-1.81,2487267,146.5000,146.6000,142.1850
2025/04/16,146.0800,0.4600,-0.31,3043406,144.4500,148.8150,143.6500
2025/04/15,146.5400,1.9900,+1.38,2390987,144.7100,147.2000,144.2000
2025/04/14,144.5500,0.4100,-0.28,2753130,149.0000,150.6850,143.8700
2025/04/11,144.9600,0.5100,+0.35,4085848,145.6300,145.6300,140.6700
2025/04/10,144.4500,6.7000,-4.43,4087942,148.2500,148.7800,140.1300
2025/04/09,151.1500,17.6400,+13.21,8999114,132.4500,151.9500,129.8500
2025/04/08,133.5100,2.4700,+1.88,6930595,138.0500,140.1800,130.8025
2025/04/07,131.0400,0.5100,+0.39,8650867,120.7000,137.8100,120.1000
2025/04/04,130.5300,9.3700,-6.70,8219272,133.3100,134.7100,125.4900
2025/04/03,139.9000,14.0100,-9.10,7967084,144.7000,146.0300,138.1300
2025/04/02,153.9100,4.3700,+2.92,5980817,146.0250,155.7000,145.0126
2025/04/01,149.5400,3.3800,+2.31,3426825,148.3600,150.0100,144.7550
2025/03/31,146.1600,4.4700,-2.97,6219076,145.8500,147.2200,141.9201
2025/03/28,150.6300,6.3500,-4.05,4654539,154.2400,155.6400,148.3900
2025/03/27,156.9800,2.7600,-1.73,2646997,157.7900,159.1100,155.0600
2025/03/26,159.7400,3.0900,-1.90,3456915,163.2500,163.6950,158.6700
2025/03/25,162.8300,0.3400,-0.21,3378613,162.6700,166.7900,161.7501
2025/03/24,163.1700,4.7800,+3.02,3885015,161.3450,166.4200,160.7900
2025/03/21,158.3900,1.2000,+0.76,3608196,154.6700,158.7200,153.0100
2025/03/20,157.1900,1.2300,+0.79,2717264,155.3300,158.8200,154.2900
2025/03/19,155.9600,1.6000,+1.04,4559173,155.0000,158.1000,153.6200
2025/03/18,154.3600,2.0300,-1.30,4955918,154.9000,155.6900,149.8300
2025/03/17,156.3900,0.2800,+0.18,3380535,156.2950,157.9050,154.0800
2025/03/14,156.1100,6.2800,+4.19,4155189,151.2400,156.4980,150.7694
2025/03/13,149.8300,2.5400,-1.67,5213542,149.9500,151.3000,146.1400
2025/03/12,152.3700,2.4700,+1.65,6264907,155.3700,155.8450,151.0000
2025/03/11,149.9000,2.3100,+1.57,7547890,147.2400,155.4800,146.0000
2025/03/10,147.5900,11.3200,-7.12,12158604,151.3000,152.6499,146.5500
2025/03/07,158.9100,2.6900,+1.72,11044583,156.2500,159.8800,148.4900
2025/03/06,156.2200,21.0900,-11.89,11756214,167.2600,171.0671,155.8900
2025/03/05,177.3100,3.7100,+2.14,4463558,174.0000,177.7700,170.0200
2025/03/04,173.6000,0.0500,-0.03,6988017,171.7500,176.6400,165.8000
2025/03/03,173.6500,3.4500,-1.95,5974621,178.7000,180.9500,173.0559
2025/02/28,177.1000,3.4100,+1.96,8793460,172.0300,177.2600,170.5700
2025/02/27,173.6900,7.5000,+4.51,20555706,187.0100,187.9500,173.5900
2025/02/26,166.1900,1.9900,+1.21,12954876,166.0000,170.0050,164.8000
2025/02/25,164.2000,6.7200,-3.93,7163230,168.7900,169.9600,160.6600
2025/02/24,170.9200,6.9700,-3.92,6482055,177.5800,177.7000,167.3020
2025/02/21,177.8900,7.0700,-3.82,5324231,184.9000,185.9300,176.3501
2025/02/20,184.9600,1.6000,-0.86,5423798,186.0000,186.1800,178.5500
2025/02/19,186.5600,6.2200,-3.23,5088992,189.2000,192.0000,186.1900
2025/02/18,192.7800,5.1800,+2.76,7308886,193.6000,194.4000,189.0900
2025/02/14,187.6000,5.0600,-2.63,5812268,192.8600,193.0000,184.0700
2025/02/13,192.6600,5.4300,+2.90,5686407,186.9600,192.7700,185.1959
2025/02/12,187.2300,3.6800,+2.00,4555333,180.4200,188.0200,178.5200
2025/02/11,183.5500,2.5700,-1.38,3196726,184.2500,186.3100,182.1700
2025/02/10,186.1200,2.0900,+1.14,4488669,185.8550,188.8800,184.7500
2025/02/07,184.0300,2.3400,-1.26,4549301,187.7300,189.4900,183.6100
2025/02/06,186.3700,2.5600,-1.35,3724781,189.1100,190.0000,185.6900
2025/02/05,188.9300,0.1800,-0.10,4965337,184.0000,188.9300,181.6800
2025/02/04,189.1100,6.5700,+3.60,6903811,186.5000,190.9199,184.4100
2025/02/03,182.5400,1.0300,+0.57,4388718,176.1700,184.5000,175.2500
2025/01/31,181.5100,2.2200,+1.24,4717377,183.3000,185.8700,180.8722
2025/01/30,179.2900,3.5900,-1.96,6428334,179.3100,180.8600,176.2200
2025/01/29,182.8800,5.1400,-2.73,5219474,184.5000,185.0000,181.2500
2025/01/28,188.0200,12.5000,+7.12,8558166,179.0300,188.4299,177.0500
2025/01/27,175.5200,1.4000,+0.80,7398781,171.6100,181.7700,170.1000
2025/01/24,174.1200,0.8200,-0.47,2945798,176.8800,176.8800,172.8900
2025/01/23,174.9400,2.5500,-1.44,3746286,175.1000,177.7999,174.0300
2025/01/22,177.4900,3.9600,+2.28,5039883,175.6500,177.6000,173.2000
2025/01/21,173.5300,2.7400,+1.60,5279075,172.7500,176.1800,172.3500
2025/01/17,170.7900,3.1500,+1.88,4162186,172.5100,172.9900,169.2501
2025/01/16,167.6400,1.9300,+1.16,4432717,166.5200,170.6700,164.3912
2025/01/15,165.7100,2.3000,+1.41,7010745,168.2500,170.4200,165.5900
2025/01/14,163.4100,0.9800,+0.60,6325872,165.0100,170.2000,162.4800
2025/01/13,162.4300,0.0300,-0.02,4399594,160.2700,164.3100,158.6000
2025/01/10,162.4600,1.4300,+0.89,5902730,161.3800,165.4500,160.6300
2025/01/08,161.0300,2.1900,+1.38,5407756,158.3000,162.5800,156.7000
2025/01/07,158.8400,4.2400,-2.60,6588461,167.4000,167.9133,157.0400
2025/01/06,163.0800,0.8600,+0.53,4130111,165.3200,166.6000,162.4200
2025/01/03,162.2200,4.7100,+2.99,3408875,158.8000,162.6750,158.1400
2025/01/02,157.5100,3.1000,+2.01,3405277,157.0000,160.3400,154.9600
2024/12/31,154.4100,0.5600,-0.36,2977410,155.9500,156.3900,153.3800
2024/12/30,154.9700,3.6800,-2.32,3853717,155.3600,156.6842,153.1200
2024/12/27,158.6500,4.8300,-2.95,4040021,162.6500,162.7600,157.2569
2024/12/26,163.4800,0.4200,+0.26,2692943,162.6400,164.9300,161.3150
2024/12/24,163.0600,1.6200,+1.00,1754277,161.8000,163.6900,161.4100
2024/12/23,161.4400,4.8500,-2.92,5711993,165.3100,166.4100,160.8600
2024/12/20,166.2900,2.0800,+1.27,5304356,162.0700,168.9400,161.5500
2024/12/19,164.2100,1.6200,+1.00,5792306,164.5000,165.7514,160.6500
2024/12/18,162.5900,8.2200,-4.81,5159280,170.4300,170.5000,160.7600
2024/12/17,170.8100,1.6600,-0.96,5162427,171.0000,172.6500,169.2440
2024/12/16,172.4700,4.8000,+2.86,6559276,167.6600,173.4000,167.2200
2024/12/13,167.6700,2.3300,-1.37,5516920,169.5200,170.7300,165.7300
2024/12/12,170.0000,1.9600,-1.14,4404054,169.6000,172.4100,169.0808
2024/12/11,171.9600,0.4100,+0.24,5475453,173.4600,176.3000,170.3000
2024/12/10,171.5500,9.2100,-5.10,8609645,179.0000,180.9000,169.3500
2024/12/09,180.7600,2.8800,-1.57,6336082,183.2000,185.4000,178.7900
2024/12/06,183.6400,0.5800,+0.32,4988273,186.0100,186.9000,181.3700
2024/12/05,183.0600,3.4500,-1.85,6668294,186.3400,186.5500,182.3000
2024/12/04,186.5100,10.5700,+6.01,13585589,180.0000,186.8200,178.5900
2024/12/03,175.9400,3.5200,+2.04,5301462,171.0000,176.0700,170.5900
2024/12/02,172.4200,2.3800,-1.36,5832133,175.0300,177.6491,171.3000
2024/11/29,174.8000,1.1000,+0.63,4429163,174.8900,178.3700,173.1700
2024/11/27,173.7000,2.4200,+1.41,6980317,172.3900,173.9300,167.3800
2024/11/26,171.2800,0.1400,-0.08,7669642,173.4750,176.8000,170.9100
2024/11/25,171.4200,3.9800,+2.38,15276696,174.9600,177.9900,171.1500
2024/11/22,167.4400,3.9100,-2.28,20283860,175.0000,178.7000,166.8100
2024/11/21,171.3500,42.2300,+32.71,55121595,161.2600,174.6484,161.1600
2024/11/20,129.1200,1.1200,-0.86,15555707,131.2600,133.5500,127.5500
2024/11/19,130.2400,2.8100,+2.21,4844089,127.5500,130.3400,126.3600
2024/11/18,127.4300,1.4700,+1.17,4589918,126.4750,127.5300,125.0000
2024/11/15,125.9600,3.3100,-2.56,5737745,128.5900,128.9500,123.3605
2024/11/14,129.2700,1.4600,-1.12,4959602,132.0600,132.2550,129.0734
2024/11/13,130.7300,5.2700,+4.20,11352149,126.3800,134.5900,126.0100
2024/11/12,125.4600,1.9600,+1.59,5754758,123.0000,127.0500,123.0000
2024/11/11,123.5000,2.6100,+2.16,3829661,122.2200,123.7100,121.6900
2024/11/08,120.8900,2.6500,-2.15,4914403,123.0000,123.0000,119.6600
2024/11/07,123.5400,2.1200,+1.75,4596365,122.2550,124.9600,122.0200
2024/11/06,121.4200,4.9200,+4.22,5455889,120.4300,121.7500,118.8000
2024/11/05,116.5000,2.7600,+2.43,3774553,114.2600,117.3400,113.6500
2024/11/04,113.7400,1.7500,-1.52,3762473,115.5100,116.1900,113.2300
2024/11/01,115.4900,0.6700,+0.58,4659481,115.9800,117.0600,113.2500
2024/10/31,114.8200,4.1700,-3.50,5284636,117.0000,117.8300,113.8600
2024/10/30,118.9900,0.6000,+0.51,4610050,118.2500,121.1900,118.0200
2024/10/29,118.3900,1.0600,+0.90,4154581,117.5100,119.5900,116.5500
2024/10/28,117.3300,1.2900,+1.11,5238649,117.8400,119.2000,116.8600
2024/10/25,116.0400,1.1200,+0.97,2718781,115.3500,117.0700,115.1200
2024/10/24,114.9200,1.3100,+1.15,2817323,114.8400,116.3300,113.9412
2024/10/23,113.6100,1.8900,-1.64,2925310,115.7500,116.4100,113.2800
2024/10/22,115.5000,4.0600,-3.40,5650818,116.9000,117.5800,114.1301
2024/10/21,119.5600,0.0200,+0.02,2577079,119.2900,121.0500,117.7300
2024/10/18,119.5400,0.5100,+0.43,2751726,120.0000,120.5600,118.2200
2024/10/17,119.0300,0.1300,+0.11,4023528,119.0000,119.7000,117.3000
2024/10/16,118.9000,3.8400,-3.13,4359114,123.5000,123.5000,118.8200
2024/10/15,122.7400,0.4200,-0.34,3182623,122.5000,123.9600,121.3300
2024/10/14,123.1600,0.8700,-0.70,4002362,125.4200,126.5000,122.5010
2024/10/11,124.0300,0.2400,+0.19,6703174,123.5700,126.9900,122.8900
2024/10/10,123.7900,4.1200,+3.44,8831497,119.4800,123.8700,119.1500
2024/10/09,119.6700,6.1500,+5.42,8812299,114.3200,119.8600,113.8500
2024/10/08,113.5200,0.3000,-0.26,3289937,113.7700,115.0200,113.1300
2024/10/07,113.8200,0.9000,-0.78,4186437,114.4200,115.2100,113.0600
2024/10/04,114.7200,4.2500,+3.85,6289612,112.0100,115.6900,111.1489
2024/10/03,110.4700,0.8200,+0.75,4122448,109.0000,110.8100,108.7100
2024/10/02,109.6500,0.5800,-0.53,5396703,109.9600,111.3750,109.1600
2024/10/01,110.2300,4.6300,-4.03,7087817,113.7600,114.7065,109.7100
2024/09/30,114.8600,0.9400,+0.83,7936351,113.2500,116.0800,112.9000
2024/09/27,113.9200,1.4300,+1.27,7123315,113.9300,115.3850,113.2100
2024/09/26,112.4900,0.1300,-0.12,8431145,114.8800,115.2750,110.0100
2024/09/25,112.6200,0.1200,+0.11,18611867,114.9700,116.6200,112.5600
2024/09/24,112.5000,0.7600,-0.67,9271885,112.1500,112.9400,109.8900
2024/09/23,113.2600,2.9900,+2.71,8335834,111.4100,113.9400,109.9100
2024/09/20,110.2700,3.7500,-3.29,20222034,113.2800,113.5850,109.3400
2024/09/19,114.0200,3.2400,+2.92,8518077,112.9100,115.0100,111.6595
2024/09/18,110.7800,0.8500,-0.76,6484140,111.5300,112.6100,110.1300
2024/09/17,111.6300,1.2100,-1.07,4539470,114.0800,114.3900,111.2800
2024/09/16,112.8400,0.8300,-0.73,5435254,112.3600,113.8443,111.2100
2024/09/13,113.6700,0.6800,+0.60,3235558,113.2500,115.0400,112.9000
2024/09/12,112.9900,0.9900,+0.88,4706131,112.6000,114.7254,111.3500
2024/09/11,112.0000,1.7300,+1.57,4000917,110.2700,112.3100,108.8600
2024/09/10,110.2700,0.3100,+0.28,3380125,109.9600,110.7600,108.1300
2024/09/09,109.9600,1.4000,+1.29,3674555,109.3200,111.4900,108.6400
2024/09/06,108.5600,3.1900,-2.85,5651714,112.2800,112.6599,107.1300
2024/09/05,111.7500,0.9500,+0.86,3891499,110.0400,113.7900,110.0000
2024/09/04,110.8000,0.3900,+0.35,3727650,110.0000,112.8700,109.4000
2024/09/03,110.4100,3.8200,-3.34,6277547,113.0600,114.7300,109.3700
2024/08/30,114.2300,0.0900,+0.08,5217236,115.3800,115.9200,112.5310
2024/08/29,114.1400,2.5800,+2.31,6871398,112.4500,117.0800,112.4500
2024/08/28,111.5600,3.9800,-3.44,7769874,114.9300,115.6799,110.2600
2024/08/27,115.5400,2.4600,-2.08,6461841,117.8300,118.9820,115.3200
2024/08/26,118.0000,2.1400,+1.85,12690117,115.0500,120.0300,114.8500
2024/08/23,115.8600,0.6500,+0.56,16772605,117.1300,117.3000,113.2400
2024/08/22,115.2100,19.8500,-14.70,37236875,122.1000,123.9800,115.1400
2024/08/21,135.0600,3.1400,+2.38,16442974,132.7600,135.7200,130.6600
2024/08/20,131.9200,0.5000,+0.38,4929412,131.4300,133.6700,130.7600
2024/08/19,131.4200,3.3800,+2.64,5326410,128.5600,132.6600,128.2500
2024/08/16,128.0400,0.9900,+0.78,6261926,125.0000,128.6400,124.7300
2024/08/15,127.0500,0.2500,-0.20,8167942,124.0000,128.6550,123.9900
2024/08/14,127.3000,0.2400,+0.19,3289028,127.5600,128.1100,125.1900
2024/08/13,127.0600,4.0300,+3.28,3797623,123.2700,127.7700,122.8500
2024/08/12,123.0300,1.3800,-1.11,2662605,125.2900,126.1900,121.9500
2024/08/09,124.4100,2.8100,+2.31,3685865,121.0600,124.6300,120.4700
2024/08/08,121.6000,6.5000,+5.65,4556413,118.0500,122.0600,117.2800
2024/08/07,115.1000,0.2800,+0.24,5616914,117.5100,121.5300,115.0500
2024/08/06,114.8200,2.1900,+1.94,5342579,114.6400,117.3200,113.3300
2024/08/05,112.6300,7.1400,-5.96,6874151,107.9300,115.7100,107.9300
2024/08/02,119.7700,4.4300,-3.57,8260332,120.9000,121.6499,116.8900
2024/08/01,124.2000,6.1800,-4.74,7684768,129.4000,129.7900,121.4500
2024/07/31,130.3800,1.5000,+1.16,5498317,129.3500,132.5500,128.7700
2024/07/30,128.8800,0.6900,-0.53,6475340,128.5400,131.4100,126.6750
2024/07/29,129.5700,0.5700,+0.44,3955310,130.0000,130.5700,128.4000
2024/07/26,129.0000,0.5900,-0.46,3377909,130.5300,131.3750,128.0440
2024/07/25,129.5900,3.9700,+3.16,5349140,126.2700,132.9900,125.5000
2024/07/24,125.6200,6.9800,-5.26,6000734,131.0000,131.8125,125.5400
2024/07/23,132.6000,1.4500,+1.11,3254229,131.2500,134.1700,130.3800
2024/07/22,131.1500,1.3000,+1.00,3802078,130.6900,132.6500,129.6200
2024/07/19,129.8500,0.0100,+0.01,3411236,129.8300,130.8800,128.8700
2024/07/18,129.8400,5.2600,-3.89,3869943,135.0300,136.6800,129.7505
2024/07/17,135.1000,1.1100,-0.81,6156168,134.0000,138.4000,133.2600
2024/07/16,136.2100,2.4900,+1.86,3704706,135.0000,138.1400,134.4700
2024/07/15,133.7200,2.0300,-1.50,5533571,135.9200,136.3300,132.8001
2024/07/12,135.7500,2.4300,-1.76,8103603,133.9500,137.4600,132.2000
2024/07/11,138.1800,0.6800,+0.49,5994093,139.0000,142.1000,136.3444
2024/07/10,137.5000,0.0400,+0.03,5835329,137.4600,137.9800,133.1700
2024/07/09,137.4600,4.1100,-2.90,6558042,140.3700,141.3600,136.2600
2024/07/08,141.5700,1.4500,-1.01,4480577,143.3100,143.4359,140.8900
2024/07/05,143.0200,0.1600,+0.11,6164583,142.9800,146.4600,142.6100
2024/07/03,142.8600,0.9400,+0.66,3290913,141.9600,143.7200,140.7101
2024/07/02,141.9200,0.8500,-0.60,6648560,142.6600,144.6800,140.6950
2024/07/01,142.7700,7.6800,+5.69,9889092,138.3200,142.9700,135.7300
2024/06/28,135.0900,1.1700,+0.87,8129297,133.5500,135.7300,133.5500
2024/06/27,133.9200,4.7900,+3.71,8488889,129.1300,134.6399,128.6800
2024/06/26,129.1300,4.9200,+3.96,10888456,123.6800,130.8200,122.6800
2024/06/25,124.2100,0.5900,-0.47,9696437,125.0000,125.8000,122.6000
2024/06/24,124.8000,3.0000,-2.35,6863383,126.6900,126.9751,124.4000
2024/06/21,127.8000,1.1800,+0.93,13046976,125.6800,128.2700,124.7000
2024/06/20,126.6200,0.9800,-0.77,6156742,127.0000,127.4000,125.3200
2024/06/18,127.6000,3.0700,-2.35,5982688,130.1100,131.1384,126.5600
2024/06/17,130.6700,3.5000,+2.75,6477642,126.4600,131.7899,125.6500
2024/06/14,127.1700,1.2700,+1.01,6820093,126.1000,128.8900,124.6900
2024/06/13,125.9000,4.4300,-3.40,8837915,129.7600,129.9100,125.8800
2024/06/12,130.3300,1.8500,+1.44,8926949,130.6600,133.3800,129.1500
2024/06/11,128.4800,1.7200,+1.36,10559383,128.7500,130.6365,127.1500
2024/06/10,126.7600,4.4500,-3.39,10827256,129.5300,130.0000,125.8900
2024/06/07,131.2100,0.8300,-0.63,4355403,131.0600,132.6000,130.0800
2024/06/06,132.0400,2.2500,-1.68,8261026,133.9400,135.8500,131.8350
2024/06/05,134.2900,2.7100,-1.98,15919826,137.2200,137.3000,128.4100
2024/06/04,137.0000,0.0700,+0.05,7627449,137.2000,139.0600,135.6000
2024/06/03,136.9300,0.7500,+0.55,7549696,136.8500,138.4800,135.7000
2024/05/31,136.1800,4.7700,-3.38,14049227,140.2700,142.1000,133.5900
2024/05/30,140.9500,7.2400,-4.89,9278593,147.0000,147.7000,140.2312
2024/05/29,148.1900,2.5500,-1.69,4880099,148.6400,150.0000,147.7400
2024/05/28,150.7400,5.4200,-3.47,6453661,156.0700,156.4700,149.5500
2024/05/24,156.1600,1.5800,+1.02,6026313,155.3600,159.0000,154.1100
2024/05/23,154.5800,8.7600,-5.36,19511068,168.2500,168.7999,152.3500
2024/05/22,163.3400,0.6300,+0.39,9912492,163.0600,164.8400,162.1300
2024/05/21,162.7100,2.0700,-1.26,4051344,163.7800,164.3290,161.3900
2024/05/20,164.7800,2.9200,+1.80,3545117,163.0800,165.3500,162.5442
2024/05/17,161.8600,3.1800,-1.93,3625310,163.7200,164.4200,161.1300
2024/05/16,165.0400,0.6700,+0.41,3021504,163.8700,165.8800,163.1850
2024/05/15,164.3700,3.4200,+2.12,4147204,163.0000,164.8600,158.8500
2024/05/14,160.9500,1.1600,+0.73,2831068,161.0000,162.2456,159.3500
2024/05/13,159.7900,2.6400,+1.68,3180658,158.0500,161.3800,157.5100
2024/05/10,157.1500,1.2800,+0.82,2443791,157.1000,158.1200,155.4150
2024/05/09,155.8700,1.9100,-1.21,2560789,157.8600,158.1699,155.7700
2024/05/08,157.7800,1.3100,-0.82,2632188,158.1000,159.6400,157.0000
2024/05/07,159.0900,4.5900,-2.80,4569262,160.2200,160.9180,158.2700
2024/05/06,163.6800,4.3600,+2.74,3198506,160.1100,163.8800,159.3800
2024/05/03,159.3200,1.5500,+0.98,3660233,161.0000,161.3750,157.6900
2024/05/02,157.7700,1.6300,+1.04,2671605,158.0100,159.3900,154.2900
2024/05/01,156.1400,0.9400,+0.61,3423066,158.1400,160.2988,154.1800
2024/04/30,155.2000,2.2400,-1.42,4016193,156.1300,158.5800,155.0000
2024/04/29,157.4400,0.6900,-0.44,5168711,158.7000,159.6149,156.2350
2024/04/26,158.1300,5.6300,+3.69,6533260,159.7600,160.2900,155.8000
2024/04/25,152.5000,2.4900,-1.61,3965032,152.5900,153.8200,149.5500
2024/04/24,154.9900,3.8200,+2.53,3972698,153.0000,155.0800,152.0300
2024/04/23,151.1700,3.9600,+2.69,4826509,148.9300,152.0790,148.8010
2024/04/22,147.2100,1.7600,+1.21,3736481,145.4500,148.4000,144.3200
2024/04/19,145.4500,2.9600,-1.99,4974560,147.6600,150.0900,144.5500
2024/04/18,148.4100,0.3900,-0.26,3795534,148.6700,150.9000,147.6401
2024/04/17,148.8000,1.5000,-1.00,3767066,151.0400,152.4400,148.7700
2024/04/16,150.3000,1.6800,-1.11,4705665,151.5100,152.0699,149.1100
2024/04/15,151.9800,6.5800,-4.15,5929197,156.3800,157.0300,151.0900
2024/04/12,158.5600,0.7900,-0.50,4663615,157.1000,160.5200,156.7800
2024/04/11,159.3500,6.3800,+4.17,5737466,154.6600,159.9150,154.3300
2024/04/10,152.9700,2.6100,-1.68,3602446,151.6000,153.5100,151.5500
2024/04/09,155.5800,0.7200,+0.46,3412176,155.1200,156.8950,153.8300
2024/04/08,154.8600,1.0000,+0.65,2682723,153.8600,155.6900,151.6900
2024/04/05,153.8600,2.5200,+1.67,5120008,152.4800,155.5500,152.1700
2024/04/04,151.3400,1.6800,-1.10,6249543,153.1100,156.0000,150.6200
2024/04/03,153.0200,3.1700,-2.03,6147013,155.1500,155.3000,152.5300
2024/04/02,156.1900,4.3300,-2.70,5615491,157.5000,157.7700,155.0700
2024/04/01,160.5200,1.0800,-0.67,3928834,161.8600,163.7500,159.7350
2024/03/28,161.6000,1.5600,+0.97,10106906,164.0200,165.8900,161.0000
2024/03/27,160.0400,2.0200,+1.28,4698138,159.6000,160.6278,157.7000
2024/03/26,158.0200,0.1200,-0.08,4069083,159.3800,160.9700,157.6400
2024/03/25,158.1400,0.8900,-0.56,3108718,157.7900,159.1000,157.2500
2024/03/22,159.0300,0.6400,+0.40,4085102,158.3900,160.3000,157.0000
2024/03/21,158.3900,4.6500,-2.85,11393371,166.0000,168.6800,157.2100
2024/03/20,163.0400,5.3400,+3.39,7596629,158.0500,164.3100,158.0500
2024/03/19,157.7000,1.3900,+0.89,6644858,152.1100,157.8400,151.4900
2024/03/18,156.3100,0.6600,-0.42,7127229,157.5200,158.2600,155.5500
2024/03/15,156.9700,1.9500,-1.23,8280637,158.7800,160.2400,156.6200
2024/03/14,158.9200,3.3900,-2.09,5999111,162.0200,162.5000,157.8000
2024/03/13,162.3100,0.3600,+0.22,5866709,161.2700,166.8400,160.7000
2024/03/12,161.9500,0.3400,-0.21,7386921,162.9400,163.7700,159.7000
2024/03/11,162.2900,0.1100,-0.07,6026073,161.4200,162.9800,160.4000
2024/03/08,162.4000,6.0400,-3.59,9368999,169.2900,169.8400,161.6300
2024/03/07,168.4400,1.4400,+0.86,9049602,167.0000,169.1600,163.7100
2024/03/06,167.0000,0.7500,-0.45,12733359,170.0000,171.3600,163.3700
2024/03/05,167.7500,10.1800,-5.72,14716891,175.0300,175.3300,166.3201
2024/03/04,177.9300,8.7900,-4.71,16342261,185.8900,186.5500,175.2950
2024/03/01,186.7200,1.5600,-0.83,17265859,191.2600,194.2000,186.1400
2024/02/29,188.2800,41.7200,-18.14,42311351,181.1700,190.4500,180.6800
2024/02/28,230.0000,4.0300,-1.72,19406239,230.7500,233.8800,226.5600
2024/02/27,234.0300,3.1000,+1.34,4810315,233.0000,235.6600,231.0900
2024/02/26,230.9300,1.5900,+0.69,4820595,229.3300,233.3600,226.6500
2024/02/23,229.3400,3.7200,+1.65,4527953,234.2800,234.8300,227.0399
2024/02/22,225.6200,9.4100,+4.35,5847729,224.1400,227.6800,219.5150
2024/02/21,216.2100,3.8700,-1.76,3596578,215.0000,217.2000,211.6800
2024/02/20,220.0800,10.2300,-4.44,6028646,226.0300,226.6900,215.5900
2024/02/16,230.3100,2.0900,-0.90,3604068,230.6500,234.8150,228.6000
2024/02/15,232.4000,3.6000,-1.53,3617604,235.0000,236.3300,229.1000
2024/02/14,236.0000,8.4300,+3.70,3741915,230.0000,236.2400,227.1800
2024/02/13,227.5700,4.5900,-1.98,4851114,223.0600,231.0200,220.5000
2024/02/12,232.1600,1.1200,-0.48,5383662,231.0000,237.7200,229.0746
2024/02/09,233.2800,10.3800,+4.66,8263401,228.3000,235.0000,228.1300
2024/02/08,222.9000,4.6700,+2.14,6119851,219.3000,226.2900,218.3000
2024/02/07,218.2300,4.5500,+2.13,3920972,214.0100,219.4000,212.7500
2024/02/06,213.6800,1.9200,-0.89,5159941,217.5000,218.5000,208.5050
2024/02/05,215.6000,3.1600,-1.44,5552565,217.1100,220.6732,210.5400
2024/02/02,218.7600,18.8200,+9.41,11911518,208.6400,219.7400,204.0500
2024/02/01,199.9400,4.3000,+2.20,3260591,197.0000,200.3300,195.3400
2024/01/31,195.6400,10.6100,-5.14,6296755,201.5000,203.2900,194.8700
2024/01/30,206.2500,3.2900,-1.57,4415381,208.6400,209.9800,204.8100
2024/01/29,209.5400,7.0300,+3.47,5288749,201.9100,210.2629,201.4000
2024/01/26,202.5100,3.5000,-1.70,3799060,203.7500,205.4899,201.2000
2024/01/25,206.0100,2.2000,+1.08,4804154,205.3600,209.4725,202.7500
2024/01/24,203.8100,1.7700,-0.86,8127759,209.1800,211.6500,203.4850
2024/01/23,205.5800,6.5000,+3.27,8763276,200.0000,205.9700,197.5900
2024/01/22,199.0800,5.9600,+3.09,6471888,196.7500,202.3200,196.5100
2024/01/19,193.1200,6.5100,+3.49,4523267,187.5900,193.1400,186.7200
2024/01/18,186.6100,1.5100,-0.80,4989985,190.7700,191.5400,184.3900
2024/01/17,188.1200,0.1000,+0.05,3756668,185.7700,188.1400,182.5300
2024/01/16,188.0200,3.2400,-1.69,4833391,190.0000,191.2050,186.5736
2024/01/12,191.2600,4.3600,-2.23,4982352,190.0000,196.0800,189.2217
2024/01/11,195.6200,1.7800,-0.90,5012565,199.2000,201.6000,195.5300
2024/01/10,197.4000,0.5000,+0.25,4179593,197.2800,200.5400,194.6500
2024/01/09,196.9000,0.5500,+0.28,3153581,195.6500,198.2700,194.7500
2024/01/08,196.3500,7.2300,+3.82,4562048,190.7700,196.9000,190.7700
2024/01/05,189.1200,5.4000,+2.94,5269755,184.5700,191.4100,184.5700
2024/01/04,183.7200,0.4900,-0.27,4270281,182.2900,187.1500,180.9525
2024/01/03,184.2100,4.9100,-2.60,4292018,185.0000,187.3537,183.0100
2024/01/02,189.1200,9.8800,-4.96,5173265,195.0000,196.2300,187.5300
2023/12/29,199.0000,2.2300,-1.11,3598227,200.0000,201.8800,198.3400
2023/12/28,201.2300,2.5200,+1.27,3823822,198.7800,201.7400,197.7000
2023/12/27,198.7100,0.1500,+0.08,4957172,200.0000,200.9700,197.0400
2023/12/26,198.5600,2.8900,+1.48,3639359,195.9000,199.3191,193.8000
2023/12/22,195.6700,1.1200,-0.57,2448826,197.0200,198.0204,194.1000
2023/12/21,196.7900,2.5100,+1.29,4213726,195.5000,196.9500,193.7420
2023/12/20,194.2800,4.7400,-2.38,3222933,198.1200,199.7400,194.1300
2023/12/19,199.0200,0.0500,+0.03,2963399,200.0000,200.8700,198.3359
2023/12/18,198.9700,0.0400,-0.02,3461687,198.1000,200.0100,196.5500
2023/12/15,199.0100,1.8500,-0.92,6241938,198.0000,200.8500,197.1006
2023/12/14,200.8600,4.3100,+2.19,7937720,198.5700,202.8299,196.1100
2023/12/13,196.5500,3.0600,+1.58,5331339,195.0000,197.4300,191.2600
2023/12/12,193.4900,0.5000,+0.26,3825737,190.8400,194.2100,189.6900
2023/12/11,192.9900,2.3200,+1.22,7350847,188.5100,196.6600,187.7700
2023/12/08,190.6700,3.3600,+1.79,5294921,187.0000,191.6400,185.8000
2023/12/07,187.3100,2.8400,+1.54,4824379,184.6100,188.7800,183.0300
2023/12/06,184.4700,1.6900,-0.91,5358674,187.4100,190.6200,184.4000
2023/12/05,186.1600,2.1400,-1.14,4060490,186.5300,188.5200,184.0800
2023/12/04,188.3000,2.3300,+1.25,8530965,184.8100,191.0000,183.6100
2023/12/01,185.9700,1.7100,-0.91,10315162,185.2500,188.5600,180.8000
2023/11/30,187.6800,12.3600,+7.05,22593509,188.0000,192.6600,180.2700
2023/11/29,175.3200,3.7700,+2.20,10298419,175.0200,177.5999,174.3500
2023/11/28,171.5500,1.2500,+0.73,3829799,170.0000,172.1800,167.9100
2023/11/27,170.3000,0.8600,-0.50,4214149,171.0000,172.6750,170.0500
2023/11/24,171.1600,2.2400,+1.33,1738385,168.0400,171.4800,167.4900
2023/11/22,168.9200,2.2500,+1.35,3015395,168.9000,171.2200,167.3000
2023/11/21,166.6700,0.0600,-0.04,2834590,164.9300,168.1050,164.2900
2023/11/20,166.7300,4.8800,+3.02,3755270,162.0000,168.8150,162.0000
2023/11/17,161.8500,0.8800,+0.55,1896456,160.7100,162.7325,160.3300
2023/11/16,160.9700,2.0600,-1.26,3358519,162.9400,163.0000,159.5100
2023/11/15,163.0300,2.8300,-1.71,4150023,166.5700,169.1900,162.8400
2023/11/14,165.8600,7.1600,+4.51,5141766,164.5000,166.2800,163.1600
2023/11/13,158.7000,1.7000,-1.06,3286665,160.0400,161.1499,157.2800
2023/11/10,160.4000,4.0500,+2.59,3982683,155.8500,161.2200,153.5250
2023/11/09,156.3500,2.2300,-1.41,3982258,159.5000,162.3980,156.1100
2023/11/08,158.5800,0.9900,-0.62,4197978,160.2000,161.4850,156.0100
2023/11/07,159.5700,15.3700,+10.66,12553291,155.7700,162.5000,153.8500
2023/11/06,144.2000,5.7900,-3.86,4881540,150.0000,150.4500,141.9300
2023/11/03,149.9900,7.2400,+5.07,5105651,143.0000,150.2800,142.7200
2023/11/02,142.7500,1.5100,-1.05,6822701,145.2200,147.8393,140.1400
2023/11/01,144.2600,0.8700,-0.60,3688286,145.3000,145.7200,142.3200
2023/10/31,145.1300,0.9700,+0.67,2860416,144.7900,145.9700,141.5900
2023/10/30,144.1600,0.7800,+0.54,2089728,144.0000,145.7500,142.6800
2023/10/27,143.3800,2.5400,+1.80,3393761,144.1000,145.3900,141.8900
2023/10/26,140.8400,1.5600,-1.10,4801111,142.0600,144.0550,138.4000
2023/10/25,142.4000,8.7200,-5.77,4543594,150.8900,150.9600,141.5350
2023/10/24,151.1200,2.5300,+1.70,2460125,149.7300,152.6243,148.9400
2023/10/23,148.5900,0.9200,+0.62,2861430,145.8600,150.8300,144.8100
2023/10/20,147.6700,5.7600,-3.75,3651742,153.0000,154.0900,147.3491
2023/10/19,153.4300,0.2000,+0.13,2687485,154.7600,158.0900,153.1200
2023/10/18,153.2300,6.1600,-3.86,3229186,159.4000,160.5926,152.3400
2023/10/17,159.3900,2.7400,-1.69,3376002,158.9800,162.7000,158.5800
2023/10/16,162.1300,4.9700,+3.16,2777002,157.9000,163.1300,156.9100
2023/10/13,157.1600,2.8000,-1.75,2818908,160.6600,161.5400,156.9675
2023/10/12,159.9600,3.5800,-2.19,2872230,161.7200,163.8000,159.3100
2023/10/11,163.5400,0.4100,+0.25,2263249,163.9200,165.8021,162.4400
2023/10/10,163.1300,1.3200,+0.82,3207673,163.0000,166.4300,162.5000
2023/10/09,161.8100,1.8600,+1.16,2901524,158.5000,163.2850,158.2900
2023/10/06,159.9500,9.7000,+6.46,5659676,148.0000,160.3499,148.0000
2023/10/05,150.2500,1.7100,-1.13,3931654,154.0500,155.3100,149.6700
2023/10/04,151.9600,3.1700,+2.13,3040209,150.7500,152.7000,149.2401
2023/10/03,148.7900,2.3800,-1.57,4035759,149.0800,151.9100,147.8700
2023/10/02,151.1700,1.6000,-1.05,3414823,152.2700,153.2900,149.8000
2023/09/29,152.7700,1.6500,+1.09,4295518,153.4100,155.1675,152.4600
2023/09/28,151.1200,3.6000,+2.44,5110053,145.5200,151.5520,141.7900
2023/09/27,147.5200,0.4700,+0.32,3515837,148.0700,149.4690,146.1000
2023/09/26,147.0500,2.6900,-1.80,3225165,148.8000,150.6532,146.5100
2023/09/25,149.7400,0.0400,+0.03,3271861,148.8200,150.4700,147.6700
2023/09/22,149.7000,0.6700,+0.45,2916354,151.4200,152.6300,149.6700
2023/09/21,149.0300,9.6000,-6.05,6629347,155.1900,156.1900,148.5400
2023/09/20,158.6300,1.1100,-0.69,3341733,159.5600,161.2799,157.9400
2023/09/19,159.7400,1.7100,-1.06,3794632,161.1400,161.8500,156.9600
2023/09/18,161.4500,0.9600,-0.59,2368142,160.3700,162.8700,159.5700
2023/09/15,162.4100,0.5700,-0.35,6661747,161.6400,163.7100,160.2600
2023/09/14,162.9800,2.3600,-1.43,4021612,166.8900,167.3999,161.1300
2023/09/13,165.3400,1.4900,-0.89,2714538,166.2300,167.8800,163.7900
2023/09/12,166.8300,3.3400,-1.96,3957143,168.9200,171.5200,166.4700
2023/09/11,170.1700,4.2200,+2.54,5628752,166.2700,172.3500,166.2600
2023/09/08,165.9500,6.1100,+3.82,7728682,165.2100,167.7500,163.9200
2023/09/07,159.8400,2.3500,+1.49,2884181,153.8200,159.9500,153.3297
2023/09/06,157.4900,1.8900,-1.19,2161261,157.4900,159.0100,155.9700
2023/09/05,159.3800,2.3000,+1.46,3219056,156.3000,159.7699,155.9900
2023/09/01,157.0800,0.2300,+0.15,3685404,158.1000,160.0200,156.7500
2023/08/31,156.8500,1.5100,+0.97,4404132,156.0000,158.5000,155.5600
2023/08/30,155.3400,2.0400,+1.33,3573080,152.9900,156.7399,151.8650
2023/08/29,153.3000,4.5500,+3.06,4601099,148.0800,153.7700,147.9600
2023/08/28,148.7500,3.8000,-2.49,5474615,152.8200,154.9700,148.3700
2023/08/25,152.5500,4.8800,+3.30,6322800,147.1000,153.6000,146.8700
2023/08/24,147.6700,8.0300,-5.16,14065805,161.5500,161.9300,145.4000
2023/08/23,155.7000,3.1200,+2.04,10302589,151.8700,157.4600,151.8000
2023/08/22,152.5800,0.7000,+0.46,4994093,153.8800,154.1900,151.5500
2023/08/21,151.8800,4.2500,+2.88,5671008,149.0600,153.1100,149.0600
2023/08/18,147.6300,0.6900,+0.47,5852293,144.4900,147.8600,142.4001
2023/08/17,146.9400,2.7500,-1.84,4348368,149.8700,150.8900,146.0900
2023/08/16,149.6900,1.4100,-0.93,3561562,151.2000,152.7499,148.8400
2023/08/15,151.1000,1.7600,-1.15,2644577,151.5700,153.4000,150.0800
2023/08/14,152.8600,0.5100,-0.33,3136721,151.5400,153.1500,150.0700
2023/08/11,153.3700,1.6500,-1.06,3974439,153.3000,155.4300,151.3700
2023/08/10,155.0200,0.9500,+0.62,3248942,155.4100,158.8300,153.9550
2023/08/09,154.0700,2.2600,-1.45,4363803,157.8500,158.9500,153.3200
2023/08/08,156.3300,10.3400,-6.20,11725254,157.2300,160.7200,154.1700
2023/08/07,166.6700,0.0000,0,3540487,168.0100,168.6100,163.6200
2023/08/04,166.6700,5.6200,+3.49,7332568,171.3600,172.4400,165.0850
2023/08/03,161.0500,3.5500,-2.16,7812111,163.4600,164.7200,159.5300
2023/08/02,164.6000,11.9800,-6.78,5348439,172.5000,172.7965,164.5100
2023/08/01,176.5800,1.1300,-0.64,2464778,175.2300,177.7100,174.8200
2023/07/31,177.7100,2.8800,+1.65,3489661,176.9800,181.3639,176.9800
2023/07/28,174.8300,6.5600,+3.90,4764960,170.9600,175.3500,169.7200
2023/07/27,168.2700,1.7300,-1.02,4820652,174.3200,175.4000,167.0200
2023/07/26,170.0000,9.2900,-5.18,6916274,174.2000,174.3000,168.2450
2023/07/25,179.2900,4.4900,+2.57,3775621,177.0000,181.8000,176.3100
2023/07/24,174.8000,1.1000,-0.63,3464828,176.1100,177.3500,172.8600
2023/07/21,175.9000,0.4300,-0.24,4020471,178.6800,180.8100,175.8500
2023/07/20,176.3300,9.1200,-4.92,6092855,182.4700,183.9499,175.5500
2023/07/19,185.4500,2.7500,-1.46,3933188,191.8600,193.2300,185.1500
2023/07/18,188.2000,3.9900,+2.17,4361144,185.4800,189.2400,182.1000
2023/07/17,184.2100,3.4200,+1.89,3675461,182.5000,185.5800,181.1100
2023/07/14,180.7900,3.4300,-1.86,5361029,184.9400,187.7900,180.0700
2023/07/13,184.2200,12.2900,+7.15,8873521,175.8250,184.4500,175.2700
2023/07/12,171.9300,0.1200,-0.07,4546896,175.0900,175.7600,170.2200
2023/07/11,172.0500,2.4000,+1.41,4267383,171.2000,174.3442,169.3200
2023/07/10,169.6500,0.9600,-0.56,6857264,166.5300,170.4800,162.6000
2023/07/07,170.6100,1.5800,-0.92,3212306,173.3700,176.4100,170.4900
2023/07/06,172.1900,0.3600,-0.21,4752968,169.8200,173.1021,167.4850
2023/07/05,172.5500,4.4400,-2.51,6166775,175.0000,175.9018,170.6300
2023/07/03,176.9900,1.0100,+0.57,2665332,176.0000,178.1000,174.6500
2023/06/30,175.9800,0.2100,+0.12,7345166,179.3300,181.5000,175.7500
2023/06/29,175.7700,8.0800,-4.39,9010567,183.5500,186.1700,175.1210
2023/06/28,183.8500,6.8300,+3.86,13895559,179.1800,191.9400,178.8500
2023/06/27,177.0200,7.1800,+4.23,9516416,176.9900,179.1499,170.5600
2023/06/26,169.8400,8.4100,-4.72,6906768,180.5900,183.3900,169.5100
2023/06/23,178.2500,0.3500,-0.20,6259299,175.7500,181.8165,174.6100
2023/06/22,178.6000,5.2100,+3.00,5189855,171.1800,179.7400,170.8200
2023/06/21,173.3900,5.6900,-3.18,5463254,180.7000,183.6000,173.2600
2023/06/20,179.0800,5.1000,-2.77,5305499,183.3000,185.6708,176.7110
2023/06/16,184.1800,6.8000,-3.56,6589530,191.5700,193.9400,182.9208
2023/06/15,190.9800,9.9100,+5.47,9779343,179.1800,191.6500,178.3500
2023/06/14,181.0700,7.6300,+4.40,6664442,172.7300,181.3300,171.1100
2023/06/13,173.4400,1.5500,+0.90,4182986,173.0300,174.8600,168.7600
2023/06/12,171.8900,1.2400,+0.73,5098018,170.2700,172.3800,167.8380
2023/06/09,170.6500,3.6600,-2.10,5314504,174.3100,176.5261,169.2900
2023/06/08,174.3100,5.2400,+3.10,5847401,167.6550,174.6600,166.4000
2023/06/07,169.0700,13.1500,-7.22,8407551,182.0100,183.0000,167.3671
2023/06/06,182.2200,0.4700,+0.26,5827714,181.2500,185.0400,181.1700
2023/06/05,181.7500,6.5400,+3.73,5608728,175.8100,183.5500,175.5000
2023/06/02,175.2100,7.9300,+4.74,9757340,172.3000,182.9500,172.0800
2023/06/01,167.2800,1.9200,+1.16,5597720,160.3700,169.4600,160.0000
2023/05/31,165.3600,6.7100,+4.23,14605655,158.0000,168.9800,157.4300
2023/05/30,158.6500,8.6400,+5.76,9655841,151.1800,159.9900,150.5000
2023/05/26,150.0100,2.1000,+1.42,11512197,146.8600,152.9000,144.8250
2023/05/25,147.9100,29.2300,-16.50,23969998,150.4700,158.7299,143.1100
2023/05/24,177.1400,1.9800,+1.13,10020835,173.6400,178.4000,172.1205
2023/05/23,175.1600,3.3100,-1.85,4558489,177.0400,182.5000,175.0820
2023/05/22,178.4700,1.6500,+0.93,4424320,176.5100,182.2000,175.3934
2023/05/19,176.8200,7.4900,-4.06,6704978,181.1800,182.4600,175.7100
2023/05/18,184.3100,10.2900,+5.91,7229138,175.9700,185.0000,175.5100
2023/05/17,174.0200,2.3100,+1.35,4335566,172.0900,174.5499,170.3000
2023/05/16,171.7100,0.3400,-0.20,3482860,170.1400,173.0500,168.7900
2023/05/15,172.0500,4.6500,+2.78,3436500,167.6600,172.8800,166.9000
2023/05/12,167.4000,2.6700,-1.57,4041019,169.2000,171.3200,166.4200
2023/05/11,170.0700,1.9700,-1.15,3466383,170.2100,171.7799,168.8500
2023/05/10,172.0400,8.1700,+4.99,6799409,165.8100,173.2700,165.2000
2023/05/09,163.8700,3.4500,+2.15,3770447,158.9700,164.5600,158.6100
2023/05/08,160.4200,6.2500,+4.05,5587240,160.1100,163.1823,156.2900
2023/05/05,154.1700,1.1000,-0.71,4538512,155.7500,159.0500,153.0000
2023/05/04,155.2700,10.6300,+7.35,7030450,148.9800,156.5900,148.8600
2023/05/03,144.6400,0.2000,-0.14,3309104,144.0700,147.5900,142.4424
2023/05/02,144.8400,2.1300,-1.45,2845502,146.4400,147.0500,143.5400
2023/05/01,146.9700,1.1100,-0.75,3011139,148.1500,148.4600,145.0100
2023/04/28,148.0800,0.6900,-0.46,5223139,145.6700,148.7600,140.8700
2023/04/27,148.7700,1.7100,+1.16,5736423,148.3200,149.8800,145.1300
2023/04/26,147.0600,11.5800,+8.55,9439700,142.7800,149.2799,142.6000
2023/04/25,135.4800,7.0300,-4.93,7176410,140.5600,140.6600,135.2600
2023/04/24,142.5100,2.6800,-1.85,3472436,144.8500,145.8100,140.7731
2023/04/21,145.1900,2.4700,+1.73,3672166,144.0700,146.8000,143.5200
2023/04/20,142.7200,1.8300,-1.27,2993922,142.3000,144.1300,141.7400
2023/04/19,144.5500,1.3400,-0.92,2887438,144.4500,146.4600,143.6500
2023/04/18,145.8900,0.6300,+0.43,4021831,147.5300,147.5700,142.1700
2023/04/17,145.2600,3.1300,+2.20,3970463,142.1300,145.8500,141.8300
2023/04/14,142.1300,0.7500,+0.53,5472627,140.0000,142.2000,138.3100
2023/04/13,141.3800,1.7200,+1.23,4832512,141.0900,144.5481,140.5500
2023/04/12,139.6600,0.4700,+0.34,6993540,141.9000,144.5000,139.3201
2023/04/11,139.1900,8.5800,-5.81,10945816,139.6800,142.4000,136.5900
2023/04/10,147.7700,2.0900,+1.43,3484912,143.3400,147.9900,141.6000
2023/04/06,145.6800,0.8000,-0.55,3326902,144.5900,146.0600,140.8800
2023/04/05,146.4800,8.9500,-5.76,5422068,154.8300,156.0400,144.1396
2023/04/04,155.4300,5.4300,+3.62,9213654,151.0000,158.0000,150.7500
2023/04/03,150.0000,4.2900,-2.78,4290127,152.7800,154.2500,148.7200
2023/03/31,154.2900,12.1800,+8.57,8611582,142.8100,154.4400,141.8300
2023/03/30,142.1100,4.6500,+3.38,5171853,139.9900,145.3300,138.7600
2023/03/29,137.4600,2.6500,+1.97,4051078,136.2600,138.6000,135.6001
2023/03/28,134.8100,0.1600,-0.12,2692733,136.0000,136.7199,134.1700
2023/03/27,134.9700,1.5600,-1.14,3940424,136.4900,137.8700,134.4000
2023/03/24,136.5300,4.0400,-2.87,3657496,139.3000,141.9786,135.5500
2023/03/23,140.5700,4.9400,+3.64,6318822,137.9900,141.1006,135.0256
2023/03/22,135.6300,5.8400,-4.13,4525711,141.2000,142.8000,135.4750
2023/03/21,141.4700,6.0000,+4.43,4402331,136.9700,142.2899,135.3100
2023/03/20,135.4700,0.1500,-0.11,3577383,133.8100,135.5800,131.6200
2023/03/17,135.6200,3.3000,-2.38,5409629,138.6400,139.4400,133.5600
2023/03/16,138.9200,0.6600,-0.47,4689052,140.0000,142.4400,137.4000
2023/03/15,139.5800,0.2400,-0.17,4008229,136.2800,140.1700,135.3000
2023/03/14,139.8200,2.0900,+1.52,6550384,138.6400,140.0800,134.8800
2023/03/13,137.7300,6.2700,+4.77,7589634,129.9800,140.4600,128.7600
2023/03/10,131.4600,4.8400,-3.55,8882289,135.0200,135.7869,128.5600
2023/03/09,136.3000,6.3500,-4.45,5078181,141.3800,144.1000,136.0500
2023/03/08,142.6500,0.2000,+0.14,3831703,140.2250,144.3800,139.2900
2023/03/07,142.4500,0.3800,+0.27,4371918,141.0000,146.1900,140.1000
2023/03/06,142.0700,0.0400,-0.03,5419188,142.6500,146.7399,140.8477
2023/03/03,142.1100,6.8300,+5.05,9894354,135.5100,143.3300,135.5000
2023/03/02,135.2800,19.2200,-12.44,25866458,139.0400,140.1500,131.1200
2023/03/01,154.5000,0.1200,+0.08,8186394,154.2200,156.6500,153.0000
2023/02/28,154.3800,0.2700,-0.17,4395010,154.6800,155.7200,152.9300
2023/02/27,154.6500,6.2100,+4.18,4499976,150.2000,154.7000,148.5800
2023/02/24,148.4400,4.6800,-3.06,3791718,149.8500,150.7500,145.2800
2023/02/23,153.1200,2.4600,+1.63,4105824,153.5000,154.0900,147.7500
2023/02/22,150.6600,0.6000,-0.40,4101858,149.5000,155.3800,149.5000
2023/02/21,151.2600,2.8200,-1.83,3410995,150.6000,155.0000,150.0800
2023/02/17,154.0800,10.3200,-6.28,7951490,160.5000,160.7700,151.5500
2023/02/16,164.4000,10.8800,-6.21,4784586,171.0000,172.7200,163.9200
2023/02/15,175.2800,4.2600,+2.49,4445096,171.4000,175.9500,170.0700
2023/02/14,171.0200,9.0600,+5.59,4994848,159.9700,171.9396,158.2400
2023/02/13,161.9600,4.6300,+2.94,3615724,158.5000,165.0600,157.0500
2023/02/10,157.3300,5.3500,-3.29,4156649,159.6600,162.0100,154.7300
2023/02/09,162.6800,3.6200,+2.28,4534121,161.9400,166.7199,161.2701
2023/02/08,159.0600,1.7100,-1.06,3845306,161.2600,165.0000,158.0450
2023/02/07,160.7700,2.7000,+1.71,5343248,157.9300,161.5000,154.4150
2023/02/06,158.0700,5.2200,-3.20,5708704,159.7400,163.5200,156.7900
2023/02/03,163.2900,14.7600,-8.29,7312943,168.0000,175.4900,163.0000
2023/02/02,178.0500,12.8300,+7.77,8578224,173.8400,178.7000,170.2600
2023/02/01,165.2200,8.7800,+5.61,5056080,158.5900,166.8300,155.4400
2023/01/31,156.4400,3.5200,+2.30,5216153,153.7700,157.2500,151.2101
2023/01/30,152.9200,6.4400,-4.04,4239451,156.7800,159.7300,152.8100
2023/01/27,159.3600,6.9100,+4.53,11486765,150.5900,161.3200,150.3800
2023/01/26,152.4500,8.0100,+5.55,4450235,148.6700,152.4927,144.7600
2023/01/25,144.4400,1.3500,-0.93,7460129,138.2700,144.9300,134.3400
2023/01/24,145.7900,4.5100,-3.00,4086142,148.1300,152.7599,145.2600
2023/01/23,150.3000,5.4800,+3.78,4562743,146.5000,150.9200,144.7400
2023/01/20,144.8200,9.5800,+7.08,4714237,136.4500,145.0810,135.3200
2023/01/19,135.2400,4.8700,-3.48,4916404,137.5000,140.5500,135.0801
2023/01/18,140.1100,5.6100,-3.85,4336969,147.4500,148.5700,140.0400
2023/01/17,145.7200,4.8500,+3.44,4607410,141.1500,147.3200,139.4600
2023/01/13,140.8700,1.2700,-0.89,4919267,139.3000,141.7698,137.3100
2023/01/12,142.1400,2.4300,+1.74,3810038,140.3900,142.1600,135.1000
2023/01/11,139.7100,1.7700,+1.28,4290297,138.2000,141.0650,136.5500
2023/01/10,137.9400,3.5100,+2.61,4518407,134.8600,138.4500,133.7400
2023/01/09,134.4300,10.3700,+8.36,8192948,127.2300,137.6400,126.6700
2023/01/06,124.0600,2.5000,+2.06,5827362,122.0900,126.0700,119.2700
2023/01/05,121.5600,8.8800,-6.81,8231751,129.3000,129.4900,121.0400
2023/01/04,130.4400,5.0600,-3.73,6672904,137.2800,137.6000,128.5800
2023/01/03,135.5000,8.0400,-5.60,4441952,146.4800,149.2000,135.3400
2022/12/30,143.5400,1.1600,+0.81,2901853,139.3000,143.6100,138.8200
2022/12/29,142.3800,3.9600,+2.86,3468842,139.2000,143.9500,137.9900
2022/12/28,138.4200,0.6600,+0.48,2963594,137.1400,139.5600,136.0000
2022/12/27,137.7600,0.7300,-0.53,2706977,136.3400,139.1800,133.5900
2022/12/23,138.4900,1.8800,-1.34,2669576,138.7800,139.5050,135.2201
2022/12/22,140.3700,6.3800,-4.35,4408688,143.0300,144.4000,137.7700
2022/12/21,146.7500,5.5400,+3.92,3649535,141.7200,146.8100,137.8800
2022/12/20,141.2100,3.1100,+2.25,3622313,135.0000,141.9900,134.7923
2022/12/19,138.1000,4.3500,-3.05,3851536,140.3400,143.2600,137.2300
2022/12/16,142.4500,0.2000,-0.14,6432756,142.4400,144.8300,139.0000
2022/12/15,142.6500,6.5500,-4.39,4467890,144.3700,148.4000,142.2200
2022/12/14,149.2000,1.3800,-0.92,6486154,151.5200,156.3100,146.5810
2022/12/13,150.5800,0.3000,-0.20,7242052,160.0000,162.7000,150.0801
2022/12/12,150.8800,6.3500,+4.39,5909767,144.1800,151.4000,144.1700
2022/12/09,144.5300,1.6600,+1.16,4635825,142.5900,148.6800,141.8155
2022/12/08,142.8700,5.4600,+3.97,5654535,139.2800,144.9700,135.5900
2022/12/07,137.4100,0.6800,+0.50,5861205,137.2000,140.2400,134.2000
2022/12/06,136.7300,1.1000,+0.81,6452074,136.0200,137.9800,132.5100
2022/12/05,135.6300,14.1100,-9.42,9420451,147.9800,148.9400,135.5100
2022/12/02,149.7400,4.3000,-2.79,6909559,149.4000,153.5100,147.0000
2022/12/01,154.0400,11.1400,+7.80,16528816,144.5100,155.0000,143.2500
2022/11/30,142.9000,6.3400,+4.64,12668706,134.8700,142.9700,131.9700
2022/11/29,136.5600,4.5100,-3.20,3725156,141.1300,141.5650,136.2500
2022/11/28,141.0700,3.6500,-2.52,3527099,143.2000,146.2100,140.5801
2022/11/25,144.7200,1.7300,-1.18,1823470,144.7000,145.1371,141.6600
2022/11/23,146.4500,3.0900,+2.16,4295870,143.7300,148.1300,140.2600
2022/11/22,143.3600,2.2200,+1.57,4006243,142.5100,143.6300,136.5100
2022/11/21,141.1400,5.0600,-3.46,3535053,143.2600,144.5600,138.4000
2022/11/18,146.2000,1.4900,-1.01,3133115,151.2400,151.5200,144.7117
2022/11/17,147.6900,6.4600,-4.19,4557930,149.7320,151.7900,145.3100
2022/11/16,154.1500,9.3400,-5.71,3800697,159.6300,161.4900,153.9100
2022/11/15,163.4900,5.6500,+3.58,4142807,165.5900,168.0000,160.6000
2022/11/14,157.8400,1.5700,-0.98,4577600,157.3300,160.9000,152.4700
2022/11/11,159.4100,14.0300,+9.65,8671662,146.6400,162.3700,143.7900
2022/11/10,145.3800,19.1200,+15.14,9755188,140.1000,149.2700,139.7000
2022/11/09,126.2600,2.9000,-2.25,6133055,126.5200,128.8000,122.7700
2022/11/08,129.1600,0.0600,+0.05,5532853,130.9100,133.6700,124.8900
2022/11/07,129.1000,3.2100,-2.43,5756412,133.4600,134.0830,126.3000
2022/11/04,132.3100,18.1600,-12.07,10787660,148.7300,148.7500,129.3600
2022/11/03,150.4700,2.7200,+1.84,5935973,146.6100,157.1900,146.2000
2022/11/02,147.7500,11.7500,-7.37,6244013,157.7500,157.9900,147.2500
2022/11/01,159.5000,0.8000,-0.50,3153090,164.7400,167.4100,158.7420
2022/10/31,160.3000,0.6100,+0.38,4302471,159.2500,161.8800,155.8500
2022/10/28,159.6900,9.4200,-5.57,7836579,162.6400,164.3000,155.0300
2022/10/27,169.1100,0.3400,-0.20,4082195,171.6400,175.1800,168.1000
2022/10/26,169.4500,12.3700,-6.80,6582709,169.8000,179.5800,167.7800
2022/10/25,181.8200,7.0500,+4.03,3652123,177.2500,183.4600,176.2100
2022/10/24,174.7700,2.3300,-1.32,3253567,178.0000,178.0500,169.7600
2022/10/21,177.1000,3.0600,+1.76,4027553,171.7500,177.5200,166.7200
2022/10/20,174.0400,3.0000,+1.75,4625941,171.8000,179.9500,171.0100
2022/10/19,171.0400,2.1300,-1.23,3096535,169.7800,174.3199,168.2100
2022/10/18,173.1700,5.6300,+3.36,8277873,174.8000,178.4600,171.4200
2022/10/17,167.5400,15.1600,+9.95,7588637,158.5000,168.4800,156.6900
2022/10/14,152.3800,3.8700,-2.48,7112672,159.3500,163.8600,152.0000
2022/10/13,156.2500,2.2800,-1.44,10040053,148.7000,158.1200,145.6200
2022/10/12,158.5300,5.0000,+3.26,6810150,154.4500,159.2000,147.8800
2022/10/11,153.5300,5.5200,-3.47,11775348,157.6600,158.4000,145.7500
2022/10/10,159.0500,16.0500,-9.17,7934776,176.1400,176.7300,157.0000
2022/10/07,175.1000,13.8100,-7.31,5408859,183.2400,183.4350,174.5350
2022/10/06,188.9100,3.5600,+1.92,5291025,185.0500,189.7500,182.7100
2022/10/05,185.3500,1.5400,+0.84,5278421,180.5200,186.5400,176.2800
2022/10/04,183.8100,11.3000,+6.55,7314391,180.0000,184.0200,178.0400
2022/10/03,172.5100,2.5500,+1.50,7354475,170.8100,174.6500,161.7700
2022/09/30,169.9600,0.3800,-0.22,5494688,168.7000,178.4600,168.4100
2022/09/29,170.3400,3.5000,-2.01,4193798,170.3800,173.3300,166.0800
2022/09/28,173.8400,3.9800,+2.34,4399367,170.4800,174.9600,168.6400
2022/09/27,169.8600,4.7500,+2.88,5913111,170.3000,174.7800,165.5000
2022/09/26,165.1100,7.0200,-4.08,6180538,171.2500,176.9100,164.2500
2022/09/23,172.1300,0.3400,+0.20,6000266,170.0000,174.7400,167.1400
2022/09/22,171.7900,6.9300,-3.88,4940397,178.8400,182.0150,170.8494
2022/09/21,178.7200,4.0200,-2.20,5461851,183.2000,188.9100,178.6800
2022/09/20,182.7400,4.9600,-2.64,5059390,185.5500,189.3900,182.6268
2022/09/19,187.7000,3.0300,+1.64,5645642,183.0000,188.0000,181.3200
2022/09/16,184.6700,11.8200,-6.02,17813418,192.6700,193.6600,182.0600
2022/09/15,196.4900,1.4900,-0.75,9619444,194.6000,203.6200,193.7100
2022/09/14,197.9800,10.5500,+5.63,7329884,187.8000,199.3600,185.1101
2022/09/13,187.4300,7.7800,-3.99,6699909,183.0000,190.1600,179.9300
2022/09/12,195.2100,7.0200,+3.73,5118592,190.0000,195.3400,188.2650
2022/09/09,188.1900,8.7100,+4.85,5486045,181.1100,189.1900,181.0100
2022/09/08,179.4800,1.7200,+0.97,4499437,175.3000,182.2700,174.3501
2022/09/07,177.7600,7.9600,+4.69,5629714,170.7500,178.2200,167.7900
2022/09/06,169.8000,1.6900,-0.99,6166605,170.0000,174.2000,168.4600
2022/09/02,171.4900,1.6600,-0.96,5650571,175.0000,178.4200,170.3900
2022/09/01,173.1500,7.8000,-4.31,10505690,178.0600,178.1700,165.8900
2022/08/31,180.9500,3.7900,-2.05,6554536,187.2700,188.7990,180.1360
2022/08/30,184.7400,1.6900,-0.91,8443463,188.8300,191.1100,180.2756
2022/08/29,186.4300,11.2800,-5.71,12045560,194.0000,196.8000,183.2900
2022/08/26,197.7100,1.4300,+0.73,20065928,196.0000,205.6600,194.8300
2022/08/25,196.2800,36.7900,+23.07,25258447,191.2500,196.9900,184.1201
2022/08/24,159.4900,6.4200,+4.19,10260669,153.1900,161.9800,153.1900
2022/08/23,153.0700,1.4600,+0.96,4570297,151.5000,158.9000,151.0000
2022/08/22,151.6100,2.3300,-1.51,5550780,149.9500,153.9000,147.7300
2022/08/19,153.9400,7.8100,-4.83,5412141,159.6500,159.8800,151.6253
2022/08/18,161.7500,0.4600,+0.29,3289468,162.3200,162.8000,159.4500
2022/08/17,161.2900,6.0600,-3.62,6578698,164.0900,166.4700,157.0700
2022/08/16,167.3500,3.0900,-1.81,8487860,162.0000,167.4900,158.7400
2022/08/15,170.4400,1.7600,+1.04,2858289,167.8000,171.6700,166.6100
2022/08/12,168.6800,0.8000,+0.48,4699603,166.1900,169.5500,163.5100
2022/08/11,167.8800,6.5200,-3.74,5681291,178.9100,179.9500,167.2400
2022/08/10,174.4000,13.8500,+8.63,5664080,169.5200,174.9700,168.6200
2022/08/09,160.5500,10.3000,-6.03,5224413,168.0600,169.1900,159.0000
2022/08/08,170.8500,5.3200,+3.21,7010542,166.1700,175.8000,166.1700
2022/08/05,165.5300,4.7700,+2.97,6519515,155.9400,168.4099,155.7900
2022/08/04,160.7600,1.6100,-0.99,6346993,156.7750,161.5900,154.6109
2022/08/03,162.3700,9.0000,+5.87,4851409,155.4000,163.2500,155.4000
2022/08/02,153.3700,2.3900,+1.58,8107441,143.1200,156.6500,143.0400
2022/08/01,150.9800,1.0700,+0.71,4463512,146.6500,153.8500,143.3800
2022/07/29,149.9100,6.6300,+4.63,5250730,145.0000,149.9700,142.0500
2022/07/28,143.2800,1.9800,+1.40,5740717,140.2200,143.2800,134.3200
2022/07/27,141.3000,11.1800,+8.59,5513717,136.4300,142.6499,133.7900
2022/07/26,130.1200,10.1400,-7.23,7205759,137.0000,137.4400,129.7800
2022/07/25,140.2600,2.7300,-1.91,5922122,141.0000,142.9500,136.8400
2022/07/22,142.9900,14.7400,-9.35,7918718,157.6400,161.1500,142.1200
2022/07/21,157.7300,0.8300,+0.53,4598416,155.4700,161.3000,154.4800
2022/07/20,156.9000,10.4400,+7.13,6461486,147.9400,158.5400,147.0001
2022/07/19,146.4600,0.0100,-0.01,5782195,149.0000,149.2500,141.4265
2022/07/18,146.4700,1.4800,-1.00,5710545,150.5000,154.5400,145.8000
2022/07/15,147.9500,1.7500,+1.20,5836409,146.8100,150.2200,143.2400
2022/07/14,146.2000,3.4000,-2.27,5345742,148.6000,148.9050,141.5700
2022/07/13,149.6000,4.1700,+2.87,6728649,142.4500,154.2900,141.2800
2022/07/12,145.4300,9.9700,-6.42,6783474,157.0000,159.8000,144.1806
2022/07/11,155.4000,4.2800,-2.68,4141473,158.0500,159.4000,152.6000
2022/07/08,159.6800,0.6100,+0.38,6302316,156.2700,164.7800,153.1000
2022/07/07,159.0700,5.0700,+3.29,5823107,155.0600,159.6100,152.1601
2022/07/06,154.0000,0.9000,-0.58,7381227,154.9600,161.2800,152.1200
2022/07/05,154.9000,10.3700,+7.17,8432449,142.0000,155.6000,140.0500
2022/07/01,144.5300,5.4700,+3.93,5787959,140.0850,146.6697,139.0101
2022/06/30,139.0600,3.9700,-2.78,6208495,141.7500,142.9800,136.1300
2022/06/29,143.0300,0.7300,-0.51,4794689,141.6500,144.2200,139.3500
2022/06/28,143.7600,4.3900,-2.96,10125748,154.6200,154.6200,142.8100
2022/06/27,148.1500,3.3800,-2.23,7273535,150.3800,152.2000,144.2900
2022/06/24,151.5300,8.4200,+5.88,12204577,144.0000,152.0200,143.8400
2022/06/23,143.1100,15.7500,+12.37,16880221,136.2800,143.8698,131.5500
2022/06/22,127.3600,4.8200,+3.93,5996998,120.8700,129.9800,120.1300
2022/06/21,122.5400,3.1600,+2.65,5005586,122.6000,125.8800,122.0000
2022/06/17,119.3800,5.0000,+4.37,5754390,114.5000,120.5750,114.2800
2022/06/16,114.3800,8.1600,-6.66,6207314,118.1900,119.6000,113.7500
2022/06/15,122.5400,8.6700,+7.61,10479812,118.6500,124.3500,115.7200
2022/06/14,113.8700,0.5700,+0.50,7119013,113.3000,116.5000,110.2650
2022/06/13,113.3000,9.1200,-7.45,7139333,114.4900,118.1799,112.1100
2022/06/10,122.4200,10.8100,-8.11,8900142,129.0000,129.3900,119.4300
2022/06/09,133.2300,2.3400,-1.73,7253735,136.1800,139.6750,130.7800
2022/06/08,135.5700,4.3100,+3.28,5157514,131.2300,136.2900,130.0300
2022/06/07,131.2600,3.1900,+2.49,5812015,126.0000,131.9000,124.3100
2022/06/06,128.0700,1.7500,-1.35,5189339,132.6000,134.4800,125.7800
2022/06/03,129.8200,8.4200,-6.09,6696782,134.9800,138.2400,128.8500
2022/06/02,138.2400,12.0900,+9.58,8477360,126.8100,140.7000,126.1100
2022/06/01,126.1500,1.5000,-1.18,12114960,129.3600,135.8300,123.8200
2022/05/31,127.6500,2.2600,-1.74,11346157,130.0000,131.9050,124.6900
2022/05/27,129.9100,3.1100,+2.45,16797594,127.9000,130.6100,123.3100
2022/05/26,126.8000,5.9700,-4.50,35730319,117.0300,134.5000,112.1000
2022/05/25,132.7700,3.1400,+2.42,13474740,128.6100,135.6150,126.9000
2022/05/24,129.6300,9.2200,-6.64,8593462,138.1400,138.6200,125.7700
2022/05/23,138.8500,2.6400,-1.87,6250402,138.3800,142.7800,133.5100
2022/05/20,141.4900,5.3300,-3.63,7485222,148.0000,148.9800,134.2600
2022/05/19,146.8200,9.0600,+6.58,7643114,140.0400,152.6300,138.6849
2022/05/18,137.7600,8.0500,-5.52,6221689,142.4500,146.3500,134.1001
2022/05/17,145.8100,1.3000,+0.90,7512956,151.3500,153.8800,138.3400
2022/05/16,144.5100,13.8500,-8.75,5964496,155.4400,159.1500,143.5200
2022/05/13,158.3600,17.7600,+12.63,8540412,145.1000,159.7200,145.1000
2022/05/12,140.6000,7.7200,+5.81,9381475,130.1200,146.8900,126.0100
2022/05/11,132.8800,10.8800,-7.57,8271568,139.5300,147.3600,132.1500
2022/05/10,143.7600,0.4700,+0.33,9287239,149.4000,152.2600,132.0000
2022/05/09,143.2900,11.9800,-7.72,9364657,152.0500,155.7400,142.0500
2022/05/06,155.2700,10.9100,-6.57,8785077,164.3400,165.6900,151.2100
2022/05/05,166.1800,19.8200,-10.66,8838721,179.5900,179.9500,162.5100
2022/05/04,186.0000,9.5800,+5.43,6957355,178.7500,187.2300,166.6700
2022/05/03,176.4200,1.3400,-0.75,4610042,176.6000,181.0900,172.1801
2022/05/02,177.7600,6.3200,+3.69,4614623,170.3100,177.9800,167.1400
2022/04/29,171.4400,14.2700,-7.68,6805143,187.4500,195.8400,171.1250
2022/04/28,185.7100,10.7600,+6.15,6166119,179.0000,187.6600,172.3500
2022/04/27,174.9500,3.8100,-2.13,5688333,183.6500,188.6300,173.8000
2022/04/26,178.7600,8.1800,-4.38,5078108,185.4200,186.8500,176.7914
2022/04/25,186.9400,13.1400,+7.56,7585593,176.0000,190.7851,175.2000
2022/04/22,173.8000,1.3400,-0.77,3986552,178.7800,181.1800,172.7600
2022/04/21,175.1400,10.8400,-5.83,5417298,188.9300,193.4100,174.6800
2022/04/20,185.9800,11.4500,-5.80,4713089,199.4900,199.4900,185.3900
2022/04/19,197.4300,5.0400,+2.62,4517427,193.8400,202.4900,190.0984
2022/04/18,192.3900,6.2400,-3.14,4037376,198.2100,199.4900,189.8800
2022/04/14,198.6300,15.7800,-7.36,6470090,214.9800,215.0000,198.5600
2022/04/13,214.4100,3.4700,+1.65,3393849,209.9700,216.5000,209.7900
2022/04/12,210.9400,2.4100,+1.16,6790304,213.1300,222.0000,209.7200
2022/04/11,208.5300,0.1900,+0.09,4482179,207.4000,214.7100,201.6300
2022/04/08,208.3400,5.5400,-2.59,3947517,209.8400,213.6700,206.5401
2022/04/07,213.8800,1.7900,+0.84,6089231,212.4000,217.3000,203.0800
2022/04/06,212.0900,15.0000,-6.61,7872119,221.2500,221.3900,205.8900
2022/04/05,227.0900,14.1400,-5.86,4820408,239.2700,240.9100,224.1000
2022/04/04,241.2300,6.4200,+2.73,3384473,235.3800,243.3300,234.6650
2022/04/01,234.8100,5.6800,+2.48,5847447,229.3100,244.0500,228.4701
2022/03/31,229.1300,2.5000,-1.08,3842281,230.9900,237.3015,227.0000
2022/03/30,231.6300,8.0400,-3.35,5388589,236.0100,244.3900,228.5400
2022/03/29,239.6700,3.7800,+1.60,6886226,240.0000,246.5199,236.0000
2022/03/28,235.8900,16.0800,+7.32,7485537,220.0000,238.5384,219.0101
2022/03/25,219.8100,7.7600,-3.41,4538904,227.8000,231.7699,216.2300
2022/03/24,227.5700,5.3300,+2.40,4723084,222.0000,227.7100,210.0000
2022/03/23,222.2400,2.7200,-1.21,4043311,221.1800,228.7799,216.8100
2022/03/22,224.9600,11.9900,+5.63,6100404,212.7900,229.3400,210.5701
2022/03/21,212.9700,9.8800,-4.43,6802244,217.7600,222.1700,206.0600
2022/03/18,222.8500,14.0000,+6.70,10058161,212.0800,225.4300,209.1100
2022/03/17,208.8500,11.0100,+5.57,8301081,195.0000,210.7600,191.0600
2022/03/16,197.8400,27.0600,+15.84,13954583,177.0200,198.1600,176.2300
2022/03/15,170.7800,4.0300,+2.42,8147709,168.9800,172.0000,164.2900
2022/03/14,166.7500,13.6700,-7.58,7706369,178.8600,181.5000,164.3600
2022/03/11,180.4200,17.4300,-8.81,5857237,200.0000,200.0100,179.9300
2022/03/10,197.8500,9.7100,-4.68,4517322,202.9700,202.9700,192.2500
2022/03/09,207.5600,15.9500,+8.32,5929835,201.4400,210.1100,196.7000
2022/03/08,191.6100,1.3900,-0.72,8598340,191.0000,199.4600,182.7400
2022/03/07,193.0000,16.6500,-7.94,8270380,215.2600,219.8350,192.4050
2022/03/04,209.6500,14.3700,-6.41,10412236,219.2700,224.4200,208.0500
2022/03/03,224.0200,40.6700,-15.37,33628779,223.4165,234.0000,215.7100
2022/03/02,264.6900,1.5000,+0.57,13372779,265.6500,268.5000,250.5800
2022/03/01,263.1900,2.4700,-0.93,2975430,267.5400,272.8800,261.3100
2022/02/28,265.6600,3.7600,-1.40,4496529,267.9900,274.5773,260.7000
2022/02/25,269.4200,0.4500,-0.17,2730113,267.8000,275.8950,263.0100
2022/02/24,269.8700,17.2400,+6.82,5006416,242.6100,270.4300,240.1000
2022/02/23,252.6300,15.1500,-5.66,3094268,272.4200,276.8700,252.0000
2022/02/22,267.7800,5.9900,-2.19,3624374,271.0600,282.4800,264.5300
2022/02/18,273.7700,12.5100,-4.37,3939524,290.9600,295.0000,272.6300
2022/02/17,286.2800,18.4200,-6.05,3381932,298.0200,304.8500,285.5000
2022/02/16,304.7000,4.7000,+1.57,2929330,295.0000,306.0700,294.1500
2022/02/15,300.0000,8.8700,+3.05,2756759,298.8300,302.0000,291.8500
2022/02/14,291.1300,2.5600,-0.87,2506942,294.0600,300.8010,290.3300
2022/02/11,293.6900,17.4200,-5.60,4693506,312.0000,321.3285,288.5900
2022/02/10,311.1100,3.1700,+1.03,6054355,300.2000,329.4900,299.5000
2022/02/09,307.9400,14.4300,+4.92,2730768,304.9000,308.2000,299.0000
2022/02/08,293.5100,0.3200,+0.11,2717317,287.2000,298.5000,287.2000
2022/02/07,293.1900,17.4700,+6.34,8317063,291.0000,304.4600,286.7701
2022/02/04,275.7200,19.4600,+7.59,4393426,262.5600,283.0000,255.3800
2022/02/03,256.2600,12.0200,-4.48,3197715,254.2000,266.0000,251.0000
2022/02/02,268.2800,15.4800,-5.46,2751182,282.5600,282.8000,265.3300
2022/02/01,283.7600,7.8600,+2.85,3219451,281.8000,286.8500,270.3300
2022/01/31,275.9000,22.3800,+8.83,3984352,261.0000,276.1700,258.1610
2022/01/28,253.5200,8.8000,+3.60,4990034,244.0000,254.1400,232.8300
2022/01/27,244.7200,8.3800,-3.31,4670658,259.7100,262.0000,241.8600
2022/01/26,253.1000,10.3300,-3.92,5117467,272.5000,276.7399,248.1380
2022/01/25,263.4300,14.0700,-5.07,4707248,275.2700,278.4900,257.7800
2022/01/24,277.5000,9.9400,+3.72,7170201,260.2100,281.5700,245.2000
2022/01/21,267.5600,11.7100,-4.19,4507216,278.7400,282.9500,264.7000
2022/01/20,279.2700,3.2900,-1.16,2747339,290.4600,297.5000,278.5200
2022/01/19,282.5600,5.1200,-1.78,2887726,289.0200,298.1100,282.5000
2022/01/18,287.6800,1.9100,-0.66,3849412,289.3200,296.9700,282.0900
2022/01/14,289.5900,2.1700,-0.74,2888174,287.6900,297.3800,283.1210
2022/01/13,291.7600,15.3800,-5.01,3076803,308.6500,308.9900,291.0393
2022/01/12,307.1400,5.8700,+1.95,3630529,316.0000,316.0000,303.4100
2022/01/11,301.2700,1.4600,-0.48,3083416,296.2600,308.5500,293.3306
2022/01/10,302.7300,3.0500,+1.02,5469417,290.0000,303.0900,273.8300
2022/01/07,299.6800,2.5900,+0.87,2700554,296.9800,307.5747,292.0600
2022/01/06,297.0900,0.2200,+0.07,3936874,294.2400,306.5600,286.0000
2022/01/05,296.8700,18.6600,-5.91,4431391,308.4000,315.3400,291.5600
2022/01/04,315.5300,16.4800,-4.96,5695736,330.2500,330.5100,298.7100
2022/01/03,332.0100,6.7400,-1.99,2596992,341.0000,344.0000,322.2750
2021/12/31,338.7500,1.8800,-0.55,1697265,342.0000,347.7000,331.1800
2021/12/30,340.6300,3.5800,-1.04,1272621,340.0000,347.7000,339.4200
2021/12/29,344.2100,4.0300,+1.18,1739416,340.0000,345.9000,334.7000
2021/12/28,340.1800,11.8100,-3.36,1787290,354.0700,354.9200,339.5000
2021/12/27,351.9900,2.7700,+0.79,1324652,351.0000,358.5800,349.7900
2021/12/23,349.2200,8.8800,-2.48,1540241,355.0000,356.4877,349.0500
2021/12/22,358.1000,3.2800,+0.92,1828573,355.6300,362.5200,349.1400
2021/12/21,354.8200,23.7500,+7.17,2793723,336.2000,357.1100,330.1800
2021/12/20,331.0700,1.2600,-0.38,2065157,326.4900,337.8200,323.0600
2021/12/17,332.3300,7.3500,+2.26,3842628,322.7900,337.7200,318.4800
2021/12/16,324.9800,35.3600,-9.81,8171635,349.4100,352.9400,312.0001
2021/12/15,360.3400,9.7400,+2.78,2847068,347.9900,361.7100,345.0000
2021/12/14,350.6000,3.3100,-0.94,3623644,344.0900,357.7500,340.0100
2021/12/13,353.9100,17.3300,-4.67,4800312,363.7100,377.2600,348.5600
2021/12/10,371.2400,9.9200,+2.75,3679293,364.0000,374.7200,362.1800
2021/12/09,361.3200,8.9600,-2.42,2464918,370.0000,370.7300,358.6400
2021/12/08,370.2800,7.0300,+1.94,2675724,362.4500,373.9500,351.3100
2021/12/07,363.2500,21.5900,+6.32,4377233,348.4200,375.0000,348.1200
2021/12/06,341.6600,3.4500,-1.00,3865780,340.2600,349.7400,324.0013
2021/12/03,345.1100,15.1700,-4.21,6019308,358.1900,360.0050,330.8200
2021/12/02,360.2800,49.2800,+15.85,15083117,350.0000,361.5990,328.6101
2021/12/01,311.0000,29.1500,-8.57,6871873,344.0000,347.6899,305.6100
2021/11/30,340.1500,24.6300,-6.75,5545394,366.3000,367.7462,337.4550
2021/11/29,364.7800,2.1800,+0.60,3126538,372.3600,378.1050,356.7010
2021/11/26,362.6000,7.2400,+2.04,1571620,349.9200,363.4500,349.2500
2021/11/24,355.3600,11.7900,+3.43,2380691,340.0000,357.8500,337.5000
2021/11/23,343.5700,12.3900,-3.48,4762684,343.0000,353.5000,335.0500
2021/11/22,355.9600,36.1900,-9.23,6071926,392.1000,392.3999,353.2902
2021/11/19,392.1500,5.2800,-1.33,2335032,395.0000,400.6034,390.5500
2021/11/18,397.4300,0.5700,-0.14,2799384,399.0000,404.3650,396.3900
2021/11/17,398.0000,3.8900,-0.97,2837819,400.8300,405.0000,395.5500
2021/11/16,401.8900,8.1900,+2.08,3374739,395.0000,403.6500,392.8500
2021/11/15,393.7000,7.2000,+1.86,3745730,385.5000,394.7183,383.6700
2021/11/12,386.5000,17.3600,+4.70,2997066,377.3900,386.9900,374.6200
2021/11/11,369.1400,8.0600,+2.23,1587051,364.3400,372.0000,364.1400
2021/11/10,361.0800,15.6200,-4.15,2362425,370.3000,372.1100,358.9200
2021/11/09,376.7000,5.9700,+1.61,2128317,371.0600,377.1300,363.6800
2021/11/08,370.7300,5.9300,+1.63,1527456,367.1000,374.8700,364.0000
2021/11/05,364.8000,8.0100,+2.25,2103120,357.9300,365.7900,357.2800
2021/11/04,356.7900,3.6500,+1.03,1468367,354.8000,358.0500,351.0100
2021/11/03,353.1400,6.5000,-1.81,2566047,356.0000,357.4050,346.3600
2021/11/02,359.6400,1.9100,+0.53,1582829,359.4200,363.7900,355.2200
2021/11/01,357.7300,3.8900,+1.10,2139067,353.8400,359.0700,351.5800
2021/10/29,353.8400,5.8400,+1.68,1687572,348.1100,356.0000,347.3600
2021/10/28,348.0000,0.9000,+0.26,1753174,346.4800,352.6127,343.1700
2021/10/27,347.1000,4.8600,+1.42,2656502,342.8000,351.9500,342.2400
2021/10/26,342.2400,0.7400,+0.22,1637123,345.3500,346.6400,336.0000
2021/10/25,341.5000,1.7200,+0.51,1134177,341.1100,347.9067,339.1050
2021/10/22,339.7800,2.2700,-0.66,1025982,340.3900,344.2130,336.2200
2021/10/21,342.0500,7.9200,+2.37,1514166,334.0000,344.8600,331.5100
2021/10/20,334.1300,5.6100,-1.65,2093267,340.0000,340.6881,332.7000
2021/10/19,339.7400,1.8600,+0.55,2371062,339.8600,344.5000,338.5100
2021/10/18,337.8800,4.3100,+1.29,5323331,332.0000,340.9900,330.7000
2021/10/15,333.5700,1.4500,+0.44,1729111,334.9000,335.7100,329.4500
2021/10/14,332.1200,4.2700,+1.30,2731650,330.2200,338.3600,329.8900
2021/10/13,327.8500,14.9100,+4.76,4610220,316.1600,329.7500,314.0240
2021/10/12,312.9400,3.1500,+1.02,1738375,310.7800,315.9200,308.5500
2021/10/11,309.7900,3.7300,-1.19,1184468,312.9900,317.3000,309.1800
2021/10/08,313.5200,6.5300,-2.04,1793195,323.4500,325.3800,313.2000
2021/10/07,320.0500,10.4300,+3.37,2548491,311.0300,322.9100,310.5000
2021/10/06,309.6200,9.3400,+3.11,2018543,297.0000,310.0600,295.7300
2021/10/05,300.2800,5.6000,+1.90,2131649,290.0100,303.3000,290.0100
2021/10/04,294.6800,9.0400,-2.98,1955900,300.0100,300.4750,290.2829
2021/10/01,303.7200,1.2900,+0.43,1727520,301.3300,305.7200,298.1700
2021/09/30,302.4300,8.6300,+2.94,2591667,301.0000,305.0100,297.9200
2021/09/29,293.8000,4.2000,-1.41,2164070,301.4200,304.0000,291.6200
2021/09/28,298.0000,13.2000,-4.24,3450135,306.7500,306.7500,294.0200
2021/09/27,311.2000,5.2700,-1.67,2027549,309.5600,315.6600,307.6940
2021/09/24,316.4700,5.0300,-1.56,1600363,321.8800,321.8800,314.7100
2021/09/23,321.5000,6.3900,+2.03,2089573,319.0000,322.8399,315.9500
2021/09/22,315.1100,0.8400,+0.27,1835795,313.1600,317.8800,310.5000
2021/09/21,314.2700,4.2000,+1.35,2655891,314.6500,317.0000,311.4000
2021/09/20,310.0700,12.7300,-3.94,5003770,312.4300,316.2300,304.1400
2021/09/17,322.8000,0.7200,-0.22,21114018,322.1600,328.0600,320.0700
2021/09/16,323.5200,0.5600,-0.17,5274769,322.4800,325.1000,319.1750
2021/09/15,324.0800,4.8300,+1.51,4161384,316.1900,324.4700,313.2900
2021/09/14,319.2500,0.8000,+0.25,3555098,318.7400,325.2500,317.5200
2021/09/13,318.4500,0.0900,-0.03,4096298,318.2600,323.7800,299.6100
2021/09/10,318.5400,1.4300,-0.45,3313462,321.6800,324.1800,316.1900
2021/09/09,319.9700,1.8700,+0.59,3907793,312.9700,321.8899,309.5000
2021/09/08,318.1000,5.6100,+1.80,7135035,312.2300,319.8600,308.8800
2021/09/07,312.4900,2.4900,+0.80,4303225,308.4800,314.3700,304.2700
2021/09/03,310.0000,3.1100,+1.01,3634774,306.9500,310.0000,304.1000
2021/09/02,306.8900,5.8700,+1.95,4906066,300.0000,309.2500,299.4100
2021/09/01,301.0200,3.3300,-1.09,3567347,304.3500,306.3550,298.9200
2021/08/31,304.3500,6.5000,+2.18,14711702,299.5000,304.5300,294.4400
2021/08/30,297.8500,0.1400,+0.05,4996509,293.7400,299.5000,282.2000
2021/08/27,297.7100,7.5500,-2.47,6587022,299.7300,300.4500,294.0700
2021/08/26,305.2600,21.5000,+7.58,13031302,299.0000,307.4200,290.5100
2021/08/25,283.7600,2.3900,+0.85,5236957,282.6200,286.3500,279.3000
2021/08/24,281.3700,4.9300,+1.78,3635689,280.0000,288.6400,278.5000
2021/08/23,276.4400,9.7700,+3.66,3624765,268.1600,278.9700,267.2994
2021/08/20,266.6700,12.7800,-4.57,13193809,268.0300,268.9500,247.8800
2021/08/19,279.4500,0.5500,-0.20,1790038,276.0000,284.5600,275.2500
2021/08/18,280.0000,2.0000,+0.72,2345558,279.9600,286.2100,274.5500
2021/08/17,278.0000,4.1700,-1.48,2168140,274.5000,281.5300,271.3800
2021/08/16,282.1700,9.3500,-3.21,3109899,288.4100,292.2000,276.4400
2021/08/13,291.5200,5.2400,+1.83,3281121,285.6000,291.7700,282.7500
2021/08/12,286.2800,10.4100,+3.77,4200252,278.6900,287.9800,275.3000
2021/08/11,275.8700,1.3800,+0.50,1746996,276.1000,277.9900,270.7300
2021/08/10,274.4900,5.5100,-1.97,2510950,278.0000,280.4800,272.6600
2021/08/09,280.0000,2.5200,+0.91,2736825,277.7600,281.9800,276.5001
2021/08/06,277.4800,0.4900,+0.18,3019606,275.7100,278.4028,269.6900
2021/08/05,276.9900,3.6200,+1.32,2539675,270.6500,278.4700,268.4100
2021/08/04,273.3700,11.2100,-3.94,4787011,278.0600,278.9300,269.9000
2021/08/03,284.5800,16.2900,+6.07,7741413,272.0000,285.8400,271.2400
2021/08/02,268.2900,2.5700,+0.97,1912241,266.0400,271.0900,261.5401
2021/07/30,265.7200,2.5400,-0.95,1765506,265.0000,272.8800,264.1000
2021/07/29,268.2600,1.1000,-0.41,2208292,270.0000,274.9900,267.3500
2021/07/28,269.3600,6.6800,+2.54,1712665,262.5100,270.9800,261.1155
2021/07/27,262.6800,6.1200,-2.28,2949525,268.5000,269.3600,255.0000
2021/07/26,268.8000,3.8800,+1.46,2488079,262.6900,269.7500,262.2100
2021/07/23,264.9200,2.3800,-0.89,2634805,267.3400,271.6100,264.2700
2021/07/22,267.3000,8.0000,+3.09,2979391,261.9000,269.1700,261.3600
2021/07/21,259.3000,3.0300,+1.18,1939131,255.6700,260.5699,251.1400
2021/07/20,256.2700,3.9900,+1.58,1659740,253.0000,259.1899,248.6300
2021/07/19,252.2800,1.4600,+0.58,2338783,245.9400,254.3500,242.0100
2021/07/16,250.8200,0.1800,-0.07,2255094,251.5600,253.4200,245.5000
2021/07/15,251.0000,1.5400,-0.61,3342472,254.5900,257.6300,247.1993
2021/07/14,252.5400,12.0800,-4.57,3287250,268.9100,269.6765,252.0600
2021/07/13,264.6200,2.4400,-0.91,6241644,266.4400,275.0000,263.7200
2021/07/12,267.0600,2.4300,-0.90,4560148,267.5000,269.3500,258.8800
2021/07/09,269.4900,19.1900,+7.67,9866510,250.0000,272.0000,249.8200
2021/07/08,250.3000,1.5500,+0.62,3833718,243.1400,254.0000,241.2300
2021/07/07,248.7500,9.7000,+4.06,3688323,242.0000,249.2400,241.0300
2021/07/06,239.0500,1.8100,+0.76,1982842,235.0500,241.0900,234.7800
2021/07/02,237.2400,0.4900,+0.21,1333917,239.5000,241.2100,236.9000
2021/07/01,236.7500,5.0500,-2.09,2350066,240.4200,241.6400,235.7161
2021/06/30,241.8000,4.0000,-1.63,3024592,244.2900,245.1700,238.6400
2021/06/29,245.8000,1.8700,-0.76,2291743,248.0000,251.0000,245.0800
2021/06/28,247.6700,0.5800,+0.23,3081385,248.4300,249.4800,243.6200
2021/06/25,247.0900,4.1600,-1.66,9235731,252.0000,253.2700,247.0200
2021/06/24,251.2500,2.2500,+0.90,3388514,250.0000,253.3200,247.3700
2021/06/23,249.0000,0.2900,-0.12,2696274,248.1000,250.1000,244.4700
2021/06/22,249.2900,1.0000,+0.40,5905311,247.0000,252.8200,245.3600
2021/06/21,248.2900,1.1100,-0.45,4794352,247.2200,250.0000,241.6500
2021/06/18,249.4000,3.8700,+1.58,6413040,246.5700,250.0000,243.0500
2021/06/17,245.5300,6.6900,+2.80,6603887,234.5000,248.6800,231.5200
2021/06/16,238.8400,2.5700,-1.06,5125162,239.8100,243.7954,235.5822
2021/06/15,241.4100,2.7900,-1.14,2660133,244.7200,247.3580,239.5154
2021/06/14,244.2000,3.6000,+1.50,3855256,242.7000,248.1000,241.2700
2021/06/11,240.6000,8.2000,-3.30,7123197,239.0000,242.5300,233.7500
2021/06/10,248.8000,1.7900,+0.72,3073196,247.3000,250.7000,243.5417
2021/06/09,247.0100,3.3100,-1.32,4214676,250.3500,255.0000,245.7200
2021/06/08,250.3200,0.2500,-0.10,3618311,252.9900,255.9900,246.6450
2021/06/07,250.5700,8.0100,+3.30,7385871,244.6500,252.5500,240.0050
2021/06/04,242.5600,4.1300,+1.73,2630028,240.7300,244.8600,237.5000
2021/06/03,238.4300,4.7500,-1.95,3598135,240.0000,243.2300,233.3600
2021/06/02,243.1800,2.3700,+0.98,4016286,240.7400,248.2000,239.6000
2021/06/01,240.8100,2.7800,+1.17,3772977,239.5000,243.5600,235.5100
2021/05/28,238.0300,7.1200,-2.90,5763230,238.2000,244.2200,237.0000
2021/05/27,245.1500,9.9000,+4.21,17722057,226.5000,246.4750,220.0000
2021/05/26,235.2500,5.2900,+2.30,6346408,231.0000,236.3600,228.3000
2021/05/25,229.9600,3.9600,-1.69,2863759,236.5300,236.7000,228.5734
2021/05/24,233.9200,0.5300,+0.23,2475288,235.0000,236.9400,231.7800
2021/05/21,233.3900,2.8300,+1.23,3786898,230.8500,235.2500,230.7900
2021/05/20,230.5600,1.7500,+0.76,6326900,229.7600,236.1700,227.4300
2021/05/19,228.8100,5.2800,+2.36,4644908,214.8200,229.0000,213.6800
2021/05/18,223.5300,10.8800,+5.12,6401556,219.4400,227.1300,214.7500
2021/05/17,212.6500,2.6600,+1.27,4656414,208.4500,217.8000,205.4500
2021/05/14,209.9900,21.7500,+11.55,7829228,196.0000,210.8800,194.6200
2021/05/13,188.2400,3.1400,-1.64,3816525,193.0000,196.5000,184.7100
2021/05/12,191.3800,10.0800,-5.00,5558892,196.0000,196.4000,189.7700
2021/05/11,201.4600,7.6400,+3.94,5002646,189.6600,204.2700,187.1000
2021/05/10,193.8200,12.2200,-5.93,5662522,202.2000,204.6300,192.6100
2021/05/07,206.0400,6.2000,+3.10,5976688,206.4900,214.3200,205.2150
2021/05/06,199.8400,13.9500,-6.53,8326659,210.0000,211.8300,192.4100
2021/05/05,213.7900,4.6100,-2.11,2068327,220.2400,222.0950,211.8900
2021/05/04,218.4000,5.2900,-2.36,2653046,220.4100,220.7000,213.9000
2021/05/03,223.6900,7.9000,-3.41,1939411,232.3000,232.8150,222.8800
2021/04/30,231.5900,2.0400,+0.89,1893545,226.7500,235.9900,226.0000
2021/04/29,229.5500,7.0900,-3.00,2415352,236.5000,237.8058,227.0990
2021/04/28,236.6400,1.5300,-0.64,1347021,236.0000,239.7200,234.1000
2021/04/27,238.1700,0.4200,+0.18,2079613,239.8000,241.2200,234.1900
2021/04/26,237.7500,2.1100,+0.90,2034985,235.7300,241.0600,234.5700
2021/04/23,235.6400,4.2000,+1.81,1329739,231.4400,236.5800,231.4400
2021/04/22,231.4400,0.0500,+0.02,2045080,233.3300,239.0000,229.2300
2021/04/21,231.3900,6.1700,+2.74,1454840,222.0000,231.8700,221.6771
2021/04/20,225.2200,3.8500,-1.68,2869352,229.0000,231.2500,220.5000
2021/04/19,229.0700,3.6700,-1.58,1917065,230.0000,233.9000,225.4600
2021/04/16,232.7400,3.6400,-1.54,1574991,235.7300,235.9600,229.0000
2021/04/15,236.3800,7.2400,+3.16,2262603,232.9900,236.8000,232.1000
2021/04/14,229.1400,8.9400,-3.76,3503649,240.0000,243.4900,228.4000
2021/04/13,238.0800,4.6900,+2.01,3031072,234.5000,239.7800,232.3300
2021/04/12,233.3900,6.5000,+2.86,2376227,225.0000,234.1591,223.7900
2021/04/09,226.8900,6.8600,-2.93,5352965,233.5800,234.6600,223.7300
2021/04/08,233.7500,0.2200,-0.09,4667912,237.2000,242.8700,233.0100
2021/04/07,233.9700,2.0400,-0.86,2072243,234.5100,240.0000,232.3800
2021/04/06,236.0100,3.6900,+1.59,2433733,232.0000,239.4100,229.5300
2021/04/05,232.3200,4.4700,-1.89,2235499,237.8000,238.5000,229.5000
2021/04/01,236.7900,7.5100,+3.28,2905146,234.9500,237.5900,232.0200
2021/03/31,229.2800,7.2100,+3.25,3680187,222.7200,234.0600,222.4500
2021/03/30,222.0700,1.4200,-0.64,3496450,221.3500,224.7700,216.2600
2021/03/29,223.4900,11.5100,-4.90,4373889,230.5500,236.2200,221.0400
2021/03/26,235.0000,18.0500,+8.32,8978704,220.0000,235.0000,219.0000
2021/03/25,216.9500,8.3500,+4.00,4404852,206.3900,218.7100,205.0700
2021/03/24,208.6000,11.4000,-5.18,4586235,221.0000,223.6200,208.6000
2021/03/23,220.0000,0.7500,-0.34,3550246,224.0000,229.2500,218.1730
2021/03/22,220.7500,0.0700,-0.03,2743590,220.8200,224.0700,220.2700
2021/03/19,220.8200,4.1200,+1.90,5685976,216.5000,223.2900,215.2600
2021/03/18,216.7000,13.6000,-5.91,3970694,227.6300,227.7100,216.1000
2021/03/17,230.3000,1.8400,-0.79,3934591,223.0000,233.3300,223.0000
2021/03/16,232.1400,6.6200,-2.77,5563973,239.0000,242.5000,229.0100
2021/03/15,238.7600,8.7600,+3.81,8004291,230.9800,241.6000,230.7500
2021/03/12,230.0000,7.8100,-3.28,3741743,233.8300,235.6500,227.7500
2021/03/11,237.8100,10.7000,+4.71,5731082,235.0000,241.5479,233.2000
2021/03/10,227.1100,2.9100,-1.27,7872912,229.3200,235.3500,221.4300
2021/03/09,230.0200,16.0300,+7.49,6302432,221.8400,235.4700,219.1600
2021/03/08,213.9900,25.7400,-10.74,8311400,235.0000,241.1600,212.2900
2021/03/05,239.7300,9.2700,-3.72,20149056,250.6400,250.7300,217.8197
2021/03/04,249.0000,1.9700,+0.80,15923129,255.8200,279.4500,236.0000
2021/03/03,247.0300,23.5700,-8.71,6234464,270.0000,271.4000,246.3600
2021/03/02,270.6000,1.5700,-0.58,2833395,270.0000,280.1000,270.0000
2021/03/01,272.1700,12.6300,+4.87,2762273,269.3000,273.7100,263.2900
2021/02/26,259.5400,0.8000,-0.31,2593106,264.2200,266.6600,254.3100
2021/02/25,260.3400,13.1800,-4.82,2900264,270.1800,275.4900,255.2500
2021/02/24,273.5200,4.4400,+1.65,2104284,268.8800,275.2500,262.3600
2021/02/23,269.0800,0.5700,-0.21,4018270,260.4000,271.0000,242.9800
2021/02/22,269.6500,20.3500,-7.02,3820128,287.4600,287.7700,268.0000
2021/02/19,290.0000,0.2200,+0.08,2305449,292.4900,298.0000,287.5900
2021/02/18,289.7800,1.0000,+0.35,2257965,285.0000,296.9500,281.3054
2021/02/17,288.7800,5.7700,-1.96,1710305,289.0000,292.8200,283.2650
2021/02/16,294.5500,4.9200,-1.64,1986250,304.7000,304.9876,290.1600
2021/02/12,299.4700,0.7400,+0.25,1518585,299.0000,303.3445,292.3400
2021/02/11,298.7300,7.1800,-2.35,2344595,305.2500,312.3000,296.3800
2021/02/10,305.9100,8.3800,-2.67,3425306,324.8000,327.4100,300.0000
2021/02/09,314.2900,9.7900,+3.22,4355379,304.5000,323.2300,302.2750
2021/02/08,304.5000,1.5500,-0.51,2395043,308.7100,317.8951,302.0300
2021/02/05,306.0500,2.4400,+0.80,1757791,306.0700,307.0700,299.6400
2021/02/04,303.6100,1.0300,-0.34,2192555,309.8000,310.8800,299.0300
2021/02/03,304.6400,3.9300,+1.31,4629249,309.0400,318.8800,300.5400
2021/02/02,300.7100,18.7100,+6.63,7223949,289.7100,310.6600,286.5000
2021/02/01,282.0000,9.5500,+3.51,2226874,275.1000,283.2000,273.3800
2021/01/29,272.4500,0.6800,-0.25,2176969,271.0000,277.7784,267.5000
2021/01/28,273.1300,6.9300,+2.60,2435233,277.0200,283.0000,268.4234
2021/01/27,266.2000,14.7800,-5.26,4387660,277.0000,285.7500,264.0000
2021/01/26,280.9800,6.2700,-2.18,1951525,286.6400,289.2400,280.9800
2021/01/25,287.2500,1.5700,+0.55,3750913,292.4500,296.8100,276.0000
2021/01/22,285.6800,0.6400,-0.22,2053625,284.2900,287.4800,279.0000
2021/01/21,286.3200,4.4400,+1.58,1893952,288.0000,289.5800,282.6000
2021/01/20,281.8800,4.3300,-1.51,2259898,289.0000,289.1000,280.8800
2021/01/19,286.2100,5.0900,-1.75,3143562,293.7500,295.0000,284.0400
2021/01/15,291.3000,12.4600,-4.10,3209914,306.8200,308.6700,290.6500
2021/01/14,303.7600,7.2100,+2.43,4585768,305.0000,313.4800,300.0100
2021/01/13,296.5500,3.2000,+1.09,2867853,295.0000,306.8600,294.1500
2021/01/12,293.3500,0.1600,+0.05,3256655,298.0000,299.6600,286.2056
2021/01/11,293.1900,6.9100,-2.30,4524725,295.0000,312.1700,287.9900
2021/01/08,300.1000,4.1000,-1.35,9106784,315.0000,325.7200,298.0000
2021/01/07,304.2000,36.1800,+13.50,16546600,272.5900,304.9000,267.7000
2021/01/06,268.0200,15.8100,-5.57,5736765,279.9900,283.6394,266.4100
2021/01/05,283.8300,5.5900,+2.01,5202595,280.6200,293.4900,279.3000
2021/01/04,278.2400,3.1600,-1.12,3948459,285.4100,290.8000,274.4400
2020/12/31,281.4000,19.5200,-6.49,5313844,299.7000,301.5605,280.7300
2020/12/30,300.9200,3.1300,-1.03,2631182,304.0000,307.3500,297.7500
2020/12/29,304.0500,1.2400,+0.41,4827386,305.2500,314.4100,298.1300
2020/12/28,302.8100,20.2300,-6.26,4756552,324.8700,327.7900,302.6700
2020/12/24,323.0400,8.6100,-2.60,2191153,334.1000,338.0000,321.3000
2020/12/23,331.6500,9.5100,-2.79,2745838,341.1600,343.3999,328.2600
2020/12/22,341.1600,8.6900,-2.48,4699150,349.8900,359.5500,338.0100
2020/12/21,349.8500,15.6000,+4.67,5879545,329.0000,350.0000,329.0000
2020/12/18,334.2500,8.7100,+2.68,8115955,332.7700,346.8800,324.8800
2020/12/17,325.5400,4.4300,-1.34,3717078,333.8200,337.1000,323.4933
2020/12/16,329.9700,1.3600,+0.41,6427651,328.4300,338.8900,320.0900
2020/12/15,328.6100,0.5400,-0.16,20379215,308.9800,329.0000,303.5400
2020/12/14,329.1500,24.8100,-7.01,6977058,352.4900,357.9799,327.1600
2020/12/11,353.9600,19.3200,-5.18,6362584,360.4000,369.1000,347.2600
2020/12/10,373.2800,2.0200,+0.54,4906271,362.0000,390.0700,360.6100
2020/12/09,371.2600,18.7400,-4.81,8980225,393.4000,406.9900,361.0123
2020/12/08,390.0000,1.0400,+0.27,11511706,388.8000,429.0000,386.2500
2020/12/07,388.9600,1.2600,+0.32,8134890,393.5000,404.4300,371.0000
2020/12/04,387.7000,47.8100,+14.07,18611661,335.4000,395.8000,334.0000
2020/12/03,339.8900,47.2000,+16.13,11102622,290.5400,343.0000,289.0000
2020/12/02,292.6900,12.9500,-4.24,3575325,293.7900,306.7400,288.0000
2020/12/01,305.6400,20.2000,-6.20,2659313,321.6300,326.0000,302.2800
2020/11/30,325.8400,2.9500,-0.90,3550372,338.3800,342.0000,312.1300
2020/11/27,328.7900,25.7700,+8.50,3293763,310.0000,334.6200,309.7300
2020/11/25,303.0200,20.9200,+7.42,2912120,277.7800,309.7699,277.3000
2020/11/24,282.1000,7.9500,+2.90,1735156,275.1000,283.3900,267.4900
2020/11/23,274.1500,8.1500,+3.06,1357373,267.1000,274.1500,259.1000
2020/11/20,266.0000,2.0000,+0.76,1598060,269.0000,273.1650,264.0000
2020/11/19,264.0000,3.4600,+1.33,1592070,259.2100,268.5700,253.2500
2020/11/18,260.5400,12.5100,+5.04,2202331,253.0000,262.2700,250.7350
2020/11/17,248.0300,6.1800,+2.56,1629623,245.0000,251.5600,243.7300
2020/11/16,241.8500,7.0500,+3.00,1799503,234.0000,244.1800,230.2500
2020/11/13,234.8000,0.5800,-0.25,1493720,237.1100,241.6250,232.3000
2020/11/12,235.3800,5.3800,-2.23,1744043,243.8000,244.2030,232.1600
2020/11/11,240.7600,5.0800,+2.16,1442372,241.7100,246.8900,237.5000
2020/11/10,235.6800,4.1600,-1.73,2266839,249.6500,249.9400,229.9800
2020/11/09,239.8400,25.1600,-9.49,2965923,263.9900,265.9500,239.0000
2020/11/06,265.0000,1.7900,+0.68,986802,263.4400,270.0000,259.2000
2020/11/05,263.2100,0.7000,-0.27,1272463,271.4800,271.6900,258.9000
2020/11/04,263.9100,1.7800,+0.68,1394680,270.7900,274.8700,262.2000
2020/11/03,262.1300,9.9000,+3.92,1376366,256.0000,264.5400,254.0501
2020/11/02,252.2300,2.2100,+0.88,1301028,254.1000,260.8250,247.0000
2020/10/30,250.0200,15.8600,-5.97,2400377,261.0300,262.6300,241.5000
2020/10/29,265.8800,6.5600,-2.41,1146899,273.8000,276.2200,264.1600
2020/10/28,272.4400,5.6700,+2.13,2094260,258.5000,272.5300,254.0100
2020/10/27,266.7700,15.3800,+6.12,3492923,254.8900,273.0000,253.9900
2020/10/26,251.3900,13.6600,-5.15,4040120,266.0700,271.0000,244.6300
2020/10/23,265.0500,32.0400,-10.78,5619345,290.3400,294.0000,262.2400
2020/10/22,297.0900,26.4800,+9.79,5192823,269.0100,301.0000,263.0000
2020/10/21,270.6100,18.8400,+7.48,3359483,251.6500,271.2900,250.3500
2020/10/20,251.7700,4.9900,+2.02,1734296,247.0000,252.5000,243.3000
2020/10/19,246.7800,4.2600,+1.76,1535094,245.0000,249.8600,243.0000
2020/10/16,242.5200,1.5200,+0.63,1017136,242.0000,245.9900,241.5901
2020/10/15,241.0000,2.1800,-0.90,1846451,236.0300,241.3550,231.4600
2020/10/14,243.1800,6.4300,-2.58,1711827,251.9900,252.0000,239.0000
2020/10/13,249.6100,5.6400,+2.31,1462376,247.0000,250.5000,245.2700
2020/10/12,243.9700,5.9700,+2.51,3138866,250.3200,251.5000,243.0000
2020/10/09,238.0000,2.1900,-0.91,1727964,242.0000,243.6950,235.4701
2020/10/08,240.1900,5.8100,-2.36,1343844,250.0000,250.0000,239.9900
2020/10/07,246.0000,0.9000,+0.37,1682799,245.5000,252.3600,245.2900
2020/10/06,245.1000,5.1000,+2.13,1572750,244.1800,247.9900,239.0001
2020/10/05,240.0000,12.9000,+5.68,2362078,231.9700,243.4297,231.2006
2020/10/02,227.1000,16.3600,-6.72,2726182,232.4400,243.1200,227.0000
2020/10/01,243.4600,7.5400,-3.00,3977446,255.2500,255.9100,238.0000
2020/09/30,251.0000,8.1300,-3.14,5418863,261.5000,278.2600,243.0500
2020/09/29,259.1300,8.7200,+3.48,5307254,255.0000,259.7000,246.0300
2020/09/28,250.4100,21.4100,+9.35,4241943,235.9300,253.0000,235.9300
2020/09/25,229.0000,2.2600,+1.00,1985530,228.1200,236.2600,227.9001
2020/09/24,226.7400,9.3500,+4.30,4822045,213.5100,230.9500,208.5500
2020/09/23,217.3900,17.7700,-7.56,5851868,243.5000,254.8000,213.0000
2020/09/22,235.1600,6.3100,+2.76,3889138,238.5000,239.0000,225.1501
2020/09/21,228.8500,11.1500,-4.65,5524876,230.0000,241.4999,218.6000
2020/09/18,240.0000,12.4600,+5.48,7475375,235.0000,249.0000,218.5900
2020/09/17,227.5400,26.3900,-10.39,11907541,230.7600,241.5000,215.2396
2020/09/16,253.9300,133.9300,+111.61,36230767,245.0000,319.0000,231.1100
