일자,종가,대비,등락률,거래량,시가,고가,저가
2026/09/17,1076.0100,4.1000,-0.38,173577,1094.5100,1097.6500,1075.4100
2026/09/16,1080.1100,4.8900,-0.45,604429,1084.7900,1108.3700,1071.2500
2026/09/15,1085.0000,26.2200,-2.36,439136,1112.9300,1123.4400,1082.4000
2026/09/14,1111.2200,29.1000,-2.55,427875,1124.0000,1131.3100,1102.3700
2026/09/11,1140.3200,13.4400,+1.19,375324,1138.1500,1147.7800,1128.6700
2026/09/10,1126.8800,1.2000,+0.11,396201,1125.6800,1141.5700,1119.6200
2026/09/09,1125.6800,19.4600,-1.70,306859,1145.0000,1156.8000,1124.1700
2026/09/08,1145.1400,16.9100,-1.46,328341,1160.4000,1163.5700,1143.7900
2026/09/04,1162.0500,4.2200,+0.36,210408,1151.4400,1163.4300,1146.5000
2026/09/03,1157.8300,4.0800,+0.35,274585,1157.8900,1164.1200,1144.4400
2026/09/02,1153.7500,2.0100,-0.17,333517,1160.7400,1170.5500,1152.2700
2026/09/01,1155.7600,15.9800,-1.36,270352,1169.7300,1182.0000,1153.4300
2026/08/31,1171.7400,14.2300,-1.20,496985,1180.0000,1185.4700,1161.2505
2026/08/28,1185.9700,0.5100,-0.04,192547,1191.0200,1195.5100,1179.0000
2026/08/27,1186.4800,20.5800,-1.70,226965,1200.5100,1201.1500,1182.6200
2026/08/26,1207.0600,14.4600,+1.21,432946,1202.0000,1225.9700,1197.3900
2026/08/25,1192.6000,6.4800,-0.54,397792,1211.3300,1212.3800,1183.7400
2026/08/24,1199.0800,1.2700,-0.11,466655,1199.8800,1203.7050,1187.8500
2026/08/21,1200.3500,19.9500,+1.69,533795,1188.0400,1206.2000,1185.1400
2026/08/20,1180.4000,42.5100,-3.48,440394,1219.6100,1221.2250,1179.9500
2026/08/19,1222.9100,10.8700,-0.88,254145,1235.0000,1240.2000,1220.3450
2026/08/18,1233.7800,4.0400,-0.33,250823,1238.2100,1243.1800,1225.1750
2026/08/17,1237.8200,19.0800,-1.52,243342,1257.0000,1257.1000,1232.2750
2026/08/14,1256.9000,10.5900,+0.85,438626,1258.8700,1265.7611,1238.4000
2026/08/13,1246.3100,10.8300,+0.88,380198,1242.0000,1249.3750,1216.6700
2026/08/12,1235.4800,6.5600,-0.53,240793,1244.6800,1251.0600,1234.0100
2026/08/11,1242.0400,18.5600,+1.52,545111,1225.0000,1250.5450,1221.0800
2026/08/10,1223.4800,1.7700,-0.14,435828,1230.0000,1234.9800,1212.1700
2026/08/07,1225.2500,36.8200,-2.92,521716,1272.9500,1273.0700,1220.4200
2026/08/06,1262.0700,7.3600,+0.59,551718,1264.0800,1280.1700,1250.7250
2026/08/05,1254.7100,20.3400,-1.60,879113,1271.5100,1271.5100,1234.2400
2026/08/04,1275.0500,10.5100,-0.82,912269,1355.6000,1359.2730,1233.1100
2026/08/03,1285.5600,31.1800,+2.49,711648,1280.2700,1291.4900,1260.0400
2026/07/31,1254.3800,4.4700,+0.36,393093,1249.7900,1265.0800,1240.8800
2026/07/30,1249.9100,14.6900,-1.16,306705,1264.6000,1265.0000,1236.8800
2026/07/29,1264.6000,43.3700,-3.32,299121,1298.5000,1298.5000,1261.2300
2026/07/28,1307.9700,21.7000,+1.69,292479,1296.7800,1317.6600,1288.9050
2026/07/27,1286.2700,49.5600,+4.01,343831,1250.9900,1291.8600,1247.6500
2026/07/24,1236.7100,22.8800,+1.88,269688,1217.1500,1255.7050,1217.1300
2026/07/23,1213.8300,19.1300,+1.60,248241,1206.0200,1227.7300,1204.2700
2026/07/22,1194.7000,10.7900,-0.90,439693,1209.7900,1214.4750,1192.0750
2026/07/21,1205.4900,0.7600,+0.06,398886,1203.2600,1212.9500,1197.7325
2026/07/20,1204.7300,9.7000,-0.80,357044,1221.6200,1227.0700,1203.5400
2026/07/17,1214.4300,16.6800,-1.35,300861,1225.6900,1253.5950,1209.3700
2026/07/16,1231.1100,1.0700,-0.09,321048,1225.6400,1240.3700,1216.7700
2026/07/15,1232.1800,16.8400,+1.39,351153,1201.2600,1234.3800,1195.0000
2026/07/14,1215.3400,19.6600,-1.59,317058,1228.6700,1244.1571,1215.1600
2026/07/13,1235.0000,56.3500,-4.36,528583,1277.6600,1280.8200,1212.6900
2026/07/10,1291.3500,4.3600,-0.34,260742,1288.8200,1298.7200,1280.5000
2026/07/09,1295.7100,0.7200,-0.06,284753,1297.7600,1304.3399,1289.3750
2026/07/08,1296.4300,33.2000,-2.50,297095,1310.8700,1318.8550,1288.0001
2026/07/07,1329.6300,16.4900,-1.23,253161,1352.9600,1358.5500,1322.4600
2026/07/06,1346.1200,2.3700,-0.18,242853,1359.9900,1359.9900,1334.9100
2026/07/02,1348.4900,39.3100,+3.00,363104,1324.3600,1350.7400,1318.3500
2026/07/01,1309.1800,22.8600,-1.72,423137,1340.6400,1345.1000,1304.7400
2026/06/30,1332.0400,8.6000,+0.65,446059,1330.1900,1336.1650,1309.0800
2026/06/29,1323.4400,1.1200,-0.08,450601,1318.7400,1343.4000,1315.2500
2026/06/26,1324.5600,8.0000,-0.60,818096,1327.9900,1331.2700,1314.1000
2026/06/25,1332.5600,9.8900,+0.75,359727,1328.0400,1361.7650,1321.3800
2026/06/24,1322.6700,24.9900,+1.93,424703,1294.4200,1333.0650,1289.6500
2026/06/23,1297.6800,1.7800,+0.14,334694,1291.8300,1308.3199,1280.7000
2026/06/22,1295.9000,32.4100,-2.44,397072,1319.9900,1321.0000,1281.9362
2026/06/18,1328.3100,11.5600,+0.88,741725,1330.1800,1337.3400,1304.8600
2026/06/17,1316.7500,15.5500,+1.20,424547,1291.8600,1331.3300,1284.9200
2026/06/16,1301.2000,23.8500,+1.87,484781,1286.5100,1311.0000,1278.0100
2026/06/15,1277.3500,21.3000,+1.70,345994,1273.3800,1288.1700,1265.9500
2026/06/12,1256.0500,1.5400,-0.12,245841,1260.9600,1265.4300,1231.0100
2026/06/11,1257.5900,45.2300,+3.73,268766,1209.8700,1259.4000,1205.0000
2026/06/10,1212.3600,44.8800,-3.57,307630,1264.2700,1264.8200,1207.7300
2026/06/09,1257.2400,50.9600,+4.22,401433,1214.5500,1258.1000,1213.9600
2026/06/08,1206.2800,32.4600,-2.62,270634,1238.6100,1243.8100,1203.3500
2026/06/05,1238.7400,10.6500,+0.87,266056,1234.0700,1242.2200,1220.0100
2026/06/04,1228.0900,16.5200,+1.36,325413,1233.1600,1239.2700,1223.8350
2026/06/03,1211.5700,35.4100,-2.84,429381,1235.8000,1242.3500,1201.8600
2026/06/02,1246.9800,8.5700,+0.69,397856,1224.5000,1250.6300,1224.5000
2026/06/01,1238.4100,19.9100,-1.58,434044,1243.8800,1255.2400,1232.5100
2026/05/29,1258.3200,6.7400,-0.53,399149,1265.2900,1285.0000,1244.5400
2026/05/28,1265.0600,24.1500,+1.95,436348,1242.0000,1280.1100,1241.9300
2026/05/27,1240.9100,14.9100,+1.22,435952,1228.0900,1248.8200,1223.6500
2026/05/26,1226.0000,12.4900,+1.03,382374,1226.2900,1234.0000,1211.2850
2026/05/22,1213.5100,4.1900,+0.35,448621,1214.1200,1221.2000,1207.3550
2026/05/21,1209.3200,11.2300,+0.94,469706,1187.7200,1220.7300,1184.9850
2026/05/20,1198.0900,19.0100,+1.61,359719,1183.2700,1206.3300,1169.6700
2026/05/19,1179.0800,3.2700,-0.28,466471,1181.2800,1199.2200,1177.6300
2026/05/18,1182.3500,33.3800,+2.91,563336,1148.1800,1191.1300,1145.0100
2026/05/15,1148.9700,29.8500,-2.53,298384,1174.7100,1178.0700,1143.4000
2026/05/14,1178.8200,22.5800,-1.88,333591,1204.6500,1210.0000,1170.6100
2026/05/13,1201.4000,10.2100,+0.86,333242,1182.5800,1204.4400,1167.8300
2026/05/12,1191.1900,7.4800,-0.62,486134,1197.2000,1205.7711,1179.1900
2026/05/11,1198.6700,16.4100,-1.35,405054,1218.7400,1226.5492,1191.8900
2026/05/08,1215.0800,26.9000,-2.17,284261,1242.7500,1250.3100,1209.0600
2026/05/07,1241.9800,8.6100,+0.70,357425,1239.7900,1262.2600,1235.7400
2026/05/06,1233.3700,42.0400,+3.53,472763,1231.5300,1255.4300,1221.8600
2026/05/05,1191.3300,41.6100,+3.62,677479,1220.0000,1234.0000,1173.2200
2026/05/04,1149.7200,4.7300,-0.41,421314,1156.8300,1172.2300,1149.2200
2026/05/01,1154.4500,5.5300,-0.48,310994,1171.5800,1171.6700,1145.9200
2026/04/30,1159.9800,17.2400,+1.51,343500,1143.4600,1164.3700,1141.9500
2026/04/29,1142.7400,11.3200,-0.98,331498,1154.2100,1155.0000,1128.2100
2026/04/28,1154.0600,4.3000,-0.37,291262,1167.5400,1173.0000,1136.3600
2026/04/27,1158.3600,10.1800,+0.89,321179,1146.4000,1165.9000,1146.4000
2026/04/24,1148.1800,17.5800,-1.51,633829,1156.8700,1161.1100,1136.2600
2026/04/23,1165.7600,21.9900,-1.85,647013,1188.3200,1197.9000,1155.0300
2026/04/22,1187.7500,17.9200,-1.49,425197,1207.9600,1214.4900,1180.2300
2026/04/21,1205.6700,68.9500,-5.41,626035,1267.2800,1274.5000,1193.7300
2026/04/20,1274.6200,8.7400,+0.69,246034,1265.2700,1274.7600,1260.0000
2026/04/17,1265.8800,37.6500,+3.07,384888,1239.0000,1290.1100,1235.0000
2026/04/16,1228.2300,46.4600,-3.64,386363,1275.6800,1278.5000,1218.3000
2026/04/15,1274.6900,21.8900,-1.69,324105,1297.0800,1301.3800,1273.7600
2026/04/14,1296.5800,63.4700,+5.15,471304,1279.2400,1303.0600,1268.8700
2026/04/13,1233.1100,25.9300,+2.15,328866,1207.2000,1235.5000,1201.0300
2026/04/10,1207.1800,18.3400,-1.50,205659,1221.0000,1221.0000,1199.3900
2026/04/09,1225.5200,5.6400,+0.46,198229,1211.8700,1234.1300,1207.2600
2026/04/08,1219.8800,50.3100,+4.30,305426,1191.2000,1225.2600,1191.2000
2026/04/07,1169.5700,20.0700,-1.69,302203,1182.9000,1182.9000,1165.0800
2026/04/06,1189.6400,22.6400,+1.94,216203,1168.0000,1190.0300,1158.5000
2026/04/02,1167.0000,6.2700,-0.53,319784,1165.9500,1175.3400,1145.0201
2026/04/01,1173.2700,14.3100,+1.23,472230,1159.6000,1183.9600,1123.6100
2026/03/31,1158.9600,26.0800,+2.30,660971,1139.9900,1168.3100,1126.6950
2026/03/30,1132.8800,7.1500,-0.63,667860,1148.0900,1154.3600,1127.5600
2026/03/27,1140.0300,11.9100,-1.03,402047,1147.1500,1153.4500,1138.8400
2026/03/26,1151.9400,4.5500,-0.39,261818,1143.9200,1161.3300,1140.9800
2026/03/25,1156.4900,6.2900,-0.54,341788,1174.1600,1181.8000,1148.9800
2026/03/24,1162.7800,9.8100,+0.85,487863,1146.0800,1162.8000,1137.0600
2026/03/23,1152.9700,24.4200,-2.07,476237,1192.0700,1211.7400,1151.9600
2026/03/20,1177.3900,14.5500,-1.22,731906,1192.4450,1203.7400,1169.3600
2026/03/19,1191.9400,8.0000,-0.67,546080,1196.8700,1201.0000,1177.0200
2026/03/18,1199.9400,32.5700,-2.64,335683,1229.5900,1234.3550,1198.2400
2026/03/17,1232.5100,15.3100,-1.23,297170,1254.3100,1264.3900,1224.0000
2026/03/16,1247.8200,33.1600,+2.73,506228,1222.7700,1251.3250,1222.7700
2026/03/13,1214.6600,11.2900,-0.92,463859,1234.6100,1251.5600,1208.4900
2026/03/12,1225.9500,32.3900,-2.57,603698,1246.2600,1264.0700,1222.6300
2026/03/11,1258.3400,9.9700,-0.79,239279,1263.0000,1267.5000,1246.7800
2026/03/10,1268.3100,9.6200,-0.75,214197,1271.1100,1274.8500,1252.5500
2026/03/09,1277.9300,16.6000,-1.28,401237,1287.8100,1287.8100,1251.4150
2026/03/06,1294.5300,0.4300,-0.03,294884,1287.6300,1318.7999,1282.0001
2026/03/05,1294.9600,20.1600,-1.53,214154,1307.6800,1310.4300,1279.6700
2026/03/04,1315.1200,11.2200,-0.85,211845,1327.0000,1330.6500,1303.9400
2026/03/03,1326.3400,10.0800,+0.77,338150,1305.9700,1334.2250,1285.0000
2026/03/02,1316.2600,13.4700,+1.03,365421,1310.2800,1327.0800,1300.0190
2026/02/27,1302.7900,11.4700,-0.87,545807,1304.9100,1312.1550,1290.4600
2026/02/26,1314.2600,19.1400,+1.48,372864,1299.9000,1314.4800,1286.7200
2026/02/25,1295.1200,1.2500,+0.10,321991,1299.7800,1302.4850,1263.2300
2026/02/24,1293.8700,2.2800,-0.18,254136,1291.4400,1301.7650,1275.0000
2026/02/23,1296.1500,42.8300,-3.20,313691,1331.3300,1334.7000,1293.5400
2026/02/20,1338.9800,8.8500,+0.67,218523,1329.2200,1350.0300,1323.3700
2026/02/19,1330.1300,14.8000,+1.13,235382,1312.6200,1340.0000,1307.9600
2026/02/18,1315.3300,13.2200,+1.02,347833,1313.3200,1324.9900,1297.6800
2026/02/17,1302.1100,15.4400,+1.20,376798,1298.8300,1306.3400,1278.8100
2026/02/13,1286.6700,9.3000,-0.72,311383,1303.5400,1318.6600,1280.7700
2026/02/12,1295.9700,30.2200,-2.28,457457,1333.7800,1339.8300,1290.5075
2026/02/11,1326.1900,14.2400,+1.09,283923,1314.5100,1330.7850,1306.7300
2026/02/10,1311.9500,11.8500,+0.91,435274,1320.1700,1332.4100,1300.8350
2026/02/09,1300.1000,14.5700,+1.13,433203,1279.3700,1305.8509,1276.1100
2026/02/06,1285.5300,22.2700,+1.76,391058,1272.9900,1300.6200,1270.2700
2026/02/05,1263.2600,1.5300,-0.12,541554,1257.2000,1269.4900,1245.8000
2026/02/04,1264.7900,37.1400,-2.85,668532,1282.2400,1291.1150,1248.4201
2026/02/03,1301.9300,133.5900,-9.31,1489320,1378.0000,1378.3950,1260.0100
2026/02/02,1435.5200,7.9800,+0.56,518743,1430.1000,1440.8700,1404.6800
2026/01/30,1427.5400,5.5400,+0.39,272924,1425.9200,1431.3200,1411.6500
2026/01/29,1422.0000,9.8700,+0.70,354142,1412.5900,1435.7900,1412.5900
2026/01/28,1412.1300,15.0500,-1.05,270519,1417.1800,1424.0156,1401.0800
2026/01/27,1427.1800,8.7800,-0.61,282391,1438.7100,1448.9150,1422.6950
2026/01/26,1435.9600,16.7700,+1.18,372150,1413.2200,1446.4000,1410.8000
2026/01/23,1419.1900,1.3300,-0.09,330209,1423.1700,1436.7900,1393.3500
2026/01/22,1420.5200,29.4600,-2.03,269037,1447.7500,1451.0000,1419.3500
2026/01/21,1449.9800,1.4300,+0.10,436852,1453.6300,1459.9899,1422.0800
2026/01/20,1448.5500,1.4500,-0.10,354530,1444.6000,1455.2500,1438.3500
2026/01/16,1450.0000,16.4600,+1.15,380049,1440.5800,1463.0250,1436.4350
2026/01/15,1433.5400,9.7000,+0.68,230650,1424.8700,1439.3700,1418.5204
2026/01/14,1423.8400,41.8600,+3.03,285951,1385.5600,1423.8400,1374.4800
2026/01/13,1381.9800,4.1400,-0.30,299633,1397.3900,1397.3900,1375.2100
2026/01/12,1386.1200,5.9700,-0.43,283405,1391.4900,1399.5000,1376.1400
2026/01/09,1392.0900,14.6700,+1.07,409798,1379.1300,1395.0000,1355.5900
2026/01/08,1377.4200,7.8300,-0.57,435612,1403.1900,1414.5200,1356.2400
2026/01/07,1385.2500,0.8500,+0.06,460358,1387.1500,1395.0200,1380.3700
2026/01/06,1384.4000,16.5100,+1.21,463136,1368.1600,1389.2800,1366.6700
2026/01/05,1367.8900,9.3400,+0.69,296641,1358.2900,1388.0000,1358.2900
2026/01/02,1358.5500,28.7000,+2.16,278700,1329.0300,1359.9800,1319.7500
2025/12/31,1329.8500,13.4000,+1.02,266475,1326.5900,1341.0700,1323.9300
2025/12/30,1316.4500,0.4900,+0.04,149175,1312.6700,1319.8800,1304.3900
2025/12/29,1315.9600,6.7200,+0.51,205703,1310.0000,1320.6700,1310.0000
2025/12/26,1309.2400,4.3300,-0.33,120655,1309.4800,1316.6800,1305.0000
2025/12/24,1313.5700,0.9500,-0.07,72692,1311.5000,1319.8900,1310.8600
2025/12/23,1314.5200,12.7300,+0.98,246598,1305.4200,1318.1800,1296.2600
2025/12/22,1301.7900,24.9600,+1.95,308543,1280.0000,1303.1400,1276.5400
2025/12/19,1276.8300,14.0500,+1.11,632987,1263.5700,1280.9600,1260.9750
2025/12/18,1262.7800,1.1400,+0.09,720106,1270.9900,1276.7700,1237.0900
2025/12/17,1261.6400,8.9300,-0.70,469012,1263.8000,1286.8100,1256.5300
2025/12/16,1270.5700,21.5100,-1.66,399315,1289.7900,1292.4950,1264.2800
2025/12/15,1292.0800,2.5700,-0.20,554427,1306.5800,1312.3400,1282.1000
2025/12/12,1294.6500,22.8400,-1.73,432232,1320.0000,1321.2500,1293.0900
2025/12/11,1317.4900,14.5900,+1.12,293523,1310.7000,1319.1500,1304.0000
2025/12/10,1302.9000,15.1200,-1.15,531400,1320.0000,1322.5000,1276.9900
2025/12/09,1318.0200,29.1500,-2.16,200046,1347.3200,1356.9400,1314.6100
2025/12/08,1347.1700,0.3100,+0.02,186876,1344.5400,1353.1051,1332.7800
2025/12/05,1346.8600,13.2400,-0.97,178649,1356.4900,1359.1350,1341.0900
2025/12/04,1360.1000,22.7700,+1.70,204361,1343.2400,1367.6500,1337.6050
2025/12/03,1337.3300,6.3200,-0.47,196998,1347.5200,1349.5100,1332.1250
2025/12/02,1343.6500,11.2100,-0.83,193756,1360.0000,1360.0000,1332.6800
2025/12/01,1354.8600,5.3100,-0.39,202455,1351.0600,1359.1700,1340.0400
2025/11/28,1360.1700,5.1600,+0.38,114318,1354.9600,1362.8650,1345.0510
2025/11/26,1355.0100,2.4700,+0.18,239165,1352.8600,1360.3800,1349.6550
2025/11/25,1352.5400,16.7800,+1.26,283932,1338.7800,1362.0500,1331.9400
2025/11/24,1335.7600,11.4600,-0.85,479910,1341.3600,1353.8200,1331.7900
2025/11/21,1347.2200,19.3500,+1.46,294364,1329.6200,1360.8400,1317.0250
2025/11/20,1327.8700,13.3200,-0.99,265974,1352.9000,1364.1600,1321.3300
2025/11/19,1341.1900,9.8700,-0.73,310038,1343.2600,1358.8699,1324.5500
2025/11/18,1351.0600,15.2900,+1.14,388182,1345.0600,1365.6900,1338.2100
2025/11/17,1335.7700,4.8300,-0.36,362181,1347.2900,1356.3673,1326.1800
2025/11/14,1340.6000,15.5600,+1.17,312899,1329.0800,1359.1500,1322.3950
2025/11/13,1325.0400,17.0700,+1.31,575954,1322.5300,1358.0100,1312.1700
2025/11/12,1307.9700,13.9700,+1.08,569313,1279.1300,1341.6050,1279.1300
2025/11/11,1294.0000,5.0900,+0.39,330150,1285.2000,1296.4200,1273.2300
2025/11/10,1288.9100,4.1500,+0.32,295018,1281.5000,1296.2100,1270.0000
2025/11/07,1284.7600,13.1600,+1.03,261997,1261.0400,1286.3400,1255.5100
2025/11/06,1271.6000,5.2900,+0.42,256184,1260.5700,1279.7000,1251.2100
2025/11/05,1266.3100,25.6600,-1.99,326497,1275.5600,1299.3800,1261.4500
2025/11/04,1291.9700,8.0300,-0.62,250233,1292.5500,1308.1700,1283.0000
2025/11/03,1300.0000,8.5100,-0.65,199326,1308.8300,1310.8000,1292.8100
2025/10/31,1308.5100,2.3700,+0.18,224227,1301.0100,1311.4050,1300.5400
2025/10/30,1306.1400,9.8600,-0.75,260007,1312.8200,1333.5900,1304.1700
2025/10/29,1316.0000,19.1200,-1.43,243795,1327.2300,1337.8250,1301.6000
2025/10/28,1335.1200,19.3400,-1.43,261633,1354.4600,1356.9400,1334.3100
2025/10/27,1354.4600,4.8400,-0.36,229692,1354.7600,1365.7900,1346.6200
2025/10/24,1359.3000,9.3000,+0.69,203453,1353.5000,1361.5100,1347.5100
2025/10/23,1350.0000,35.8100,+2.72,284555,1314.2100,1351.7200,1314.2100
2025/10/22,1314.1900,14.9800,-1.13,261800,1323.6700,1332.5100,1313.7900
2025/10/21,1329.1700,27.4900,+2.11,252344,1313.5400,1331.8300,1309.5000
2025/10/20,1301.6800,35.8000,+2.83,383300,1270.0000,1311.1550,1269.5250
2025/10/17,1265.8800,16.4600,+1.32,288846,1253.0800,1270.0700,1249.8700
2025/10/16,1249.4200,11.7100,+0.95,387373,1243.1600,1270.0000,1240.4000
2025/10/15,1237.7100,74.7700,-5.70,751002,1299.3500,1313.2700,1235.6900
2025/10/14,1312.4800,19.4000,+1.50,240755,1286.9100,1322.2700,1284.0000
2025/10/13,1293.0800,15.0900,+1.18,309932,1282.1000,1293.9200,1269.8700
2025/10/10,1277.9900,2.5500,+0.20,240018,1273.1400,1287.8000,1270.0000
2025/10/09,1275.4400,10.4100,-0.81,183826,1285.0000,1286.7500,1272.0500
2025/10/08,1285.8500,1.4700,+0.11,219695,1277.4800,1290.9259,1277.4800
2025/10/07,1284.3800,7.3600,-0.57,197693,1291.7400,1303.6600,1283.8600
2025/10/06,1291.7400,2.9100,+0.23,184663,1290.1500,1296.5950,1274.4900
2025/10/03,1288.8300,5.0200,+0.39,258168,1279.8600,1293.2500,1277.6000
2025/10/02,1283.8100,16.9900,-1.31,278010,1295.8800,1304.8600,1276.6900
2025/10/01,1300.8000,17.2200,-1.31,335872,1304.7600,1333.0200,1298.3500
2025/09/30,1318.0200,28.7300,+2.23,336754,1290.9000,1323.2499,1285.0800
2025/09/29,1289.2900,6.4300,-0.50,196590,1299.0000,1308.0500,1281.1125
2025/09/26,1295.7200,5.7200,+0.44,197427,1299.0400,1303.4900,1291.4000
2025/09/25,1290.0000,10.0000,-0.77,307942,1296.9000,1296.9000,1268.8900
2025/09/24,1300.0000,0.6300,+0.05,227080,1299.3700,1320.0000,1297.9300
2025/09/23,1299.3700,4.0800,+0.31,241238,1293.0200,1304.5150,1291.2700
2025/09/22,1295.2900,12.8300,+1.00,253370,1276.1100,1296.2200,1271.2000
2025/09/19,1282.4600,3.6600,-0.28,520229,1292.4900,1297.9200,1273.6000
2025/09/18,1286.1200,10.1600,+0.80,267943,1277.5300,1289.9330,1272.2500
2025/09/17,1275.9600,5.7700,-0.45,259400,1273.0000,1292.5200,1265.4900
2025/09/16,1281.7300,6.4000,-0.50,260219,1302.2500,1304.3200,1279.6350
2025/09/15,1288.1300,16.6800,+1.31,315414,1275.5700,1299.5300,1273.6643
2025/09/12,1271.4500,21.8500,-1.69,395970,1293.5200,1303.6700,1269.3200
2025/09/11,1293.3000,5.9800,+0.46,433330,1289.6100,1302.6450,1284.2400
2025/09/10,1287.3200,24.7700,-1.89,447960,1314.4700,1324.8800,1275.1350
2025/09/09,1312.0900,18.8500,+1.46,689751,1289.4600,1314.6300,1277.8300
2025/09/08,1293.2400,22.2000,+1.75,630444,1251.9900,1295.4600,1243.5450
2025/09/05,1271.0400,10.7700,-0.84,489994,1284.4300,1285.1000,1260.3900
2025/09/04,1281.8100,3.3300,+0.26,442869,1282.7000,1283.1450,1263.0000
2025/09/03,1278.4800,26.4000,-2.02,338766,1304.0000,1304.9950,1274.6350
2025/09/02,1304.8800,4.0000,-0.31,434667,1304.7900,1317.1150,1289.2400
2025/08/29,1308.8800,0.7672,+0.06,333536,1310.8075,1312.2671,1302.7093
2025/08/28,1308.1128,2.8257,+0.22,456337,1306.9525,1321.6378,1298.4380
2025/08/27,1305.2871,17.1226,-1.29,268042,1321.9793,1335.5629,1305.2496
2025/08/26,1322.4097,21.8571,+1.68,285371,1304.2204,1323.4201,1303.1725
2025/08/25,1300.5526,17.2910,-1.31,193999,1318.3489,1328.8190,1297.4556
2025/08/22,1317.8436,14.3343,+1.10,268420,1311.0320,1323.8366,1308.0107
2025/08/21,1303.5093,8.4397,-0.64,294533,1309.9186,1324.5804,1297.9421
2025/08/20,1311.9490,4.0982,+0.31,423196,1320.2202,1326.7699,1298.8263
2025/08/19,1307.8508,7.1485,+0.55,547099,1294.1714,1313.9513,1294.1527
2025/08/18,1300.7023,2.1146,+0.16,433316,1298.6064,1313.5677,1293.5117
2025/08/15,1298.5877,23.2512,-1.76,530509,1320.6600,1320.6600,1296.2579
2025/08/14,1321.8389,12.2385,-0.92,234865,1345.4831,1345.4831,1317.9793
2025/08/13,1334.0774,14.1379,+1.07,424825,1322.0728,1335.9207,1312.1876
2025/08/12,1319.9395,1.0760,+0.08,331345,1322.4003,1331.0178,1300.2204
2025/08/11,1318.8635,18.5074,+1.42,391103,1306.9993,1333.0950,1294.6532
2025/08/08,1300.3561,36.8464,-2.76,462796,1342.5077,1343.6118,1298.5596
2025/08/07,1337.2025,26.1330,+1.99,494101,1311.5747,1337.8201,1296.0240
2025/08/06,1311.0695,14.7086,-1.11,945705,1343.6118,1343.6118,1281.6990
2025/08/05,1325.7781,179.6847,-11.94,1624087,1361.3894,1371.8033,1293.2731
2025/08/04,1505.4628,22.4372,+1.51,375711,1487.3296,1512.8639,1487.3296
2025/08/01,1483.0256,21.9506,-1.46,344880,1490.3050,1493.6266,1454.4317
2025/07/31,1504.9762,11.5742,-0.76,212853,1509.0463,1516.3164,1496.1529
2025/07/30,1516.5504,13.2303,+0.88,170705,1499.1470,1519.3527,1499.1470
2025/07/29,1503.3201,0.2807,+0.02,181076,1512.7890,1512.7890,1493.5805
2025/07/28,1503.0394,0.9918,-0.07,127330,1513.3878,1513.3878,1494.5623
2025/07/25,1504.0312,7.6818,+0.51,215271,1496.9950,1504.4850,1489.7389
2025/07/24,1496.3494,1.3941,+0.09,222735,1494.9553,1511.4229,1494.7120
2025/07/23,1494.9553,24.9729,+1.70,179648,1477.1496,1496.0453,1471.0678
2025/07/22,1469.9824,11.7987,-0.80,251772,1479.6946,1482.8291,1452.9066
2025/07/21,1481.7811,12.7531,-0.85,177273,1491.0068,1508.1855,1481.6876
2025/07/18,1494.5342,1.9181,+0.13,241508,1497.1915,1503.9001,1485.2619
2025/07/17,1492.6161,19.3214,+1.31,222079,1476.4104,1493.8325,1464.3123
2025/07/16,1473.2947,0.9076,-0.06,262864,1481.7718,1481.7718,1440.9207
2025/07/15,1474.2023,0.6737,+0.05,511862,1479.5075,1483.8396,1459.9428
2025/07/14,1473.5286,29.7634,+2.06,205150,1444.6727,1473.5286,1442.2213
2025/07/11,1443.7652,3.2842,+0.23,187375,1441.9687,1453.8776,1434.5395
2025/07/10,1440.4810,12.2479,+0.86,232904,1432.7243,1447.0400,1414.9444
2025/07/09,1428.2331,3.4246,-0.24,187848,1437.3278,1437.3278,1413.1830
2025/07/08,1431.6577,5.4924,+0.39,276050,1421.9642,1442.6798,1412.0181
2025/07/07,1426.1653,1.1695,+0.08,330011,1427.1478,1439.2364,1417.3982
2025/07/03,1424.9958,10.6011,+0.75,91110,1416.0695,1427.5314,1416.0695
2025/07/02,1414.3947,1.0854,-0.08,178765,1412.4392,1424.2098,1402.9796
2025/07/01,1415.4801,7.3262,-0.51,305190,1417.6227,1428.2425,1385.7353
2025/06/30,1422.8063,20.0887,+1.43,310298,1412.8509,1430.1138,1401.0730
2025/06/27,1402.7176,25.5529,+1.86,418903,1379.7284,1406.4369,1378.3717
2025/06/26,1377.1647,13.6794,+1.00,255668,1374.4513,1390.0195,1368.2104
2025/06/25,1363.4853,14.6992,-1.07,188699,1380.6734,1383.8640,1356.6503
2025/06/24,1378.1845,2.1239,+0.15,360314,1380.1027,1382.2453,1352.9030
2025/06/23,1376.0606,26.4231,+1.96,311276,1355.6444,1377.5951,1343.5182
2025/06/20,1349.6375,26.1612,+1.98,509504,1329.3710,1350.5357,1318.7232
2025/06/18,1323.4763,10.1988,-0.76,316275,1330.2880,1342.6668,1320.1641
2025/06/17,1333.6751,1.8900,-0.14,232573,1330.8026,1342.7463,1328.6412
2025/06/16,1335.5651,11.4244,-0.85,227993,1351.5743,1360.2725,1332.1064
2025/06/13,1346.9895,3.5274,+0.26,340026,1341.3475,1362.3251,1329.7921
2025/06/12,1343.4621,5.8198,+0.44,382727,1332.7955,1360.0888,1328.9968
2025/06/11,1337.6423,3.1999,-0.24,414027,1335.6119,1340.7487,1286.5364
2025/06/10,1340.8422,25.2817,-1.85,275824,1363.8128,1363.8128,1323.0600
2025/06/09,1366.1239,5.4549,-0.40,189408,1372.8232,1375.4243,1356.3368
2025/06/06,1371.5788,20.0232,+1.48,165170,1363.9344,1373.4782,1352.2901
2025/06/05,1351.5556,3.9391,-0.29,253530,1359.8175,1368.8747,1345.7825
2025/06/04,1355.4947,6.7836,-0.50,185474,1371.4103,1371.4103,1353.9041
2025/06/03,1362.2783,2.0398,+0.15,295817,1358.4701,1365.9554,1347.3545
2025/06/02,1360.2385,13.7168,-1.00,163103,1368.2759,1368.2759,1348.2153
2025/05/30,1373.9553,7.2513,+0.53,400755,1366.7040,1377.6606,1357.9649
2025/05/29,1366.7040,0.1497,+0.01,264905,1365.8338,1374.9284,1356.7204
2025/05/28,1366.5543,6.3251,+0.47,246900,1364.5332,1377.2957,1360.5520
2025/05/27,1360.2292,20.8279,+1.56,238156,1353.2491,1363.1297,1345.6328
2025/05/23,1339.4013,24.6547,+1.88,460038,1301.9374,1349.9135,1300.5245
2025/05/22,1314.7466,2.6479,-0.20,245797,1314.6063,1328.1687,1312.2765
2025/05/21,1317.3945,20.2010,-1.51,182334,1346.5404,1348.0141,1312.6788
2025/05/20,1337.5955,9.7590,-0.72,201750,1340.8048,1348.6457,1332.9452
2025/05/19,1347.3545,15.7473,+1.18,245787,1326.9289,1356.7111,1324.4775
2025/05/16,1331.6072,16.4208,+1.25,287435,1320.5664,1331.7476,1298.5129
2025/05/15,1315.1864,13.5016,+1.04,269835,1309.3759,1319.3033,1301.1889
2025/05/14,1301.6848,23.0640,-1.74,371398,1328.9687,1333.9277,1299.6450
2025/05/13,1324.7488,1.2538,-0.09,299583,1329.4178,1354.0632,1323.7758
2025/05/12,1326.0026,40.8791,+3.18,505974,1300.1783,1326.5898,1268.5155
2025/05/09,1285.1235,10.7601,-0.83,295284,1302.4894,1302.4894,1272.1927
2025/05/08,1295.8836,2.0865,+0.16,278319,1297.2871,1319.8974,1295.8743
2025/05/07,1293.7971,8.5145,-0.65,411795,1308.0566,1322.3535,1291.2708
2025/05/06,1302.3116,75.5642,-5.48,596620,1325.3009,1352.4632,1282.4054
2025/05/05,1377.8758,20.9027,+1.54,602116,1356.7111,1392.7715,1354.6152
2025/05/02,1356.9731,15.0548,+1.12,411468,1356.7111,1373.5530,1349.6375
2025/05/01,1341.9183,19.7612,+1.49,243660,1327.9395,1350.8772,1310.1712
2025/04/30,1322.1571,4.8468,+0.37,232522,1308.0566,1325.6518,1294.9573
2025/04/29,1317.3103,11.3870,+0.87,168789,1304.2485,1321.9231,1302.1807
2025/04/28,1305.9233,16.4583,+1.28,182011,1297.3059,1308.8800,1291.4299
2025/04/25,1289.4650,9.4596,+0.74,212803,1287.1446,1295.0134,1277.8534
2025/04/24,1280.0054,14.9893,+1.18,224757,1267.2524,1284.3845,1261.5308
2025/04/23,1265.0161,41.2627,+3.37,347116,1250.2794,1280.7353,1245.7321
2025/04/22,1223.7534,1.2631,+0.10,488545,1229.4984,1231.6036,1195.5011
2025/04/21,1222.4903,29.1084,-2.33,250506,1245.7508,1253.8396,1207.5103
2025/04/17,1251.5987,1.2725,+0.10,239801,1256.5016,1273.8207,1247.9871
2025/04/16,1250.3262,23.0360,-1.81,346560,1266.5787,1280.2628,1248.2584
2025/04/15,1273.3622,22.2594,+1.78,615055,1241.4655,1281.2967,1238.3404
2025/04/14,1251.1028,22.4933,+1.83,360927,1240.5018,1262.0501,1232.5018
2025/04/11,1228.6095,13.9320,+1.15,286731,1211.3839,1235.8983,1195.8894
2025/04/10,1214.6775,17.6559,-1.43,384946,1217.3441,1243.7672,1176.2779
2025/04/09,1232.3334,79.8307,+6.93,544376,1141.2841,1240.4690,1131.9222
2025/04/08,1152.5027,16.6548,-1.42,390852,1212.6097,1223.6319,1135.9087
2025/04/07,1169.1575,10.9473,+0.95,656738,1129.7380,1213.3629,1107.4505
2025/04/04,1158.2102,117.4912,-9.21,621917,1244.4409,1258.2951,1158.2102
2025/04/03,1275.7014,33.8242,-2.58,376604,1272.5014,1324.3848,1254.2560
2025/04/02,1309.5256,1.9930,+0.15,268952,1289.9235,1324.3325,1283.3083
2025/04/01,1307.5326,13.2396,+1.02,238069,1291.6544,1312.1134,1287.5282
2025/03/31,1294.2930,5.6982,+0.44,407181,1288.8381,1304.1643,1279.7091
2025/03/28,1288.5948,6.6058,-0.51,291678,1291.3176,1296.2392,1276.2628
2025/03/27,1295.2006,9.1508,-0.70,177381,1306.8964,1309.4975,1284.2627
2025/03/26,1304.3514,0.0655,-0.01,241932,1309.9279,1316.8144,1295.4813
2025/03/25,1304.4169,12.8747,+1.00,199905,1294.2182,1307.3923,1288.6042
2025/03/24,1291.5422,32.0278,+2.54,218857,1261.3670,1294.4989,1251.9215
2025/03/21,1259.5144,13.6794,-1.07,582718,1273.5868,1273.5868,1242.4854
2025/03/20,1273.1938,9.8993,-0.77,202874,1268.8523,1279.1914,1263.2664
2025/03/19,1283.0931,27.0313,+2.15,257696,1256.0618,1286.5364,1256.0618
2025/03/18,1256.0618,15.4478,-1.21,205221,1270.7517,1270.7517,1248.1742
2025/03/17,1271.5096,11.6396,+0.92,204121,1263.1448,1275.6640,1258.7098
2025/03/14,1259.8700,15.2326,+1.22,194703,1250.4759,1263.1448,1239.7532
2025/03/13,1244.6374,4.5380,+0.37,286207,1238.1720,1252.9648,1226.9815
2025/03/12,1240.0994,5.1461,+0.42,366819,1242.4012,1246.7847,1220.8435
2025/03/11,1234.9533,15.1390,-1.21,227593,1246.7894,1249.2221,1221.2926
2025/03/10,1250.0923,5.1836,-0.41,348126,1239.7252,1266.4851,1234.9387
2025/03/07,1255.2759,2.8912,-0.23,351658,1247.1263,1256.8197,1222.1113
2025/03/06,1258.1671,28.3880,-2.21,289710,1268.0570,1279.8557,1250.1952
2025/03/05,1286.5551,23.5881,+1.87,220968,1260.3285,1288.0802,1255.9776
2025/03/04,1262.9670,19.6583,-1.53,279208,1273.4745,1289.8580,1248.6748
2025/03/03,1282.6253,3.3871,+0.26,263330,1281.8581,1293.1889,1265.9611
2025/02/28,1279.2382,16.5425,+1.31,285532,1272.3985,1281.8581,1247.9824
2025/02/27,1262.6957,15.6443,+1.25,167198,1254.6303,1272.5014,1252.7730
2025/02/26,1247.0514,0.8702,-0.07,160528,1250.7192,1259.0981,1241.9147
2025/02/25,1247.9216,19.3683,+1.58,237177,1240.4830,1251.2712,1220.2353
2025/02/24,1228.5533,21.4266,+1.78,265190,1231.9966,1240.5298,1206.7819
2025/02/21,1207.1267,20.9682,-1.71,212503,1222.2283,1234.2515,1196.1139
2025/02/20,1228.0949,27.9856,-2.23,160698,1254.8829,1263.1448,1222.2750
2025/02/19,1256.0805,40.2054,+3.31,341574,1221.0400,1261.0278,1221.0400
2025/02/18,1215.8751,13.7636,-1.12,300382,1232.0434,1238.3685,1209.7652
2025/02/14,1229.6387,20.3694,-1.63,374767,1250.9812,1250.9812,1214.6728
2025/02/13,1250.0081,16.3741,-1.29,361154,1266.6535,1273.7646,1243.0374
2025/02/12,1266.3822,7.4011,-0.58,330569,1261.8536,1278.2464,1249.7742
2025/02/11,1273.7833,24.3927,+1.95,281013,1247.5192,1276.8990,1238.7240
2025/02/10,1249.3906,7.4479,+0.60,212876,1245.4888,1249.8584,1228.2399
2025/02/07,1241.9427,26.1892,+2.15,237630,1237.8819,1245.1614,1224.3990
2025/02/06,1215.7535,7.3356,+0.61,434144,1205.9384,1228.5159,1184.4556
2025/02/05,1208.4179,15.1109,-1.24,399020,1229.0492,1229.7463,1194.3502
2025/02/04,1223.5288,42.2171,-3.34,581962,1172.8159,1274.5225,1172.8159
2025/02/03,1265.7459,0.5240,-0.04,384092,1247.7906,1270.6301,1245.9380
2025/01/31,1266.2699,10.8069,-0.85,205260,1279.7528,1283.4300,1263.6313
2025/01/30,1277.0768,24.2991,+1.94,211738,1260.3378,1279.3036,1259.2992
2025/01/29,1252.7777,8.8327,+0.71,204942,1240.3053,1260.2770,1240.3053
2025/01/28,1243.9450,13.8010,-1.10,229569,1265.6711,1265.9518,1235.7486
2025/01/27,1257.7460,2.2549,+0.18,252961,1243.2807,1260.7214,1238.8082
2025/01/24,1255.4911,7.6350,-0.60,197893,1262.5928,1262.6957,1250.8689
2025/01/23,1263.1261,3.7614,-0.30,256030,1290.4100,1290.7122,1251.8373
2025/01/22,1266.8875,3.7520,-0.30,218102,1272.5014,1275.2991,1256.6419
2025/01/21,1270.6395,16.8326,+1.34,212050,1270.5553,1277.6849,1260.2068
2025/01/17,1253.8069,16.8419,+1.36,227891,1242.7474,1254.7706,1238.2141
2025/01/16,1236.9650,26.6571,+2.20,245172,1214.6400,1244.4315,1213.8634
2025/01/15,1210.3079,6.7368,-0.55,312211,1230.6024,1230.7522,1199.9034
2025/01/14,1217.0447,20.8372,+1.74,225689,1202.4109,1223.2762,1201.4846
2025/01/13,1196.2075,15.2981,+1.30,236795,1172.4697,1198.0882,1172.3343
2025/01/10,1180.9094,18.9097,-1.58,285206,1191.5198,1204.3852,1179.3656
2025/01/08,1199.8191,28.2476,+2.41,341515,1174.7434,1201.5782,1160.5400
2025/01/07,1171.5715,0.7579,+0.06,204068,1168.5119,1181.9198,1162.5517
2025/01/06,1170.8136,22.6805,-1.90,388543,1194.4859,1194.6917,1165.6628
2025/01/03,1193.4941,20.0700,+1.71,234853,1176.0346,1199.7490,1176.0346
2025/01/02,1173.4241,12.3227,-1.04,318177,1190.0321,1190.2052,1165.2137
2024/12/31,1185.7468,11.8174,-0.99,274236,1199.8285,1206.2378,1180.7831
2024/12/30,1197.5642,10.2829,-0.85,231513,1185.7748,1204.9279,1185.3351
2024/12/27,1207.8471,9.6654,-0.79,164550,1206.2284,1214.3930,1201.0729
2024/12/26,1217.5125,0.4024,-0.03,115953,1215.3044,1218.6915,1208.3056
2024/12/24,1217.9149,10.3391,+0.86,97810,1204.3384,1217.9149,1201.0916
2024/12/23,1207.5758,13.5297,+1.13,290620,1187.9269,1213.1336,1182.5141
2024/12/20,1194.0461,14.9987,+1.27,650330,1166.7715,1210.1676,1166.7715
2024/12/19,1179.0474,19.7612,+1.70,485992,1169.5785,1184.6801,1166.4955
2024/12/18,1159.2862,32.9728,-2.77,605839,1183.6602,1195.4402,1158.7202
2024/12/17,1192.2590,5.4268,-0.45,598476,1189.5830,1196.5443,1175.4264
2024/12/16,1197.6858,19.5740,+1.66,374404,1182.2568,1200.3057,1177.2276
2024/12/13,1178.1118,17.4034,+1.50,252193,1157.2465,1180.4790,1155.4032
2024/12/12,1160.7084,5.7356,-0.49,435684,1163.7868,1173.3212,1156.2921
2024/12/11,1166.4440,13.9601,-1.18,235291,1189.7514,1193.3163,1165.2464
2024/12/10,1180.4041,2.8818,+0.24,182883,1180.7129,1187.1971,1170.5984
2024/12/09,1177.5223,19.3869,-1.62,260198,1196.4788,1196.4788,1170.0323
2024/12/06,1196.9092,12.7718,-1.06,309865,1208.5863,1211.9547,1186.5421
2024/12/05,1209.6810,13.9882,-1.14,279528,1211.0752,1227.1265,1202.6853
2024/12/04,1223.6692,45.9411,+3.90,372544,1176.7925,1232.8200,1176.7925
2024/12/03,1177.7281,1.6468,-0.14,221051,1173.9387,1184.1281,1169.4148
2024/12/02,1179.3749,7.0175,+0.60,377787,1184.1468,1201.6437,1167.2113
2024/11/29,1172.3574,3.4058,+0.29,182847,1181.5550,1181.5550,1160.8488
2024/11/27,1168.9516,12.4256,-1.05,306047,1180.8065,1185.0170,1164.8447
2024/11/26,1181.3772,1.5251,+0.13,368569,1179.8240,1191.9315,1167.3516
2024/11/25,1179.8521,0.6175,+0.05,466933,1186.4205,1186.4205,1167.9318
2024/11/22,1179.2346,18.8911,+1.63,520038,1159.2862,1185.2788,1150.9120
2024/11/21,1160.3435,49.5714,-4.10,606362,1221.2271,1226.6633,1157.8453
2024/11/20,1209.9149,39.7563,+3.40,403161,1181.8638,1214.4623,1169.8218
2024/11/19,1170.1586,1.6187,-0.14,341293,1170.4113,1176.4744,1166.0277
2024/11/18,1171.7773,1.6936,-0.14,286734,1179.8334,1184.7456,1163.0195
2024/11/15,1173.4709,16.4209,-1.38,514179,1184.0158,1197.1525,1160.4090
2024/11/14,1189.8918,85.4166,-6.70,713438,1267.9354,1267.9354,1177.0358
2024/11/13,1275.3084,7.0923,+0.56,243148,1274.3073,1288.8381,1267.0184
2024/11/12,1268.2161,18.0957,-1.41,284442,1289.4276,1291.8042,1257.5589
2024/11/11,1286.3118,22.2500,+1.76,229356,1273.4745,1295.5936,1272.7728
2024/11/08,1264.0618,20.2010,+1.62,262406,1242.4386,1281.9610,1242.4386
2024/11/07,1243.8608,49.7866,-3.85,544783,1260.3378,1272.4079,1222.0037
2024/11/06,1293.6474,42.1048,+3.36,424384,1308.0566,1309.9279,1278.7096
2024/11/05,1251.5426,20.7811,+1.69,178044,1237.3018,1252.8525,1233.2036
2024/11/04,1230.7615,10.1894,+0.83,191939,1224.7171,1236.8713,1222.6961
2024/11/01,1220.5721,2.0584,+0.17,232987,1223.6692,1232.6562,1216.3617
2024/10/31,1218.5137,25.5716,-2.06,286970,1239.7532,1244.6561,1216.3897
2024/10/30,1244.0853,6.1193,-0.49,234154,1243.4491,1258.0454,1242.5602
2024/10/29,1250.2046,2.7228,-0.22,174017,1245.9847,1255.6595,1241.1754
2024/10/28,1252.9274,14.7367,-1.16,181666,1276.0382,1276.0382,1251.3835
2024/10/25,1267.6641,8.6736,+0.69,142648,1267.8418,1275.6219,1258.5039
2024/10/24,1258.9905,11.2560,-0.89,128805,1273.5494,1281.2686,1256.7168
2024/10/23,1270.2465,6.7181,+0.53,153091,1263.5284,1279.2429,1262.7097
2024/10/22,1263.5284,34.1049,-2.63,220314,1290.1200,1290.1200,1251.2151
2024/10/21,1297.6333,9.6374,-0.74,163356,1309.9279,1315.6074,1286.5878
2024/10/18,1307.2707,4.4911,-0.34,143211,1319.5466,1319.5466,1300.6275
2024/10/17,1311.7618,16.7390,+1.29,210826,1305.0251,1323.7243,1300.9456
2024/10/16,1295.0228,6.0351,-0.46,206449,1303.3970,1305.6052,1284.9645
2024/10/15,1301.0579,19.7518,-1.50,166690,1330.5500,1330.5500,1300.4777
2024/10/14,1320.8097,1.1322,+0.09,163205,1324.8237,1333.0201,1318.2942
2024/10/11,1319.6775,38.7738,+3.03,205297,1284.1224,1323.5044,1284.1224
2024/10/10,1280.9037,16.8232,-1.30,113518,1279.8090,1287.1915,1275.1961
2024/10/09,1297.7269,10.6104,+0.82,147625,1281.1844,1298.9199,1281.1844
2024/10/08,1287.1165,17.8431,+1.41,100581,1281.0627,1290.1480,1276.2441
2024/10/07,1269.2734,1.0199,+0.08,154644,1265.0161,1280.4359,1256.7542
2024/10/04,1268.2535,10.6385,+0.85,200772,1268.7588,1270.9436,1250.1672
2024/10/03,1257.6150,20.7729,-1.62,247496,1278.2726,1278.2726,1255.2936
2024/10/02,1278.3879,5.8225,+0.46,198492,1271.6704,1286.1777,1264.0268
2024/10/01,1272.5654,7.8252,+0.62,198774,1267.2836,1279.2076,1257.2251
2024/09/30,1264.7402,21.4907,+1.73,263237,1239.2084,1265.6530,1237.2942
2024/09/27,1243.2495,1.4622,+0.12,208306,1244.0560,1248.1857,1236.2662
2024/09/26,1241.7873,20.4095,-1.62,230245,1267.9217,1269.9422,1239.5319
2024/09/25,1262.1968,2.9777,+0.24,274186,1265.0149,1269.9724,1256.6889
2024/09/24,1259.2191,2.5878,+0.21,338992,1255.7983,1260.3800,1240.1575
2024/09/23,1256.6313,8.8178,+0.71,251688,1248.3541,1261.0978,1240.9808
2024/09/20,1247.8135,16.1113,+1.31,383495,1242.3810,1258.4126,1226.5622
2024/09/19,1231.7022,14.3123,+1.18,179949,1241.2556,1241.2556,1222.9819
2024/09/18,1217.3899,1.5508,-0.13,146697,1227.3686,1237.2676,1217.2215
2024/09/17,1218.9407,2.2421,+0.18,117655,1218.0013,1224.7779,1208.3594
2024/09/16,1216.6986,4.5728,+0.38,160677,1224.0719,1230.4238,1209.2456
2024/09/13,1212.1258,17.4850,+1.46,168269,1194.4813,1219.5611,1192.1461
2024/09/12,1194.6408,17.7243,+1.51,150805,1175.8442,1194.6408,1175.4277
2024/09/11,1176.9165,15.3137,+1.32,143762,1162.7106,1176.9165,1141.0390
2024/09/10,1161.6028,7.0720,+0.61,142368,1161.2926,1165.4977,1148.0969
2024/09/09,1154.5308,7.6214,+0.66,199290,1161.5053,1168.1829,1148.6907
2024/09/06,1146.9094,31.1149,-2.64,177239,1179.2118,1183.7404,1146.1295
2024/09/05,1178.0243,18.9118,-1.58,171360,1194.6142,1194.9510,1167.1283
2024/09/04,1196.9361,16.0671,+1.36,135469,1182.0034,1199.5770,1182.0034
2024/09/03,1180.8690,36.0866,-2.97,233292,1212.8702,1222.5033,1176.3183
2024/08/30,1216.9556,7.8341,+0.65,284161,1211.1686,1223.7086,1202.3774
2024/08/29,1209.1215,27.7473,+2.35,289792,1187.5245,1219.5699,1183.9000
2024/08/28,1181.3742,6.0528,+0.51,189819,1183.0934,1185.2912,1173.3495
2024/08/27,1175.3214,21.2514,+1.84,180608,1152.0760,1181.4805,1143.5127
2024/08/26,1154.0700,21.6502,-1.84,291596,1175.6493,1177.9623,1152.5280
2024/08/23,1175.7202,19.7626,+1.71,308276,1159.1923,1186.8953,1157.3667
2024/08/22,1155.9576,8.2684,-0.71,137358,1166.9112,1169.8003,1154.2472
2024/08/21,1164.2260,2.9245,+0.25,182288,1165.3692,1168.9229,1158.0402
2024/08/20,1161.3015,1.9231,+0.17,259411,1160.8052,1165.3692,1149.6655
2024/08/19,1159.3784,24.9557,+2.20,325763,1134.4227,1161.1597,1133.0313
2024/08/16,1134.4227,6.8593,+0.61,212344,1129.9207,1135.3000,1122.7247
2024/08/15,1127.5634,21.2514,+1.92,231370,1123.0880,1129.9207,1111.3014
2024/08/14,1106.3120,4.1386,+0.38,135646,1103.6534,1111.7268,1096.7409
2024/08/13,1102.1734,9.4293,+0.86,261003,1098.8944,1103.4761,1083.1641
2024/08/12,1092.7441,11.5651,-1.05,272031,1102.3418,1102.3418,1085.0429
2024/08/09,1104.3092,13.2755,+1.22,194132,1091.3793,1107.0919,1082.1007
2024/08/08,1091.0337,25.7799,+2.42,238390,1076.8277,1102.2443,1076.6150
2024/08/07,1065.2538,31.3187,-2.86,398992,1108.5807,1111.1241,1064.9791
2024/08/06,1096.5725,24.7430,+2.31,460333,1082.8185,1125.0421,1082.8185
2024/08/05,1071.8295,2.4991,-0.23,496452,1060.1492,1080.0713,1042.4604
2024/08/02,1074.3286,49.4241,-4.40,355086,1107.5616,1107.5616,1065.4399
2024/08/01,1123.7527,23.2010,-2.02,267909,1140.9275,1149.2224,1115.1077
2024/07/31,1146.9537,26.6395,+2.38,306552,1139.2437,1154.2472,1128.8661
2024/07/30,1120.3142,24.8494,+2.27,319296,1106.4804,1128.9813,1106.4804
2024/07/29,1095.4648,1.1167,+0.10,195264,1100.0553,1104.9295,1087.6572
2024/07/26,1094.3481,5.7072,+0.52,234600,1099.6654,1110.5924,1092.3719
2024/07/25,1088.6409,15.1188,-1.37,229433,1108.1376,1119.2153,1088.4548
2024/07/24,1103.7597,36.9108,-3.24,193214,1129.8587,1129.8587,1099.9357
2024/07/23,1140.6705,27.7208,+2.49,230234,1118.5151,1148.8679,1115.7723
2024/07/22,1112.9497,15.7568,+1.44,226719,1104.0079,1116.0603,1096.4042
2024/07/19,1097.1929,6.9567,-0.63,189707,1115.9806,1115.9806,1093.8784
2024/07/18,1104.1496,3.9436,+0.36,283739,1104.4775,1119.5166,1098.2757
2024/07/17,1100.2060,34.5889,-3.05,233828,1121.0852,1124.1869,1097.9462
2024/07/16,1134.7949,34.1724,+3.10,246967,1104.3446,1138.5790,1100.4723
2024/07/15,1100.6225,0.3279,-0.03,418786,1107.7920,1107.7920,1090.2617
2024/07/12,1100.9504,11.8132,-1.06,462342,1118.3734,1118.3734,1096.3155
2024/07/11,1112.7636,15.1011,-1.34,337473,1123.6818,1123.6818,1106.8792
2024/07/10,1127.8647,1.9674,+0.17,262885,1127.3152,1129.4687,1113.7695
2024/07/09,1125.8973,1.5243,-0.14,189227,1127.7672,1129.8941,1117.0530
2024/07/08,1127.4216,2.1003,-0.19,216514,1132.5793,1135.5393,1118.1961
2024/07/05,1129.5219,7.9316,-0.70,158355,1134.8569,1134.8569,1117.9701
2024/07/03,1137.4535,4.7855,+0.42,122006,1132.6236,1141.5744,1129.0611
2024/07/02,1132.6680,22.4921,+2.03,241412,1102.2886,1134.3872,1102.2886
2024/07/01,1110.1759,22.0578,-1.95,339478,1150.7112,1150.7112,1107.1982
2024/06/28,1132.2337,9.7838,-0.86,1377608,1146.8296,1155.5234,1121.9448
2024/06/27,1142.0175,10.7941,-0.94,363906,1154.7346,1154.7346,1128.5293
2024/06/26,1152.8116,17.3077,-1.48,271944,1163.9424,1165.6971,1137.3383
2024/06/25,1170.1193,6.8150,-0.58,213417,1178.6624,1180.4348,1161.9041
2024/06/24,1176.9343,6.1681,+0.53,295648,1180.6298,1181.5116,1169.0027
2024/06/21,1170.7662,7.6037,-0.65,447980,1183.3682,1183.3682,1154.0325
2024/06/20,1178.3699,8.6938,-0.73,240701,1194.4990,1195.5004,1174.4617
2024/06/18,1187.0637,18.2294,+1.56,180124,1171.7322,1192.7975,1165.6794
2024/06/17,1168.8343,21.4020,+1.87,188912,1145.1015,1177.0628,1145.1015
2024/06/14,1147.4323,25.6026,-2.18,219119,1160.9381,1160.9381,1135.5659
2024/06/13,1173.0349,1.3470,+0.11,187015,1166.5124,1174.6390,1153.4231
2024/06/12,1171.6879,25.0355,+2.18,307442,1156.4450,1181.2944,1148.2387
2024/06/11,1146.6524,10.7320,-0.93,293606,1153.0065,1155.9310,1134.2366
2024/06/10,1157.3844,3.5537,-0.31,281774,1159.4847,1167.2480,1155.9576
2024/06/07,1160.9381,21.8452,-1.85,344957,1183.1555,1188.9868,1160.5748
2024/06/06,1182.7833,24.5037,-2.03,182553,1209.8571,1213.7342,1175.0200
2024/06/05,1207.2870,19.0269,+1.60,195846,1193.9673,1208.9886,1177.4217
2024/06/04,1188.2601,1.4534,+0.12,172852,1182.5085,1189.5805,1171.6746
2024/06/03,1186.8067,3.5803,-0.30,206864,1202.5724,1202.5724,1165.8566
2024/05/31,1190.3870,18.9473,+1.62,341660,1170.6865,1195.4029,1165.3515
2024/05/30,1171.4397,8.4721,+0.73,161979,1167.8240,1173.4027,1156.8793
2024/05/29,1162.9676,5.0071,-0.43,226454,1166.3706,1182.0743,1162.9410
2024/05/28,1167.9747,28.6867,-2.40,228810,1202.1736,1208.4910,1161.6028
2024/05/24,1196.6614,17.3609,+1.47,153586,1183.0934,1196.6614,1177.9756
2024/05/23,1179.3005,4.0146,+0.34,195586,1182.9694,1183.0934,1162.7283
2024/05/22,1175.2859,9.4382,-0.80,283593,1183.0934,1188.3841,1167.1150
2024/05/21,1184.7241,21.3400,+1.83,239728,1162.7017,1188.1980,1158.0491
2024/05/20,1163.3841,18.4421,+1.61,202563,1148.3451,1167.1505,1148.3451
2024/05/17,1144.9420,4.9894,+0.44,237944,1148.6109,1151.0568,1136.1065
2024/05/16,1139.9526,2.5523,-0.22,283531,1140.8123,1148.1324,1137.7194
2024/05/15,1142.5049,11.9018,+1.05,291022,1133.3592,1145.0927,1131.5868
2024/05/14,1130.6031,4.2449,-0.37,350580,1131.1703,1133.8200,1116.6718
2024/05/13,1134.8480,26.5244,-2.28,284665,1167.8595,1167.8595,1134.2543
2024/05/10,1161.3724,7.4176,-0.63,239675,1177.0849,1179.3890,1159.6974
2024/05/09,1168.7900,3.4208,+0.29,258664,1167.1062,1178.9991,1161.2394
2024/05/08,1165.3692,4.0766,+0.35,282262,1165.5730,1177.0229,1157.6680
2024/05/07,1161.2926,7.7721,+0.67,500025,1098.9210,1165.3869,1098.9033
2024/05/06,1153.5205,6.9390,+0.61,372911,1157.1097,1160.4330,1147.6361
2024/05/03,1146.5815,19.5144,+1.73,268585,1144.6407,1155.1689,1126.3114
2024/05/02,1127.0671,19.9043,+1.80,221804,1111.8508,1129.2250,1107.9293
2024/05/01,1107.1628,1.1432,+0.10,179293,1103.8395,1125.0376,1100.7377
2024/04/30,1106.0196,9.4736,-0.85,268829,1110.6633,1122.5696,1104.2117
2024/04/29,1115.4932,0.3810,-0.03,140261,1116.6275,1124.7098,1107.4641
2024/04/26,1115.8742,2.2775,+0.20,158989,1114.2968,1125.0554,1111.7446
2024/04/25,1113.5967,13.2578,+1.20,262571,1098.9476,1121.2801,1086.0532
2024/04/24,1100.3389,0.6913,-0.06,251014,1107.7654,1112.7193,1075.6712
2024/04/23,1101.0302,36.7512,+3.45,272878,1076.7480,1103.0330,1074.4527
2024/04/22,1064.2790,11.7246,+1.11,166916,1059.8568,1075.5560,1051.1542
2024/04/19,1052.5544,22.8642,-2.13,261084,1085.9380,1086.7887,1050.8528
2024/04/18,1075.4186,10.8118,-1.00,231877,1080.2219,1096.5903,1073.7038
2024/04/17,1086.2304,2.2598,+0.21,167012,1093.1606,1094.7203,1074.7185
2024/04/16,1083.9706,13.8692,+1.30,175177,1072.3967,1088.3396,1072.3967
2024/04/15,1070.1014,11.4144,-1.06,206698,1101.5619,1106.3386,1069.6228
2024/04/12,1081.5158,12.8944,-1.18,218311,1083.8642,1091.6895,1069.7602
2024/04/11,1094.4102,13.3109,+1.23,203386,1076.4555,1096.6966,1069.5431
2024/04/10,1081.0993,3.5272,+0.33,192038,1069.4456,1085.2733,1068.0719
2024/04/09,1077.5721,15.3847,-1.41,146784,1093.8430,1093.8430,1061.9659
2024/04/08,1092.9568,1.7635,-0.16,143037,1096.1649,1098.2475,1088.1624
2024/04/05,1094.7203,27.4016,+2.57,172569,1074.5767,1096.3554,1074.5767
2024/04/04,1067.3187,21.4020,-1.97,212211,1100.7111,1104.4155,1063.4548
2024/04/03,1088.7207,21.8806,+2.05,251612,1064.9702,1094.4279,1064.9702
2024/04/02,1066.8401,8.9685,-0.83,261484,1071.6966,1071.6966,1060.5923
2024/04/01,1075.8086,15.6505,-1.43,167863,1089.8373,1089.8373,1071.3421
2024/03/28,1091.4591,1.9497,-0.18,185513,1093.4088,1097.9750,1086.8331
2024/03/27,1093.4088,9.4737,+0.87,158404,1092.8239,1096.6789,1084.2808
2024/03/26,1083.9351,0.2659,-0.02,127626,1086.6381,1087.6218,1078.7952
2024/03/25,1084.2010,6.9036,-0.63,130424,1097.2461,1097.2461,1079.4686
2024/03/22,1091.1046,1.0457,-0.10,168052,1092.1503,1097.1308,1087.2806
2024/03/21,1092.1503,15.4201,+1.43,229998,1077.5721,1097.4322,1074.5236
2024/03/20,1076.7302,12.4601,+1.17,230168,1063.1889,1078.5204,1062.1565
2024/03/19,1064.2701,17.6534,+1.69,197084,1049.8957,1065.8476,1043.7454
2024/03/18,1046.6167,7.7986,+0.75,174360,1047.3523,1053.6178,1043.4707
2024/03/15,1038.8181,12.1411,-1.16,368650,1039.5979,1047.7245,1031.3916
2024/03/14,1050.9592,1.3293,-0.13,198419,1054.2648,1056.8791,1045.5932
2024/03/13,1052.2885,3.7841,+0.36,182834,1042.4870,1054.7512,1040.9716
2024/03/12,1048.5044,27.8182,+2.73,257278,1031.6663,1049.6210,1022.8707
2024/03/11,1020.6862,11.7423,-1.14,286530,1026.9783,1026.9783,1006.9765
2024/03/08,1032.4285,8.5962,-0.83,230821,1037.1431,1045.7305,1018.0275
2024/03/07,1041.0247,5.3261,+0.51,183125,1041.2995,1043.6476,1036.4608
2024/03/06,1035.6986,7.6923,+0.75,259905,1036.2303,1041.2729,1030.3902
2024/03/05,1028.0063,11.8841,-1.14,259378,1038.8801,1044.8177,1022.9855
2024/03/04,1039.8904,8.7380,-0.83,298577,1052.2442,1054.1761,1034.8611
2024/03/01,1048.6284,4.9007,+0.47,221743,1043.9581,1052.8202,1036.8152
2024/02/29,1043.7277,5.0869,+0.49,355010,1037.5951,1045.0747,1031.6752
2024/02/28,1038.6408,1.9674,-0.19,323601,1040.4133,1043.1605,1032.7741
2024/02/27,1040.6082,11.6803,-1.11,219192,1051.3137,1052.6031,1029.4685
2024/02/26,1052.2885,11.0688,-1.04,189728,1066.4059,1069.5253,1051.6460
2024/02/23,1063.3573,6.1503,+0.58,184608,1057.5969,1070.1723,1057.0563
2024/02/22,1057.2070,25.3457,+2.46,295503,1032.4373,1059.4402,1031.9233
2024/02/21,1031.8613,4.7324,+0.46,206657,1027.4125,1032.5082,1024.3108
2024/02/20,1027.1289,11.1840,+1.10,256186,1015.9892,1031.0903,1012.0545
2024/02/16,1015.9449,10.1029,-0.98,222692,1027.6695,1032.4373,1014.4295
2024/02/15,1026.0478,9.4471,+0.93,262878,1019.1442,1027.4657,1007.4417
2024/02/14,1016.6007,22.0401,+2.22,247276,1006.1877,1017.0128,1000.0995
2024/02/13,994.5606,11.6005,+1.18,304917,975.5957,995.6019,975.5957
2024/02/12,982.9601,9.5002,-0.96,248179,991.7513,991.7513,978.4227
2024/02/09,992.4603,7.6923,-0.77,319483,1003.2632,1010.2643,988.8977
2024/02/08,1000.1526,16.3418,-1.61,499463,1021.9978,1023.7879,982.7208
2024/02/07,1016.4944,5.6806,+0.56,416527,1010.6011,1019.2771,1010.6011
2024/02/06,1010.8138,4.8919,+0.49,323929,1011.7620,1012.5419,999.4968
2024/02/05,1005.9219,10.0319,+1.01,260443,992.3185,1010.1181,991.7735
2024/02/02,995.8900,8.9331,+0.91,212238,987.8963,1000.9059,985.1845
2024/02/01,986.9569,18.6104,+1.92,257416,974.3550,989.8371,971.0406
2024/01/31,968.3465,5.9731,+0.62,352115,963.8179,974.8335,962.7545
2024/01/30,962.3734,3.7310,+0.39,196450,958.4298,965.5274,955.8154
2024/01/29,958.6424,0.6647,-0.07,164151,962.5684,964.5579,948.2738
2024/01/26,959.3071,3.1992,+0.33,275942,959.1653,965.9404,948.9739
2024/01/25,956.1079,16.7937,+1.79,294446,944.5162,957.9512,942.5090
2024/01/24,939.3142,10.5725,-1.11,163355,951.1540,954.3975,938.4457
2024/01/23,949.8867,0.3190,-0.03,173505,948.8055,954.9292,947.1483
2024/01/22,950.2057,13.3641,+1.43,225737,937.9228,952.0136,937.9228
2024/01/19,936.8416,3.6600,+0.39,193133,937.9671,939.3425,928.8037
2024/01/18,933.1816,18.8320,+2.06,227177,917.8590,933.7487,914.9522
2024/01/17,914.3496,3.9260,+0.43,169018,908.3765,922.2546,908.3765
2024/01/16,910.4236,4.8831,-0.53,218913,912.0543,916.0333,901.9869
2024/01/12,915.3067,11.5297,+1.28,164951,910.2464,916.1707,902.9041
2024/01/11,903.7770,4.2715,+0.47,213000,899.5055,906.5792,889.9787
2024/01/10,899.5055,13.1868,+1.49,232219,891.3612,901.4640,888.7026
2024/01/09,886.3187,2.6055,+0.29,237795,876.4108,888.7380,873.1761
2024/01/08,883.7132,16.4570,+1.90,290772,864.0570,884.2715,864.0570
2024/01/05,867.2562,2.7295,+0.32,245929,866.2548,874.4789,864.9521
2024/01/04,864.5267,2.5877,+0.30,233672,866.6182,881.0546,863.2151
2024/01/03,861.9390,17.3609,-1.97,306332,875.3828,880.3633,861.4693
2024/01/02,879.2999,17.1925,-1.92,277140,891.2106,898.1762,876.7387
2023/12/29,896.4924,1.0546,-0.12,181889,899.5055,902.6072,893.3109
2023/12/28,897.5470,4.2538,+0.48,134163,885.0691,898.8940,885.0691
2023/12/27,893.2932,0.8684,-0.10,167312,891.7955,897.2368,890.0053
2023/12/26,894.1616,7.5771,+0.85,134563,886.3984,897.4229,884.6260
2023/12/22,886.5845,5.5831,+0.63,162655,883.6334,891.4498,883.0751
2023/12/21,881.0014,11.0599,+1.27,159194,879.7341,881.7990,869.8262
2023/12/20,869.9415,14.8440,-1.68,159127,879.0694,882.4991,869.9237
2023/12/19,884.7855,7.5328,+0.86,148635,879.6809,889.9300,879.6809
2023/12/18,877.2527,3.8107,+0.44,156040,878.4048,883.3809,873.6990
2023/12/15,873.4420,1.2496,-0.14,548187,866.7777,881.3381,866.7777
2023/12/14,874.6916,21.5881,-2.41,370921,896.7582,898.6459,864.3539
2023/12/13,896.2797,9.7218,+1.10,257641,887.3289,900.1406,884.9184
2023/12/12,886.5579,6.9745,+0.79,236434,882.7561,887.4264,879.6499
2023/12/11,879.5834,7.6214,+0.87,163991,870.8365,881.5065,870.8365
2023/12/08,871.9620,9.7129,+1.13,163548,862.9049,873.9338,861.3452
2023/12/07,862.2491,8.3747,+0.98,236942,856.4179,864.9432,855.8064
2023/12/06,853.8744,7.0897,+0.84,151398,852.9085,860.4589,849.6383
2023/12/05,846.7847,10.5194,-1.23,158051,852.9173,857.3041,842.7303
2023/12/04,857.3041,2.5611,-0.30,190415,853.9542,859.2050,848.7255
2023/12/01,859.8652,6.5579,+0.77,182911,849.8067,863.8355,847.6178
2023/11/30,853.3073,8.9065,+1.05,315172,847.6975,854.1128,841.8928
2023/11/29,844.4008,2.9777,-0.35,140579,849.4256,850.4404,842.4512
2023/11/28,847.3785,18.0787,-2.09,286203,867.9563,868.4881,845.9074
2023/11/27,865.4572,5.1843,+0.60,188559,856.6040,868.4881,856.6040
2023/11/24,860.2729,0.4697,+0.05,48517,857.7560,865.2623,853.0591
2023/11/22,859.8032,0.7355,-0.09,156336,858.9347,868.2311,856.3292
2023/11/21,860.5387,5.9110,+0.69,268216,853.0059,863.8798,851.8982
2023/11/20,854.6277,5.9642,+0.70,294657,854.5125,858.7663,849.0357
2023/11/17,848.6635,5.0337,+0.60,328387,849.1952,852.0045,842.9563
2023/11/16,843.6298,6.1630,-0.73,354620,851.0408,852.9299,838.1592
2023/11/15,849.7928,2.2054,-0.26,375029,850.7673,853.5702,844.4419
2023/11/14,851.9982,3.0687,+0.36,392688,858.3236,865.9653,850.4510
2023/11/13,848.9295,0.5556,+0.07,361307,846.2369,850.8186,837.8899
2023/11/10,848.3739,16.6085,+2.00,416662,842.2451,851.5793,831.8936
2023/11/09,831.7654,66.5535,+8.70,765273,807.7716,846.3224,799.9418
2023/11/08,765.2119,2.0430,+0.27,327665,765.1349,767.4685,757.9889
2023/11/07,763.1689,3.4875,+0.46,323077,758.0573,766.0837,751.6550
2023/11/06,759.6814,5.6929,+0.76,246397,754.3988,760.1943,747.8916
2023/11/03,753.9885,10.5566,+1.42,252297,748.4153,760.9971,748.4153
2023/11/02,743.4319,35.3795,+5.00,396320,717.0704,744.0559,716.7156
2023/11/01,708.0524,0.2137,+0.03,305969,710.5569,710.5569,699.3165
2023/10/31,707.8387,7.1973,+1.03,421219,702.0946,712.8050,698.8891
2023/10/30,700.6414,0.5299,+0.08,394786,705.7103,707.5566,698.3335
2023/10/27,700.1115,0.8976,+0.13,260659,698.5899,701.7355,693.5894
2023/10/26,699.2139,0.2394,-0.03,258639,703.0092,711.9289,698.2908
2023/10/25,699.4533,10.9327,-1.54,175868,708.9499,715.9592,696.4444
2023/10/24,710.3860,3.9064,+0.55,161160,715.7455,717.3354,706.2915
2023/10/23,706.4796,3.1969,+0.45,189423,702.6245,711.2493,698.6669
2023/10/20,703.2827,6.7186,-0.95,215961,710.0697,711.1809,700.0559
2023/10/19,710.0013,9.6505,-1.34,199601,717.3268,725.8405,708.4627
2023/10/18,719.6518,18.1813,-2.46,287994,733.6703,734.2601,717.9936
2023/10/17,737.8331,0.6240,-0.08,207522,735.2346,746.3724,730.8495
2023/10/16,738.4571,5.8296,+0.80,263606,740.2436,746.8340,735.1918
2023/10/13,732.6275,1.0428,-0.14,267023,736.8074,742.3635,725.2549
2023/10/12,733.6703,9.1377,-1.23,244887,745.6373,745.6373,728.1655
2023/10/11,742.8080,2.4105,+0.33,295168,732.4138,745.2013,732.4138
2023/10/10,740.3975,0.7522,-0.10,289039,744.8936,751.2019,736.5253
2023/10/09,741.1497,14.5143,+2.00,303868,733.0976,742.0600,727.1141
2023/10/06,726.6354,9.5308,+1.33,366054,712.6853,728.1270,708.2276
2023/10/05,717.1046,14.7707,+2.10,509666,703.9580,721.4640,697.4531
2023/10/04,702.3339,8.0350,+1.16,242311,692.6235,703.4024,688.4436
2023/10/03,694.2989,10.3686,-1.47,375127,699.1285,703.5904,685.9306
2023/10/02,704.6675,16.0272,-2.22,294613,718.9680,719.6262,698.8910
2023/09/29,720.6947,4.4790,-0.62,302648,730.0289,731.7214,716.1558
2023/09/28,725.1737,2.9490,-0.41,298339,731.3624,736.7005,724.0027
2023/09/27,728.1227,7.8127,+1.08,149238,722.9171,730.1657,718.7885
2023/09/26,720.3100,7.2913,-1.00,304493,725.0199,725.8832,719.8570
2023/09/25,727.6013,3.2909,+0.45,125120,720.2587,730.5764,716.3951
2023/09/22,724.3104,3.8722,+0.54,171422,722.7803,729.5588,720.4468
2023/09/21,720.4382,9.8472,-1.35,265945,727.1654,729.7853,718.0192
2023/09/20,730.2854,13.8817,-1.87,175904,748.6889,752.6209,730.2683
2023/09/19,744.1671,0.4274,+0.06,143876,742.8165,747.9366,736.4911
2023/09/18,743.7397,4.6073,+0.62,216279,739.9957,750.0822,739.9017
2023/09/15,739.1324,8.0520,-1.08,957131,744.5175,748.8427,737.7134
2023/09/14,747.1844,5.9578,+0.80,224933,743.6627,750.2959,739.6025
2023/09/13,741.2266,4.1970,-0.56,224331,744.8851,750.3600,735.4654
2023/09/12,745.4236,4.9236,-0.66,204757,747.0306,753.0825,744.7526
2023/09/11,750.3472,5.0689,+0.68,217299,749.6377,753.2363,736.4825
2023/09/08,745.2783,13.1124,-1.73,211278,758.7155,759.4592,739.3888
2023/09/07,758.3907,3.6329,+0.48,185671,754.8775,759.0916,751.5609
2023/09/06,754.7578,5.2826,-0.70,268415,761.4508,764.8272,753.0611
2023/09/05,760.0404,18.9420,-2.43,266296,779.6663,779.6663,757.1341
2023/09/01,778.9824,6.3852,+0.83,170547,777.2900,781.0938,769.9474
2023/08/31,772.5972,0.9488,+0.12,318483,773.9307,778.3499,770.4645
2023/08/30,771.6484,7.8298,+1.03,254572,763.8015,777.6490,763.8015
2023/08/29,763.8186,10.3258,+1.37,153413,749.6633,764.2630,749.0393
2023/08/28,753.4928,14.3006,+1.93,160822,738.4229,754.1851,738.4229
2023/08/25,739.1922,4.9321,+0.67,168905,736.3030,744.1927,733.7900
2023/08/24,734.2601,5.6501,-0.76,278630,737.0467,745.3210,727.3876
2023/08/23,739.9102,8.8641,+1.21,147069,733.8327,743.8166,731.5504
2023/08/22,731.0461,2.5045,+0.34,145954,733.5335,736.2731,729.0887
2023/08/21,728.5416,4.1201,-0.56,289717,733.1232,736.1861,725.0199
2023/08/18,732.6617,11.4200,+1.58,330414,715.7113,735.4141,712.9332
2023/08/17,721.2417,10.1463,-1.39,229618,736.1150,736.9099,719.6219
2023/08/16,731.3880,4.1970,-0.57,181855,736.3287,740.8505,730.7640
2023/08/15,735.5850,3.8124,-0.52,247420,739.3888,739.4145,725.6695
2023/08/14,739.3974,7.0690,-0.95,487086,746.6887,749.0906,737.5254
2023/08/11,746.4664,3.8380,-0.51,171358,752.2106,754.3732,739.5854
2023/08/10,750.3044,6.7271,+0.90,300167,744.0047,752.9286,743.6627
2023/08/09,743.5773,16.2067,-2.13,447028,761.2115,761.2115,736.2774
2023/08/08,759.7840,21.6431,-2.77,756798,792.8300,803.4977,735.3286
2023/08/07,781.4271,15.4545,+2.02,381359,770.1611,787.8637,768.9259
2023/08/04,765.9726,0.4445,+0.06,347333,767.0753,781.5212,762.8441
2023/08/03,765.5281,7.0263,+0.93,317335,754.2535,771.6825,750.8087
2023/08/02,758.5018,13.0526,-1.69,186570,767.6138,768.8447,757.9804
2023/08/01,771.5544,2.4875,+0.32,300376,766.9898,775.2898,765.6393
2023/07/31,769.0669,12.4713,+1.65,216439,756.5529,769.3063,756.5529
2023/07/28,756.5956,6.4024,-0.84,275270,769.2977,769.3063,750.7489
2023/07/27,762.9980,0.5471,+0.07,206247,765.2375,766.4684,757.1683
2023/07/26,762.4509,1.5044,-0.20,238981,763.0407,768.5113,758.1171
2023/07/25,763.9553,10.0010,+1.33,286549,744.6286,763.9724,741.4667
2023/07/24,753.9543,5.0347,-0.66,197107,758.2026,760.9251,752.0396
2023/07/21,758.9890,2.0601,-0.27,180341,763.9553,764.6050,757.4590
2023/07/20,761.0491,3.4106,+0.45,296367,760.7157,761.5277,756.8606
2023/07/19,757.6385,8.9325,-1.17,263515,760.7755,769.2806,753.4329
2023/07/18,766.5710,9.0180,+1.19,280031,757.5444,767.4087,757.5444
2023/07/17,757.5530,2.1370,-0.28,243534,759.6900,764.1776,757.3564
2023/07/14,759.6900,4.2311,-0.55,226996,763.8613,763.8784,752.5653
2023/07/13,763.9211,4.8466,+0.64,189812,757.8693,765.2461,757.8693
2023/07/12,759.0745,4.0089,-0.53,347911,765.5452,766.9770,756.1682
2023/07/11,763.0834,9.5992,+1.27,361999,752.4927,763.8698,750.9968
2023/07/10,753.4842,1.3591,-0.18,301661,752.2875,760.2657,752.2277
2023/07/07,754.8433,3.6243,+0.48,239681,751.0053,759.2198,748.7487
2023/07/06,751.2190,6.6161,-0.87,306092,754.3732,760.8354,749.6462
2023/07/05,757.8351,8.4367,-1.10,268187,759.9977,763.4254,754.5698
2023/07/03,766.2718,1.9489,+0.25,105902,759.8438,766.5881,755.6383
2023/06/30,764.3229,6.8810,+0.91,258689,764.9469,768.9302,755.2023
2023/06/29,757.4419,9.1462,+1.22,208951,747.6118,758.2796,747.6118
2023/06/28,748.2957,1.4361,+0.19,267557,748.2957,755.3818,742.9105
2023/06/27,746.8596,15.7280,+2.15,233475,731.9949,746.9793,731.4051
2023/06/26,731.1316,4.3423,+0.60,253316,725.9430,732.6745,723.5924
2023/06/23,726.7893,0.2821,-0.04,490749,721.2075,729.8427,720.9597
2023/06/22,727.0714,2.2396,+0.31,355973,720.7460,733.9780,720.7460
2023/06/21,724.8318,22.5748,+3.21,355425,701.4535,724.9430,700.6329
2023/06/20,702.2570,4.8467,+0.69,436386,695.9743,703.2571,695.2734
2023/06/16,697.4103,7.4965,-1.06,471668,706.7360,709.4713,696.1324
2023/06/15,704.9068,11.7960,+1.70,280486,688.7001,706.0864,688.2716
2023/06/14,693.1108,6.7443,+0.98,253246,688.4265,694.7263,686.5674
2023/06/13,686.3665,2.9319,-0.43,230955,691.4097,694.5980,683.5115
2023/06/12,689.2984,5.4620,+0.80,208383,685.7938,690.2558,679.5282
2023/06/09,683.8364,5.9749,-0.87,195664,690.9824,692.1791,679.3145
2023/06/08,689.8113,1.0599,+0.15,162692,683.8278,691.0935,683.8278
2023/06/07,688.7514,8.8385,+1.30,255026,683.4004,691.1336,680.4557
2023/06/06,679.9129,6.2143,+0.92,282246,675.6817,681.8191,673.9038
2023/06/05,673.6986,4.8466,-0.71,223476,681.1780,675.9638,668.8263
2023/06/02,678.5452,13.3944,+2.01,332399,669.9546,685.6058,666.1680
2023/06/01,665.1508,3.8466,+0.58,280548,662.9967,669.2024,662.7787
2023/05/31,661.3042,5.8211,-0.87,593147,664.9371,666.5569,656.6713
2023/05/30,667.1253,10.2831,-1.52,237048,675.2800,678.6093,665.4243
2023/05/26,677.4084,4.9407,+0.73,241193,673.1430,683.0158,673.1430
2023/05/25,672.4677,6.0519,+0.91,399278,671.8010,676.6134,666.0249
2023/05/24,666.4158,3.0687,-0.46,384547,662.6633,670.8351,656.5174
2023/05/23,669.4845,21.0961,-3.05,467967,683.9988,686.0588,668.7238
2023/05/22,690.5806,12.4884,-1.78,289596,703.1288,706.3086,690.1019
2023/05/19,703.0690,3.0259,-0.43,334450,710.8219,710.8219,700.9748
2023/05/18,706.0949,5.2398,+0.75,267484,700.8209,708.5567,696.8547
2023/05/17,700.8551,10.9840,+1.59,275012,696.7778,706.2873,694.5041
2023/05/16,689.8711,0.9147,-0.13,366670,692.3757,704.8470,688.4436
2023/05/15,690.7858,10.7276,+1.58,314701,683.7851,691.3670,680.7164
2023/05/12,680.0582,1.1027,-0.16,216086,683.8278,686.6315,669.9803
2023/05/11,681.1609,11.3344,-1.64,260897,687.7000,692.2645,676.8015
2023/05/10,692.4953,1.4788,+0.21,520769,696.6496,698.3079,687.8239
2023/05/09,691.0165,30.8662,+4.68,732251,666.7321,697.3761,654.7651
2023/05/08,660.1503,4.3680,+0.67,430203,658.6886,663.5352,656.8123
2023/05/05,655.7823,6.1544,+0.95,329605,654.8677,658.3894,651.4229
2023/05/04,649.6279,7.8896,-1.20,415274,655.6883,655.6883,641.8237
2023/05/03,657.5175,2.2909,-0.35,400801,660.5093,666.2620,655.0130
2023/05/02,659.8084,2.3165,+0.35,336232,656.8422,660.7144,644.9864
2023/05/01,657.4919,3.5816,+0.55,289734,653.9103,665.1251,653.3846
2023/04/28,653.9103,5.0090,+0.77,193354,644.1829,654.5001,644.1829
2023/04/27,648.9013,13.8646,+2.18,253165,642.2169,649.3458,637.3703
2023/04/26,635.0367,9.4710,-1.47,340764,643.0546,646.1574,634.0280
2023/04/25,644.5077,9.6163,-1.47,298013,650.4399,651.8118,642.4733
2023/04/24,654.1240,0.6667,+0.10,272349,655.0985,657.7697,653.2949
2023/04/21,653.4573,1.2565,+0.19,281378,656.4320,656.4320,649.1513
2023/04/20,652.2008,2.0173,+0.31,243150,646.9780,654.5600,644.5248
2023/04/19,650.1835,1.5300,-0.23,234143,650.5852,655.2865,648.2431
2023/04/18,651.7135,6.8297,+1.06,281819,647.4396,652.4572,647.2088
2023/04/17,644.8838,2.2310,+0.35,156064,642.9093,647.6405,640.6099
2023/04/14,642.6528,1.6156,-0.25,274855,639.4303,646.1703,639.4303
2023/04/13,644.2684,7.0862,+1.11,293661,639.5585,645.5591,634.4554
2023/04/12,637.1822,5.6501,+0.89,183993,636.6779,640.9603,632.5877
2023/04/11,631.5321,4.1970,+0.67,213829,630.0106,632.9510,627.1128
2023/04/10,627.3351,8.1974,+1.32,211174,615.6502,628.3074,611.1540
2023/04/06,619.1377,1.4531,+0.24,205756,616.7614,621.3088,615.0689
2023/04/05,617.6846,11.1293,-1.77,260677,623.0270,626.9504,617.4367
2023/04/04,628.8139,8.6504,-1.36,183003,636.2505,636.3531,626.4888
2023/04/03,637.4643,7.4452,+1.18,227766,632.1176,640.4090,631.1453
2023/03/31,630.0191,1.8634,+0.30,339664,631.8740,634.2503,625.9204
2023/03/30,628.1557,2.2396,+0.36,209655,629.1558,630.8824,625.1383
2023/03/29,625.9161,10.6506,+1.73,272934,616.5819,626.5401,616.5819
2023/03/28,615.2655,5.2313,+0.86,187483,608.3418,615.7570,608.3418
2023/03/27,610.0342,8.3598,+1.39,248766,609.1965,614.2911,604.6747
2023/03/24,601.6744,2.2566,+0.38,356341,591.5367,604.7431,589.5066
2023/03/23,599.4178,3.1029,-0.51,237384,605.2474,610.6839,596.9902
2023/03/22,602.5207,9.8984,-1.62,243610,613.1371,617.1717,602.2984
2023/03/21,612.4191,14.0954,+2.36,369632,611.2480,618.6462,607.7467
2023/03/20,598.3237,7.7529,+1.31,453299,596.1953,599.8281,592.2120
2023/03/17,590.5708,18.2411,-3.00,668062,603.2729,603.2729,587.7372
2023/03/16,608.8119,12.9158,+2.17,388663,589.6391,610.3420,587.1089
2023/03/15,595.8961,26.5582,-4.27,520875,607.8716,609.4188,586.7755
2023/03/14,622.4543,21.8312,+3.63,459908,612.9747,630.4593,612.9747
2023/03/13,600.6231,12.3601,-2.02,561979,601.2129,607.8887,595.4089
2023/03/10,612.9832,20.8824,-3.29,537518,633.3870,633.3870,607.8674
2023/03/09,633.8656,19.6088,-3.00,332515,657.4406,657.4406,633.1049
2023/03/08,653.4744,1.4446,+0.22,235607,653.5513,657.3961,645.9352
2023/03/07,652.0298,6.2827,-0.95,251984,657.6116,659.9024,651.2819
2023/03/06,658.3125,2.5045,+0.38,248938,654.9703,659.3297,654.2950
2023/03/03,655.8080,6.9751,+1.08,280551,649.9954,656.9363,647.5422
2023/03/02,648.8329,6.9408,+1.08,204625,640.2252,649.5167,637.0882
2023/03/01,641.8921,6.0434,+0.95,230309,635.1649,646.8188,635.1649
2023/02/28,635.8487,3.0174,-0.47,440565,639.8919,645.4822,635.2931
2023/02/27,638.8661,4.7440,+0.75,502514,637.4472,640.0030,633.6947
2023/02/24,634.1221,3.8038,-0.60,212152,629.5148,634.4640,623.5142
2023/02/23,637.9259,4.5389,+0.72,367922,633.9853,638.6097,629.1216
2023/02/22,633.3870,3.2397,+0.51,248298,632.4210,637.8233,629.8225
2023/02/21,630.1473,5.7869,-0.91,314474,633.4297,634.1135,627.9505
2023/02/17,635.9342,4.0175,-0.63,370050,635.4042,637.4472,627.4718
2023/02/16,639.9517,16.6598,-2.54,582558,632.5407,646.3540,631.6090
2023/02/15,656.6115,10.6678,+1.65,500822,640.5073,657.0132,640.5073
2023/02/14,645.9437,12.9670,+2.05,397625,630.0960,648.1918,630.0960
2023/02/13,632.9767,8.5821,+1.37,846360,624.8477,633.9084,621.3388
2023/02/10,624.3946,14.1125,-2.21,841307,636.9429,641.9434,623.8048
2023/02/09,638.5071,6.2570,-0.97,744592,647.5935,655.3720,637.9857
2023/02/08,644.7641,10.0864,+1.59,538385,637.8318,648.2944,634.7268
2023/02/07,634.6777,18.9335,+3.07,675013,630.8311,635.9599,613.4064
2023/02/06,615.7442,5.8553,+0.96,484723,607.3673,615.9835,603.1532
2023/02/03,609.8889,1.4189,+0.23,305431,601.9822,610.1966,601.9822
2023/02/02,608.4700,13.9415,-2.24,580312,623.9929,626.9590,604.3328
2023/02/01,622.4115,8.8897,+1.45,339976,609.8462,623.5569,609.8291
2023/01/31,613.5218,8.9753,+1.48,334732,603.9824,613.8893,601.9480
2023/01/30,604.5465,2.9405,-0.48,351617,605.8885,608.8974,600.4863
2023/01/27,607.4870,0.4702,+0.08,425017,603.5122,612.8807,602.2258
2023/01/26,607.0168,8.2401,+1.38,401397,601.3411,607.0767,594.5284
2023/01/25,598.7767,5.3424,+0.90,322693,586.7584,599.4007,584.5958
2023/01/24,593.4343,7.9067,+1.35,355954,579.9971,595.2892,579.1680
2023/01/23,585.5276,10.5566,+1.84,506809,575.2958,587.0127,574.3512
2023/01/20,574.9710,10.6079,+1.88,500611,568.2182,575.5522,565.0811
2023/01/19,564.3631,10.1463,-1.77,342002,570.0730,573.7059,563.8075
2023/01/18,574.5094,7.0434,-1.21,385091,585.8267,589.4168,573.9709
2023/01/17,581.5528,3.0174,-0.52,449902,585.5276,590.6563,580.1595
2023/01/13,584.5702,3.1456,+0.54,406321,578.6551,586.1302,575.3599
2023/01/12,581.4246,5.4450,+0.95,505926,576.9455,583.3863,572.5861
2023/01/11,575.9796,12.8474,+2.28,625973,564.1579,576.0736,564.0810
2023/01/10,563.1322,6.8212,+1.23,314340,553.2594,563.1407,551.3875
2023/01/09,556.3110,1.5301,+0.28,290856,558.7130,562.5595,554.1826
2023/01/06,554.7809,10.7446,+1.97,329956,547.0622,557.7556,546.0194
2023/01/05,544.0363,2.4789,+0.46,318852,538.1810,544.6859,536.2834
2023/01/04,541.5574,6.6587,+1.24,322585,536.0783,545.7117,536.0783
2023/01/03,534.8987,3.3165,-0.62,252864,541.1129,541.8737,533.0224
2022/12/30,538.2152,1.0685,+0.20,192571,532.1633,538.3862,532.1121
2022/12/29,537.1467,5.7270,+1.08,223089,534.9927,540.8651,534.4713
2022/12/28,531.4197,4.0602,-0.76,287407,534.1208,537.8733,528.9613
2022/12/27,535.4799,5.2398,+0.99,215445,533.4028,539.2196,530.3085
2022/12/23,530.2401,1.0856,+0.21,179601,529.1716,532.9327,526.1756
2022/12/22,529.1545,7.3426,-1.37,346493,530.5563,531.6377,517.0080
2022/12/21,536.4971,14.9416,+2.86,282871,525.5644,536.5142,525.5644
2022/12/20,521.5555,6.9323,+1.35,311253,515.1959,522.4273,514.8796
2022/12/19,514.6232,3.1456,-0.61,254155,517.2132,522.7009,512.4563
2022/12/16,517.7688,5.4877,-1.05,496431,517.0508,525.5687,512.3751
2022/12/15,523.2565,13.5569,-2.53,309235,530.9752,530.9752,519.9485
2022/12/14,536.8134,1.2138,+0.23,522994,534.0781,543.3568,532.7531
2022/12/13,535.5996,7.3255,+1.39,508136,542.7883,544.3398,532.5736
2022/12/12,528.2741,7.1118,+1.36,305980,523.1796,528.3254,520.7092
2022/12/09,521.1623,4.0773,-0.78,212566,522.9488,528.8382,521.1623
2022/12/08,525.2396,4.0859,+0.78,384014,528.4707,539.7453,522.7693
2022/12/07,521.1537,1.9147,+0.37,357657,519.3758,525.6755,516.6661
2022/12/06,519.2390,8.0350,-1.52,194753,529.0947,529.0947,514.5035
2022/12/05,527.2740,4.2483,-0.80,253211,526.1115,531.6889,523.0599
2022/12/02,531.5223,10.9583,-2.02,555922,520.5810,535.5141,519.3929
2022/12/01,542.4806,5.2484,+0.98,285700,538.7024,545.3484,535.8560
2022/11/30,537.2322,15.9161,+3.05,543602,521.5469,537.8562,514.6146
2022/11/29,521.3161,3.2396,+0.63,250876,518.0765,523.8035,517.0849
2022/11/28,518.0765,26.0282,-4.78,365808,529.3084,530.7700,515.2044
2022/11/25,544.1047,2.1369,-0.39,86870,546.7289,546.7289,540.4548
2022/11/23,546.2416,8.2743,+1.54,252811,538.3434,549.7976,534.6764
2022/11/22,537.9673,11.0865,+2.10,320566,529.6417,540.2069,527.3338
2022/11/21,526.8808,3.6072,-0.68,227563,526.0516,531.4624,525.2823
2022/11/18,530.4880,15.8392,+3.08,261913,521.9487,531.2872,520.6665
2022/11/17,514.6488,8.9667,-1.71,217751,515.0676,523.5428,511.1613
2022/11/16,523.6155,4.6500,-0.88,350095,527.4022,527.9920,518.7860
2022/11/15,528.2655,1.5984,+0.30,470104,536.6424,537.3946,523.0257
2022/11/14,526.6671,8.6419,-1.61,316357,531.2573,535.2919,525.8978
2022/11/11,535.3090,11.7703,-2.15,380422,552.6354,552.6354,532.5309
2022/11/10,547.0793,48.9107,+9.82,779921,529.9580,554.2424,521.5085
2022/11/09,498.1686,9.6419,-1.90,456756,506.9216,508.1610,497.2967
2022/11/08,507.8105,7.8640,+1.57,282340,503.1947,511.4402,498.5019
2022/11/07,499.9465,4.5047,+0.91,322485,500.5107,501.6074,491.0226
2022/11/04,495.4418,14.1125,+2.93,402816,490.6635,499.4977,482.0815
2022/11/03,481.3293,4.6073,+0.97,311620,469.9863,485.5947,466.1056
2022/11/02,476.7220,15.2237,-3.09,263787,486.8170,494.2878,475.9014
2022/11/01,491.9457,0.2052,-0.04,191494,497.4847,501.2372,491.3175
2022/10/31,492.1509,4.9492,-1.00,227995,494.5956,497.2283,489.6122
2022/10/28,497.1001,14.7023,+3.05,261427,484.8681,498.6301,479.1581
2022/10/27,482.3978,8.1461,+1.72,259455,476.5938,488.4112,476.5938
2022/10/26,474.2517,0.1880,-0.04,257464,478.0042,488.7317,472.0549
2022/10/25,474.4397,10.6506,+2.30,314380,460.6435,475.0466,460.6435
2022/10/24,463.7891,4.0175,+0.87,220258,464.0199,467.5673,458.4553
2022/10/21,459.7716,5.8638,+1.29,343509,452.0102,461.2077,445.7104
2022/10/20,453.9078,8.9581,-1.94,231814,461.0453,464.3875,451.5513
2022/10/19,462.8659,1.1026,+0.24,343522,458.3356,466.9262,453.5702
2022/10/18,461.7633,12.4799,+2.78,387461,462.5155,467.9519,458.4553
2022/10/17,449.2834,9.6847,+2.20,294905,448.7620,455.3438,448.1636
2022/10/14,439.5987,6.3511,-1.42,276872,450.3263,452.7538,435.9445
2022/10/13,445.9498,10.1549,+2.33,371537,427.0761,448.8534,427.0761
2022/10/12,435.7949,10.9071,-2.44,467155,449.7365,449.7365,435.2820
2022/10/11,446.7020,7.6332,-1.68,365643,456.2585,456.2585,442.6246
2022/10/10,454.3352,1.6754,-0.37,248491,461.2333,464.6097,451.7580
2022/10/07,456.0106,11.5567,-2.47,252274,461.6607,462.1223,451.4631
2022/10/06,467.5673,4.0602,-0.86,219430,465.9090,474.2175,465.9090
2022/10/05,471.6275,10.0608,-2.09,296844,472.8584,476.7220,468.3451
2022/10/04,481.6883,18.0958,+3.90,313815,475.2774,483.9364,474.1064
2022/10/03,463.5925,14.9844,+3.34,257631,456.1815,466.6184,447.1379
2022/09/30,448.6081,4.7697,-1.05,397749,450.2921,458.3099,447.7192
2022/09/29,453.3778,8.4111,-1.82,261433,455.0361,458.1561,447.2319
2022/09/28,461.7889,7.1887,+1.58,372032,459.0023,465.1867,451.7110
2022/09/27,454.6002,0.3334,+0.07,415742,462.1308,466.8834,453.3479
2022/09/26,454.2668,7.7529,-1.68,313914,459.0963,469.2597,453.4975
2022/09/23,462.0197,12.1294,-2.56,303971,466.6783,466.6783,454.7369
2022/09/22,474.1491,10.5651,-2.18,298518,484.7142,484.7142,470.2085
2022/09/21,484.7142,15.0870,-3.02,354420,506.5198,508.5969,484.5347
2022/09/20,499.8012,6.2656,-1.24,313728,504.7162,504.7162,492.7065
2022/09/19,506.0668,8.6419,+1.74,309831,495.4247,507.2079,495.4247
2022/09/16,497.4249,4.4192,-0.88,477050,497.5104,497.9976,489.8002
2022/09/15,501.8441,11.1464,-2.17,225395,510.5971,513.0974,499.8952
2022/09/14,512.9905,5.4791,+1.08,242955,508.9303,513.2897,500.2628
2022/09/13,507.5114,29.6097,-5.51,231039,522.8120,524.4703,505.3402
2022/09/12,537.1211,7.2229,+1.36,364009,532.4027,538.4375,525.3251
2022/09/09,529.8982,3.7098,+0.71,258926,527.9151,531.2744,523.5984
2022/09/08,526.1884,0.6069,+0.12,197867,522.1880,527.3167,518.1620
2022/09/07,525.5815,11.5225,+2.24,248955,513.6658,527.2740,510.4988
2022/09/06,514.0590,0.1624,+0.03,226087,514.8710,517.7859,509.3577
2022/09/02,513.8966,3.6157,-0.70,229376,520.4015,524.5216,511.6742
2022/09/01,517.5123,4.3081,+0.84,291568,508.4602,517.7346,503.4939
2022/08/31,513.2042,5.6331,-1.09,336554,521.4187,523.1710,511.8195
2022/08/30,518.8373,13.5226,-2.54,402782,534.7277,535.7192,513.5889
2022/08/29,532.3599,7.0264,-1.30,183279,532.6762,538.9760,530.2315
2022/08/26,539.3863,19.7541,-3.53,209824,562.2261,562.2261,539.3008
2022/08/25,559.1404,9.4796,+1.72,173834,552.2679,559.6447,550.0711
2022/08/24,549.6608,3.6499,+0.67,202823,547.7204,552.3876,547.7204
2022/08/23,546.0109,6.2143,+1.15,353622,541.4378,547.8230,540.6001
2022/08/22,539.7966,12.3944,-2.24,599864,543.4038,546.5236,538.5913
2022/08/19,552.1910,8.1204,-1.45,378386,555.2853,558.9352,544.6517
2022/08/18,560.3114,4.4192,+0.79,288652,558.3539,564.1921,553.8492
2022/08/17,555.8922,7.0896,-1.26,327805,554.6039,560.1393,553.3821
2022/08/16,562.9818,0.2909,+0.05,260160,561.2530,565.1760,560.5122
2022/08/15,562.6909,0.3408,+0.06,230525,558.1861,564.7854,556.8646
2022/08/12,562.3501,12.5502,+2.28,457692,549.7999,563.2561,549.4924
2022/08/11,549.7999,3.7900,-0.68,356965,559.9648,561.6104,546.2509
2022/08/10,553.5899,18.3017,+3.42,489427,546.6083,559.9772,543.7741
2022/08/09,535.2882,2.3771,+0.45,329747,537.9312,542.0703,526.5196
2022/08/08,532.9111,2.3937,+0.45,290628,534.4155,538.3385,531.4234
2022/08/05,530.5174,1.9864,+0.38,239182,523.5442,531.0078,523.5026
2022/08/04,528.5310,2.0446,+0.39,167299,525.1981,529.9606,522.7047
2022/08/03,526.4864,6.0175,+1.16,224218,522.8626,528.7887,520.1905
2022/08/02,520.4689,3.1501,-0.60,295200,523.6190,528.3149,519.5755
2022/08/01,523.6190,6.3666,+1.23,397386,519.4633,524.8241,511.0604
2022/07/29,517.2524,10.0319,+1.98,249320,505.7827,519.3386,505.7827
2022/07/28,507.2205,8.8101,+1.77,381646,505.2424,507.8273,495.4350
2022/07/27,498.4104,11.1539,+2.29,408236,493.0828,501.9594,488.7110
2022/07/26,487.2565,0.1080,+0.02,295192,487.2233,490.7307,483.0759
2022/07/25,487.1485,4.1557,+0.86,181313,482.9928,489.9370,482.6437
2022/07/22,482.9928,8.1452,-1.66,224108,493.1909,497.1222,480.8900
2022/07/21,491.1380,4.8373,+0.99,376681,485.0873,493.0496,482.0619
2022/07/20,486.3007,9.2173,+1.93,319266,478.4464,486.9449,472.8445
2022/07/19,477.0834,26.8542,+5.96,479430,452.4816,478.3467,452.4816
2022/07/18,450.2292,2.9423,+0.66,377153,455.5734,461.7821,447.1872
2022/07/15,447.2869,2.9505,+0.66,240080,453.7034,455.0914,446.0901
2022/07/14,444.3364,6.1172,-1.36,307912,441.7432,448.2137,438.4602
2022/07/13,450.4536,0.1995,+0.04,337311,440.4134,457.2025,440.4134
2022/07/12,450.2541,9.0844,+2.06,394568,441.0201,456.5085,441.0201
2022/07/11,441.1697,4.8705,-1.09,177757,440.5048,445.4252,440.1142
2022/07/08,446.0402,1.7370,+0.39,149719,445.6912,448.0765,441.0285
2022/07/07,444.3032,4.4965,+1.02,234891,443.8128,450.0879,442.7655
2022/07/06,439.8067,1.5709,+0.36,240414,443.5967,446.3228,434.5663
2022/07/05,438.2358,11.9851,-2.66,450111,439.8565,441.4191,427.8796
2022/07/01,450.2209,4.1724,+0.94,272155,444.0871,450.9938,440.9537
2022/06/30,446.0485,9.2173,+2.11,410960,432.1768,448.5835,428.0793
2022/06/29,436.8312,5.8346,-1.32,377907,444.4361,447.1041,431.7446
2022/06/28,442.6658,0.9974,-0.22,362486,447.6942,458.5198,442.2170
2022/06/27,443.6632,4.1141,-0.92,342716,449.6474,451.0354,439.8316
2022/06/24,447.7773,16.5563,+3.84,575506,436.3491,448.1222,436.3491
2022/06/23,431.2210,5.6019,-1.28,302334,438.3854,438.3854,426.7578
2022/06/22,436.8229,1.5875,+0.36,449339,427.0736,444.7977,427.0736
2022/06/21,435.2354,6.3499,+1.48,437119,436.6400,439.4285,429.9743
2022/06/17,428.8855,1.9366,+0.45,926935,415.9695,435.4515,415.6371
2022/06/16,426.9489,28.3419,-6.23,531791,445.6912,449.2817,424.7048
2022/06/15,455.2908,16.7391,+3.82,458661,445.6579,460.5603,442.8029
2022/06/14,438.5517,14.8524,-3.28,646672,457.1110,457.1110,433.9638
2022/06/13,453.4041,29.5970,-6.13,452404,469.5948,469.5948,450.5367
2022/06/10,483.0011,22.2496,-4.40,356985,493.5981,497.5461,482.0951
2022/06/09,505.2507,7.3307,-1.43,250811,510.9607,510.9607,503.4222
2022/06/08,512.5814,13.4562,-2.56,310553,521.1588,521.8029,511.0355
2022/06/07,526.0376,7.0813,+1.36,254332,514.1772,526.3950,513.8530
2022/06/06,518.9563,6.6824,+1.30,271837,519.7043,522.3224,511.4012
2022/06/03,512.2739,0.0582,+0.01,192984,506.7052,513.6220,503.1646
2022/06/02,512.2157,13.4562,+2.70,312475,500.5132,512.6645,497.4463
2022/06/01,498.7595,4.3884,-0.87,320873,505.0346,505.5333,488.8025
2022/05/31,503.1479,5.7349,-1.13,658620,501.5189,505.3339,494.1882
2022/05/27,508.8828,10.4059,+2.09,429731,500.8124,510.4454,499.8733
2022/05/26,498.4769,5.6102,+1.14,534850,496.6069,504.6440,493.6979
2022/05/25,492.8667,11.1456,+2.31,721895,481.0147,493.5566,476.9753
2022/05/24,481.7211,11.9933,+2.55,772330,476.5597,483.8572,466.6858
2022/05/23,469.7278,12.4007,+2.71,507327,461.8984,471.8596,459.1058
2022/05/20,457.3271,7.5634,+1.68,636889,455.7147,459.2304,447.3202
2022/05/19,449.7637,3.8481,+0.86,544664,441.5521,457.9339,441.5271
2022/05/18,445.9156,16.9137,-3.65,660766,454.6924,460.1447,443.6133
2022/05/17,462.8293,8.8350,+1.95,345041,462.9955,471.0160,456.4627
2022/05/16,453.9943,14.6114,-3.12,401829,464.5082,469.8774,453.6202
2022/05/13,468.6057,11.5362,+2.52,316567,461.5410,473.9167,461.5410
2022/05/12,457.0695,17.3210,-3.65,593027,472.9858,474.1993,446.7800
2022/05/11,474.3905,3.7651,+0.80,508328,468.3813,490.3068,468.3813
2022/05/10,470.6254,17.0800,+3.77,758112,468.7636,483.9569,457.9131
2022/05/09,453.5454,31.9408,-6.58,842755,478.5711,479.7098,449.0490
2022/05/06,485.4862,11.2370,-2.26,406575,495.1690,497.7538,479.1654
2022/05/05,496.7232,20.0222,-3.87,376046,512.6146,513.1964,491.6533
2022/05/04,516.7454,14.5533,+2.90,339407,501.0036,518.7859,495.8422
2022/05/03,502.1921,1.1137,+0.22,409893,505.1261,509.5228,496.4323
2022/05/02,501.0784,6.7073,+1.36,509981,494.5207,504.8435,487.1734
2022/04/29,494.3711,19.9640,-3.88,338320,510.7778,513.4790,493.3696
2022/04/28,514.3351,2.9672,+0.58,248232,515.7647,518.8316,506.1856
2022/04/27,511.3679,1.2217,+0.24,311290,508.1597,515.1413,501.5524
2022/04/26,510.1462,10.6801,-2.05,259472,515.1330,521.1255,510.1462
2022/04/25,520.8263,2.1859,+0.42,366939,513.8863,521.1422,509.9217
2022/04/22,518.6404,8.4361,-1.60,341382,525.2812,533.1355,518.1334
2022/04/21,527.0765,7.6299,-1.43,286139,547.1070,547.1070,525.3228
2022/04/20,534.7064,0.3324,-0.06,175106,537.7151,540.1420,533.7755
2022/04/19,535.0388,8.7685,+1.67,192783,526.2703,537.8730,526.2703
2022/04/18,526.2703,4.3967,-0.83,536129,531.1990,531.1990,519.8954
2022/04/14,530.6670,1.9199,+0.36,391226,532.1215,538.7914,529.4777
2022/04/13,528.7471,0.2826,-0.05,272666,531.7143,534.6565,526.4199
2022/04/12,529.0297,2.4768,+0.47,268051,528.5975,538.6211,526.3202
2022/04/11,526.5529,6.0590,-1.14,214243,530.4759,538.0143,526.4116
2022/04/08,532.6119,8.7852,-1.62,192664,542.8017,544.9710,532.1963
2022/04/07,541.3971,2.8259,+0.52,261508,536.9006,544.3476,531.4234
2022/04/06,538.5712,2.8591,-0.53,370453,536.3520,541.3181,532.4166
2022/04/05,541.4303,14.9273,-2.68,366012,555.3353,563.5802,540.3000
2022/04/04,556.3576,1.9532,+0.35,293203,555.6345,557.1306,549.1101
2022/04/01,554.4044,12.8827,+2.38,588893,545.4780,554.6371,539.1904
2022/03/31,541.5217,17.2628,-3.09,750339,557.3550,560.1725,541.1976
2022/03/30,558.7845,9.9571,-1.75,416087,567.6694,569.0990,555.1774
2022/03/29,568.7416,13.0240,+2.34,332016,562.9735,569.0907,556.2496
2022/03/28,555.7176,5.7432,-1.02,263642,560.3886,562.3335,548.4867
2022/03/25,561.4608,0.1413,-0.03,231900,563.0400,569.0159,558.4936
2022/03/24,561.6021,12.3507,+2.25,278214,551.4539,561.9512,550.5188
2022/03/23,549.2514,9.0095,-1.61,201352,553.2408,560.3305,548.2789
2022/03/22,558.2609,13.6224,+2.50,368581,547.1486,560.5798,545.2951
2022/03/21,544.6385,5.0450,-0.92,317768,542.9845,547.4395,537.8316
2022/03/18,549.6835,1.3797,-0.25,739764,558.4936,558.4936,545.6193
2022/03/17,551.0632,5.8346,+1.07,345510,540.2418,551.4539,540.2418
2022/03/16,545.2286,8.2865,+1.54,431723,541.5965,555.3228,532.0467
2022/03/15,536.9421,22.9394,+4.46,410223,522.4138,539.1862,518.9396
2022/03/14,514.0027,4.6211,-0.89,613769,519.7375,525.6386,510.2126
2022/03/11,518.6238,8.0538,-1.53,351987,530.7169,537.6819,518.0254
2022/03/10,526.6776,0.2077,-0.04,379244,515.5818,538.1390,515.5818
2022/03/09,526.8853,30.8353,+6.22,489150,511.3762,531.1117,508.3343
2022/03/08,496.0500,4.0393,+0.82,705810,493.2407,506.5556,487.7386
2022/03/07,492.0107,34.1515,-6.49,763745,529.5533,529.5533,491.9940
2022/03/04,526.1622,17.8114,-3.27,614548,539.4522,539.4522,519.0809
2022/03/03,543.9736,17.4706,-3.11,426232,563.5387,563.5387,542.7103
2022/03/02,561.4442,17.1880,+3.16,593867,548.1875,566.3562,545.6567
2022/03/01,544.2562,9.7742,-1.76,637309,551.6949,554.7119,541.0064
2022/02/28,554.0304,3.4409,+0.62,437531,546.8660,560.5964,543.6827
2022/02/25,550.5895,11.0293,+2.04,428502,543.4832,554.8616,540.3997
2022/02/24,539.5602,18.3349,+3.52,509925,506.9380,540.0465,506.0279
2022/02/23,521.2253,15.7750,-2.94,388042,543.8240,547.6805,519.5297
2022/02/22,537.0003,2.3771,-0.44,325906,540.2501,544.0131,531.9304
2022/02/18,539.3774,7.3473,-1.34,280224,547.3813,549.6087,538.8912
2022/02/17,546.7247,8.4527,-1.52,289472,551.9276,551.9276,542.4776
2022/02/16,555.1774,9.7742,+1.79,294953,546.6083,557.3882,542.4277
2022/02/15,545.4032,21.1692,+4.04,376473,531.2322,545.5860,528.6723
2022/02/14,524.2340,6.3084,-1.19,297206,534.1661,537.5406,521.0092
2022/02/11,530.5424,9.0677,-1.68,404668,541.1477,544.4141,526.2287
2022/02/10,539.6101,0.8395,-0.16,362488,536.4185,549.9994,535.2383
2022/02/09,540.4496,3.6820,+0.69,432292,540.2418,553.2575,539.0532
2022/02/08,536.7676,10.4557,+1.99,546059,506.3312,539.5519,506.3312
2022/02/07,526.3119,11.3119,+2.20,484760,517.8591,530.1268,516.8327
2022/02/04,515.0000,0.2576,+0.05,409405,510.0714,520.7017,507.1790
2022/02/03,514.7424,7.2725,-1.39,232393,519.6710,520.5354,510.7363
2022/02/02,522.0149,2.9838,+0.57,257554,515.6400,523.4610,508.8745
2022/02/01,519.0311,6.8902,+1.35,278340,511.8334,521.4580,507.3120
2022/01/31,512.1409,10.0069,+1.99,254264,497.8536,512.7061,497.8536
2022/01/28,502.1340,8.5359,+1.73,417372,490.3816,502.2337,477.9311
2022/01/27,493.5981,15.5507,-3.05,309408,516.2384,520.0949,490.4647
2022/01/26,509.1488,1.6706,-0.33,265362,516.4711,526.3409,502.1423
2022/01/25,510.8194,5.5437,-1.07,375649,506.2232,516.2135,495.6469
2022/01/24,516.3631,3.8648,+0.75,376930,498.9091,516.8535,490.4564
2022/01/21,512.4983,10.3643,-1.98,347908,522.7961,523.8434,506.6886
2022/01/20,522.8626,0.9641,-0.18,285791,524.6662,534.5734,521.7489
2022/01/19,523.8267,0.4073,-0.08,247041,526.1207,534.7646,520.8845
2022/01/18,524.2340,12.1679,-2.27,459680,529.9855,531.9221,520.7515
2022/01/14,536.4019,4.3386,-0.80,328501,535.6123,537.8564,526.7066
2022/01/13,540.7405,6.6408,-1.21,454387,551.4788,553.7146,533.7007
2022/01/12,547.3813,4.2887,+0.79,188039,545.3533,550.7890,544.3393
2022/01/11,543.0926,7.8377,+1.46,196132,535.6788,543.6079,529.8525
2022/01/10,535.2549,8.4860,-1.56,287372,542.5357,544.8089,526.2454
2022/01/07,543.7409,7.8543,+1.47,377529,541.3056,556.0584,541.3056
2022/01/06,535.8866,2.5599,-0.48,440719,543.1508,547.7802,535.5957
2022/01/05,538.4465,3.1666,+0.59,506874,537.2414,546.3839,533.8752
2022/01/04,535.2799,2.0280,+0.38,367909,540.2418,541.1145,528.9881
2022/01/03,533.2519,4.4134,+0.83,368089,531.0327,535.0222,524.9654
2021/12/31,528.8385,1.5542,+0.29,180600,526.2038,532.3252,524.4584
2021/12/30,527.2843,3.2415,+0.62,202371,523.0039,533.7921,523.0039
2021/12/29,524.0428,0.0083,+0,130856,520.0617,525.2563,519.8290
2021/12/28,524.0345,2.4934,+0.48,133193,519.6461,529.0463,519.6461
2021/12/27,521.5411,0.4156,-0.08,184337,521.2918,524.2672,517.9423
2021/12/23,521.9567,11.0542,+2.16,242498,515.3075,527.6001,512.1409
2021/12/22,510.9025,4.4965,+0.89,229602,503.1396,512.1741,501.7309
2021/12/21,506.4060,23.4631,+4.86,312303,488.6279,506.9878,488.4118
2021/12/20,482.9429,2.3438,-0.48,276218,475.1219,485.5236,474.6232
2021/12/17,485.2867,6.0174,+1.26,437770,481.6796,492.0356,472.7406
2021/12/16,479.2693,4.9453,-1.02,282840,492.2351,493.2989,479.2277
2021/12/15,484.2146,0.9558,-0.20,372066,485.2950,489.1100,472.1630
2021/12/14,485.1704,6.7821,-1.38,266660,490.1489,496.4406,483.2837
2021/12/13,491.9525,11.1456,-2.22,421732,499.5242,500.1974,480.6406
2021/12/10,503.0981,0.2743,-0.05,204074,507.2039,507.2039,498.9839
2021/12/09,503.3724,5.7598,-1.13,183749,502.3417,507.7774,501.8597
2021/12/08,509.1322,7.6548,+1.53,228062,503.6965,512.3404,503.1978
2021/12/07,501.4774,1.4462,+0.29,465002,505.5583,512.5274,499.9314
2021/12/06,500.0312,14.7279,+3.03,451714,494.1218,507.4699,488.6196
2021/12/03,485.3033,1.5874,+0.33,365447,483.0842,485.6275,476.6221
2021/12/02,483.7159,23.7873,+5.17,580403,465.7300,484.5055,464.1134
2021/12/01,459.9286,20.5126,-4.27,780121,492.5426,493.5898,459.3842
2021/11/30,480.4412,5.1281,-1.06,951370,480.3248,488.1666,472.3542
2021/11/29,485.5693,19.0581,+4.09,1531498,476.5847,487.7053,463.8682
2021/11/26,466.5112,47.1341,-9.18,1330288,483.7242,487.2233,464.5414
2021/11/24,513.6453,6.0257,-1.16,582480,518.6487,522.5219,511.7045
2021/11/23,519.6710,3.6404,-0.70,674313,533.6924,534.3656,515.0499
2021/11/22,523.3114,1.8369,-0.35,354185,525.5140,533.8254,522.7213
2021/11/19,525.1483,23.9119,-4.36,488783,547.2649,547.2649,520.5271
2021/11/18,549.0602,1.3963,+0.25,324279,549.0103,552.8169,544.3975
2021/11/17,547.6639,9.8407,+1.83,333922,537.8398,550.3360,531.2821
2021/11/16,537.8232,5.5270,-1.02,362504,546.0598,558.7014,536.9006
2021/11/15,543.3502,8.9264,+1.67,300960,538.9535,545.7190,533.3849
2021/11/12,534.4238,10.9794,-2.01,427983,544.1232,549.6586,528.0988
2021/11/11,545.4032,17.4872,-3.11,200609,562.3584,562.3584,545.3782
2021/11/10,562.8904,6.4413,-1.13,370962,566.9713,570.2127,559.1544
2021/11/09,569.3317,8.6605,+1.54,288080,561.4276,569.5146,557.3633
2021/11/08,560.6712,7.8459,+1.42,428393,554.4709,561.0452,548.6612
2021/11/05,552.8253,29.8879,+5.72,450850,531.4234,553.5234,527.7331
2021/11/04,522.9374,5.1364,+0.99,256692,518.2415,523.6439,516.1553
2021/11/03,517.8010,5.6102,-1.07,258346,520.6850,522.5676,513.8863
2021/11/02,523.4112,0.6566,-0.13,241298,524.9155,528.8261,520.1780
2021/11/01,524.0678,5.5853,+1.08,228156,518.7069,525.2231,518.5781
2021/10/29,518.4825,3.7983,-0.73,308110,520.9510,524.0428,513.6286
2021/10/28,522.2808,0.6899,-0.13,277607,521.9234,525.1067,519.0394
2021/10/27,522.9707,11.4032,-2.13,245000,536.6014,537.6902,522.4720
2021/10/26,534.3739,5.6850,+1.08,290947,529.9107,538.5130,528.3606
2021/10/25,528.6889,10.0818,-1.87,240047,536.4019,539.9758,525.6719
2021/10/22,538.7707,1.4711,-0.27,199741,543.9071,545.1538,535.8617
2021/10/21,540.2418,5.5271,+1.03,219609,532.6036,540.2501,531.7808
2021/10/20,534.7147,3.0669,-0.57,218176,532.3626,538.8746,530.5424
2021/10/19,537.7816,5.8595,+1.10,261308,536.4268,540.5202,530.9912
2021/10/18,531.9221,0.4322,+0.08,198189,526.6360,532.1091,522.6382
2021/10/15,531.4899,3.1002,+0.59,310194,533.5677,535.4544,531.3153
2021/10/14,528.3897,3.1168,+0.59,329265,531.8805,531.8805,524.7341
2021/10/13,525.2729,0.6316,+0.12,275220,524.1924,526.7939,517.0446
2021/10/12,524.6413,4.9120,-0.93,218269,530.8416,533.8752,523.4527
2021/10/11,529.5533,5.7515,-1.07,127819,534.9059,538.9452,529.0629
2021/10/08,535.3048,3.2996,-0.61,173954,536.4850,539.8221,532.4955
2021/10/07,538.6044,2.1278,-0.39,202031,545.3034,547.0868,537.9728
2021/10/06,540.7322,4.4134,+0.82,229575,529.2292,541.5965,524.5498
2021/10/05,536.3188,1.0556,+0.20,217428,537.2995,541.4469,533.6799
2021/10/04,535.2632,7.4138,-1.37,266849,543.2422,543.2422,529.0796
2021/10/01,542.6770,23.5711,+4.54,527700,524.4169,545.7024,523.6854
2021/09/30,519.1059,8.2532,-1.57,442738,528.9549,528.9549,518.4493
2021/09/29,527.3591,3.1500,-0.59,241284,535.3547,539.1281,526.7524
2021/09/28,530.5091,8.7519,-1.62,286033,539.7763,539.8595,524.6080
2021/09/27,539.2610,3.6570,+0.68,421095,539.1945,543.8323,536.0695
2021/09/24,535.6040,5.1780,+0.98,257424,527.6749,536.2191,524.2922
2021/09/23,530.4260,7.5634,+1.45,338640,525.6968,532.0634,523.4029
2021/09/22,522.8626,12.7497,+2.50,306244,514.3102,526.5861,513.9195
2021/09/21,510.1129,0.9226,-0.18,237489,511.7752,515.4156,507.0377
2021/09/20,511.0355,4.0892,+0.81,336036,500.8291,512.2739,498.1445
2021/09/17,506.9463,4.4383,+0.88,917727,497.4629,509.3815,496.4157
2021/09/16,502.5080,6.9483,-1.36,211312,508.7582,510.1295,501.8680
2021/09/15,509.4563,0.8644,-0.17,362663,510.3124,511.8874,500.4883
2021/09/14,510.3207,1.8784,+0.37,340377,509.8054,511.2183,500.2473
2021/09/13,508.4423,10.1233,+2.03,258110,504.3863,510.6107,499.7236
2021/09/10,498.3190,1.2384,+0.25,341219,498.9341,505.4668,494.7742
2021/09/09,497.0806,10.8464,+2.23,397929,485.8602,501.0535,482.9180
2021/09/08,486.2342,4.9204,-1.00,250231,491.9940,494.9030,485.2701
2021/09/07,491.1546,9.4168,-1.88,450092,501.6935,502.8321,490.3899
2021/09/03,500.5714,6.2419,-1.23,265524,504.9848,505.9801,496.8645
2021/09/02,506.8133,0.2327,+0.05,176259,507.0792,511.7503,505.6580
2021/09/01,506.5806,1.6873,+0.33,301396,507.7192,510.9981,502.6410
2021/08/31,504.8933,3.2414,+0.65,334926,500.3553,507.6527,498.8593
2021/08/30,501.6519,4.3053,-0.85,197022,505.5749,507.4283,500.1558
2021/08/27,505.9572,11.9601,+2.42,301508,493.9971,508.6584,493.9971
2021/08/26,493.9971,8.0371,-1.60,171037,502.3667,502.3667,493.4153
2021/08/25,502.0342,3.5490,-0.70,176501,506.0653,507.2455,500.5299
2021/08/24,505.5832,4.3469,+0.87,231542,505.1842,510.7687,504.0747
2021/08/23,501.2363,6.3748,+1.29,247236,497.8785,503.6549,496.7149
2021/08/20,494.8615,4.9287,+1.01,225549,488.7110,498.0447,487.9464
2021/08/19,489.9328,11.3783,-2.27,274584,496.1913,500.7792,487.9713
2021/08/18,501.3111,0.2411,-0.05,231146,501.3028,506.7883,495.7046
2021/08/17,501.5522,0.3241,-0.06,175361,496.3492,501.8264,494.8158
2021/08/16,501.8763,1.7703,-0.35,252482,500.3221,504.8102,496.6817
2021/08/13,503.6466,6.9816,-1.37,191707,510.0963,511.5591,502.8820
2021/08/12,510.6282,8.0455,-1.55,290457,519.4965,521.8403,502.4997
2021/08/11,518.6737,2.5350,+0.49,522359,516.4545,520.9385,508.5587
2021/08/10,516.1387,6.2419,-1.19,336526,524.9987,529.3123,515.5153
2021/08/09,522.3806,0.4986,-0.10,311738,520.2944,526.3534,514.3808
2021/08/06,522.8792,3.7900,+0.73,198427,523.8766,528.8718,521.4580
2021/08/05,519.0892,7.0148,+1.37,196761,513.9611,523.7228,513.9611
2021/08/04,512.0744,13.1736,-2.51,210247,518.8898,522.3722,511.6007
2021/08/03,525.2480,2.7760,-0.53,249230,528.9466,528.9466,517.7594
2021/08/02,528.0240,4.8123,-0.90,240182,539.2860,540.8485,527.5087
2021/07/30,532.8363,11.4698,-2.11,209233,540.5327,542.7394,530.6546
2021/07/29,544.3061,5.2944,+0.98,154216,543.4500,547.8550,539.0283
2021/07/28,539.0117,0.0083,+0,178927,543.5747,545.2951,537.4949
2021/07/27,539.0034,1.7703,-0.33,133032,537.7068,541.0563,534.9931
2021/07/26,540.7737,2.4934,+0.46,159488,538.1556,540.8901,534.2160
2021/07/23,538.2803,0.3408,+0.06,157757,544.3892,544.3892,536.5515
2021/07/22,537.9395,1.3465,-0.25,123277,536.6513,538.8288,532.4124
2021/07/21,539.2860,10.1150,+1.91,174251,534.8061,541.3015,528.7803
2021/07/20,529.1710,24.1197,+4.78,356537,506.7135,530.7917,505.8492
2021/07/19,505.0513,21.5431,-4.09,584039,513.9279,513.9279,493.5441
2021/07/16,526.5944,2.4768,-0.47,237215,532.5122,534.6565,524.7992
2021/07/15,529.0712,7.7961,-1.45,202827,531.3070,536.8216,527.2656
2021/07/14,536.8673,2.1776,-0.40,199262,540.7737,544.5055,535.9780
2021/07/13,539.0449,4.2389,-0.78,259612,542.0703,545.6858,538.6875
2021/07/12,543.2838,5.3193,-0.97,308495,544.1814,546.9990,540.1088
2021/07/09,548.6031,10.6802,+1.99,186205,546.0431,548.9106,542.5856
2021/07/08,537.9229,5.9510,-1.09,226426,535.6456,542.6770,530.1850
2021/07/07,543.8739,1.7121,-0.31,212864,543.1591,546.4920,538.0060
2021/07/06,545.5860,4.1640,-0.76,215010,548.5532,548.5532,538.1307
2021/07/02,549.7500,2.0446,+0.37,156393,549.8332,550.4731,543.7991
2021/07/01,547.7054,9.7160,+1.81,244780,539.6766,548.1542,539.6350
2021/06/30,537.9894,2.5433,+0.47,362508,536.1110,541.8126,531.7558
2021/06/29,535.4461,10.0319,-1.84,343146,548.1542,548.5532,535.0513
2021/06/28,545.4780,14.0629,-2.51,317773,557.3217,557.4157,543.0943
2021/06/25,559.5409,5.6268,-1.00,441149,565.7079,566.0030,556.2994
2021/06/24,565.1677,2.1942,-0.39,304457,571.8501,571.8501,559.2500
2021/06/23,567.3619,3.0170,+0.53,324692,565.1760,568.5006,563.4805
2021/06/22,564.3449,6.7073,+1.20,349184,557.7705,564.4529,551.3999
2021/06/21,557.6376,13.2983,+2.44,322082,549.0768,559.1502,547.4062
2021/06/18,544.3393,10.4558,-1.88,426959,546.6997,548.7194,540.8153
2021/06/17,554.7951,1.9034,+0.34,348480,553.4985,556.0501,544.5305
2021/06/16,552.8917,9.3753,-1.67,361724,561.5107,564.7355,552.7588
2021/06/15,562.2670,6.3083,+1.13,349278,556.4989,562.3834,553.6608
2021/06/14,555.9587,5.7931,+1.05,403546,548.7776,556.1000,548.7776
2021/06/11,550.1656,1.6124,+0.29,252891,551.6450,553.2242,545.7024
2021/06/10,548.5532,3.3246,-0.60,236196,555.5265,555.5265,546.2676
2021/06/09,551.8778,4.1557,-0.75,313323,556.0750,556.6734,550.4524
2021/06/08,556.0335,5.3609,+0.97,382425,551.3957,558.8926,551.3957
2021/06/07,550.6726,2.2856,-0.41,810790,552.4679,554.5873,548.7818
2021/06/04,552.9582,3.7817,+0.69,562336,552.0357,556.2329,552.0357
2021/06/03,549.1765,1.0389,+0.19,479177,543.3170,550.2155,540.7238
2021/06/02,548.1376,0.3907,-0.07,475638,546.9823,552.2518,546.1595
2021/06/01,548.5283,9.2506,+1.72,460859,543.3004,553.2990,543.1425
2021/05/28,539.2777,0.5485,-0.10,350286,539.1364,540.8070,531.0577
2021/05/27,539.8262,23.6543,+4.58,993388,527.7664,540.5909,523.4029
2021/05/26,516.1719,6.9151,+1.36,342973,511.4677,517.4353,509.9467
2021/05/25,509.2568,1.8285,-0.36,186112,511.9622,514.0941,507.9644
2021/05/24,511.0853,11.5694,+2.32,300867,503.5968,513.5040,499.0629
2021/05/21,499.5159,2.0944,-0.42,355420,505.3339,506.6387,498.7886
2021/05/20,501.6103,13.2068,+2.70,328335,488.4783,503.4472,487.2815
2021/05/19,488.4035,2.3937,-0.49,260464,483.0925,488.9562,479.1778
2021/05/18,490.7972,4.9370,-1.00,269876,493.7893,495.5430,489.1515
2021/05/17,495.7342,0.7979,-0.16,261060,494.1051,497.7954,488.9354
2021/05/14,496.5321,9.0096,+1.85,187889,491.5868,499.1502,488.1749
2021/05/13,487.5225,6.9234,+1.44,351289,484.5719,494.8822,483.1839
2021/05/12,480.5991,18.1355,-3.64,463277,498.7013,499.9397,479.5519
2021/05/11,498.7346,1.0888,-0.22,520666,498.4520,505.0014,483.8405
2021/05/10,499.8234,5.5021,-1.09,423855,506.9961,510.7903,499.2831
2021/05/07,505.3255,7.4387,+1.49,211710,496.1913,506.9712,496.1913
2021/05/06,497.8868,2.9422,+0.59,382159,497.8785,498.4354,486.2176
2021/05/05,494.9446,0.9641,-0.19,364025,497.5959,501.7516,491.4372
2021/05/04,495.9087,9.3005,-1.84,284222,504.6772,505.7370,492.8667
2021/05/03,505.2092,4.8954,-0.96,242018,512.9970,517.4394,504.6024
2021/04/30,510.1046,3.1085,+0.61,403536,503.7547,510.7778,502.2420
2021/04/29,506.9961,3.9396,+0.78,170135,508.1431,510.8776,502.1755
2021/04/28,503.0565,2.3272,+0.46,188561,500.0810,505.1926,498.9839
2021/04/27,500.7293,1.2384,-0.25,196420,502.7739,508.6917,500.1891
2021/04/26,501.9677,7.1644,+1.45,224601,495.9420,502.9568,495.5513
2021/04/23,494.8033,1.2800,+0.26,378867,493.2989,497.0224,486.6166
2021/04/22,493.5233,1.9948,-0.40,182930,497.0224,502.9817,493.4402
2021/04/21,495.5181,0.3657,+0.07,331118,494.5290,497.5045,491.8611
2021/04/20,495.1524,8.5192,-1.69,388421,499.8649,499.8649,485.1621
2021/04/19,503.6716,9.5498,-1.86,288491,509.1987,511.4095,500.1309
2021/04/16,513.2214,5.2362,-1.01,471017,520.8263,523.1203,509.5394
2021/04/15,518.4576,4.2637,-0.82,324926,523.4943,523.4943,514.5678
2021/04/14,522.7213,8.8018,+1.71,262421,516.3631,526.1456,511.7848
2021/04/13,513.9195,4.4134,-0.85,312603,514.4681,519.9370,509.7721
2021/04/12,518.3329,6.9816,+1.37,205870,509.8636,518.3412,507.8273
2021/04/09,511.3513,0.7148,-0.14,167928,510.6781,511.6173,505.0014
2021/04/08,512.0661,8.0205,+1.59,189908,501.5438,512.7227,499.2582
2021/04/07,504.0456,6.5909,-1.29,178348,509.5477,509.5477,499.6655
2021/04/06,510.6365,8.8184,+1.76,260764,496.9310,514.5180,496.9310
2021/04/05,501.8181,0.0498,+0.01,337949,506.2980,511.7752,498.7346
2021/04/01,501.7683,13.1238,+2.69,363773,490.6725,503.0898,489.0227
2021/03/31,488.6445,2.7344,+0.56,488907,490.9967,494.3462,484.5636
2021/03/30,485.9101,4.5297,+0.94,204360,482.4858,487.9214,479.2942
2021/03/29,481.3804,6.0340,-1.24,265492,487.4394,492.6174,478.2054
2021/03/26,487.4144,0.1828,+0.04,332574,490.8969,490.8969,478.3010
2021/03/25,487.2316,5.4855,-1.11,352158,490.6310,490.6642,478.5545
2021/03/24,492.7171,8.2033,+1.69,296630,487.0072,500.8415,487.0072
2021/03/23,484.5138,11.9767,-2.41,248782,491.2211,494.4127,482.0702
2021/03/22,496.4905,3.4576,-0.69,188544,499.9564,500.4301,491.0008
2021/03/19,499.9481,3.2498,+0.65,374698,493.7145,505.9738,488.5947
2021/03/18,496.6983,10.6718,-2.10,209820,505.4419,510.0381,495.2022
2021/03/17,507.3701,3.0502,+0.60,220053,506.2980,511.6422,502.3002
2021/03/16,504.3199,8.8765,-1.73,248579,512.5066,512.5066,500.7376
2021/03/15,513.1964,2.0197,-0.39,272028,516.1802,520.2944,508.9742
2021/03/12,515.2161,18.7838,+3.78,341175,498.6930,515.3242,498.6930
2021/03/11,496.4323,1.7288,-0.35,281543,496.7565,503.9043,494.4875
2021/03/10,498.1611,8.2200,+1.68,167239,491.5702,501.9262,486.3838
2021/03/09,489.9411,13.9798,-2.77,391504,507.1540,507.1624,489.9328
2021/03/08,503.9209,7.7878,+1.57,333908,500.5880,508.5171,495.8422
2021/03/05,496.1331,20.4959,+4.31,510677,480.9066,497.1637,467.7247
2021/03/04,475.6372,14.8275,-3.02,439775,488.0710,492.6174,469.1460
2021/03/03,490.4647,5.5188,-1.11,250726,494.4542,502.1340,489.9494
2021/03/02,495.9835,0.0997,-0.02,232261,495.6843,499.4980,491.8943
2021/03/01,496.0832,16.7890,+3.50,229487,488.7609,502.3833,488.7609
2021/02/26,479.2942,0.0166,+0,257497,484.0317,484.8088,475.1634
2021/02/25,479.2776,27.0121,-5.34,388121,503.5552,503.5552,477.0418
2021/02/24,506.2897,4.0311,+0.80,392096,503.8627,519.5048,502.8820
2021/02/23,502.2586,11.7772,+2.40,373159,492.4179,504.2284,483.6992
2021/02/22,490.4814,8.6189,-1.73,313142,494.8532,498.5019,489.5588
2021/02/19,499.1003,19.9142,+4.16,306781,481.5300,499.2748,481.0354
2021/02/18,479.1861,5.1281,+1.08,259041,468.7636,481.0728,466.7938
2021/02/17,474.0580,1.8119,-0.38,220796,473.2352,477.5405,468.6223
2021/02/16,475.8699,3.2747,-0.68,277297,481.1560,483.1465,474.2575
2021/02/12,479.1446,1.2218,+0.26,309120,474.9390,486.4420,472.8196
2021/02/11,477.9228,3.9064,-0.81,348884,480.4495,487.3147,476.1691
2021/02/10,481.8292,14.0629,-2.84,405240,493.4818,496.7232,476.0444
2021/02/09,495.8921,2.9339,-0.59,344138,496.9393,508.2886,487.4477
2021/02/08,498.8260,4.0144,-0.80,430190,504.3947,506.9961,496.2412
2021/02/05,502.8404,4.1557,-0.82,354793,512.6645,513.1881,500.1309
2021/02/04,506.9961,8.8849,+1.78,421394,501.6270,507.4948,498.7346
2021/02/03,498.1112,8.2366,+1.68,508679,486.8410,499.5657,486.8410
2021/02/02,489.8746,15.8665,+3.35,502747,481.6048,495.1648,479.6765
2021/02/01,474.0081,14.1543,+3.08,418355,464.9903,476.3187,461.6989
2021/01/29,459.8538,2.0363,-0.44,554126,461.3997,466.1040,447.0210
2021/01/28,461.8901,30.8686,+7.16,543295,438.3771,465.6219,436.6733
2021/01/27,431.0215,21.3022,-4.71,664087,442.9151,454.3516,430.0075
2021/01/26,452.3237,13.2068,-2.84,317260,468.4561,472.8279,451.7169
2021/01/25,465.5305,13.5393,-2.83,825952,476.7758,476.7758,462.0397
2021/01/22,479.0698,2.0114,+0.42,215973,475.3213,481.0437,473.5759
2021/01/21,477.0584,2.9173,-0.61,256678,477.3078,479.9092,471.0327
2021/01/20,479.9757,3.3910,+0.71,316074,476.5847,486.3423,475.2249
2021/01/19,476.5847,9.6246,-1.98,413090,493.9223,494.1218,475.7161
2021/01/15,486.2093,17.5204,-3.48,255975,503.3059,503.3059,485.8020
2021/01/14,503.7297,4.1059,-0.81,293334,507.1707,512.6604,502.0342
2021/01/13,507.8356,5.7349,-1.12,192752,512.1077,512.8972,502.3168
2021/01/12,513.5705,4.1474,+0.81,154620,508.6584,515.1081,508.6584
2021/01/11,509.4231,0.2826,-0.06,194730,504.6523,510.9108,504.6523
2021/01/08,509.7057,6.7157,+1.34,242896,502.1173,510.9274,502.1173
2021/01/07,502.9900,5.2195,+1.05,257892,502.6077,514.2603,498.6016
2021/01/06,497.7705,0.2659,-0.05,238450,499.4327,509.8636,495.0776
2021/01/05,498.0364,9.5997,+1.97,207280,492.7587,506.5473,490.5146
2021/01/04,488.4367,25.9150,-5.04,467368,508.6085,512.2656,482.2411
2020/12/31,514.3517,2.2524,+0.44,216984,511.1518,517.4436,509.4979
2020/12/30,512.0993,6.9067,+1.37,356947,504.7521,514.4016,504.7521
2020/12/29,505.1926,1.6872,-0.33,115364,510.3207,510.3207,499.9979
2020/12/28,506.8798,2.6181,+0.52,124264,506.0486,509.0989,503.7214
2020/12/24,504.2617,4.3136,-0.85,57397,506.2232,507.6169,500.6795
2020/12/23,508.5753,13.0240,+2.63,201974,497.6874,512.3902,497.6874
2020/12/22,495.5513,3.7235,-0.75,226031,498.0032,501.6311,495.1441
2020/12/21,499.2748,6.3333,-1.25,382615,491.6366,500.7501,487.6056
2020/12/18,505.6081,8.2948,+1.67,679232,497.2967,507.8356,494.3545
2020/12/17,497.3133,4.3053,-0.86,348198,502.6326,504.1619,494.5207
2020/12/16,501.6186,8.4860,-1.66,311902,510.1046,511.8438,499.6821
2020/12/15,510.1046,14.8940,+3.01,431353,498.2608,514.1772,495.2438
2020/12/14,495.2106,4.9619,-0.99,353895,504.7521,504.7521,494.8864
2020/12/11,500.1725,0.6483,+0.13,325247,493.5566,506.3063,493.5566
2020/12/10,499.5242,4.5796,+0.93,288643,489.6751,503.6466,489.6751
2020/12/09,494.9446,5.4855,-1.10,279548,501.4857,501.8929,487.8882
2020/12/08,500.4301,0.9059,+0.18,258480,495.4516,506.9795,494.7867
2020/12/07,499.5242,3.8731,-0.77,260039,501.6353,503.2144,493.9971
2020/12/04,503.3973,5.8429,+1.17,258756,499.5159,509.7057,499.5159
2020/12/03,497.5544,3.1584,+0.64,472006,496.9726,510.1088,494.9363
2020/12/02,494.3960,1.0306,+0.21,381658,490.5312,498.6432,486.8833
2020/12/01,493.3654,11.9767,+2.49,366813,488.5780,498.0115,484.9626
2020/11/30,481.3887,10.2646,-2.09,344426,491.2044,494.8282,478.2927
2020/11/27,491.6533,10.2313,-2.04,149084,506.0486,506.0486,490.4419
2020/11/25,501.8846,9.6080,-1.88,330392,507.7109,507.7109,498.6847
2020/11/24,511.4926,17.0135,+3.44,504965,503.0565,514.7424,498.9008
2020/11/23,494.4791,17.2960,+3.62,301517,483.3668,498.2691,482.0577
2020/11/20,477.1831,13.7305,-2.80,450406,490.7972,495.4682,474.9202
2020/11/19,490.9136,2.3106,+0.47,364753,485.4114,492.3431,479.2360
2020/11/18,488.6030,8.2283,+1.71,633809,490.2902,498.7263,483.8073
2020/11/17,480.3747,3.3329,+0.70,452433,471.9802,485.8436,469.6779
2020/11/16,477.0418,5.9676,+1.27,528885,488.9936,490.0159,475.5042
2020/11/13,471.0742,8.5192,+1.84,398753,464.3918,472.6617,461.7072
2020/11/12,462.5550,3.5573,-0.76,657361,452.9720,473.2067,443.6216
2020/11/11,466.1123,11.2786,-2.36,547806,479.8594,480.0755,460.0242
2020/11/10,477.3909,5.0367,+1.07,699148,477.5820,481.8874,469.1875
2020/11/09,472.3542,39.7785,+9.20,1334967,477.4574,508.3758,472.2209
2020/11/06,432.5757,0.9724,+0.23,229079,431.6033,435.3933,428.3328
2020/11/05,431.6033,6.0174,+1.41,262054,426.1427,433.5674,426.1427
2020/11/04,425.5859,2.9007,+0.69,308216,424.1895,431.6116,418.3466
2020/11/03,422.6852,11.7441,+2.86,342530,419.4271,425.9183,417.8978
2020/11/02,410.9411,14.1460,+3.57,437652,400.9093,411.8803,398.2039
2020/10/30,396.7951,0.7231,+0.18,436999,393.9277,400.8428,388.6915
2020/10/29,396.0720,15.2930,+4.02,509669,379.2414,397.2855,379.2082
2020/10/28,380.7790,4.8871,-1.27,968253,379.6736,387.1788,377.1386
2020/10/27,385.6661,15.9413,-3.97,722138,401.2833,402.9456,385.3337
2020/10/26,401.6074,15.6005,-3.74,499261,412.4538,413.2364,399.7789
2020/10/23,417.2079,7.3971,+1.81,364407,413.7753,418.8037,409.4700
2020/10/22,409.8108,8.4444,+2.10,265028,402.6796,412.1879,402.6796
2020/10/21,401.3664,8.7104,-2.12,370177,408.7552,410.3427,399.4381
2020/10/20,410.0768,7.6715,+1.91,481563,407.2592,414.7062,406.4197
2020/10/19,402.4053,6.5079,-1.59,383358,409.1957,416.9919,401.3332
2020/10/16,408.9132,0.5569,+0.14,570619,412.2045,413.8584,405.5803
2020/10/15,408.3563,6.3084,+1.57,346951,398.8480,411.2071,396.4710
2020/10/14,402.0479,8.5940,+2.18,513140,394.4014,406.8852,394.4014
2020/10/13,393.4539,10.4807,-2.59,457505,398.9727,401.3332,390.0878
2020/10/12,403.9346,0.8311,+0.21,341153,404.5829,406.1787,400.9841
2020/10/09,403.1035,4.9619,-1.22,238660,410.5090,410.8580,402.4469
2020/10/08,408.0654,2.0529,+0.51,318887,408.9963,410.5921,401.6033
2020/10/07,406.0125,6.6159,+1.66,404878,406.2701,412.7530,405.1813
2020/10/06,399.3966,5.3692,-1.33,526884,409.8025,418.0682,399.2885
2020/10/05,404.7658,1.1803,+0.29,443400,407.2592,411.1240,404.3419
2020/10/02,403.5855,3.5240,+0.88,535846,389.4395,406.4779,389.4395
2020/10/01,400.0615,5.1697,+1.31,697762,400.2194,409.3121,394.9292
2020/09/30,394.8918,11.6027,-2.85,835010,406.4280,411.2487,391.6504
2020/09/29,406.4945,7.9125,-1.91,703821,416.6345,416.6345,406.0125
2020/09/28,414.4070,3.1750,+0.77,480958,417.5155,425.0789,414.2075
2020/09/25,411.2320,12.6167,+3.17,320739,394.8503,413.1528,394.8503
2020/09/24,398.6153,0.2659,+0.07,327046,396.4377,405.2229,388.8993
2020/09/23,398.3494,18.9084,-4.53,407648,416.2771,420.3414,398.1831
2020/09/22,417.2578,11.8188,+2.92,435137,407.7413,417.7648,407.7413
2020/09/21,405.4390,14.7029,-3.50,789712,410.5006,411.4066,394.6549
2020/09/18,420.1419,11.2287,-2.60,1553296,427.3894,433.5731,419.9590
2020/09/17,431.3706,0.0997,+0.02,602390,436.4572,439.8399,427.5473
2020/09/16,431.2709,9.6330,+2.28,683599,422.3112,437.3714,419.2775
2020/09/15,421.6379,0.0000,0,353789,421.3886,425.4861,419.1778
2020/09/14,421.6379,1.2882,+0.31,588958,425.2201,426.4170,417.2329
2020/09/11,420.3497,5.2196,+1.26,277420,415.2465,422.6270,409.7775
2020/09/10,415.1301,1.2135,-0.29,405595,415.7451,424.0981,413.4429
2020/09/09,416.3436,0.8311,-0.20,411436,418.0225,419.9092,407.0348
2020/09/08,417.1747,1.1553,-0.28,764872,419.2193,426.5624,409.9521
2020/09/04,418.3300,7.8959,+1.92,458192,415.0802,421.3803,405.4307
2020/09/03,410.4341,9.4169,-2.24,428721,421.5465,423.0010,406.7356
2020/09/02,419.8510,1.1387,+0.27,323804,418.1139,421.5133,412.3873
2020/09/01,418.7123,3.4160,+0.82,355552,412.3873,419.9092,411.8637
2020/08/31,415.2963,5.9011,-1.40,369309,420.5574,421.8706,410.9578
2020/08/28,421.1974,7.0231,+1.70,474703,416.0610,422.1283,414.4486
2020/08/27,414.1743,11.1622,+2.77,515508,406.0623,417.6152,405.6277
2020/08/26,403.0121,0.9641,-0.24,298824,402.1892,406.8104,400.1779
2020/08/25,403.9762,2.0363,-0.50,379504,408.0155,410.2845,401.8235
2020/08/24,406.0125,7.6631,+1.92,689273,399.9119,408.0820,399.9119
2020/08/21,398.3494,2.9505,-0.74,512608,400.3524,403.2448,397.1691
2020/08/20,401.2999,0.0166,+0,307066,397.6013,404.4666,395.7728
2020/08/19,401.2833,0.1579,-0.04,666330,404.1923,406.9434,400.6101
2020/08/18,401.4412,5.7931,-1.42,635524,405.6135,407.4005,400.7763
2020/08/17,407.2343,7.3306,-1.77,505885,415.5706,415.5706,406.6857
2020/08/14,414.5649,3.0253,+0.74,433700,408.2316,415.3213,408.2316
2020/08/13,411.5396,2.7760,-0.67,518367,409.3287,414.8600,409.3287
2020/08/12,414.3156,6.8652,+1.68,640524,415.2797,415.5706,409.5199
2020/08/11,407.4504,6.3666,+1.59,943900,410.7250,420.6198,407.1179
2020/08/10,401.0838,5.9676,+1.51,700651,397.1774,406.7356,396.7369
2020/08/07,395.1162,2.7594,+0.70,554057,399.0226,399.0226,390.6364
2020/08/06,392.3568,0.3823,+0.10,294021,387.3949,395.1827,387.3201
2020/08/05,391.9745,19.0082,+5.10,592425,375.7756,394.0773,374.1507
2020/08/04,372.9663,10.5804,+2.92,870727,362.1448,377.2965,361.1890
2020/08/03,362.3859,3.6820,+1.03,419546,357.3990,363.8445,350.3011
2020/07/31,358.7039,1.4628,-0.41,394953,357.6151,360.1750,351.1655
2020/07/30,360.1667,0.0250,-0.01,342427,355.6869,364.7297,354.6937
2020/07/29,360.1917,5.3360,+1.50,388046,355.7783,362.3152,353.6506
2020/07/28,354.8557,2.3022,+0.65,428002,353.2350,360.1834,352.7945
2020/07/27,352.5535,1.1469,-0.32,222986,353.2350,357.5736,347.4336
2020/07/24,353.7004,9.8989,-2.72,419431,364.8211,364.8211,352.2792
2020/07/23,363.5993,6.7323,-1.82,366892,367.7467,369.7082,361.3885
2020/07/22,370.3316,3.8981,+1.06,323635,362.4357,374.0135,362.4357
2020/07/21,366.4335,8.3363,+2.33,278909,363.6077,372.3513,363.5661
2020/07/20,358.0972,1.6789,-0.47,656091,358.5044,363.1838,354.4817
2020/07/17,359.7761,1.1636,+0.32,308331,359.2109,361.5464,354.0163
2020/07/16,358.6125,2.2773,-0.63,433044,357.1996,363.1671,353.8833
2020/07/15,360.8898,9.5997,+2.73,662433,357.4655,365.0705,357.4157
2020/07/14,351.2901,6.8901,+2.00,480279,341.4079,351.5395,339.5461
2020/07/13,344.4000,5.4107,-1.55,498192,354.5399,359.5849,342.6712
2020/07/10,349.8107,8.2283,+2.41,497433,343.1366,350.4756,338.0002
2020/07/09,341.5824,13.2318,-3.73,552250,351.2985,353.7669,336.6205
2020/07/08,354.8142,6.1588,+1.77,742597,349.8190,355.6854,347.5001
2020/07/07,348.6554,13.2900,-3.67,575558,359.4021,359.9257,347.7993
2020/07/06,361.9454,5.6933,-1.55,755479,374.7200,375.0026,357.4655
2020/07/02,367.6387,2.2773,+0.62,512097,374.1465,379.2913,367.2148
2020/07/01,365.3614,2.0446,-0.56,459752,367.2148,376.8186,361.9454
2020/06/30,367.4060,1.4212,-0.39,497043,364.5635,370.8303,358.2634
2020/06/29,368.8272,18.8420,+5.38,773896,358.5543,368.8272,349.7110
2020/06/26,349.9852,12.3924,-3.42,1224177,362.3859,363.2087,345.9376
2020/06/25,362.3776,1.7454,+0.48,691195,355.7367,365.4943,352.6366
2020/06/24,360.6322,20.2050,-5.31,917726,376.2161,376.9308,358.2052
2020/06/23,380.8372,5.4191,-1.40,914493,385.6495,388.2011,376.6732
2020/06/22,386.2563,1.4379,+0.37,429761,379.2996,389.6722,375.9917
2020/06/19,384.8184,2.2856,-0.59,1153488,396.2133,396.9281,382.4912
2020/06/18,387.1040,5.0367,+1.32,394715,376.8727,388.6998,373.4401
2020/06/17,382.0673,4.5796,-1.18,324094,388.8328,389.1557,379.2248
2020/06/16,386.6469,4.5380,+1.19,716971,398.4574,400.7015,374.6618
2020/06/15,382.1089,10.2646,+2.76,517880,352.2875,384.3466,350.9494
2020/06/12,371.8443,22.2996,+6.38,548827,372.4094,378.3022,350.9411
2020/06/11,349.5447,33.6779,-8.79,1117828,362.4690,370.9508,343.3694
2020/06/10,383.2226,15.0603,-3.78,1087720,394.7921,396.5541,377.6290
2020/06/09,398.2829,13.0821,-3.18,668291,398.2247,407.2259,388.7746
2020/06/08,411.3650,3.4575,+0.85,763862,426.3754,426.3754,406.9350
2020/06/05,407.9075,7.5218,+1.88,1197448,432.1934,446.7883,403.9679
2020/06/04,400.3857,9.8324,+2.52,966824,389.1486,406.4728,388.5693
2020/06/03,390.5533,31.1346,+8.66,1253485,367.6054,395.5152,366.3527
2020/06/02,359.4187,5.2777,-1.45,1229645,367.5473,370.2402,354.9472
2020/06/01,364.6964,11.6110,+3.29,717820,352.2127,367.5306,352.2127
2020/05/29,353.0854,5.2445,-1.46,1367432,351.7306,364.0066,350.6086
2020/05/28,358.3299,3.5324,-0.98,1324664,368.5613,370.8095,356.6178
2020/05/27,361.8623,26.8625,+8.02,1476755,345.6301,362.8430,340.9424
2020/05/26,334.9998,18.5012,+5.85,1232727,340.2526,341.1464,326.7632
2020/05/22,316.4986,4.5298,+1.45,688177,314.3044,317.5475,306.2755
2020/05/21,311.9688,8.3280,+2.74,741302,304.7047,324.6770,304.7047
2020/05/20,303.6408,3.4326,+1.14,536209,305.7104,313.5314,300.3744
2020/05/19,300.2082,7.7462,-2.52,943127,306.5498,313.0161,298.5210
2020/05/18,307.9544,37.8335,+14.01,971263,287.0429,311.6696,286.4445
2020/05/15,270.1209,4.5214,-1.65,494845,269.3729,276.4625,264.3819
2020/05/14,274.6423,8.6356,+3.25,786485,262.5326,276.7118,252.2597
2020/05/13,266.0067,7.8626,-2.87,1209488,272.0076,276.5664,257.4501
2020/05/12,273.8693,16.1657,-5.57,800350,289.7358,294.5052,273.5701
2020/05/11,290.0350,3.0337,-1.04,851362,288.3312,295.0551,279.1055
2020/05/08,293.0687,23.3218,+8.65,549678,276.3960,293.6754,274.2849
2020/05/07,269.7469,4.2222,+1.59,737444,269.0653,278.3741,267.9267
2020/05/06,265.5247,4.2554,-1.58,702912,273.5867,277.6012,264.7351
