일자,종가,대비,등락률,거래량,시가,고가,저가
2026/09/17,353.1300,11.9800,+3.51,2020600,352.8550,360.2600,350.0000
2026/09/16,341.1500,8.3000,+2.49,2550159,340.5100,347.0000,336.5700
2026/09/15,332.8500,3.6500,+1.11,2692589,337.8300,338.4750,326.3722
2026/09/14,329.2000,50.5200,-13.30,4889699,347.1150,349.4600,328.5900
2026/09/11,379.7200,9.5300,+2.57,2394327,380.3700,385.6800,374.3800
2026/09/10,370.1900,13.5000,-3.52,2312767,372.2050,374.9999,365.8200
2026/09/09,383.6900,11.6300,+3.13,2286055,368.4820,384.4500,368.4820
2026/09/08,372.0600,15.0300,+4.21,2791345,365.0300,377.7600,364.4200
2026/09/04,357.0300,18.5700,+5.49,2247433,345.8900,359.0000,342.2900
2026/09/03,338.4600,3.0288,-0.89,1693427,332.7342,341.4788,325.8748
2026/09/02,341.4888,6.1576,+1.84,1817753,333.8818,346.8668,329.9933
2026/09/01,335.3312,14.3645,-4.11,2587777,341.1690,342.1736,327.9740
2026/08/31,349.6957,5.1380,-1.45,1905330,357.2228,361.6871,347.6765
2026/08/28,354.8337,17.0834,-4.59,2401885,368.3985,370.4389,353.1144
2026/08/27,371.9171,8.9565,+2.47,2448335,370.0579,372.5369,360.3016
2026/08/26,362.9606,3.3287,-0.91,2225922,366.0294,366.3743,356.8929
2026/08/25,366.2893,1.5294,+0.42,1680663,374.1363,378.5996,360.5115
2026/08/24,364.7599,10.8358,-2.88,2664317,359.9817,367.6788,348.8761
2026/08/21,375.5957,7.4072,-1.93,1911635,381.6534,385.4170,364.8699
2026/08/20,383.0029,3.4987,+0.92,1996716,377.1951,385.7818,372.7568
2026/08/19,379.5042,24.6306,-6.09,2766212,405.0294,405.0294,373.8664
2026/08/18,404.1348,38.8351,-8.77,4295403,418.9841,424.5969,392.0294
2026/08/17,442.9699,24.3407,+5.81,3108554,424.8368,443.9995,420.0588
2026/08/14,418.6292,8.2668,+2.01,1843351,410.3524,418.8391,398.2670
2026/08/13,410.3624,7.7770,+1.93,1881019,399.2467,422.1579,397.8472
2026/08/12,402.5854,23.1711,+6.11,2958213,396.3478,408.3881,393.0109
2026/08/11,379.4143,14.4545,+3.96,1811375,373.6465,387.6610,371.0575
2026/08/10,364.9598,14.2046,-3.75,2378144,386.5095,386.8514,364.1201
2026/08/07,379.1644,5.5778,-1.45,3739382,397.4473,397.4473,372.6569
2026/08/06,384.7422,4.4983,-1.16,2630626,381.8633,396.4377,369.8579
2026/08/05,389.2405,14.1646,-3.51,3184839,402.3155,409.2428,385.9318
2026/08/04,403.4051,37.7455,+10.32,4145680,388.4608,409.5627,382.7230
2026/08/03,365.6596,1.8892,-0.51,2699713,359.7818,370.2578,349.1760
2026/07/31,367.5488,2.1991,+0.60,3772953,382.8430,391.8495,362.0953
2026/07/30,365.3497,46.0623,+14.43,7316654,347.7664,368.8583,344.3677
2026/07/29,319.2874,1.2395,-0.39,9225281,367.7537,372.0871,319.0674
2026/07/28,320.5269,14.1146,-4.22,5797734,319.2174,323.8356,300.8844
2026/07/27,334.6415,15.1441,-4.33,4150873,349.7956,355.1136,319.4773
2026/07/24,349.7856,23.8209,-6.38,2946324,364.8599,371.2174,345.3324
2026/07/23,373.6065,4.2884,+1.16,2093191,362.8306,378.3497,362.5308
2026/07/22,369.3181,4.5783,-1.22,2143848,362.5108,376.2255,360.6615
2026/07/21,373.8964,40.2645,+12.07,3999472,360.8613,379.0394,355.8733
2026/07/20,333.6319,11.4007,+3.54,2941585,335.0863,351.0951,331.1478
2026/07/17,322.2312,0.0549,+0.02,3520025,305.7676,330.5480,296.7070
2026/07/16,322.1763,19.8123,-5.79,3625273,332.1074,335.2612,317.6180
2026/07/15,341.9886,11.1058,-3.15,3183784,356.1632,357.8625,325.0152
2026/07/14,353.0944,12.1154,+3.55,2112053,363.4304,364.8599,347.0267
2026/07/13,340.9790,18.4829,-5.14,3106147,344.8675,348.4562,334.2216
2026/07/10,359.4619,3.1488,-0.87,1572481,353.3243,362.4108,344.8376
2026/07/09,362.6107,11.1757,+3.18,3709528,379.0944,384.8522,360.5215
2026/07/08,351.4350,8.4567,+2.47,3195420,342.8583,354.1340,334.9314
2026/07/07,342.9783,36.3960,-9.59,6407862,353.9191,360.9114,328.1540
2026/07/06,379.3743,10.4260,+2.83,3448370,386.4316,399.6465,377.0252
2026/07/02,368.9483,58.2276,-13.63,5940316,427.2409,429.5750,361.8710
2026/07/01,427.1759,56.4783,-11.68,5467907,460.8230,463.4820,424.9468
2026/06/30,483.6542,20.6220,+4.45,5024307,467.3205,487.7227,459.8234
2026/06/29,463.0322,26.3399,+6.03,5091102,440.4508,468.9249,414.7707
2026/06/26,436.6923,35.0865,-7.44,11490764,453.5658,456.0598,422.9076
2026/06/25,471.7788,44.7428,+10.48,7041871,453.8257,472.1886,426.9260
2026/06/24,427.0360,7.0773,+1.69,3257808,422.9026,432.8338,413.6112
2026/06/23,419.9587,36.8658,-8.07,7674661,410.0125,428.5053,408.6131
2026/06/22,456.8245,19.0726,+4.36,4340208,455.9599,459.0107,439.4412
2026/06/18,437.7519,29.3488,+7.19,17965051,421.6630,439.3313,421.6630
2026/06/17,408.4031,0.7897,-0.19,3528957,429.0652,440.5807,408.0833
2026/06/16,409.1928,23.0512,-5.33,3979335,432.0840,436.0825,409.0629
2026/06/15,432.2440,29.1988,+7.24,4559704,426.2863,437.6019,422.8676
2026/06/12,403.0452,21.7916,+5.72,3328146,381.7934,407.8434,379.8541
2026/06/11,381.2536,33.7971,+9.73,5029305,358.4123,381.3935,356.4631
2026/06/10,347.4565,21.6117,-5.86,3747201,360.1267,374.6761,345.4723
2026/06/09,369.0682,5.4779,-1.46,4263721,386.4496,395.4981,340.2094
2026/06/08,374.5461,16.7535,+4.68,2942035,377.6949,380.0190,368.2686
2026/06/05,357.7926,48.9112,-12.03,5473226,389.3904,392.7691,353.9940
2026/06/04,406.7038,2.8089,-0.69,4215667,396.2778,413.7111,387.9410
2026/06/03,409.5127,17.0434,+4.34,3255873,396.8476,420.4385,393.4490
2026/06/02,392.4693,23.1412,+6.27,3414431,370.6276,392.7491,365.6396
2026/06/01,369.3281,4.8382,-1.29,2524363,366.3693,376.5554,360.0017
2026/05/29,374.1663,8.3368,-2.18,4132539,385.0121,386.8214,367.9587
2026/05/28,382.5031,6.8174,+1.81,2763873,381.4135,386.1516,364.6899
2026/05/27,375.6857,13.3049,-3.42,3282204,401.9756,406.4939,364.9048
2026/05/26,388.9906,30.6882,+8.56,4012003,371.4873,390.2001,367.4789
2026/05/22,358.3024,4.9981,+1.41,2713378,354.8637,360.2016,352.2747
2026/05/21,353.3043,9.2265,+2.68,3588375,345.2374,359.3320,343.1982
2026/05/20,344.0778,22.8026,+7.10,3390039,327.6054,344.2077,324.2330
2026/05/19,321.2752,0.4696,+0.15,3491699,313.8808,324.9624,309.1744
2026/05/18,320.8056,16.8172,-4.98,4673632,337.6228,341.7796,315.4297
2026/05/15,337.6228,18.6557,-5.24,4255095,339.3115,346.3261,335.0647
2026/05/14,356.2785,6.8248,-1.88,2354305,361.7244,364.7221,353.3208
2026/05/13,363.1033,4.9262,+1.38,3631424,366.0311,366.6207,349.7535
2026/05/12,358.1771,8.1838,-2.23,5650308,356.3385,359.5560,339.9910
2026/05/11,366.3609,6.8648,+1.91,4431250,355.3692,367.1902,353.9828
2026/05/08,359.4961,5.6557,+1.60,3488644,366.7206,367.5899,353.9703
2026/05/07,353.8404,28.3484,-7.42,5005273,378.2518,378.7115,345.2969
2026/05/06,382.1888,25.3607,+7.11,3839103,368.2294,382.7084,364.5123
2026/05/05,356.8281,19.6450,+5.83,3568419,345.3269,365.8513,344.7774
2026/05/04,337.1831,7.9739,-2.31,3102336,344.1578,349.5487,336.5036
2026/05/01,345.1570,1.9485,+0.57,2878954,343.1436,353.7305,336.3937
2026/04/30,343.2085,37.1117,+12.12,7842301,326.7510,353.2708,326.4763
2026/04/29,306.0968,73.7438,-19.41,13080488,314.2955,334.7450,301.6305
2026/04/28,379.8406,21.8533,-5.44,4599745,388.7038,396.0354,374.3947
2026/04/27,401.6939,16.0678,-3.85,4030258,421.1191,421.1191,389.0036
2026/04/24,417.7617,17.0770,+4.26,3237071,408.5187,421.7886,400.8347
2026/04/23,400.6847,15.7980,+4.10,2478135,389.4433,404.5218,389.0736
2026/04/22,384.8867,5.2460,+1.38,2224878,388.5989,390.5025,376.0635
2026/04/21,379.6407,4.7164,+1.26,1835294,378.8663,387.1500,375.6438
2026/04/20,374.9243,5.1661,-1.36,1820782,382.4186,384.6719,372.7160
2026/04/17,380.0904,14.4490,+3.95,2425017,375.4539,381.1796,370.8175
2026/04/16,365.6414,0.9593,+0.26,1819940,365.4615,369.0188,357.9173
2026/04/15,364.6821,0.5496,-0.15,2368396,362.7236,367.9097,351.6887
2026/04/14,365.2317,4.6165,-1.25,2641890,366.2909,369.7183,362.2240
2026/04/13,369.8482,2.1384,+0.58,2436597,365.6614,370.1380,361.7445
2026/04/10,367.7098,3.7771,+1.04,3115808,370.6776,372.7160,365.2218
2026/04/09,363.9327,5.9155,+1.65,4487710,359.7259,369.3586,356.9580
2026/04/08,358.0172,37.7812,+11.80,5818500,343.7631,358.4169,339.7411
2026/04/07,320.2360,5.0461,+1.60,1896210,314.1806,320.6157,309.3543
2026/04/06,315.1899,5.8156,+1.88,1764210,311.8774,315.6095,305.6971
2026/04/02,309.3743,2.5880,-0.83,2746995,289.7812,313.2512,289.7812
2026/04/01,311.9623,15.7280,+5.31,2964038,301.7401,316.5688,300.0714
2026/03/31,296.2343,20.0947,+7.28,3356506,278.0881,297.1636,277.7184
2026/03/30,276.1396,19.2453,-6.52,3132512,300.7708,300.7708,272.8621
2026/03/27,295.3849,1.7287,-0.58,2165836,293.1766,302.1648,292.9568
2026/03/26,297.1136,26.0002,-8.05,3019909,314.7402,314.7402,296.4441
2026/03/25,323.1138,3.2175,+1.01,3079424,324.7426,325.5619,313.2413
2026/03/24,319.8963,16.2077,+5.34,3210123,299.7716,327.1707,297.7731
2026/03/23,303.6886,13.0800,+4.50,4246698,300.7808,314.2506,299.7816
2026/03/20,290.6086,11.5612,-3.83,4999970,301.8600,302.7683,284.6431
2026/03/19,302.1698,2.3283,+0.78,2810289,285.6723,304.0184,283.2442
2026/03/18,299.8415,0.6694,+0.22,2655454,302.9592,307.5657,296.2743
2026/03/17,299.1721,1.1292,+0.38,2483713,296.7739,299.4419,288.2304
2026/03/16,298.0429,11.8410,+4.14,2450291,295.7347,304.7678,294.4357
2026/03/13,286.2019,0.1899,-0.07,2167772,289.7792,295.3200,284.3484
2026/03/12,286.3918,15.3683,-5.09,2958672,295.2750,296.0245,283.4241
2026/03/11,301.7601,1.2191,+0.41,2590295,300.7958,312.3820,299.3020
2026/03/10,300.5410,4.3267,+1.46,2831670,294.7155,309.5541,294.7155
2026/03/09,296.2143,23.3722,+8.57,6538691,265.1979,296.2143,262.8198
2026/03/06,272.8421,32.5053,-10.65,5901386,292.9168,294.8354,268.9251
2026/03/05,305.3474,0.3798,+0.12,3940757,299.5718,310.1174,291.6578
2026/03/04,304.9676,0.9792,+0.32,3361418,311.2329,314.7592,300.2113
2026/03/03,303.9884,21.5935,-6.63,3701354,308.2701,310.7732,295.1551
2026/03/02,325.5819,5.7955,+1.81,2490593,310.2636,325.6819,309.8336
2026/02/27,319.7864,12.6603,-3.81,4429715,323.7533,324.7526,309.7640
2026/02/26,332.4467,10.1123,-2.95,4919092,343.5383,344.6524,328.2499
2026/02/25,342.5590,13.7195,+4.17,3105066,332.6166,343.4283,330.4382
2026/02/24,328.8395,10.5820,+3.32,2273065,322.7741,332.1668,316.3491
2026/02/23,318.2575,6.3452,-1.95,2569952,319.0469,323.2536,310.2137
2026/02/20,324.6027,8.9432,+2.83,2605509,318.8371,326.7510,316.0292
2026/02/19,315.6595,1.0792,+0.34,1828067,310.9831,317.9877,308.7448
2026/02/18,314.5803,9.2829,+3.04,2755767,306.6863,321.5350,304.4131
2026/02/17,305.2974,9.1230,-2.90,2385066,306.0168,315.7494,300.1713
2026/02/13,314.4204,3.7571,+1.21,2602547,308.3401,317.9277,302.2597
2026/02/12,310.6633,10.4077,-3.24,5029317,324.3122,327.6032,307.2523
2026/02/11,321.0710,16.5405,+5.43,3655727,312.0617,324.9065,310.5434
2026/02/10,304.5305,5.1140,-1.65,2933947,309.6345,311.4923,299.1270
2026/02/09,309.6445,9.8883,+3.30,5351450,297.4289,316.1668,296.1504
2026/02/06,299.7562,28.9459,+10.69,5027001,281.3379,301.0246,280.6687
2026/02/05,270.8103,2.0575,+0.77,3901176,265.4017,281.0383,261.9708
2026/02/04,268.7528,13.8936,-4.92,7195882,283.3755,295.1516,262.8898
2026/02/03,282.6464,33.4106,+13.41,11808913,257.8506,285.6628,246.5090
2026/02/02,249.2358,8.4700,+3.52,6584250,240.7658,254.3797,240.3863
2026/01/30,240.7658,10.8072,-4.30,3708900,248.0872,254.8991,238.5185
2026/01/29,251.5730,1.3883,+0.55,2698282,251.0936,253.3110,239.4174
2026/01/28,250.1847,11.5264,+4.83,3913933,243.2728,250.8539,240.7259
2026/01/27,238.6583,7.1815,+3.10,2808494,236.4709,239.7420,235.1424
2026/01/26,231.4768,2.5670,+1.12,2086900,228.9098,234.8028,226.7474
2026/01/23,228.9098,0.0400,+0.02,1832680,228.2106,229.9286,223.8957
2026/01/22,228.8698,2.7468,-1.19,2810639,237.5176,237.7194,226.0332
2026/01/21,231.6166,7.9007,+3.53,3009460,228.9198,234.5631,225.4439
2026/01/20,223.7159,4.1601,-1.83,2630937,220.1601,228.7999,220.0602
2026/01/16,227.8760,0.4445,+0.20,2300878,229.3693,231.8164,225.3790
2026/01/15,227.4315,2.4871,-1.08,3463863,235.8816,238.6383,227.2118
2026/01/14,229.9186,0.9189,+0.40,2426340,227.2318,230.8575,224.3452
2026/01/13,228.9997,4.9042,+2.19,2316677,224.0955,230.0485,224.0955
2026/01/12,224.0955,7.0916,+3.27,2450977,217.6831,225.9433,216.3247
2026/01/09,217.0039,0.9489,+0.44,2572883,215.4856,219.1613,215.4057
2026/01/08,216.0550,6.1627,-2.77,3145541,221.1390,221.1390,212.3843
2026/01/07,222.2177,6.3525,-2.78,2521400,225.3440,226.4966,219.0514
2026/01/06,228.5702,9.3290,+4.26,3381843,220.6895,229.3892,219.3645
2026/01/05,219.2412,11.9259,+5.75,4276687,211.6002,221.7383,211.5503
2026/01/02,207.3153,13.9835,+7.23,3227936,199.0550,208.5638,199.0251
2025/12/31,193.3318,3.1063,-1.58,1195358,197.5368,198.0662,193.1720
2025/12/30,196.4381,0.6892,-0.35,1991753,197.7765,197.9663,194.7701
2025/12/29,197.1273,1.5382,-0.77,1719999,196.4781,198.8553,195.3644
2025/12/26,198.6655,0.3696,+0.19,1249242,199.0151,199.2348,196.4981
2025/12/24,198.2959,0.0299,+0.02,713939,198.2660,199.3946,197.0574
2025/12/23,198.2660,1.2785,+0.65,1346447,195.9088,199.0850,195.3799
2025/12/22,196.9875,2.0376,+1.05,2759760,200.8080,201.7618,196.6778
2025/12/19,194.9499,4.7244,+2.48,7889788,191.7137,196.2583,191.2842
2025/12/18,190.2255,5.2339,+2.83,2757922,192.2730,194.8500,189.0469
2025/12/17,184.9916,7.0717,-3.68,3581712,193.7713,194.3406,181.9452
2025/12/16,192.0633,2.4072,-1.24,3715937,194.1708,195.1497,188.9170
2025/12/15,194.4705,1.3285,+0.69,3227087,199.6743,200.2536,193.3218
2025/12/12,193.1420,10.5875,-5.20,4168218,201.0727,202.0514,191.6239
2025/12/11,203.7295,0.0400,-0.02,2510027,200.9029,203.7895,195.7490
2025/12/10,203.7695,4.0353,+2.02,2059994,199.5445,204.4587,198.5926
2025/12/09,199.7342,3.0165,-1.49,1873655,199.9640,201.6420,197.7666
2025/12/08,202.7507,2.2174,+1.11,2102432,202.8206,204.7583,201.2375
2025/12/05,200.5333,2.1375,+1.08,2659453,199.7642,202.8805,198.8053
2025/12/04,198.3958,3.5458,+1.82,4265690,192.7725,200.6132,192.7725
2025/12/03,194.8500,5.1339,+2.71,3343521,191.2942,195.9687,188.7772
2025/12/02,189.7161,10.2979,+5.74,3726092,186.1203,191.2542,185.6749
2025/12/01,179.4182,2.2574,-1.24,2769075,178.9538,182.6544,177.8301
2025/11/28,181.6756,2.5071,+1.40,1879327,179.4881,181.9502,179.2484
2025/11/26,179.1685,11.6962,+6.98,3749351,169.4200,180.6767,168.6110
2025/11/25,167.4723,1.6980,+1.02,2837067,165.1351,167.8868,160.1709
2025/11/24,165.7743,7.1715,+4.52,5145942,159.8114,167.4124,159.3120
2025/11/21,158.6028,3.0042,+1.93,3879081,155.0297,160.3095,151.2271
2025/11/20,155.5986,12.3062,-7.33,5152664,171.9469,173.4939,154.4110
2025/11/19,167.9048,4.5013,+2.75,2731507,164.2618,170.0706,162.4453
2025/11/18,163.4035,3.7128,-2.22,2809288,165.1900,166.9965,162.6849
2025/11/17,167.1163,2.5251,-1.49,3524511,168.1443,173.0448,164.1720
2025/11/14,169.6414,0.3793,+0.22,3214529,163.6031,173.4740,162.8845
2025/11/13,169.2621,9.6613,-5.40,4481855,175.8893,176.6578,167.2760
2025/11/12,178.9234,2.0360,+1.15,2370410,179.8516,180.9196,176.8474
2025/11/11,176.8874,6.8367,-3.72,2934426,183.0055,183.0055,175.3104
2025/11/10,183.7241,1.7965,+0.99,2960553,188.0108,188.3851,180.3207
2025/11/07,181.9276,2.7347,-1.48,3634407,180.1910,182.1471,174.5120
2025/11/06,184.6623,2.5650,-1.37,4512906,187.3870,191.1928,182.4965
2025/11/05,187.2273,11.9169,+6.80,4143359,176.7077,188.5747,176.1588
2025/11/04,175.3104,7.4057,-4.05,3222704,175.9192,181.9663,174.7615
2025/11/03,182.7161,1.3075,+0.72,3316277,182.4366,184.2165,179.8417
2025/10/31,181.4086,4.8706,+2.76,4548816,179.6520,185.5506,177.6559
2025/10/30,176.5380,2.9343,+1.69,5278615,172.4160,178.8635,171.3681
2025/10/29,173.6037,29.5028,+20.47,12227406,169.6813,176.8974,161.8465
2025/10/28,144.1009,3.1139,-2.12,5026549,146.7657,147.3346,143.8314
2025/10/27,147.2148,3.2137,+2.23,3948569,147.8137,149.7899,146.4164
2025/10/24,144.0011,0.7585,-0.52,2084023,147.2747,148.7119,143.7915
2025/10/23,144.7596,6.1880,+4.47,2819252,138.3021,145.8346,137.7332
2025/10/22,138.5716,4.4813,-3.13,3925622,141.2564,142.5040,135.5674
2025/10/21,143.0529,4.1320,+2.97,2184400,138.6315,144.0460,138.5317
2025/10/20,138.9209,1.0280,+0.75,2350599,140.5677,141.1865,138.4518
2025/10/17,137.8929,1.1378,-0.82,1928018,136.7950,139.4449,136.5156
2025/10/16,139.0307,1.7267,-1.23,1786953,141.7255,142.7834,137.9029
2025/10/15,140.7574,4.0522,+2.96,2378327,139.9190,141.1366,137.4238
2025/10/14,136.7052,2.1558,-1.55,3049055,135.3578,138.6315,134.7390
2025/10/13,138.8610,7.0363,+5.34,3351580,138.4319,139.6395,136.3359
2025/10/10,131.8247,13.0846,-9.03,5768299,145.5181,147.7139,131.4953
2025/10/09,144.9093,0.5888,+0.41,2043644,144.3205,145.1888,141.5259
2025/10/08,144.3205,4.4514,+3.18,2606460,140.2783,144.5984,139.9290
2025/10/07,139.8691,7.7150,-5.23,3696563,148.7818,149.9995,139.5297
2025/10/06,147.5841,2.2257,+1.53,3713423,147.6141,150.4186,147.0152
2025/10/03,145.3584,1.1128,+0.77,2803686,146.1868,149.1711,144.5400
2025/10/02,144.2456,3.3984,+2.41,3313779,144.6199,145.0690,141.4460
2025/10/01,140.8472,3.4733,+2.53,3183231,135.6572,141.2664,135.5275
2025/09/30,137.3739,3.3036,+2.46,3019817,133.7360,137.8630,132.7429
2025/09/29,134.0703,0.9781,-0.72,2859709,136.8449,137.0146,133.2942
2025/09/26,135.0484,2.4353,+1.84,3282689,131.7448,135.6772,131.1410
2025/09/25,132.6131,0.3394,-0.26,2660407,131.1061,132.8926,128.3364
2025/09/24,132.9525,1.4671,-1.09,3695829,134.2550,134.4098,130.7767
2025/09/23,134.4196,0.4991,-0.37,4349591,135.7371,137.9727,132.9225
2025/09/22,134.9187,15.3004,+12.79,7151265,126.2105,135.2181,125.7763
2025/09/19,119.6183,1.0280,+0.87,9595061,119.2690,120.3669,117.3128
2025/09/18,118.5903,4.4913,+3.94,4886276,117.5523,119.2989,114.8675
2025/09/17,114.0990,0.3893,+0.34,2574308,113.5301,116.1148,112.5919
2025/09/16,113.7097,0.1398,-0.12,2876881,114.0790,115.3865,113.1708
2025/09/15,113.8495,1.8265,+1.63,3247866,112.0330,114.0691,110.6956
2025/09/12,112.0230,3.3136,-2.87,5915677,114.7777,114.9573,109.3482
2025/09/11,115.3366,2.2556,-1.92,4031875,117.5922,118.5504,114.2088
2025/09/10,117.5922,2.7447,+2.39,4420969,114.6579,117.8916,112.8913
2025/09/09,114.8475,3.8226,-3.22,4733620,118.7699,119.7680,114.4284
2025/09/08,118.6701,1.2975,-1.08,3745435,119.9726,121.0256,117.3627
2025/09/05,119.9676,0.9282,+0.78,3538668,119.8279,123.2014,119.1392
2025/09/04,119.0394,0.2393,-0.20,3146386,117.5039,119.6676,115.6594
2025/09/03,119.2787,0.9771,-0.81,3222221,120.4154,121.7614,118.0374
2025/09/02,120.2558,2.3630,+2.00,3637911,115.8488,120.6846,114.1639
2025/08/29,117.8928,0.3490,+0.30,4119862,119.0793,119.8371,117.0852
2025/08/28,117.5438,0.8973,+0.77,2768823,116.7861,118.3814,116.6564
2025/08/27,116.6465,1.6102,-1.36,3300993,118.3614,118.3614,116.6166
2025/08/26,118.2567,1.5305,+1.31,3574362,116.3573,119.4682,116.3573
2025/08/25,116.7262,1.7648,+1.54,3580983,114.6474,117.3245,114.1638
2025/08/22,114.9614,5.9823,+5.49,4146442,109.3280,116.8259,109.2981
2025/08/21,108.9791,0.2193,-0.20,2144679,108.0119,109.6670,107.5034
2025/08/20,109.1984,1.0968,-0.99,3581935,109.7169,110.8635,105.9879
2025/08/19,110.2952,0.2094,+0.19,3180330,110.0459,112.3441,109.1785
2025/08/18,110.0858,0.9871,+0.90,1986182,109.6770,110.7727,109.1984
2025/08/15,109.0987,2.3930,-2.15,3248032,111.3222,111.3222,109.0488
2025/08/14,111.4917,2.1835,-1.92,2438115,112.1697,113.4078,110.2603
2025/08/13,113.6752,2.3730,+2.13,5239453,112.0500,113.9793,110.3251
2025/08/12,111.3022,6.9296,+6.64,4260825,105.6887,111.5814,104.5820
2025/08/11,104.3726,2.7818,-2.60,3051727,107.2541,108.6999,104.2729
2025/08/08,107.1544,1.0070,+0.95,3195034,105.9380,108.0717,104.6917
2025/08/07,106.1474,1.5754,+1.51,2975036,106.7207,107.8424,104.9409
2025/08/06,104.5720,2.0440,-1.92,3367946,105.9879,106.7855,103.0266
2025/08/05,106.6160,1.2064,+1.14,7254912,105.8483,107.8424,104.2430
2025/08/04,105.4096,1.5555,+1.50,3646573,104.7365,105.5392,102.6976
2025/08/01,103.8541,3.2604,-3.04,4826682,104.0685,105.4893,102.1143
2025/07/31,107.1145,0.2194,-0.20,9427576,108.1814,113.0969,106.7755
2025/07/30,107.3339,17.0498,+18.88,19902694,105.4195,110.1705,102.1791
2025/07/29,90.2841,0.5883,-0.65,6774358,91.3410,92.0988,88.9181
2025/07/28,90.8724,0.9871,+1.10,3699276,91.3061,92.1686,90.5234
2025/07/25,89.8853,1.1765,-1.29,3109511,91.1316,91.5005,89.3868
2025/07/24,91.0618,1.6950,-1.83,3532020,92.0090,92.3580,89.8055
2025/07/23,92.7568,0.6681,-0.72,2744199,94.4319,94.4319,91.5155
2025/07/22,93.4249,1.1167,-1.18,2648867,94.0530,95.2595,91.9905
2025/07/21,94.5416,0.8974,+0.96,2810305,95.4938,96.9644,94.5117
2025/07/18,93.6442,1.1167,+1.21,2531845,93.1756,93.8337,92.0240
2025/07/17,92.5275,0.8176,+0.89,2831539,90.1345,93.0460,90.0448
2025/07/16,91.7099,1.0469,-1.13,3877670,92.2184,92.4577,88.3398
2025/07/15,92.7568,2.1836,-2.30,3664976,96.3213,97.8070,92.7070
2025/07/14,94.9404,1.8246,-1.89,3615759,96.7251,96.7650,93.3152
2025/07/11,96.7650,1.5654,-1.59,3761872,97.3483,97.7122,95.6882
2025/07/10,98.3304,5.8228,+6.29,7314556,95.0700,98.9287,93.9295
2025/07/09,92.5076,0.5584,+0.61,2064815,91.7996,93.2354,90.8425
2025/07/08,91.9492,1.6252,+1.80,2944830,90.9422,93.5246,90.5334
2025/07/07,90.3240,2.4627,-2.65,3161052,92.3680,93.0859,89.9700
2025/07/03,92.7867,1.1167,-1.19,2195229,94.9254,94.9254,91.8894
2025/07/02,93.9034,2.2533,+2.46,4557809,92.1087,94.5406,91.9791
2025/07/01,91.6501,1.9941,+2.22,3797719,89.2571,92.3879,88.9381
2025/06/30,89.6560,0.4287,-0.48,1938302,90.5184,90.5184,89.3967
2025/06/27,90.0847,0.6979,-0.77,5997296,90.7826,91.4307,89.0079
2025/06/26,90.7826,0.8475,+0.94,2931857,90.7826,91.4706,89.7656
2025/06/25,89.9351,0.1895,-0.21,3656850,90.3938,90.7005,88.4744
2025/06/24,90.1246,3.0211,+3.47,5925823,89.6161,90.6331,88.8284
2025/06/23,87.1035,1.0669,+1.24,3755091,85.8771,88.0906,85.3287
2025/06/20,86.0366,0.0299,+0.03,6579224,87.2132,87.5721,83.9927
2025/06/18,86.0067,0.1695,-0.20,3300895,86.3856,86.8991,85.1692
2025/06/17,86.1762,1.2463,-1.43,3007506,86.5651,87.9161,85.7574
2025/06/16,87.4225,4.5865,+5.54,4019548,84.3017,88.2900,83.8730
2025/06/13,82.8360,2.8217,-3.29,2744955,83.5539,84.7441,82.7563
2025/06/12,85.6577,0.8774,-1.01,2070994,85.6478,86.3158,85.1941
2025/06/11,86.5351,1.9044,-2.15,2529652,88.8782,89.3170,85.5033
2025/06/10,88.4395,1.8944,+2.19,3171123,87.0835,88.6290,86.5152
2025/06/09,86.5451,1.5654,+1.84,3678667,85.8571,87.7416,85.8571
2025/06/06,84.9797,3.4797,+4.27,3131936,83.0554,85.5181,82.6566
2025/06/05,81.5000,0.3190,-0.39,2353104,82.4671,83.4343,80.8319
2025/06/04,81.8190,0.6082,+0.75,2479232,82.0633,82.9208,81.1161
2025/06/03,81.2108,1.9542,+2.47,2157591,79.2466,81.4003,78.1798
2025/06/02,79.2566,0.8874,+1.13,2460217,77.7710,79.7252,77.5516
2025/05/30,78.3692,2.3730,-2.94,3860595,79.9446,80.0542,76.7938
2025/05/29,80.7422,0.7278,+0.91,1808498,81.7692,82.1680,80.0144
2025/05/28,80.0144,1.4856,-1.82,2719138,81.7592,82.2288,79.6754
2025/05/27,81.5000,4.7460,+6.18,3708279,78.8278,82.1481,78.1498
2025/05/23,76.7540,1.5055,-1.92,1818880,76.4698,77.2325,75.7669
2025/05/22,78.2595,0.3689,-0.47,1993832,78.6534,79.2666,77.9903
2025/05/21,78.6284,2.4292,-3.00,2339721,80.0720,81.5454,78.4094
2025/05/20,81.0576,0.0498,-0.06,1622268,80.6295,81.0974,80.2412
2025/05/19,81.1074,1.2543,-1.52,1848976,80.2014,81.6250,80.0819
2025/05/16,82.3617,0.2589,-0.31,2193144,82.5011,82.5011,81.3861
2025/05/15,82.6206,1.2743,-1.52,2972244,82.8794,83.4071,81.9735
2025/05/14,83.8949,0.6272,-0.74,2321297,84.6814,85.4629,83.1731
2025/05/13,84.5221,1.8318,+2.22,2830305,82.6405,85.2488,82.5808
2025/05/12,82.6903,5.6149,+7.28,4736409,82.7002,83.3971,81.2866
2025/05/09,77.0754,0.5774,+0.75,2364410,76.9161,78.0259,76.3685
2025/05/08,76.4980,1.7422,+2.33,2725808,75.8708,77.6777,75.2635
2025/05/07,74.7558,1.0155,+1.38,3325438,73.7403,75.1440,72.7846
2025/05/06,73.7403,1.3639,-1.82,2213488,74.0190,74.6960,73.4118
2025/05/05,75.1042,0.4380,-0.58,2496239,75.1241,76.0350,74.9349
2025/05/02,75.5422,2.0906,+2.85,2538226,75.3531,76.7568,75.1042
2025/05/01,73.4516,0.4281,-0.58,3055103,74.8254,75.3630,73.3022
2025/04/30,73.8797,0.6769,-0.91,4379736,73.3520,74.1385,70.9528
2025/04/29,74.5566,1.9314,-2.53,4988790,74.7060,76.3088,72.4361
2025/04/28,76.4880,0.2887,-0.38,4863226,76.1197,78.2899,75.0046
2025/04/25,76.7767,0.1792,-0.23,2600222,75.7513,77.3541,73.1728
2025/04/24,76.9559,4.1016,+5.63,3592788,74.4272,77.2446,74.0987
2025/04/23,72.8543,1.8816,+2.65,3446584,74.7358,75.5721,72.7049
2025/04/22,70.9727,1.4734,+2.12,3264643,70.4251,71.7293,70.0966
2025/04/21,69.4993,1.4335,-2.02,3282981,69.1010,70.2061,67.9362
2025/04/17,70.9328,0.0896,+0.13,3070246,70.9826,71.4704,70.1762
2025/04/16,70.8432,2.8871,-3.92,4947984,70.4152,72.3216,68.1553
2025/04/15,73.7303,0.1991,+0.27,2238164,73.7502,75.0273,73.3620
2025/04/14,73.5312,0.2090,+0.29,3964515,75.2336,75.6816,71.9583
2025/04/11,73.3222,1.3540,+1.88,3706819,72.1076,73.9693,70.1862
2025/04/10,71.9682,7.1182,-9.00,6509574,74.8454,76.0779,69.9672
2025/04/09,79.0864,11.4289,+16.89,8890700,69.0911,80.0421,67.8267
2025/04/08,67.6575,4.8881,-6.74,5094376,75.2436,75.8111,66.0945
2025/04/07,72.5456,4.1315,+6.04,7371676,67.1597,75.8110,65.4772
2025/04/04,68.4141,6.3417,-8.48,6777564,70.7835,72.1076,66.8212
2025/04/03,74.7558,8.4920,-10.20,5096543,78.3397,79.3751,74.0589
2025/04/02,83.2478,1.0055,+1.22,1740657,81.3861,84.5108,80.7390
2025/04/01,82.2423,0.0100,+0.01,3059560,81.5155,82.4016,80.1118
2025/03/31,82.2323,0.1792,-0.22,2838062,80.9978,82.6305,79.2457
2025/03/28,82.4115,2.8871,-3.38,2374525,85.3882,85.9059,82.1029
2025/03/27,85.2986,2.3196,-2.65,2171137,86.7919,87.5486,84.8655
2025/03/26,87.6182,1.9314,-2.16,2210763,89.2310,89.9329,86.9313
2025/03/25,89.5496,1.0453,-1.15,1950975,89.8433,90.8836,89.0717
2025/03/24,90.5949,3.4744,+3.99,3221137,89.3605,90.8040,89.1763
2025/03/21,87.1205,0.6670,-0.76,5957224,86.2026,87.9965,84.9800
2025/03/20,87.7875,0.3285,-0.37,2482282,87.2399,88.9722,87.1852
2025/03/19,88.1160,0.3584,-0.41,2932717,88.2952,90.0573,87.0707
2025/03/18,88.4744,1.2942,-1.44,3691203,88.3251,89.2599,87.4490
2025/03/17,89.7686,3.4147,+3.95,3579137,86.7621,90.4556,86.7621
2025/03/14,86.3539,1.4037,+1.65,5453421,85.5575,86.5231,83.6360
2025/03/13,84.9502,1.4037,-1.63,4490482,85.8362,87.2748,83.5564
2025/03/12,86.3539,0.3285,-0.38,7146154,88.6287,88.6387,85.8362
2025/03/11,86.6824,17.8203,-17.05,12294110,91.4810,93.9499,82.6106
2025/03/10,104.5027,3.5542,-3.29,3074206,105.4784,105.5779,101.9790
2025/03/07,108.0569,3.1360,+2.99,2413553,105.6675,108.3541,103.8863
2025/03/06,104.9209,4.7985,-4.37,3467133,106.4938,109.1804,104.6620
2025/03/05,109.7194,2.9667,+2.78,2399456,107.5193,110.1973,106.1753
2025/03/04,106.7527,1.4436,+1.37,3559552,105.6576,109.1719,102.7605
2025/03/03,105.3091,4.0619,-3.71,3747905,110.4661,111.1928,104.4574
2025/02/28,109.3710,1.0453,+0.96,2844266,108.9031,110.8593,106.9418
2025/02/27,108.3257,5.9732,-5.23,3041938,115.0357,115.9018,108.2460
2025/02/26,114.2989,3.4446,+3.11,3434749,112.4970,116.2204,111.8499
2025/02/25,110.8543,2.2201,-1.96,2302792,113.5821,113.9903,110.4661
2025/02/24,113.0744,2.3196,-2.01,2259133,115.6031,115.9715,112.2780
2025/02/21,115.3940,2.6283,-2.23,2505122,118.8038,120.0980,114.1197
2025/02/20,118.0223,2.6382,+2.29,2435090,115.6479,118.2314,115.5434
2025/02/19,115.3841,0.8164,+0.71,1590704,114.0899,116.0810,113.9206
2025/02/18,114.5677,1.8218,+1.62,2619260,114.1496,115.4438,113.0595
2025/02/14,112.7459,0.5277,+0.47,1846815,111.7603,113.1342,111.5711
2025/02/13,112.2182,1.2928,+1.17,1765137,111.1541,112.5862,110.5574
2025/02/12,110.9254,1.1735,-1.05,1601407,109.1751,111.3133,108.7972
2025/02/11,112.0989,1.3326,-1.17,1706751,112.4072,114.0829,111.6414
2025/02/10,113.4315,0.8254,+0.73,1558407,114.1774,114.4260,112.2083
2025/02/07,112.6061,0.8354,-0.74,1949083,113.4514,113.9785,110.8856
2025/02/06,113.4415,1.4520,+1.30,2245791,112.2580,113.4912,111.0746
2025/02/05,111.9895,0.9348,+0.84,2861092,110.1597,112.7553,109.9207
2025/02/04,111.0547,0.5768,+0.52,3072426,110.8757,111.8652,109.4237
2025/02/03,110.4779,4.6741,-4.06,3420446,111.9597,112.4967,109.0657
2025/01/31,115.1520,0.7061,+0.62,3727835,113.1630,118.2349,110.5475
2025/01/30,114.4459,6.9316,-5.71,8887839,101.4380,116.8128,100.2148
2025/01/29,121.3775,0.1044,+0.09,2762627,122.2228,122.8245,120.2736
2025/01/28,121.2731,1.6658,+1.39,2904667,119.8460,122.4864,117.8968
2025/01/27,119.6073,9.5968,-7.43,5309633,123.8757,124.6991,117.4989
2025/01/24,129.2041,1.8995,-1.45,2266503,131.2727,131.5931,128.5577
2025/01/23,131.1036,2.9536,-2.20,2226521,131.3522,131.8815,129.1246
2025/01/22,134.0572,2.4862,+1.89,2275010,132.0683,135.4893,131.6605
2025/01/21,131.5710,6.0664,-4.41,4105904,134.2561,134.7534,129.4627
2025/01/17,137.6374,0.8254,+0.60,2266343,139.2286,139.2286,136.9512
2025/01/16,136.8120,2.6255,+1.96,1992406,136.6628,138.9899,134.8230
2025/01/15,134.1865,0.7458,+0.56,1881570,135.4893,136.9015,133.9479
2025/01/14,133.4407,0.9547,+0.72,1307274,133.5003,134.9399,131.5412
2025/01/13,132.4860,0.9447,-0.71,1311767,130.7357,132.9094,128.9059
2025/01/10,133.4307,2.9636,-2.17,1939455,135.5390,135.5390,131.6705
2025/01/08,136.3943,1.6608,-1.20,2190510,137.1402,137.8313,133.8683
2025/01/07,138.0551,1.1735,-0.84,3246350,140.4916,143.3657,136.6230
2025/01/06,139.2286,9.3482,+7.20,3910027,134.7882,139.8850,134.5644
2025/01/03,129.8804,4.0177,+3.19,2142602,126.3002,130.6660,125.5146
2025/01/02,125.8627,0.6365,+0.51,1766600,126.0615,127.7373,125.0372
2024/12/31,125.2262,0.7757,-0.62,1290550,126.1113,127.4041,124.5599
2024/12/30,126.0019,1.8298,-1.43,1904299,125.2759,127.5533,123.9831
2024/12/27,127.8317,2.2874,-1.76,1649331,128.9058,129.3235,126.9118
2024/12/26,130.1191,0.8752,+0.68,1405715,128.9257,131.1533,128.1798
2024/12/24,129.2439,1.4818,+1.16,720865,128.2096,129.4493,127.6925
2024/12/23,127.7621,2.5061,+2.00,2092283,125.3903,128.1599,125.0770
2024/12/20,125.2560,0.7558,+0.61,7189447,123.9234,128.3290,122.7797
2024/12/19,124.5002,1.4122,+1.15,3313435,127.1853,129.3831,124.0427
2024/12/18,123.0880,4.2167,-3.31,3487179,129.2240,132.6053,122.2626
2024/12/17,127.3047,1.4619,-1.14,2298418,128.3091,129.5622,126.0317
2024/12/16,128.7666,6.2255,+5.08,3387599,127.2152,129.4826,124.3411
2024/12/13,122.5411,2.2575,+1.88,3975840,122.2427,123.7344,121.1388
2024/12/12,120.2836,0.7459,+0.62,2269265,118.6924,120.8952,117.1410
2024/12/11,119.5377,3.1525,+2.71,2374145,118.1255,120.6913,117.2603
2024/12/10,116.3852,2.5160,-2.12,2371943,120.4825,120.4825,115.4950
2024/12/09,118.9012,1.0442,+0.89,2844728,118.4537,121.9394,117.0515
2024/12/06,117.8570,4.7636,+4.21,3486001,114.3564,119.1200,113.8691
2024/12/05,113.0934,3.1525,-2.71,1935116,115.5697,116.4349,112.4072
2024/12/04,116.2459,1.4121,+1.23,2643396,117.3598,117.4592,114.0289
2024/12/03,114.8338,2.2575,+2.01,2684569,110.9453,115.4603,110.6121
2024/12/02,112.5763,3.1824,+2.91,2801165,109.4337,113.2227,109.4337
2024/11/29,109.3939,1.8995,+1.77,1445387,109.3442,111.7011,109.2049
2024/11/27,107.4944,0.9647,-0.89,1378300,108.9265,109.1751,105.5452
2024/11/26,108.4591,1.6011,-1.45,1778148,111.4923,111.5121,107.4745
2024/11/25,110.0602,2.5658,+2.39,2130142,110.1099,111.6613,108.7326
2024/11/22,107.4944,2.6722,+2.55,1662584,104.4249,107.5342,104.3752
2024/11/21,104.8222,1.9272,+1.87,2585641,103.8487,105.2643,102.7162
2024/11/20,102.8950,0.7748,+0.76,2331082,101.6136,103.1036,101.2063
2024/11/19,102.1202,1.3411,-1.30,2045340,102.9546,103.3619,101.6235
2024/11/18,103.4613,1.5596,+1.53,2884445,101.7228,103.6699,101.5838
2024/11/15,101.9017,3.9139,-3.70,3112457,103.3123,104.5639,101.5738
2024/11/14,105.8156,0.1391,+0.13,1512711,107.2759,107.4348,105.4778
2024/11/13,105.6765,1.9371,-1.80,1792770,106.3719,107.9216,105.2990
2024/11/12,107.6136,0.4769,-0.44,2228141,109.1832,109.5011,106.4514
2024/11/11,108.0905,2.0662,-1.88,2040771,109.7991,109.8984,106.2924
2024/11/08,110.1567,0.7450,-0.67,1732643,109.4911,110.5441,108.8007
2024/11/07,110.9017,2.6225,+2.42,1772866,110.4050,111.6964,109.8785
2024/11/06,108.2792,3.5265,+3.37,2265113,107.5838,109.1136,106.4315
2024/11/05,104.7527,1.1722,+1.13,3287456,103.5308,104.8619,103.0341
2024/11/04,103.5805,2.2053,-2.08,1842842,104.2361,105.4282,103.3768
2024/11/01,105.7858,0.2782,+0.26,2367733,105.9745,107.1269,105.4083
2024/10/31,105.5076,3.2484,-2.99,3415233,108.3388,109.0938,104.8321
2024/10/30,108.7560,3.7352,-3.32,2880419,110.7428,112.0243,108.6964
2024/10/29,112.4912,1.8974,+1.72,2299746,110.5938,113.0475,110.2660
2024/10/28,110.5938,0.4172,-0.38,2689859,111.1103,111.3935,109.4911
2024/10/25,111.0110,1.0232,+0.93,3597492,110.4547,112.7693,110.2560
2024/10/24,109.9878,13.6194,-11.02,7195580,117.4184,117.5127,108.8057
2024/10/23,123.6072,0.9238,-0.74,2840468,123.7860,125.7131,121.7247
2024/10/22,124.5310,0.5662,-0.45,2232258,124.7198,125.4251,124.1337
2024/10/21,125.0972,0.1093,-0.09,2318477,124.8588,125.5542,123.7065
2024/10/18,125.2065,1.1623,-0.92,1740904,126.9847,127.2877,124.4019
2024/10/17,126.3688,0.2086,+0.17,1928675,129.3291,129.8854,126.2794
2024/10/16,126.1602,0.3576,-0.28,1476145,130.0145,130.0145,125.9317
2024/10/15,126.5178,6.2385,-4.70,2862517,132.6470,134.4649,125.7429
2024/10/14,132.7563,1.7186,+1.31,1433195,130.8092,133.2728,130.7347
2024/10/11,131.0377,2.9504,+2.30,1194695,127.4516,131.3556,127.4516
2024/10/10,128.0873,1.5199,-1.17,993039,127.6304,128.5244,126.4287
2024/10/09,129.6072,1.0629,+0.83,1443918,128.2860,130.4247,128.2512
2024/10/08,128.5443,0.1093,-0.08,1079003,128.9118,129.4582,127.4416
2024/10/07,128.6536,0.9834,-0.76,933428,128.4748,130.2082,127.3920
2024/10/04,129.6370,1.4801,+1.15,1255402,131.1271,131.4052,128.3953
2024/10/03,128.1569,2.4139,-1.85,1419065,128.7926,131.6238,127.5211
2024/10/02,130.5708,2.4338,+1.90,1316616,128.8224,133.1139,128.0546
2024/10/01,128.1370,4.9073,-3.69,2264522,131.9218,132.9649,126.9747
2024/09/30,133.0443,0.7053,-0.53,1270332,132.0510,133.4119,130.5013
2024/09/27,133.7496,2.7517,-2.02,1713266,136.8093,137.5146,132.8357
2024/09/26,136.5013,6.7351,+5.19,2115405,135.8556,137.4947,132.1205
2024/09/25,129.7662,0.3874,-0.30,1748104,128.9913,131.5046,128.7380
2024/09/24,130.1536,1.3212,+1.03,971907,130.6900,130.9781,128.5542
2024/09/23,128.8324,0.7351,+0.57,1123419,129.1304,129.6668,128.0575
2024/09/20,128.0973,4.8378,-3.64,4363296,131.3357,131.7927,127.2430
2024/09/19,132.9351,5.9206,+4.66,2539342,133.0940,135.0708,130.5211
2024/09/18,127.0145,1.8377,-1.43,1370486,129.6966,131.3059,126.7860
2024/09/17,128.8522,1.7185,+1.35,1150473,128.7628,130.7651,127.8191
2024/09/16,127.1337,3.2285,-2.48,1987289,127.4913,128.6585,123.7661
2024/09/13,130.3622,3.0199,+2.37,1130196,128.3158,131.3655,127.9830
2024/09/12,127.3423,3.2980,-2.52,1488552,130.0940,130.5708,126.4433
2024/09/11,130.6403,6.0994,+4.90,2662254,124.9482,130.9880,123.5376
2024/09/10,124.5409,1.1622,+0.94,910680,123.8754,124.7893,121.1038
2024/09/09,123.3787,2.7318,+2.26,1629576,123.0608,124.0095,121.1436
2024/09/06,120.6469,4.6192,-3.69,2313904,124.0840,125.0327,119.0177
2024/09/05,125.2661,0.5364,-0.43,1325909,123.1999,127.1734,123.1303
2024/09/04,125.8025,2.2032,+1.78,1644634,122.7061,127.4302,121.7037
2024/09/03,123.5993,12.0979,-8.92,3218208,132.4817,133.3005,122.8550
2024/08/30,135.6972,2.7490,+2.07,1508478,135.8064,136.7691,133.4742
2024/08/29,132.9482,1.6376,+1.25,1507623,133.1467,137.0470,131.8168
2024/08/28,131.3106,2.6499,-1.98,1363000,133.1268,134.7445,129.6036
2024/08/27,133.9605,1.9651,+1.49,1074347,131.0923,135.0224,129.6433
2024/08/26,131.9954,2.9178,-2.16,1661367,134.4368,134.7643,131.5190
2024/08/23,134.9132,4.7042,+3.61,1861143,132.7993,136.4813,132.0053
2024/08/22,130.2090,4.1782,-3.11,1828931,134.8239,135.1458,129.5540
2024/08/21,134.3872,3.6522,+2.79,1420164,132.2435,135.5583,131.2163
2024/08/20,130.7350,2.2330,-1.68,1684657,131.6828,133.5280,129.1372
2024/08/19,132.9680,0.8535,+0.65,1358126,131.3602,133.1367,129.3059
2024/08/16,132.1145,1.3795,+1.06,1348417,130.4075,132.4817,128.5615
2024/08/15,130.7350,6.4310,+5.17,2185947,128.1844,131.4496,126.8843
2024/08/14,124.3040,1.8161,-1.44,1333752,126.5667,127.3805,122.5771
2024/08/13,126.1201,4.7240,+3.89,1743591,122.7061,126.4377,121.9915
2024/08/12,121.3961,0.5955,+0.49,997056,121.7236,122.8947,119.5799
2024/08/09,120.8006,1.1513,-0.94,1198034,120.8105,122.3091,119.1035
2024/08/08,121.9519,8.5649,+7.55,2272436,117.4164,122.1503,114.4490
2024/08/07,113.3870,4.0393,-3.44,2619674,121.0686,122.2496,112.6427
2024/08/06,117.4263,1.9154,+1.66,1636190,116.2056,121.2770,115.4513
2024/08/05,115.5109,0.8733,-0.75,2746882,110.3204,118.7165,108.3256
2024/08/02,116.3842,4.4363,-3.67,3549383,118.8455,119.0936,114.8410
2024/08/01,120.8205,9.3488,-7.18,3980811,127.7974,130.6209,118.7462
2024/07/31,130.1693,9.7458,+8.09,4474586,125.7926,130.5861,124.9788
2024/07/30,120.4235,6.5402,-5.15,2833910,127.6187,127.7279,119.1929
2024/07/29,126.9637,1.4589,+1.16,1757558,127.4004,129.2860,126.1797
2024/07/26,125.5048,2.1089,+1.71,2637101,124.2146,125.6338,122.1007
2024/07/25,123.3959,19.0599,-13.38,6588768,127.4718,128.9888,119.4410
2024/07/24,142.4558,8.6641,-5.73,3174185,148.4899,149.5617,142.0985
2024/07/23,151.1199,2.1734,-1.42,1319040,150.6931,152.9757,150.4202
2024/07/22,153.2933,7.9793,+5.49,2269216,149.8595,154.0079,147.9738
2024/07/19,145.3140,3.0766,-2.07,2016234,147.8944,149.1449,144.8972
2024/07/18,148.3906,2.8087,-1.86,2968094,150.6832,152.3703,146.0286
2024/07/17,151.1993,10.5695,-6.53,3165707,157.4517,158.4739,151.0107
2024/07/16,161.7688,3.4835,+2.20,1483297,159.9923,161.9723,157.7643
2024/07/15,158.2853,3.1361,+2.02,2129600,155.9928,159.9328,155.8935
2024/07/12,155.1492,1.5184,+0.99,1921978,154.8018,157.6601,153.3926
2024/07/11,153.6308,4.2972,-2.72,2098543,160.0023,160.0023,153.3032
2024/07/10,157.9280,5.6073,+3.68,1796836,153.1941,158.4044,152.6582
2024/07/09,152.3207,0.6848,-0.45,1232639,153.4720,154.9309,151.9436
2024/07/08,153.0055,2.9476,+1.96,1530517,151.0107,153.7300,150.6733
2024/07/05,150.0579,0.4963,-0.33,936970,151.5168,151.5168,148.7678
2024/07/03,150.5542,2.0842,+1.40,997710,148.8670,151.5168,147.7158
2024/07/02,148.4700,1.8161,+1.24,1212845,145.8897,149.6014,144.3315
2024/07/01,146.6539,0.5160,-0.35,1168492,146.8821,147.6463,144.3514
2024/06/28,147.1699,0.7145,+0.49,2847814,147.7307,150.3755,145.2644
2024/06/27,146.4554,0.6948,+0.48,1375831,145.8897,147.1302,144.7285
2024/06/26,145.7606,0.6948,-0.47,1353655,146.1576,146.8821,143.6765
2024/06/25,146.4554,2.0246,+1.40,2032144,144.7087,146.8970,143.1902
2024/06/24,144.4308,2.8979,-1.97,1799258,145.6217,147.7704,144.1727
2024/06/21,147.3287,0.4962,+0.34,6222744,146.4851,148.4105,145.1652
2024/06/20,146.8325,3.7713,-2.50,3318695,149.3831,149.7007,145.0759
2024/06/18,150.6038,6.9571,+4.84,2915429,146.1973,150.8023,145.8698
2024/06/17,143.6467,0.3176,-0.22,2470703,143.4780,143.8948,140.4315
2024/06/14,143.9643,2.5605,-1.75,1068280,143.7857,145.4034,143.5971
2024/06/13,146.5248,1.2108,-0.82,1292359,144.3414,146.9466,143.7658
2024/06/12,147.7356,4.3767,+3.05,2593072,146.3660,151.0802,145.9889
2024/06/11,143.3589,1.3596,+0.96,1248120,140.9374,143.4681,140.1434
2024/06/10,141.9993,2.1636,+1.55,1478908,138.2478,143.0810,138.2478
2024/06/07,139.8357,2.3124,-1.63,1262686,141.7412,143.3391,138.3768
2024/06/06,142.1481,2.1437,-1.49,1329129,143.1704,143.6170,141.7313
2024/06/05,144.2918,5.7264,+4.13,2199480,140.9274,144.4407,139.9945
2024/06/04,138.5654,1.3894,-0.99,2603127,139.2899,140.7091,137.5233
2024/06/03,139.9548,0.0794,+0.06,1743682,142.7535,144.5399,137.9005
2024/05/31,139.8754,0.3275,-0.23,3237237,140.2625,141.5824,134.9281
2024/05/30,140.2029,0.5955,-0.42,2291849,141.0068,141.5824,139.0716
2024/05/29,140.7984,3.3346,-2.31,2095630,141.3542,143.0314,140.6495
2024/05/28,144.1330,1.2107,+0.85,2103594,143.1307,145.4183,141.9596
2024/05/24,142.9223,3.7316,+2.68,2150478,140.1236,143.9147,140.1236
2024/05/23,139.1907,2.5902,-1.83,2309977,144.1231,144.5399,137.8806
2024/05/22,141.7809,2.5704,+1.85,2078014,139.6670,141.9298,138.6299
2024/05/21,139.2105,0.8734,+0.63,1928394,136.7095,139.5777,136.3523
2024/05/20,138.3371,7.5361,+5.76,3435136,133.8651,139.0412,133.5577
2024/05/17,130.8010,0.4164,+0.32,1984804,131.4753,132.3331,129.7995
2024/05/16,130.3846,0.4561,-0.35,2428293,130.6226,131.6439,130.0673
2024/05/15,130.8407,4.7993,+3.81,3380125,128.2427,131.5348,127.4395
2024/05/14,126.0414,2.2410,+1.81,1753593,123.7607,126.3081,123.7607
2024/05/13,123.8004,1.9138,+1.57,2225047,121.9659,124.8812,121.8717
2024/05/10,121.8866,0.3074,+0.25,1398003,122.6799,123.0567,121.2123
2024/05/09,121.5792,2.1616,+1.81,1943384,119.5465,122.0651,119.2490
2024/05/08,119.4176,0.6544,-0.55,1810226,117.9996,119.7448,117.4740
2024/05/07,120.0720,0.8528,-0.71,2773830,122.0056,122.6105,119.7646
2024/05/06,120.9248,1.4973,+1.25,2096200,120.1811,121.2520,119.1548
2024/05/03,119.4275,3.0244,+2.60,2717022,119.0507,120.8355,118.0987
2024/05/02,116.4031,3.6193,+3.21,2489854,114.8959,116.6113,113.0466
2024/05/01,112.7838,2.5583,-2.22,3388629,114.0828,116.2445,110.8502
2024/04/30,115.3421,1.9534,-1.67,2357497,116.3833,117.8310,115.2727
2024/04/29,117.2955,4.1250,+3.64,2203784,113.1804,117.6426,113.0416
2024/04/26,113.1705,5.1761,+4.79,5249650,109.5115,113.7060,109.3430
2024/04/25,107.9944,8.1410,+8.15,7943347,106.5169,108.9166,103.1257
2024/04/24,99.8534,0.8428,+0.85,2457987,101.2317,101.8069,98.6338
2024/04/23,99.0106,2.0725,+2.14,1944187,97.2257,99.5064,97.2257
2024/04/22,96.9381,1.7749,+1.87,2322435,96.2837,97.8702,95.3913
2024/04/19,95.1632,4.1944,-4.22,2944781,99.2882,99.8138,94.9946
2024/04/18,99.3576,1.8543,-1.83,2131770,100.5674,101.6978,99.1791
2024/04/17,101.2119,2.8360,-2.73,2256543,103.7405,104.0429,100.6864
2024/04/16,104.0479,0.5058,+0.49,1280125,104.0776,105.2973,103.0166
2024/04/15,103.5421,1.4379,-1.37,1618780,106.5368,107.0772,103.0662
2024/04/12,104.9800,3.5598,-3.28,1856968,106.7053,107.8060,104.3553
2024/04/11,108.5398,3.0343,+2.88,1921483,106.7747,108.6092,104.9304
2024/04/10,105.5055,4.7497,-4.31,1529847,107.4391,108.1679,104.8808
2024/04/09,110.2552,3.3416,+3.13,1451628,108.0241,110.3246,107.7911
2024/04/08,106.9136,0.5454,+0.51,1164472,107.0524,108.2423,106.7599
2024/04/05,106.3682,1.3089,+1.25,1153592,104.9800,106.8243,104.8114
2024/04/04,105.0593,2.8756,-2.66,2496875,109.7297,110.1164,104.7221
2024/04/03,107.9349,1.2792,-1.17,1609303,108.0440,109.4867,107.5680
2024/04/02,109.2141,2.7863,-2.49,1197344,110.3346,110.7461,108.3613
2024/04/01,112.0004,0.1190,+0.11,1358038,111.9013,113.8646,110.9394
2024/03/28,111.8814,1.2791,+1.16,2064299,110.7014,112.3277,110.6320
2024/03/27,110.6023,3.3714,+3.14,1267176,108.0737,110.7411,107.6077
2024/03/26,107.2309,0.7536,-0.70,1747428,108.2621,109.2934,107.0821
2024/03/25,107.9845,1.8344,-1.67,1575089,107.8754,109.3231,107.7068
2024/03/22,109.8189,0.6941,-0.63,1828069,109.9875,111.3262,109.7396
2024/03/21,110.5130,4.3035,+4.05,2584434,108.4406,112.0500,107.9349
2024/03/20,106.2095,3.5995,+3.51,2455884,103.2744,106.8937,103.2744
2024/03/19,102.6100,0.6147,+0.60,2272409,100.9640,102.9174,100.6484
2024/03/18,101.9953,0.1983,-0.19,1782174,103.3736,104.3553,101.8267
2024/03/15,102.1936,0.7833,-0.76,3438629,101.7474,103.4628,101.6715
2024/03/14,102.9769,1.5866,-1.52,1660651,104.9403,105.3369,101.8763
2024/03/13,104.5635,2.7269,-2.54,1823722,105.7931,107.4094,103.9289
2024/03/12,107.2904,1.8345,+1.74,1518188,106.1401,107.5085,104.3690
2024/03/11,105.4559,0.2280,+0.22,1578860,104.9205,105.7038,103.6810
2024/03/08,105.2279,3.8374,-3.52,1646525,109.6305,109.9875,105.1882
2024/03/07,109.0653,3.2127,+3.04,1590138,106.3285,109.6206,106.1401
2024/03/06,105.8526,2.9649,+2.88,1510140,105.0989,106.8689,104.8709
2024/03/05,102.8877,2.0526,-1.96,1275705,103.8297,104.5337,101.5689
2024/03/04,104.9403,0.0496,-0.05,1262871,105.7435,106.0261,104.5437
2024/03/01,104.9899,2.2708,+2.21,2025923,103.1852,105.8922,101.8961
2024/02/29,102.7191,3.2127,+3.23,2412204,101.0532,102.9670,100.5575
2024/02/28,99.5064,0.0794,+0.08,1236640,98.1578,99.8435,97.9297
2024/02/27,99.4270,1.8642,-1.84,1689670,102.0448,102.0448,99.1990
2024/02/26,101.2912,1.9931,+2.01,1283568,100.0517,101.6978,99.3477
2024/02/23,99.2981,2.3204,-2.28,1463498,101.6284,101.8564,99.1891
2024/02/22,101.6185,2.8757,+2.91,1874248,100.6566,102.4712,99.5014
2024/02/21,98.7428,0.5851,-0.59,1120257,97.4438,98.7726,96.9828
2024/02/20,99.3279,2.0526,-2.02,1458491,99.7642,100.9491,98.0091
2024/02/16,101.3805,0.3173,-0.31,1622484,102.3027,103.2199,100.7756
2024/02/15,101.6978,1.1007,+1.09,2133798,102.7191,103.0711,100.8450
2024/02/14,100.5971,2.6345,+2.69,1468128,99.2402,100.8348,99.0620
2024/02/13,97.9626,3.9617,-3.89,1904613,98.4083,99.1065,96.5364
2024/02/12,101.9243,0.5943,+0.59,1375249,101.2706,103.7665,100.9289
2024/02/09,101.3300,3.8032,+3.90,1669906,98.3687,101.4390,97.8636
2024/02/08,97.5268,0.9508,+0.98,1906287,96.4671,98.6163,96.4671
2024/02/07,96.5760,0.2377,-0.25,1393629,97.6952,97.6952,95.3875
2024/02/06,96.8137,1.4856,+1.56,1558306,95.7441,96.8533,95.3033
2024/02/05,95.3281,0.1188,-0.12,1976698,95.3875,96.2393,93.7335
2024/02/02,95.4469,1.2182,+1.29,1826478,94.0405,95.7639,92.9709
2024/02/01,94.2287,1.4361,-1.50,2924382,96.1996,96.1996,92.4757
2024/01/31,95.6648,7.9234,-7.65,6377236,94.5754,97.8437,91.4061
2024/01/30,103.5882,1.4658,-1.40,2131544,103.8853,105.4155,103.3208
2024/01/29,105.0540,0.6041,+0.58,1737708,103.2118,105.3165,103.0930
2024/01/26,104.4499,4.4469,-4.08,2115980,107.6984,107.7777,103.8135
2024/01/25,108.8968,0.7132,-0.65,2027265,111.6007,111.6304,108.7087
2024/01/24,109.6100,0.5645,-0.51,1939672,110.9767,112.5119,109.4020
2024/01/23,110.1745,1.1390,+1.04,1184677,109.5406,110.4419,108.3422
2024/01/22,109.0355,1.3569,+1.26,1845624,108.9464,110.8876,107.9460
2024/01/19,107.6786,2.6741,+2.55,1953288,106.2128,108.0302,104.6281
2024/01/18,105.0045,3.1297,+3.07,2439952,103.7962,105.4106,103.3406
2024/01/17,101.8748,1.2182,-1.18,1379356,101.4984,102.0134,99.7850
2024/01/16,103.0930,0.7131,-0.69,1687142,102.9939,104.3013,102.2214
2024/01/12,103.8061,0.2872,-0.28,1202595,103.9943,105.0986,102.6176
2024/01/11,104.0933,0.2179,+0.21,1820990,103.8259,104.6677,101.9738
2024/01/10,103.8754,0.3566,-0.34,1159230,104.4499,104.4895,102.3007
2024/01/09,104.2320,0.6437,-0.61,1065273,103.3604,104.7866,103.1623
2024/01/08,104.8757,3.0901,+3.04,1435388,102.1917,105.0243,102.0827
2024/01/05,101.7856,1.1786,+1.17,1418049,100.7259,102.1818,100.5971
2024/01/04,100.6070,0.1684,-0.17,1455952,99.2303,101.5479,98.9926
2024/01/03,100.7754,2.9911,-2.88,1390135,101.7262,102.1026,100.1118
2024/01/02,103.7665,3.7140,-3.46,2406917,105.9751,105.9751,102.6473
2023/12/29,107.4805,1.9017,-1.74,1378997,108.8869,109.5826,107.3122
2023/12/28,109.3822,0.3070,-0.28,883016,110.0061,110.1151,108.8671
2023/12/27,109.6892,0.3962,+0.36,1273977,109.9368,110.1794,108.7384
2023/12/26,109.2930,2.6939,+2.53,1402481,107.0448,109.7882,107.0448
2023/12/22,106.5991,1.0301,+0.98,840288,105.9751,106.7873,105.5294
2023/12/21,105.5690,2.9514,+2.88,1829671,104.9748,105.9946,104.6677
2023/12/20,102.6176,2.2482,-2.14,1888787,104.0636,105.7374,102.4393
2023/12/19,104.8658,0.5942,+0.57,1392858,104.9847,105.9157,104.4647
2023/12/18,104.2716,0.1189,+0.11,2581540,104.0636,104.4598,102.6473
2023/12/15,104.1527,0.2278,-0.22,4654486,103.1821,105.2323,103.1029
2023/12/14,104.3805,7.1607,+7.37,3716285,98.5370,104.6479,98.5370
2023/12/13,97.2198,1.8026,+1.89,1416745,95.2587,98.0814,94.6249
2023/12/12,95.4172,0.3863,-0.40,921803,95.4172,96.2393,95.1696
2023/12/11,95.8035,4.3975,+4.81,2243643,92.4658,96.4076,92.4658
2023/12/08,91.4060,0.3169,-0.35,1704609,91.3763,92.6737,90.9603
2023/12/07,91.7229,1.3766,+1.52,1344814,91.0296,92.1389,90.2373
2023/12/06,90.3463,0.0198,-0.02,1616637,91.7824,92.3494,90.2472
2023/12/05,90.3661,1.9016,-2.06,1365731,91.3268,91.3367,89.3756
2023/12/04,92.2677,0.6933,-0.75,1394761,92.2281,92.5499,90.3958
2023/12/01,92.9610,1.6144,+1.77,943591,90.8811,93.0144,90.2472
2023/11/30,91.3466,0.5249,-0.57,2092992,92.0498,92.6539,90.4106
2023/11/29,91.8715,1.5054,+1.67,1741420,91.7130,93.2630,91.5843
2023/11/28,90.3661,0.6834,-0.75,1073953,90.5542,91.0990,89.6629
2023/11/27,91.0495,0.5546,-0.61,826441,90.8514,91.5684,90.2571
2023/11/24,91.6041,0.1585,+0.17,476907,91.4951,91.9210,91.2673
2023/11/22,91.4456,0.6727,+0.74,1320594,91.7820,92.9196,90.9807
2023/11/21,90.7729,1.3058,-1.42,1442640,91.7622,92.2123,90.2882
2023/11/20,92.0787,0.9793,+1.07,1683806,91.3269,92.3557,90.9807
2023/11/17,91.0994,1.3355,+1.49,1345381,90.0310,91.1093,89.6056
2023/11/16,89.7639,0.6232,-0.69,2017320,90.2585,90.7977,89.4078
2023/11/15,90.3871,0.7122,+0.79,1386822,90.1299,91.4951,89.4572
2023/11/14,89.6749,3.9867,+4.65,2118161,88.5768,89.8866,88.1910
2023/11/13,85.6882,1.4839,-1.70,1721774,86.4895,86.9643,84.8276
2023/11/10,87.1721,3.1557,+3.76,1817865,85.0848,87.5109,84.2835
2023/11/09,84.0164,1.4344,-1.68,2705833,85.9949,86.0740,83.7493
2023/11/08,85.4508,0.6430,-0.75,1449987,86.0345,86.4401,85.1293
2023/11/07,86.0938,0.5738,-0.66,1298252,86.6379,87.0188,85.8168
2023/11/06,86.6676,0.0890,-0.10,1263799,87.1820,87.4342,85.7080
2023/11/03,86.7566,1.7806,+2.10,1624278,86.2026,87.3897,85.9256
2023/11/02,84.9760,3.1063,+3.79,2302409,82.8788,85.7970,82.8392
2023/11/01,81.8697,0.5046,-0.61,2113939,82.3743,82.6018,80.2029
2023/10/31,82.3743,0.1879,-0.23,1556938,82.4930,83.1614,81.7609
2023/10/30,82.5622,0.3759,-0.45,1674291,82.9183,83.2943,81.0685
2023/10/27,82.9381,1.2663,-1.50,2037496,83.9175,84.3379,81.8697
2023/10/26,84.2044,2.7599,-3.17,2986475,84.4814,88.8241,83.8680
2023/10/25,86.9643,3.6602,-4.04,2752512,89.8826,90.1448,85.5893
2023/10/24,90.6245,0.6825,+0.76,1357507,90.3080,91.1390,89.4671
2023/10/23,89.9420,0.8112,-0.89,1339488,90.0211,91.8116,89.6749
2023/10/20,90.7532,0.9892,-1.08,1277792,91.3368,92.2172,90.5454
2023/10/19,91.7424,1.3256,-1.42,1948214,93.8693,94.1858,91.2774
2023/10/18,93.0680,2.4137,-2.53,1426221,93.6022,94.3837,92.0787
2023/10/17,95.4817,0.4749,-0.49,1557030,94.1265,96.3721,92.8800
2023/10/16,95.9566,1.3850,+1.46,1921382,94.6310,96.2336,94.3886
2023/10/13,94.5716,3.7493,-3.81,1549449,98.4297,98.4692,94.2551
2023/10/12,98.3209,0.1681,-0.17,1147880,98.4989,100.3735,97.4503
2023/10/11,98.4890,0.0297,-0.03,1002286,98.6770,99.3497,97.4701
2023/10/10,98.5187,0.5342,+0.55,1255267,98.1626,99.5426,97.9351
2023/10/09,97.9845,1.6026,-1.61,963802,98.3209,98.4692,96.9112
2023/10/06,99.5871,1.1179,+1.14,1255742,97.6976,100.3092,96.9161
2023/10/05,98.4692,0.7222,-0.73,1081487,98.7067,99.8591,97.2030
2023/10/04,99.1914,1.6916,+1.73,1013599,98.0834,99.6366,97.2822
2023/10/03,97.4998,2.0873,-2.10,1164992,99.0232,99.7652,96.8271
2023/10/02,99.5871,0.2078,+0.21,1372515,99.4288,100.5318,98.5880
2023/09/29,99.3793,0.7716,+0.78,1345751,100.0224,100.4378,99.1815
2023/09/28,98.6077,3.1655,+3.32,1601102,95.3531,99.5871,95.2097
2023/09/27,95.4422,0.6430,+0.68,1869972,95.8082,96.2929,94.4727
2023/09/26,94.7992,0.6034,-0.63,1425912,96.2731,96.5699,94.4925
2023/09/25,95.4026,1.0288,+1.09,977054,93.9781,95.7785,93.9187
2023/09/22,94.3738,0.2077,-0.22,1030914,95.5708,96.0060,94.1561
2023/09/21,94.5815,0.3759,-0.40,1504003,94.3540,95.6103,94.1809
2023/09/20,94.9574,1.7807,-1.84,1173641,97.3514,97.8460,94.8783
2023/09/19,96.7381,1.0189,+1.06,2036166,95.6301,97.0645,95.0761
2023/09/18,95.7192,1.2564,+1.33,1252943,94.1067,95.8972,93.8989
2023/09/15,94.4628,2.4434,-2.52,3311190,96.0654,96.3028,93.8693
2023/09/14,96.9062,0.2967,+0.31,1145563,97.8658,97.9548,96.4697
2023/09/13,96.6095,0.1681,-0.17,1638541,95.9961,97.7804,95.9566
2023/09/12,96.7776,1.0585,-1.08,1248415,97.5097,98.7067,96.7381
2023/09/11,97.8361,0.7914,-0.80,1419422,99.9135,99.9135,96.5600
2023/09/08,98.6275,0.0099,+0.01,1684841,98.3901,99.4585,97.9153
2023/09/07,98.6176,5.8267,-5.58,3259324,102.2185,102.8813,97.7570
2023/09/06,104.4443,1.0288,-0.98,1479567,104.8795,106.3238,103.7518
2023/09/05,105.4731,1.8202,-1.70,1383128,106.7096,106.8185,104.7856
2023/09/01,107.2933,0.5837,+0.55,631393,107.8473,107.9957,106.4292
2023/08/31,106.7096,0.6034,+0.57,1638764,105.5127,107.2537,105.5127
2023/08/30,106.1062,0.0000,0,920021,105.6911,106.9956,104.9104
2023/08/29,106.1062,2.7670,+2.68,1452974,102.5486,106.3928,102.5486
2023/08/28,103.3392,0.7807,+0.76,928679,103.2305,104.3768,102.5683
2023/08/25,102.5585,1.6504,+1.64,1300852,101.4516,103.1217,100.4140
2023/08/24,100.9081,3.1722,-3.05,1604900,105.3255,105.3255,100.6314
2023/08/23,104.0803,2.5397,+2.50,1120442,101.4121,104.6733,101.4121
2023/08/22,101.5406,0.0099,+0.01,853366,103.0032,103.0625,100.8785
2023/08/21,101.5307,1.6602,+1.66,1266051,99.9199,101.8667,99.6432
2023/08/18,99.8705,0.4348,+0.44,1401986,98.4079,100.3448,98.2201
2023/08/17,99.4357,0.6225,-0.62,1084754,100.4140,100.8291,99.1441
2023/08/16,100.0582,0.6127,-0.61,1421530,100.9773,101.8667,99.9989
2023/08/15,100.6709,2.8363,-2.74,1393948,102.6276,102.9043,100.4832
2023/08/14,103.5072,2.9746,+2.96,1480841,100.5326,103.5269,100.0978
2023/08/11,100.5326,4.6348,-4.41,1794516,103.0723,103.1514,100.2262
2023/08/10,105.1674,0.0593,-0.06,1782839,105.9580,107.7070,105.0290
2023/08/09,105.2267,0.2076,+0.20,1574712,104.9401,106.4224,104.1050
2023/08/08,105.0191,2.6189,-2.43,1705237,105.6220,105.8246,103.2700
2023/08/07,107.6380,1.4923,+1.41,1109074,107.6577,107.7664,106.3631
2023/08/04,106.1457,0.1483,-0.14,1207938,105.9975,107.6676,104.9006
2023/08/03,106.2940,0.2371,-0.22,1672353,105.6615,106.9857,104.6041
2023/08/02,106.5311,3.3897,-3.08,1936048,107.9048,108.2507,105.6220
2023/08/01,109.9208,1.6898,-1.51,1563051,110.6817,111.5612,109.8516
2023/07/31,111.6106,0.6225,+0.56,1509571,110.9386,112.2629,110.2716
2023/07/28,110.9881,1.6702,+1.53,3100630,111.6008,111.6008,108.5612
2023/07/27,109.3179,3.9727,-3.51,4316591,117.1250,117.7970,108.8535
2023/07/26,113.2906,2.5595,-2.21,2757736,113.9824,114.9904,111.8676
2023/07/25,115.8501,2.0654,+1.82,1271664,114.2196,116.6506,114.2196
2023/07/24,113.7847,0.0889,+0.08,1583986,113.9626,115.6229,112.7768
2023/07/21,113.6958,2.7473,+2.48,1793652,112.6088,114.2986,112.0059
2023/07/20,110.9485,3.0042,-2.64,2205637,111.5612,112.2925,110.4854
2023/07/19,113.9527,1.8184,-1.57,1427163,115.7711,116.0181,113.8836
2023/07/18,115.7711,0.8894,+0.77,1326295,115.4252,116.2553,114.3678
2023/07/17,114.8817,3.1228,+2.79,1810737,112.2036,115.8699,112.0751
2023/07/14,111.7589,0.9190,-0.82,1773106,112.9942,113.6167,111.3537
2023/07/13,112.6779,2.7473,+2.50,2001044,110.6817,113.0040,110.4890
2023/07/12,109.9306,1.7985,+1.66,1360815,109.9306,110.1382,108.6460
2023/07/11,108.1321,0.0000,0,1175578,108.5076,108.5471,106.0864
2023/07/10,108.1321,3.0438,+2.90,1156141,105.2860,108.1518,105.2860
2023/07/07,105.0883,0.7017,-0.66,2013995,105.9777,106.9363,104.9599
2023/07/06,105.7900,1.0277,-0.96,1813456,105.2464,106.1754,104.8314
2023/07/05,106.8177,3.3995,-3.08,1923466,109.0907,109.2191,106.5608
2023/07/03,110.2172,0.1976,+0.18,647021,110.4445,110.7624,108.2309
2023/06/30,110.0196,1.9073,+1.76,2300536,108.9424,111.2401,108.5965
2023/06/29,108.1123,1.7294,+1.63,1637498,106.8177,108.4977,106.0568
2023/06/28,106.3829,2.6089,-2.39,1645860,107.2328,108.1222,106.2248
2023/06/27,108.9918,4.2494,+4.06,2199878,105.3749,109.1598,104.2582
2023/06/26,104.7424,0.8202,+0.79,1567234,104.1890,106.3286,104.0606
2023/06/23,103.9222,2.6089,-2.45,2187233,104.7128,105.7504,103.8036
2023/06/22,106.5311,0.9042,+0.86,1710399,105.0093,106.5608,104.4064
2023/06/21,105.6269,1.7838,-1.66,1467894,106.2149,107.6973,105.5034
2023/06/20,107.4107,2.3421,-2.13,1815293,109.7528,110.6718,106.5015
2023/06/16,109.7528,0.9586,+0.88,3421739,109.9405,110.4495,108.7547
2023/06/15,108.7942,0.2668,-0.24,1571909,107.4403,109.5452,107.3316
2023/06/14,109.0610,1.0179,-0.92,1877357,109.1203,110.8497,108.1420
2023/06/13,110.0789,1.9073,+1.76,2163014,109.7429,110.8398,109.1598
2023/06/12,108.1716,4.3877,+4.23,2225309,105.1575,108.3396,104.5448
2023/06/09,103.7839,0.3459,+0.33,1618111,104.6733,105.2366,103.4775
2023/06/08,103.4380,0.4447,+0.43,1143176,103.3095,103.7295,101.7778
2023/06/07,102.9933,1.1365,+1.12,1584788,102.9043,104.5547,101.9655
2023/06/06,101.8568,1.5317,+1.53,1350907,99.2380,101.9458,98.9119
2023/06/05,100.3251,1.6799,-1.65,1097035,101.6345,102.0347,99.5839
2023/06/02,102.0050,0.1185,+0.12,1163573,102.7363,102.8747,100.3028
2023/06/01,101.8865,2.8758,+2.90,1714776,99.3368,102.7858,98.4425
2023/05/31,99.0107,2.5002,-2.46,2202481,99.2281,101.0425,98.2004
2023/05/30,101.5109,0.9784,-0.95,2165230,104.9895,105.0488,99.8804
2023/05/26,102.4893,6.3642,+6.62,3173716,97.2418,103.3589,97.1034
2023/05/25,96.1251,2.8362,+3.04,4015889,94.3957,97.2319,93.6150
2023/05/24,93.2889,1.1364,-1.20,1983290,93.4766,94.3166,91.9300
2023/05/23,94.4253,2.1247,-2.20,1745818,95.7891,96.3721,94.3562
2023/05/22,96.5500,0.7008,+0.73,1285812,95.4543,97.0064,95.4346
2023/05/19,95.8492,1.4510,-1.49,1909579,97.4187,97.8826,95.3064
2023/05/18,97.3002,3.6029,+3.85,2479803,94.2895,98.0554,94.1711
2023/05/17,93.6973,1.4709,+1.59,1449853,93.1839,94.3093,92.1668
2023/05/16,92.2264,0.7799,-0.84,1046597,92.5028,93.9045,92.0882
2023/05/15,93.0063,3.2477,+3.62,1263577,90.0350,93.1741,89.4033
2023/05/12,89.7586,0.2468,-0.27,1226454,90.2621,90.3953,88.3076
2023/05/11,90.0054,0.2171,+0.24,1343316,90.0350,90.1732,89.1664
2023/05/10,89.7883,0.6614,+0.74,1461311,90.3213,90.3460,88.9591
2023/05/09,89.1269,1.1154,-1.24,1715416,89.1664,89.2552,87.8140
2023/05/08,90.2423,1.1945,-1.31,1127640,91.4762,91.7625,89.7290
2023/05/05,91.4368,2.6159,+2.95,2126145,89.7784,91.5749,89.1072
2023/05/04,88.8209,2.1519,-2.37,1328594,90.8149,90.9481,88.5741
2023/05/03,90.9728,0.1481,-0.16,1490502,91.0518,92.6312,90.6865
2023/05/02,91.1209,0.0099,+0.01,1641514,91.3084,91.6539,89.8327
2023/05/01,91.1110,0.9081,+1.01,1780603,90.5089,91.5157,90.3213
2023/04/28,90.2029,0.9970,+1.12,1660119,89.3490,90.2423,88.5297
2023/04/27,89.2059,2.9218,-3.17,3517416,88.8406,90.0844,87.3994
2023/04/26,92.1277,1.0069,-1.08,2311781,93.5887,93.8453,91.4664
2023/04/25,93.1346,3.2081,-3.33,1772868,95.8590,96.2736,93.0951
2023/04/24,96.3427,0.3850,-0.40,847633,96.6981,97.4286,95.5826
2023/04/21,96.7277,1.4017,-1.43,1000972,97.9715,98.1886,96.6290
2023/04/20,98.1294,0.8390,+0.86,1332365,96.5994,99.3929,96.5698
2023/04/19,97.2904,1.0759,-1.09,1161646,96.9844,97.7198,96.4020
2023/04/18,98.3663,1.5201,+1.57,1134027,97.5273,98.4749,96.8943
2023/04/17,96.8462,2.6059,-2.62,2201538,95.4642,97.1028,94.5462
2023/04/14,99.4521,1.1747,-1.17,1387493,100.4491,101.4363,98.3762
2023/04/13,100.6268,0.4541,+0.45,988631,100.2418,101.1796,99.1955
2023/04/12,100.1727,0.7897,-0.78,953895,102.0976,102.3740,100.0839
2023/04/11,100.9624,0.4442,-0.44,960595,102.2654,102.4234,100.7502
2023/04/10,101.4066,2.3098,+2.33,1812118,98.1097,101.4560,97.7300
2023/04/06,99.0968,0.8292,-0.83,1232750,98.6427,99.8569,97.9715
2023/04/05,99.9260,1.8360,-1.80,1842201,100.7848,101.0217,98.9487
2023/04/04,101.7620,3.6622,-3.47,1522135,105.5328,105.9276,101.4066
2023/04/03,105.4242,0.7009,-0.66,1252788,105.1281,105.8536,103.6474
2023/03/31,106.1251,0.0888,-0.08,1619096,105.8289,107.3195,105.2268
2023/03/30,106.2139,0.2073,+0.20,1783688,107.2800,107.4478,105.4538
2023/03/29,106.0066,3.1390,+3.05,1711730,104.7925,107.0530,104.3483
2023/03/28,102.8676,1.1253,-1.08,1410601,103.2328,103.6474,100.8835
2023/03/27,103.9929,0.9772,-0.93,1147790,105.3650,106.1843,103.7066
2023/03/24,104.9701,1.2537,-1.18,1701338,105.2070,105.6216,103.0946
2023/03/23,106.2238,3.1983,+3.10,1279279,104.5358,107.5070,104.1508
2023/03/22,103.0255,1.9644,-1.87,1440627,104.9701,106.8753,102.9663
2023/03/21,104.9899,0.1382,-0.13,1482021,105.7006,106.8851,103.6869
2023/03/20,105.1281,1.3820,+1.33,1343372,104.2199,105.2465,103.5289
2023/03/17,103.7461,0.8588,-0.82,2459813,105.1676,105.4933,103.1862
2023/03/16,104.6049,3.2970,+3.25,1482002,100.7551,105.1577,100.2024
2023/03/15,101.3079,2.5073,-2.42,2077147,101.9002,102.2260,99.0178
2023/03/14,103.8152,2.4086,+2.38,2562569,102.8972,104.0571,102.0927
2023/03/13,101.4066,1.4214,+1.42,1771945,98.7118,102.3444,98.3762
2023/03/10,99.9852,0.8390,-0.83,2402852,101.6238,102.3148,98.7513
2023/03/09,100.8242,1.0957,-1.08,1673683,101.8508,103.4105,100.2221
2023/03/08,101.9199,2.6356,+2.65,1494037,99.7878,102.3148,99.4423
2023/03/07,99.2843,1.0563,-1.05,1598042,100.5084,101.0809,98.8105
2023/03/06,100.3406,1.3622,-1.34,1450751,102.2358,103.2526,99.7039
2023/03/03,101.7028,0.9674,+0.96,1411611,101.1599,102.0581,99.6693
2023/03/02,100.7354,0.6614,+0.66,1503436,98.5934,101.0710,98.0702
2023/03/01,100.0740,0.2369,+0.24,1104377,100.2024,101.3277,99.5311
2023/02/28,99.8371,0.1678,+0.17,1396461,99.6693,101.1105,99.2942
2023/02/27,99.6693,0.3257,+0.33,1422513,100.9427,101.1500,99.2646
2023/02/24,99.3436,2.3197,-2.28,1484656,99.7483,100.6367,98.7019
2023/02/23,101.6633,2.1914,+2.20,1465228,101.5350,102.0680,99.3140
2023/02/22,99.4719,0.3850,-0.39,1346431,99.9951,101.4066,98.6032
2023/02/21,99.8569,4.0373,-3.89,2001886,102.1075,102.9959,99.7285
2023/02/17,103.8942,1.0365,-0.99,1166494,104.6345,105.2442,102.3000
2023/02/16,104.9307,2.0235,-1.89,1634924,105.6167,106.4015,104.7727
2023/02/15,106.9542,0.4437,+0.42,1219305,104.9524,107.0233,104.3016
2023/02/14,106.5105,1.2425,+1.18,1804393,104.1931,106.8458,103.6113
2023/02/13,105.2680,1.1735,+1.13,1322136,104.4101,106.1062,103.8973
2023/02/10,104.0945,2.0709,-1.95,1434680,104.8440,105.3715,102.8421
2023/02/09,106.1654,0.0296,+0.03,1933223,107.8418,108.7490,105.2581
2023/02/08,106.1358,2.5343,-2.33,1145691,106.9542,108.7786,105.7906
2023/02/07,108.6701,3.2049,+3.04,1849715,105.4356,109.3505,105.3272
2023/02/06,105.4652,1.0256,-0.96,1431339,105.9385,106.9937,104.8933
2023/02/03,106.4908,3.5007,-3.18,1631445,106.8951,109.1927,105.5835
2023/02/02,109.9915,3.5007,+3.29,2386063,108.3743,110.5043,107.8911
2023/02/01,106.4908,6.2027,+6.18,2823257,100.7713,107.2599,100.5149
2023/01/31,100.2881,1.5088,+1.53,2001065,98.6117,100.3078,97.6354
2023/01/30,98.7793,3.2246,-3.16,2096332,100.6628,101.1657,98.6324
2023/01/27,102.0039,0.2268,-0.22,2629639,100.1500,102.7731,97.9510
2023/01/26,102.2307,0.2268,+0.22,3997340,98.3257,103.5127,96.8909
2023/01/25,102.0039,0.4141,+0.41,1522358,99.1442,102.1519,98.8582
2023/01/24,101.5898,0.4733,-0.46,1210169,100.5839,101.8067,100.4360
2023/01/23,102.0631,5.8871,+6.12,2654682,96.7775,103.0147,96.5409
2023/01/20,96.1760,3.6289,+3.92,1441099,94.0756,96.1957,93.1387
2023/01/19,92.5471,2.0314,-2.15,1564381,93.5233,93.9276,91.3144
2023/01/18,94.5785,0.7198,-0.76,1345473,95.9590,97.0734,94.4799
2023/01/17,95.2983,0.7889,-0.82,1691638,95.9985,96.4940,94.1347
2023/01/13,96.0872,1.2819,+1.35,1485184,94.1742,96.8761,93.9474
2023/01/12,94.8053,0.1972,-0.21,1182085,95.7224,95.7224,92.6654
2023/01/11,95.0025,1.5383,+1.65,882219,93.7699,95.0222,92.4485
2023/01/10,93.4642,1.5482,+1.68,1176846,92.1428,94.1249,91.5215
2023/01/09,91.9160,1.9427,+2.16,1677765,91.6448,94.4996,91.0876
2023/01/06,89.9733,4.0628,+4.73,1464803,87.0544,90.5206,86.5120
2023/01/05,85.9105,0.2958,-0.34,1012746,85.6344,87.1925,84.7568
2023/01/04,86.2063,1.4693,+1.73,2054060,86.0288,86.6600,84.5595
2023/01/03,84.7370,1.4003,-1.63,1047891,87.6165,87.9222,84.3623
2022/12/30,86.1373,0.1381,-0.16,686954,84.6483,86.2458,84.1651
2022/12/29,86.2754,3.2049,+3.86,1153319,84.8652,86.9065,84.0665
2022/12/28,83.0705,0.5128,-0.61,1004234,82.8437,84.2144,82.1485
2022/12/27,83.5833,1.7750,-2.08,1172283,84.4412,84.8356,82.8437
2022/12/23,85.3583,0.4438,+0.52,870640,84.2637,85.4066,83.1988
2022/12/22,84.9145,3.5895,-4.06,2176982,86.3937,86.3937,82.5873
2022/12/21,88.5040,1.9328,+2.23,1565383,87.4291,88.7703,87.0939
2022/12/20,86.5712,0.6015,-0.69,1332839,85.7133,88.4744,85.3879
2022/12/19,87.1727,0.6114,-0.70,1342205,88.1786,88.2575,85.3484
2022/12/16,87.7841,0.4930,+0.56,3134766,86.7882,88.2673,85.9795
2022/12/15,87.2911,5.5518,-5.98,2602930,91.0186,91.2256,87.0741
2022/12/14,92.8429,2.3272,-2.45,1483451,94.4601,95.9147,91.8469
2022/12/13,95.1701,1.8933,+2.03,1575657,97.3988,97.7735,93.9868
2022/12/12,93.2768,2.1497,+2.36,1227220,90.5946,93.5332,90.1508
2022/12/09,91.1271,2.3469,-2.51,2067972,91.8864,93.5233,91.0679
2022/12/08,93.4740,3.3824,+3.75,1642773,90.8904,93.8093,90.4171
2022/12/07,90.0916,0.9565,+1.07,1464930,88.2377,90.2001,87.8039
2022/12/06,89.1351,2.9584,-3.21,1352358,92.0639,92.1280,88.2575
2022/12/05,92.0935,0.7100,+0.78,1639759,90.8707,92.4978,90.3875
2022/12/02,91.3835,0.3748,+0.41,1193738,88.8590,91.5166,88.7505
2022/12/01,91.0087,1.1439,-1.24,1574749,93.0599,93.2965,89.1548
2022/11/30,92.1526,4.2008,+4.78,2460522,88.4251,92.1822,86.6402
2022/11/29,87.9518,1.0157,-1.14,1115428,88.8886,89.6035,87.6378
2022/11/28,88.9675,2.3371,-2.56,1324977,90.0029,90.9644,88.4596
2022/11/25,91.3046,1.3115,-1.42,537756,91.7878,92.3992,91.2947
2022/11/23,92.6161,1.0835,+1.18,896443,91.7296,94.1231,91.2372
2022/11/22,91.5326,1.8024,+2.01,1423350,90.8038,91.6213,89.2869
2022/11/21,89.7302,1.7729,-1.94,1030182,90.2522,90.4196,89.2377
2022/11/18,91.5031,0.3841,+0.42,1530490,92.6654,92.8229,89.9863
2022/11/17,91.1190,1.0146,+1.13,1367246,87.4746,91.5129,87.2284
2022/11/16,90.1044,5.0332,-5.29,2222176,92.1827,93.2268,89.6612
2022/11/15,95.1376,2.4131,+2.60,1605989,95.9157,96.2703,93.3351
2022/11/14,92.7245,2.1373,-2.25,1273736,93.4041,94.9603,92.6260
2022/11/11,94.8618,2.9352,+3.19,1742608,91.8872,95.4331,91.2569
2022/11/10,91.9266,8.8252,+10.62,2510424,88.6467,92.0104,87.3761
2022/11/09,83.1014,2.0487,-2.41,1664724,83.6431,84.5005,82.8453
2022/11/08,85.1501,0.8963,+1.06,2119187,85.2978,85.8987,83.4658
2022/11/07,84.2538,0.8077,+0.97,1764057,84.4803,84.6182,82.0277
2022/11/04,83.4461,4.5604,+5.78,2380717,81.5057,83.5544,80.0874
2022/11/03,78.8857,0.6402,+0.82,1379805,76.9158,79.7032,76.1180
2022/11/02,78.2455,2.7382,-3.38,1989690,81.0132,82.4907,77.9894
2022/11/01,80.9837,0.8569,+1.07,1239416,82.0277,82.3232,80.4420
2022/10/31,80.1268,1.9699,-2.40,1521878,81.2102,81.5944,79.4077
2022/10/28,82.0967,3.4375,+4.37,1690537,78.7183,82.3823,78.7183
2022/10/27,78.6592,2.3540,-2.91,2180314,81.9293,83.0226,78.5902
2022/10/26,81.0132,2.5609,+3.26,4275001,78.4523,83.9189,77.4871
2022/10/25,78.4523,2.1570,+2.83,2219987,76.9749,79.0433,76.9355
2022/10/24,76.2953,0.1872,+0.25,2126883,76.7680,77.0882,75.4777
2022/10/21,76.1081,3.2701,+4.49,2191482,73.0646,76.2756,72.6213
2022/10/20,72.8380,0.7584,+1.05,1478131,72.4441,74.4632,72.0698
2022/10/19,72.0796,0.3940,+0.55,1547577,71.4591,73.1532,71.0947
2022/10/18,71.6856,1.2509,+1.78,1743353,72.9661,73.3995,70.0407
2022/10/17,70.4347,0.1379,+0.20,2139152,72.4441,72.8380,70.0506
2022/10/14,70.2968,3.6838,-4.98,2447123,74.9262,75.2315,70.1294
2022/10/13,73.9806,3.0632,+4.32,3455752,67.9723,74.7095,66.7904
2022/10/12,70.9174,1.9896,-2.73,1957788,72.7691,73.0400,70.8533
2022/10/11,72.9070,2.0586,-2.75,1788537,73.7245,74.7784,71.7644
2022/10/10,74.9656,1.2016,-1.58,1727341,76.4430,76.4430,73.6260
2022/10/07,76.1672,4.6096,-5.71,2357271,78.4425,78.9547,75.4974
2022/10/06,80.7768,0.0591,+0.07,1234785,80.5306,81.9514,79.7820
2022/10/05,80.7177,0.2757,+0.34,1212044,78.7971,81.5944,78.0485
2022/10/04,80.4420,2.9352,+3.79,1516638,79.6244,80.9935,79.2305
2022/10/03,77.5068,3.4868,+4.71,2193194,75.0247,78.5311,74.3352
2022/09/30,74.0200,1.9896,-2.62,1771397,74.5223,76.0195,73.8821
2022/09/29,76.0096,1.7533,-2.25,1625584,76.4923,76.8961,75.0345
2022/09/28,77.7629,0.5713,+0.74,1643809,76.7286,78.0879,76.3642
2022/09/27,77.1916,1.1426,+1.50,1594723,77.8811,78.5016,76.0392
2022/09/26,76.0490,1.9502,-2.50,1449027,78.0091,79.2305,75.9899
2022/09/23,77.9992,0.5910,-0.75,1938976,77.9106,78.5410,76.1475
2022/09/22,78.5902,1.1623,-1.46,1985705,79.3782,79.8904,77.6348
2022/09/21,79.7525,0.1281,+0.16,1809818,79.8214,83.3181,79.7032
2022/09/20,79.6244,1.6252,-2.00,1700357,80.1859,80.5405,78.5508
2022/09/19,81.2496,0.3841,+0.47,1558274,80.0184,81.8012,79.6934
2022/09/16,80.8655,0.2462,-0.30,3625566,80.2942,81.2201,79.2108
2022/09/15,81.1117,1.2706,-1.54,1838063,81.8800,82.9536,80.1760
2022/09/14,82.3823,0.4727,+0.58,1393834,82.6286,82.8558,81.0231
2022/09/13,81.9096,4.1565,-4.83,2515189,82.6778,83.6431,81.6929
2022/09/12,86.0661,1.4380,-1.64,1932019,87.5041,87.5534,85.4160
2022/09/09,87.5041,2.6594,+3.13,1832994,86.1843,88.6547,86.0464
2022/09/08,84.8447,1.1031,+1.32,1421400,82.6187,85.1402,81.8209
2022/09/07,83.7416,2.0684,+2.53,1741516,81.5057,84.2735,81.3087
2022/09/06,81.6732,0.1182,-0.14,1370271,81.4614,82.8551,80.6291
2022/09/02,81.7914,0.2561,+0.31,1374386,83.1605,83.9878,81.0132
2022/09/01,81.5353,1.8320,-2.20,2540432,81.6830,81.8209,79.2009
2022/08/31,83.3673,1.0638,-1.26,2103965,85.3471,85.3471,82.5596
2022/08/30,84.4311,1.7729,-2.06,2566404,86.9821,87.2678,83.6726
2022/08/29,86.2040,2.4888,-2.81,1272102,87.9845,89.1945,86.0958
2022/08/26,88.6928,6.0696,-6.41,2287180,94.8116,94.8805,88.4272
2022/08/25,94.7624,3.6988,+4.06,1369428,91.2505,94.8313,91.1915
2022/08/24,91.0636,0.4033,-0.44,1229896,91.7129,92.0375,90.3652
2022/08/23,91.4669,0.5509,+0.61,899820,91.1521,93.0261,90.9947
2022/08/22,90.9160,4.3580,-4.57,1930686,93.0606,93.3754,90.2176
2022/08/19,95.2740,4.0136,-4.04,1770078,97.6939,98.7318,95.0477
2022/08/18,99.2876,0.4624,+0.47,1635402,98.7662,99.9368,98.3727
2022/08/17,98.8252,1.1018,-1.10,1351532,98.6580,99.4597,97.0090
2022/08/16,99.9270,1.2985,-1.28,848085,100.8025,101.2550,99.2897
2022/08/15,101.2255,1.4166,-1.38,829020,102.2978,102.8978,100.2516
2022/08/12,102.6421,4.3678,+4.44,2020693,98.6580,103.5373,98.5006
2022/08/11,98.2743,0.7673,+0.79,1169729,98.3924,101.1862,97.9497
2022/08/10,97.5070,6.1876,+6.78,2192704,94.1623,97.6841,93.2180
2022/08/09,91.3194,6.7975,-6.93,3089484,95.9921,96.5626,89.6126
2022/08/08,98.1169,0.9936,-1.00,1804924,98.5399,99.8483,96.2478
2022/08/05,99.1105,0.9444,-0.94,1696147,98.6580,100.4680,97.0840
2022/08/04,100.0549,0.2853,+0.29,1349102,99.9860,101.0468,99.3367
2022/08/03,99.7696,2.4397,+2.51,1505745,97.7431,100.6451,97.3791
2022/08/02,97.3299,1.3379,-1.36,1285964,98.2153,99.5532,97.1627
2022/08/01,98.6678,0.5804,-0.58,1455476,98.2743,99.8630,97.3890
2022/07/29,99.2482,1.9084,+1.96,1708563,97.2906,99.5335,96.1396
2022/07/28,97.3398,0.9936,+1.03,2733095,95.3231,97.4775,91.9588
2022/07/27,96.3462,0.2066,-0.21,5155178,89.7061,97.2316,87.8370
2022/07/26,96.5528,1.9183,-1.95,2079242,97.7136,98.9530,95.9626
2022/07/25,98.4711,0.3541,-0.36,1666500,98.1366,98.6678,96.8086
2022/07/22,98.8252,2.2724,-2.25,1637055,100.5074,100.8419,97.1627
2022/07/21,101.0976,0.9640,+0.96,1090382,101.0288,101.1517,98.8350
2022/07/20,100.1336,2.5184,+2.58,2190593,97.5169,101.1173,97.2217
2022/07/19,97.6152,5.8433,+6.37,1845467,93.2376,97.8202,93.1393
2022/07/18,91.7719,0.4525,-0.49,1513639,93.3065,94.8657,91.0439
2022/07/15,92.2244,1.8101,+2.00,1119087,91.2899,92.2441,89.5388
2022/07/14,90.4143,1.8494,+2.09,1216534,88.5354,90.9062,86.5876
2022/07/13,88.5649,0.3541,+0.40,1303803,86.6270,90.1586,86.0269
2022/07/12,88.2108,0.2656,-0.30,1040339,89.4798,89.7798,87.6697
2022/07/11,88.4764,2.1052,-2.32,1356827,89.2142,89.6962,87.6107
2022/07/08,90.5816,0.5509,+0.61,1074268,88.8305,90.9259,88.3879
2022/07/07,90.0307,3.4726,+4.01,1796115,88.5354,90.3652,88.3780
2022/07/06,86.5581,1.1608,+1.36,1458485,85.7712,87.9403,85.2793
2022/07/05,85.3973,0.9935,+1.18,1714142,81.6198,85.6138,81.6198
2022/07/01,84.4038,3.6890,-4.19,1997930,87.2369,87.6501,82.8446
2022/06/30,88.0928,0.6886,-0.78,2498628,88.0337,90.2078,86.8237
2022/06/29,88.7814,4.8989,-5.23,2686379,91.7325,91.9490,87.0795
2022/06/28,93.6803,2.6856,-2.79,2391332,96.4151,97.6349,93.3557
2022/06/27,96.3659,0.8263,+0.86,1567861,96.5036,97.3791,94.8313
2022/06/24,95.5396,5.0957,+5.63,2802389,92.1260,95.6674,91.5456
2022/06/23,90.4439,0.5903,+0.66,1289200,90.2373,91.1718,89.3421
2022/06/22,89.8536,0.0394,-0.04,1566518,88.0928,90.8964,87.8370
2022/06/21,89.8930,2.2823,+2.61,1727068,89.4503,91.7227,89.2929
2022/06/17,87.6107,2.0756,+2.43,4234225,85.9089,88.2403,85.2006
2022/06/16,85.5351,5.4006,-5.94,2884070,88.5059,88.5945,84.2661
2022/06/15,90.9357,1.5051,+1.68,1785001,90.8767,92.8540,88.9879
2022/06/14,89.4306,0.3246,-0.36,1771115,90.5619,91.1767,88.2206
2022/06/13,89.7552,5.6368,-5.91,2988041,92.0768,93.0507,88.9879
2022/06/10,95.3920,4.1513,-4.17,2188694,97.9399,98.6580,95.2494
2022/06/09,99.5433,3.8562,-3.73,1460206,102.0617,103.6061,99.4548
2022/06/08,103.3995,3.3546,-3.14,1637217,106.1638,106.4097,103.0356
2022/06/07,106.7541,1.6822,+1.60,1064088,103.5569,106.9606,102.8191
2022/06/06,105.0719,0.6099,-0.58,821420,107.3049,107.9345,104.8456
2022/06/03,105.6818,3.0987,-2.85,1117187,106.6557,106.9016,105.1407
2022/06/02,108.7805,3.8759,+3.69,1109463,104.6981,108.8199,104.0095
2022/06/01,104.9046,2.5774,-2.40,1477920,107.6394,108.5838,103.6258
2022/05/31,107.4820,0.1377,-0.13,1980618,107.2262,108.2788,105.3768
2022/05/27,107.6197,4.3874,+4.25,1716591,104.5407,107.6492,104.5407
2022/05/26,103.2323,4.6333,+4.70,1564508,98.5399,103.7429,97.5464
2022/05/25,98.5990,1.0231,+1.05,1586334,96.5331,99.8581,96.3659
2022/05/24,97.5759,3.5316,-3.49,1765092,99.8581,100.3500,96.3856
2022/05/23,101.1075,0.5110,+0.51,1313023,100.6947,102.5520,99.8496
2022/05/20,100.5965,0.1867,+0.19,2169732,102.7977,103.2497,95.9386
2022/05/19,100.4098,0.6092,-0.60,1508764,100.6259,103.7066,100.2427
2022/05/18,101.0190,5.6111,-5.26,1582979,104.5861,106.4630,100.7242
2022/05/17,106.6301,4.9036,+4.82,1519225,104.3798,106.9740,103.1219
2022/05/16,101.7265,3.7637,-3.57,1233677,104.1341,104.6549,101.5791
2022/05/13,105.4902,5.3949,+5.39,1597831,102.0705,106.5417,101.4023
2022/05/12,100.0953,1.4150,+1.43,1855410,97.4716,100.4687,96.9311
2022/05/11,98.6803,2.0046,-1.99,1690670,99.3681,102.8075,98.5623
2022/05/10,100.6849,2.2012,+2.24,1748831,101.6774,102.6306,98.1300
2022/05/09,98.4837,5.6013,-5.38,2135971,102.4832,103.3971,98.0906
2022/05/06,104.0850,2.5451,-2.39,1349114,105.3035,106.7136,102.7190
2022/05/05,106.6301,5.5619,-4.96,2179705,109.8631,111.7498,105.0087
2022/05/04,112.1920,4.7463,+4.42,2027791,107.6029,112.2117,105.2789
2022/05/03,107.4457,0.7566,+0.71,1213825,106.1977,108.9492,104.9989
2022/05/02,106.6891,3.0562,+2.95,1761701,103.7902,107.2197,102.3211
2022/04/29,103.6329,6.1123,-5.57,1940712,107.7503,110.1186,103.4167
2022/04/28,109.7452,5.2672,+5.04,2726567,106.8070,111.6712,104.1046
2022/04/27,104.4780,1.3463,-1.27,4036096,108.5561,113.4793,103.7509
2022/04/26,105.8243,4.7955,-4.34,2437867,109.1064,109.1949,105.7752
2022/04/25,110.6198,3.3117,+3.09,2025027,106.7185,110.7475,106.1289
2022/04/22,107.3081,1.9654,-1.80,1642055,108.9296,110.5117,107.1018
2022/04/21,109.2735,1.6705,-1.51,1298238,112.8406,114.5505,108.9983
2022/04/20,110.9440,0.2849,+0.26,1758398,112.6146,115.3857,110.9057
2022/04/19,110.6591,4.3926,+4.13,1649408,106.7382,111.0128,105.4509
2022/04/18,106.2665,2.0833,+2.00,1451361,104.0064,106.9151,103.5641
2022/04/14,104.1832,3.5278,-3.28,1214155,108.2613,108.5316,104.1636
2022/04/13,107.7110,1.4052,+1.32,2581924,107.2787,109.3521,105.7064
2022/04/12,106.3058,0.9237,+0.88,1482851,107.3966,109.4111,105.3010
2022/04/11,105.3821,1.3954,-1.31,1453606,105.4804,106.9445,104.8613
2022/04/08,106.7775,2.7122,-2.48,1259831,108.7920,109.0475,106.6301
2022/04/07,109.4897,0.2162,+0.20,1307548,108.8509,111.6614,107.6029
2022/04/06,109.2735,0.6977,-0.63,1694944,108.0943,111.0128,107.1804
2022/04/05,109.9712,6.9082,-5.91,1985822,115.9459,116.1227,109.4651
2022/04/04,116.8794,2.5255,+2.21,1096444,114.9042,118.1176,114.9042
2022/04/01,114.3539,1.8278,-1.57,1427603,117.4985,117.7540,112.7718
2022/03/31,116.1817,2.7515,-2.31,1688546,119.1887,120.5153,116.1424
2022/03/30,118.9332,4.2648,-3.46,1563722,122.3136,122.6968,118.4124
2022/03/29,123.1980,2.3682,+1.96,1452417,123.0766,125.0847,120.4170
2022/03/28,120.8298,1.0612,-0.87,2057413,118.8349,121.1442,117.9702
2022/03/25,121.8910,1.3266,+1.10,1282637,120.7511,122.0384,118.5991
2022/03/24,120.5644,6.0729,+5.30,1560108,115.9852,120.5743,115.1351
2022/03/23,114.4915,4.4122,-3.71,1312356,117.7245,118.7072,114.1672
2022/03/22,118.9037,0.0590,+0.05,1089785,119.2673,120.5251,118.0783
2022/03/21,118.8447,1.9752,-1.63,1278504,119.6702,121.3014,117.1103
2022/03/18,120.8199,2.3093,+1.95,4146415,116.9187,121.6650,116.5649
2022/03/17,118.5106,3.7833,+3.30,2178606,113.4106,118.5696,112.6932
2022/03/16,114.7273,6.1319,+5.65,2382592,110.2660,114.9534,110.0301
2022/03/15,108.5954,4.8544,+4.68,1550052,104.6942,109.0868,104.4289
2022/03/14,103.7410,1.2873,-1.23,2049843,105.8145,110.0007,102.5127
2022/03/11,105.0283,3.0267,-2.80,2066644,110.0695,110.2955,104.9301
2022/03/10,108.0550,1.7590,-1.60,1380695,107.7012,108.7920,105.7064
2022/03/09,109.8140,4.1273,+3.91,2184473,109.1949,111.0718,107.5243
2022/03/08,105.6867,1.1104,+1.06,1910371,105.5492,109.7943,103.5347
2022/03/07,104.5763,5.2377,-4.77,2355969,110.9047,111.9169,104.4879
2022/03/04,109.8140,2.3780,-2.12,1343608,110.8261,111.7891,108.1336
2022/03/03,112.1920,3.0758,-2.67,1356999,114.4620,115.2482,110.3053
2022/03/02,115.2678,2.6925,+2.39,1347001,113.2238,116.0933,112.8308
2022/03/01,112.5753,3.3018,-2.85,1745870,115.7002,116.2407,111.3273
2022/02/28,115.8771,2.0832,-1.77,1920292,117.3462,117.4788,113.2877
2022/02/25,117.9603,2.6041,+2.26,1769063,115.0614,118.0586,112.8848
2022/02/24,115.3562,5.7683,+5.26,2043461,105.2543,115.4840,105.2543
2022/02/23,109.5879,2.2504,-2.01,1555116,112.5163,113.9903,109.3128
2022/02/22,111.8383,1.0023,-0.89,1523076,111.6614,115.1892,110.5706
2022/02/18,112.8406,1.1497,-1.01,1544173,114.1672,114.3834,110.8753
2022/02/17,113.9903,2.9481,-2.52,1642839,115.1401,116.2849,113.8134
2022/02/16,116.9384,0.9916,+0.86,1172817,114.6901,117.8023,113.6887
2022/02/15,115.9468,5.6845,+5.16,2040035,112.0786,116.3444,111.9804
2022/02/14,110.2623,0.7658,-0.69,1524094,110.9398,114.7588,109.0646
2022/02/11,111.0281,4.1627,-3.61,1734782,115.2006,116.5054,109.7911
2022/02/10,115.1908,3.9664,-3.33,2256663,115.9370,119.9720,114.7097
2022/02/09,119.1572,4.8893,+4.28,1741555,115.7210,119.6677,114.8963
2022/02/08,114.2679,2.1206,+1.89,1700849,111.1852,114.7785,110.8023
2022/02/07,112.1473,0.2160,+0.19,1913358,112.0688,114.1796,111.5190
2022/02/04,111.9313,2.1108,+1.92,1752822,109.4278,113.1389,108.1608
2022/02/03,109.8205,5.2623,-4.57,2336111,111.8921,114.5428,109.6782
2022/02/02,115.0828,0.3338,+0.29,2627930,115.2792,118.3816,112.5695
2022/02/01,114.7490,0.5400,-0.47,2146329,116.1824,116.9977,112.0393
2022/01/31,115.2890,5.2132,+4.74,3996787,109.9285,115.7848,109.5761
2022/01/28,110.0758,0.8640,+0.79,6128940,105.9327,110.1543,103.5766
2022/01/27,109.2118,31.5442,-22.41,17321840,108.5050,110.3507,100.6410
2022/01/26,140.7560,4.9873,+3.67,2559039,140.9426,145.2427,137.3591
2022/01/25,135.7687,8.9831,-6.21,2239262,140.0786,141.1880,135.5232
2022/01/24,144.7518,3.9761,+2.82,2259435,136.2006,144.9286,135.0716
2022/01/21,140.7757,2.0519,-1.44,1818764,142.3563,145.9496,139.8823
2022/01/20,142.8276,2.7882,-1.91,1403262,147.6186,150.0534,142.6410
2022/01/19,145.6158,7.1080,-4.65,1727470,153.4012,155.5807,145.4489
2022/01/18,152.7238,8.8457,-5.47,1913130,158.0057,158.6439,152.4096
2022/01/14,161.5695,6.2048,+3.99,1392602,154.3339,161.7070,153.8528
2022/01/13,155.3647,4.5653,-2.85,1194036,162.5906,164.6326,154.5597
2022/01/12,159.9300,2.3170,+1.47,832848,159.2820,161.5008,158.2806
2022/01/11,157.6130,3.8584,+2.51,1354465,152.8171,157.9272,151.0676
2022/01/10,153.7546,1.6298,-1.05,1665728,152.9594,153.9019,147.7364
2022/01/07,155.3844,5.1150,-3.19,1500862,159.6060,160.9541,154.0001
2022/01/06,160.4994,3.1711,+2.02,1569579,156.8767,161.7021,155.8164
2022/01/05,157.3283,6.0182,-3.68,1939861,161.2161,163.7098,157.3185
2022/01/04,163.3465,0.2651,+0.16,1382610,163.1207,164.2399,157.5001
2022/01/03,163.0814,2.5329,+1.58,1756876,161.8542,164.0927,159.8416
2021/12/31,160.5485,0.1865,-0.12,1082492,161.5401,162.8262,160.3227
2021/12/30,160.7350,2.9944,-1.83,949627,163.7294,163.7294,160.3619
2021/12/29,163.7294,2.1206,+1.31,580254,161.7757,164.3872,161.7757
2021/12/28,161.6088,3.8780,-2.34,1127669,165.4279,165.8304,161.4517
2021/12/27,165.4868,5.7139,+3.58,1038315,161.0099,165.8304,160.5190
2021/12/23,159.7729,1.8065,+1.14,2077926,158.1824,161.1137,158.1824
2021/12/22,157.9664,0.5301,+0.34,1032744,156.3563,158.0548,155.9293
2021/12/21,157.4363,4.5652,+2.99,1363730,154.7168,157.6228,153.1754
2021/12/20,152.8711,0.5399,-0.35,2411201,152.2624,155.2371,152.0758
2021/12/17,153.4110,2.0028,-1.29,3345135,154.4517,157.8192,151.6046
2021/12/16,155.4138,3.5933,-2.26,2145993,159.6504,160.0576,153.3030
2021/12/15,159.0071,5.9102,+3.86,1510678,155.1193,159.3016,151.4868
2021/12/14,153.0969,0.5695,+0.37,1096292,151.0842,153.4601,149.2483
2021/12/13,152.5274,4.3198,-2.75,1548314,157.6032,157.6228,152.3114
2021/12/10,156.8472,3.1318,+2.04,1136793,156.5920,157.0239,151.9580
2021/12/09,153.7154,3.7700,-2.39,1079182,156.1992,158.5948,153.6368
2021/12/08,157.4854,1.2763,+0.82,950478,156.2091,157.7210,154.2455
2021/12/07,156.2091,6.3815,+4.26,1731762,151.4671,156.9650,151.4671
2021/12/06,149.8276,2.0126,+1.36,1962184,148.5513,151.1186,142.2680
2021/12/03,147.8150,0.3730,-0.25,1594409,150.2596,152.1740,146.3521
2021/12/02,148.1880,1.3843,-0.93,1714971,146.7939,149.5723,144.5260
2021/12/01,149.5723,0.5105,-0.34,1633696,152.9201,155.3353,149.3563
2021/11/30,150.0828,1.5512,-1.02,2198977,151.0548,152.0464,148.0113
2021/11/29,151.6340,7.9523,+5.53,1846705,146.7939,152.0464,143.8388
2021/11/26,143.6817,4.3983,-2.97,927909,145.6452,148.6396,142.7687
2021/11/24,148.0800,1.6984,+1.16,1001371,144.9678,148.1586,143.8879
2021/11/23,146.3816,0.1767,-0.12,895742,145.0365,147.7659,142.9552
2021/11/22,146.5583,1.8543,-1.25,1099135,149.2073,151.5816,146.4700
2021/11/19,148.4126,0.4121,+0.28,838512,147.4020,150.5514,146.6270
2021/11/18,148.0005,0.7457,-0.50,1017006,149.5507,149.8254,146.9605
2021/11/17,148.7462,0.3630,+0.24,1883576,149.4918,150.8261,148.0496
2021/11/16,148.3832,3.0121,+2.07,1271002,145.4791,148.6579,144.7825
2021/11/15,145.3711,1.9426,+1.35,1388145,145.3025,147.1175,143.9583
2021/11/12,143.4285,2.9237,+2.08,1029211,141.2897,143.5953,140.1026
2021/11/11,140.5048,1.1773,+0.84,731099,141.1229,141.6037,139.1509
2021/11/10,139.3275,3.3456,-2.34,1306331,140.4656,142.6829,138.8370
2021/11/09,142.6731,1.5011,+1.06,1096262,142.0157,142.9625,140.4852
2021/11/08,141.1720,0.3238,-0.23,1108265,142.0354,142.4572,139.6905
2021/11/05,141.4958,0.3630,-0.26,1708832,142.5161,143.9878,139.5237
2021/11/04,141.8588,4.1894,+3.04,1767754,137.7774,141.9961,136.5902
2021/11/03,137.6694,0.9516,+0.70,1284507,137.5615,139.0136,135.9819
2021/11/02,136.7178,0.2550,-0.19,1601706,136.7178,137.1593,134.7850
2021/11/01,136.9728,1.3441,+0.99,2089981,135.5699,137.1789,134.0295
2021/10/29,135.6287,1.2067,+0.90,2392487,132.6560,136.1193,132.4205
2021/10/28,134.4220,13.6767,+11.33,5821706,127.5444,135.7361,125.9648
2021/10/27,120.7453,7.7704,+6.88,3472271,117.1593,122.4720,115.6043
2021/10/26,112.9749,2.0897,-1.82,1317365,116.3499,116.6099,112.9553
2021/10/25,115.0646,1.1380,+1.00,1181914,113.9364,116.4382,113.4801
2021/10/22,113.9266,1.3931,-1.21,1332520,115.3197,118.5231,113.7205
2021/10/21,115.3197,0.5788,+0.50,764277,114.0639,115.5944,113.8088
2021/10/20,114.7409,0.2257,+0.20,901811,114.2896,114.8488,112.8768
2021/10/19,114.5152,0.9222,+0.81,1128531,114.1228,114.9273,113.5145
2021/10/18,113.5930,1.8249,+1.63,1139551,110.7478,113.6715,110.4338
2021/10/15,111.7681,1.1773,+1.06,1456017,111.8466,112.6609,111.0911
2021/10/14,110.5908,4.1697,+3.92,1768034,109.2761,110.6496,108.3146
2021/10/13,106.4211,1.0989,+1.04,1203959,106.5977,107.2059,106.0580
2021/10/12,105.3222,0.6574,-0.62,996948,107.7063,107.7063,104.8317
2021/10/11,105.9796,1.5109,-1.41,914913,106.8626,108.3293,105.8814
2021/10/08,107.4905,1.8346,-1.68,985940,109.7470,109.9089,107.1275
2021/10/07,109.3251,2.3841,+2.23,1520809,110.2278,110.9145,109.0897
2021/10/06,106.9410,0.4710,-0.44,1674343,105.8422,107.3384,104.9837
2021/10/05,107.4120,2.1683,+2.06,2631564,106.1660,108.1625,105.2388
2021/10/04,105.2437,2.1585,-2.01,2395272,106.3818,106.6369,103.2472
2021/10/01,107.4022,0.2944,+0.27,1380360,107.6278,107.9123,105.9403
2021/09/30,107.1078,0.0000,0,1523167,107.9222,109.4233,107.0392
2021/09/29,107.1078,2.2566,-2.06,1585951,110.1689,110.5221,107.0293
2021/09/28,109.3644,5.9553,-5.16,2451322,113.0926,113.3673,108.2263
2021/09/27,115.3197,1.7562,-1.50,2148688,116.1144,116.8895,114.8982
2021/09/24,117.0759,0.4023,-0.34,1159197,116.6246,117.8314,116.1929
2021/09/23,117.4782,1.4030,+1.21,2538808,116.8797,118.6163,116.3891
2021/09/22,116.0752,2.2860,+2.01,2326537,114.7605,116.2861,113.9658
2021/09/21,113.7892,0.4906,-0.43,1858543,115.4571,115.4669,113.3869
2021/09/20,114.2798,4.7780,-4.01,1844896,116.1046,116.1046,112.5039
2021/09/17,119.0578,1.7561,-1.45,2464569,119.9702,120.5981,117.1593
2021/09/16,120.8139,0.8928,+0.74,870852,119.2344,121.4909,118.0374
2021/09/15,119.9211,0.0883,-0.07,984633,120.1076,120.1959,118.3756
2021/09/14,120.0094,0.0000,0,1220058,120.5000,120.9013,118.6555
2021/09/13,120.0094,1.3245,+1.12,1009334,119.6366,120.7060,117.8510
2021/09/10,118.6849,1.7660,+1.51,1344234,117.9099,121.8343,117.9099
2021/09/09,116.9189,0.3335,+0.29,779117,116.5363,118.3710,115.8888
2021/09/08,116.5854,1.3048,-1.11,1295445,117.7333,118.1110,116.2616
2021/09/07,117.8902,1.6876,-1.41,1314248,119.8525,120.3136,117.8019
2021/09/03,119.5778,0.9910,+0.84,776602,118.3023,120.1174,118.0865
2021/09/02,118.5868,1.1773,+1.00,836875,118.1650,119.3227,118.0843
2021/09/01,117.4095,1.7366,-1.46,1275584,120.0487,120.2155,117.3408
2021/08/31,119.1461,1.6384,-1.36,1847812,120.9121,120.9121,117.5567
2021/08/30,120.7845,0.5980,+0.50,990289,121.0247,121.6668,119.7160
2021/08/27,120.1865,5.3329,+4.64,1434799,115.2457,120.3630,115.2457
2021/08/26,114.8536,0.8823,-0.76,625583,115.5300,116.4613,114.4223
2021/08/25,115.7359,1.2352,+1.08,978468,114.7752,116.4123,114.6085
2021/08/24,114.5007,0.1470,+0.13,996194,115.5300,116.4613,114.2066
2021/08/23,114.3537,3.0292,+2.72,895970,111.9029,114.8928,111.9029
2021/08/20,111.3245,0.6372,-0.57,1508044,112.1283,113.1577,109.9520
2021/08/19,111.9617,0.1961,+0.18,1461849,111.3126,112.8146,109.7952
2021/08/18,111.7656,2.0391,-1.79,1529526,113.7753,115.2948,111.5892
2021/08/17,113.8047,2.3331,-2.01,1109097,114.8144,115.1183,112.3636
2021/08/16,116.1378,0.2745,-0.24,965674,115.9908,117.2358,114.9909
2021/08/13,116.4123,0.0980,+0.08,997477,115.8045,116.8142,115.4320
2021/08/12,116.3143,2.6762,-2.25,1318519,117.7357,117.7553,115.7653
2021/08/11,118.9905,1.0784,-0.90,1381492,120.5100,120.6277,116.4907
2021/08/10,120.0689,3.3919,-2.75,1368528,123.6372,124.2254,117.8240
2021/08/09,123.4608,0.9117,-0.73,663976,124.7940,125.1175,123.1226
2021/08/06,124.3725,0.2843,+0.23,687245,123.6274,125.2155,123.1765
2021/08/05,124.0882,1.2940,-1.03,930645,125.7743,126.0488,123.5490
2021/08/04,125.3822,1.1372,+0.92,1073968,124.1764,126.4801,123.9117
2021/08/03,124.2450,0.2745,-0.22,933743,125.0293,125.7253,122.3824
2021/08/02,124.5195,0.0196,+0.02,1024609,125.1077,127.7153,124.2842
2021/07/30,124.4999,1.3234,+1.07,1171466,121.5001,126.3331,121.5001
2021/07/29,123.1765,3.4997,+2.92,2068382,121.8727,124.7940,121.4413
2021/07/28,119.6768,1.3528,-1.12,2389862,116.8339,121.5786,115.3830
2021/07/27,121.0296,3.8918,-3.12,2551401,124.0098,124.4117,118.3925
2021/07/26,124.9214,1.3431,-1.06,1176257,125.4802,127.3526,124.4852
2021/07/23,126.2645,2.0391,+1.64,867280,125.7057,126.9213,124.3333
2021/07/22,124.2254,1.7058,-1.35,1033519,125.2155,126.6272,123.5539
2021/07/21,125.9312,4.5879,+3.78,1234346,121.9021,125.9900,121.7256
2021/07/20,121.3433,3.6468,+3.10,1351195,119.0045,122.1864,117.4465
2021/07/19,117.6965,0.1666,+0.14,1451029,115.8829,117.7848,114.0988
2021/07/16,117.5299,3.1762,-2.63,1168760,121.1962,122.3432,117.2848
2021/07/15,120.7061,3.0782,-2.49,1559323,123.3333,123.3333,119.7650
2021/07/14,123.7843,0.5097,-0.41,1136880,125.6175,128.3035,123.4412
2021/07/13,124.2940,0.2843,-0.23,1059067,123.7745,125.5292,123.0785
2021/07/12,124.5783,1.3528,+1.10,1096223,123.5980,124.7646,122.6765
2021/07/09,123.2255,2.8233,+2.34,1276741,121.2551,123.4804,119.9512
2021/07/08,120.4022,0.6078,-0.50,1487587,118.0102,121.2453,116.8044
2021/07/07,121.0100,2.9703,-2.40,2836583,125.4214,125.4214,120.4316
2021/07/06,123.9803,2.0195,-1.60,1631967,126.1402,126.4507,122.1177
2021/07/02,125.9998,0.8333,-0.66,946873,128.3133,128.4212,125.4410
2021/07/01,126.8331,4.4898,-3.42,1288175,130.8229,131.2347,126.6958
2021/06/30,131.3229,0.3431,-0.26,855583,132.0483,132.2934,129.8524
2021/06/29,131.6660,1.5293,+1.18,1340788,129.6662,132.5287,129.3525
2021/06/28,130.1367,3.1370,+2.47,1416817,128.7251,130.8370,127.9212
2021/06/25,126.9997,1.0391,-0.81,2665678,128.8623,130.0877,125.8233
2021/06/24,128.0388,3.3428,+2.68,1366740,126.1566,128.4114,125.7939
2021/06/23,124.6960,1.2156,+0.98,931723,123.1765,125.3234,123.1765
2021/06/22,123.4804,0.2549,-0.21,1340165,123.5686,124.2156,122.1177
2021/06/21,123.7353,1.3333,+1.09,1621644,122.8432,123.8823,121.7158
2021/06/18,122.4020,4.6369,-3.65,2826648,125.1175,126.7742,121.0982
2021/06/17,127.0389,1.2842,+1.02,1407582,125.4018,127.4605,124.3284
2021/06/16,125.7547,1.9900,-1.56,1073064,128.6760,129.6073,124.6568
2021/06/15,127.7447,1.1470,-0.89,1120353,128.8329,129.9407,127.2938
2021/06/14,128.8917,3.4311,+2.73,1056030,125.4802,128.9505,125.1690
2021/06/11,125.4606,0.1078,+0.09,1527674,126.1370,126.1468,123.9705
2021/06/10,125.3528,3.0978,+2.53,1895307,122.2256,125.6812,121.7452
2021/06/09,122.2550,2.0292,-1.63,1270869,124.3038,125.9116,122.2158
2021/06/08,124.2842,3.9409,-3.07,1969262,129.2348,129.8916,122.7353
2021/06/07,128.2251,0.8627,-0.67,725547,128.7643,129.0976,127.5781
2021/06/04,129.0878,3.2939,+2.62,1059837,125.0587,129.3819,124.6372
2021/06/03,125.7939,2.6371,-2.05,1163893,126.4703,127.0879,124.4313
2021/06/02,128.4310,0.2255,+0.18,819989,127.6761,129.4505,126.7987
2021/06/01,128.2055,1.5391,-1.19,1112823,130.8425,132.6855,127.6761
2021/05/28,129.7446,1.7254,+1.35,1236184,128.4212,130.3328,128.0486
2021/05/27,128.0192,1.4998,+1.19,1633838,125.7057,128.5437,124.8430
2021/05/26,126.5194,0.5196,+0.41,945376,126.5782,127.9310,124.6568
2021/05/25,125.9998,0.9215,+0.74,1086826,126.0684,127.8134,125.2646
2021/05/24,125.0783,2.7525,+2.25,1293125,123.7657,125.6856,123.7167
2021/05/21,122.3258,1.7044,-1.37,1922105,123.9126,124.3358,121.1601
2021/05/20,124.0302,4.1239,+3.44,1203323,120.6997,124.6473,120.6214
2021/05/19,119.9063,3.5656,+3.06,1596711,113.6274,120.4646,112.6576
2021/05/18,116.3407,1.0677,-0.91,1123822,119.0639,119.8965,116.2428
2021/05/17,117.4084,2.4391,-2.04,1150866,118.2509,118.4174,115.0967
2021/05/14,119.8475,5.0055,+4.36,1163342,116.0469,120.8956,115.5571
2021/05/13,114.8420,2.5860,+2.30,1524408,114.0143,116.3308,113.5294
2021/05/12,112.2560,6.7687,-5.69,1961076,116.0175,117.6141,111.8299
2021/05/11,119.0247,0.3232,-0.27,1927736,113.9506,119.6810,113.2943
2021/05/10,119.3479,6.2006,-4.94,2499983,123.9616,123.9616,119.2206
2021/05/07,125.5485,2.1844,+1.77,1296338,124.8432,126.0578,124.0302
2021/05/06,123.3641,1.3910,+1.14,1385347,121.3070,123.5600,119.1422
2021/05/05,121.9731,1.4987,+1.24,1185151,122.5021,123.4522,119.8377
2021/05/04,120.4744,1.9591,-1.60,1390705,119.8398,120.6312,117.2027
2021/05/03,122.4335,0.0882,-0.07,1083693,123.7363,124.8055,121.2287
2021/04/30,122.5217,5.6128,-4.38,1724358,125.3917,125.9501,121.8850
2021/04/29,128.1345,1.5575,-1.20,1241464,131.0437,131.1711,125.9109
2021/04/28,129.6920,1.2735,+0.99,2728517,135.8724,136.4312,128.4577
2021/04/27,128.4185,2.2824,-1.75,1813576,131.5139,132.7775,128.3892
2021/04/26,130.7009,1.8611,+1.44,1238098,128.7712,130.9409,128.3206
2021/04/23,128.8398,5.1035,+4.12,1283793,126.6358,129.1532,125.5338
2021/04/22,123.7363,3.5460,-2.79,1438699,127.1255,127.5076,122.8351
2021/04/21,127.2823,5.5541,+4.56,1547085,121.7380,127.4096,121.0524
2021/04/20,121.7282,2.0081,-1.62,1302796,122.9872,124.3730,120.1806
2021/04/19,123.7363,3.0954,-2.44,1556835,125.9599,126.5182,122.2278
2021/04/16,126.8317,1.6750,-1.30,1532707,128.8593,129.7115,126.7043
2021/04/15,128.5067,3.0366,+2.42,1646339,127.6937,128.9377,125.4113
2021/04/14,125.4701,0.8914,-0.71,945333,126.3713,128.7222,124.9216
2021/04/13,126.3615,1.4008,-1.10,1593284,129.0553,129.2903,124.6210
2021/04/12,127.7623,2.5762,-1.98,1645901,129.4863,129.7115,126.6064
2021/04/09,130.3385,0.8424,-0.64,1179941,130.0250,131.3229,128.6830
2021/04/08,131.1809,2.0963,+1.62,1529027,130.9556,131.5629,129.5548
2021/04/07,129.0846,0.5878,-0.45,1347216,128.8887,130.6617,127.7916
2021/04/06,129.6724,0.2938,-0.23,2033435,129.5156,132.0625,127.5663
2021/04/05,129.9662,3.7908,+3.00,2055275,127.8898,131.0339,125.3820
2021/04/01,126.1754,6.9842,+5.86,2225276,121.5617,126.2831,121.5617
2021/03/31,119.1912,5.6030,+4.93,2365054,115.4200,120.3569,115.2143
2021/03/30,113.5882,2.0276,+1.82,1072590,111.2863,114.2739,110.8847
2021/03/29,111.5606,5.0250,-4.31,2499590,115.7236,115.8020,110.0520
2021/03/26,116.5856,7.1311,+6.52,2286109,110.1500,116.7130,109.8268
2021/03/25,109.4545,0.2547,-0.23,1512458,107.7599,109.8463,105.6441
2021/03/24,109.7092,1.0971,-0.99,2142067,114.4012,115.5277,109.5917
2021/03/23,110.8063,3.8104,-3.32,2879884,114.0682,115.7824,109.6015
2021/03/22,114.6167,2.0570,+1.83,2193518,115.0673,116.2819,112.7654
2021/03/19,112.5597,2.4881,+2.26,3263082,110.6202,113.6862,109.0431
2021/03/18,110.0716,4.9957,-4.34,2537404,113.0103,113.6764,109.8561
2021/03/17,115.0673,0.1175,+0.10,2596277,113.2650,116.4387,111.0561
2021/03/16,114.9498,0.3918,-0.34,2417985,117.2517,117.5358,113.7205
2021/03/15,115.3416,4.8194,+4.36,2548891,111.1981,115.9489,110.9238
2021/03/12,110.5222,1.0090,-0.90,1740723,108.7590,111.2373,107.7991
2021/03/11,111.5312,4.8488,+4.55,2180627,108.7297,112.4813,108.7297
2021/03/10,106.6824,4.3394,-3.91,2927552,114.8126,114.8518,105.9380
2021/03/09,111.0218,8.9531,+8.77,3212352,106.7706,112.4831,106.3983
2021/03/08,102.0687,9.5016,-8.52,3989427,110.5124,111.3353,101.9218
2021/03/05,111.5703,0.0686,-0.06,3523798,115.0673,115.4200,104.2727
2021/03/04,111.6389,7.3662,-6.19,3421358,118.5251,118.9659,109.0333
2021/03/03,119.0051,5.2014,-4.19,2014001,124.0596,126.0382,118.9757
2021/03/02,124.2065,7.0527,-5.37,1734021,131.0143,131.2494,124.1477
2021/03/01,131.2592,5.2797,+4.19,2203126,128.7810,131.6021,127.8309
2021/02/26,125.9795,2.9093,+2.36,1965186,124.3534,127.2039,121.4932
2021/02/25,123.0702,8.3751,-6.37,1772864,130.0544,130.5589,122.7470
2021/02/24,131.4453,4.3198,+3.40,2436670,126.0578,131.6902,123.6286
2021/02/23,127.1255,2.5567,-1.97,3357531,124.2947,129.1924,122.0221
2021/02/22,129.6822,9.9913,-7.15,1968307,137.1169,137.1365,129.1336
2021/02/19,139.6735,5.9654,+4.46,2124918,136.8133,140.3298,136.5390
2021/02/18,133.7081,2.6448,-1.94,1710079,133.2085,135.0109,131.7294
2021/02/17,136.3529,4.2482,-3.02,2217331,138.0854,138.7119,131.6838
2021/02/16,140.6011,1.2040,+0.86,2392146,142.7007,144.7709,139.7592
2021/02/12,139.3971,7.2141,+5.46,2443227,132.5256,140.7381,132.1830
2021/02/11,132.1830,6.1961,+4.92,1874232,126.3589,132.5354,126.3589
2021/02/10,125.9869,0.4307,+0.34,1855432,126.8287,128.6934,124.5903
2021/02/09,125.5562,0.8027,-0.64,2180234,125.5215,126.9168,124.0292
2021/02/08,126.3589,2.9072,+2.35,1628435,125.2626,126.8972,123.8237
2021/02/05,123.4517,0.5873,+0.48,1978097,124.5382,125.4388,122.1694
2021/02/04,122.8644,4.8453,+4.11,1922642,119.5951,122.9623,118.3925
2021/02/03,118.0191,1.0180,-0.86,2549526,120.8529,121.3864,117.4710
2021/02/02,119.0371,3.9741,+3.45,4368375,118.9295,119.2133,116.1006
2021/02/01,115.0630,3.9839,+3.59,3149685,114.0352,115.4252,111.5881
2021/01/29,111.0791,6.3234,-5.39,5082281,117.1822,117.1822,110.6484
2021/01/28,117.4025,9.9548,-7.82,4182190,121.0927,121.3766,117.0794
2021/01/27,127.3573,7.8210,-5.79,2411429,132.5354,132.6431,126.6623
2021/01/26,135.1783,1.9674,-1.43,1276853,137.7233,138.0658,135.1489
2021/01/25,137.1457,2.1143,+1.57,1393657,137.5079,138.7902,134.7525
2021/01/22,135.0314,2.2416,-1.63,1386643,136.4018,137.4394,134.4246
2021/01/21,137.2730,1.5955,+1.18,1329783,137.8016,138.4182,135.8145
2021/01/20,135.6775,1.9772,-1.44,1998213,140.2487,140.3661,134.9727
2021/01/19,137.6547,3.2595,+2.43,1915648,136.2844,138.5747,136.0908
2021/01/15,134.3952,1.0669,-0.79,1771523,135.0804,135.6481,131.9187
2021/01/14,135.4621,2.3198,+1.74,1597000,135.2859,136.5976,133.7883
2021/01/13,133.1423,1.0473,-0.78,1484187,133.6708,134.4343,132.4864
2021/01/12,134.1896,1.3606,+1.02,1510868,133.4947,136.5731,133.1716
2021/01/11,132.8290,3.4749,+2.69,2154453,129.1975,133.5632,127.7586
2021/01/08,129.3541,2.1926,+1.72,1369830,130.0491,130.6560,127.6803
2021/01/07,127.1615,7.3413,+6.13,2163712,121.7387,127.9740,121.6311
2021/01/06,119.8202,0.9005,+0.76,1698440,118.1366,122.2086,117.6628
2021/01/05,118.9197,2.2514,+1.93,1106579,116.0419,118.9490,115.8755
2021/01/04,116.6683,0.6852,-0.58,1421758,119.3053,120.8333,115.6014
2020/12/31,117.3535,0.3916,-0.33,714967,117.5787,118.1562,115.8657
2020/12/30,117.7451,3.0247,+2.64,810209,115.7482,118.1660,115.5133
2020/12/29,114.7204,0.5188,-0.45,978084,116.4040,116.5460,113.9374
2020/12/28,115.2392,1.1257,-0.97,751238,117.5395,117.6765,114.9456
2020/12/24,116.3649,1.5857,+1.38,430515,115.2001,116.3845,114.3583
2020/12/23,114.7792,1.2823,-1.10,948447,116.5509,116.7662,114.7204
2020/12/22,116.0615,1.1354,-0.97,1698015,117.1969,117.5836,115.6503
2020/12/21,117.1969,0.8418,-0.71,1347949,115.3371,117.6178,115.1759
2020/12/18,118.0387,1.2138,+1.04,2761996,116.8152,118.5281,116.3160
2020/12/17,116.8249,0.4112,-0.35,1646424,118.4400,119.7801,116.4432
2020/12/16,117.2361,0.6558,-0.56,1708037,116.9228,118.2834,116.0810
2020/12/15,117.8919,3.1910,+2.78,1569380,115.4937,118.2051,115.0141
2020/12/14,114.7009,1.7717,+1.57,1307159,114.1540,115.7091,113.3794
2020/12/11,112.9292,0.3034,-0.27,1196625,112.0090,113.6731,110.5604
2020/12/10,113.2326,1.6249,+1.46,1654683,111.5979,113.6829,109.9007
2020/12/09,111.6077,4.5516,-3.92,1588939,115.5622,115.7189,110.7561
2020/12/08,116.1593,1.4780,+1.29,1137831,114.4366,116.4383,114.0744
2020/12/07,114.6813,1.1061,+0.97,1370626,114.0842,114.8379,112.3418
2020/12/04,113.5752,2.2416,+2.01,1192948,112.4006,113.8199,111.5881
2020/12/03,111.3336,0.2154,-0.19,1736970,112.5768,114.7400,111.1770
2020/12/02,111.5490,1.1354,-1.01,1416220,112.0776,112.5180,110.4625
2020/12/01,112.6844,4.6788,+4.33,2222253,108.9061,113.4871,108.8474
2020/11/30,108.0056,0.9201,+0.86,1594534,107.6140,108.2943,105.7493
2020/11/27,107.0855,1.0376,+0.98,867540,107.3106,108.4852,106.7624
2020/11/25,106.0479,0.6362,-0.60,1402910,107.1833,107.7021,105.9108
2020/11/24,106.6841,0.7537,+0.71,1701263,107.1638,107.1784,104.9026
2020/11/23,105.9304,1.9461,+1.87,1219090,104.0039,106.2531,104.0039
2020/11/20,103.9843,0.1369,-0.13,1407298,104.3755,105.5441,103.7790
2020/11/19,104.1212,1.6136,+1.57,1071734,102.4979,104.2728,102.2045
2020/11/18,102.5076,1.0660,-1.03,1212850,103.6420,104.0919,102.4441
2020/11/17,103.5736,1.2420,-1.18,1287075,104.3657,104.3657,102.5663
2020/11/16,104.8156,4.7822,+4.78,1803771,100.6495,104.8742,100.4051
2020/11/13,100.0334,1.7700,+1.80,1086799,99.9454,100.9234,98.7719
2020/11/12,98.2634,0.6845,-0.69,1303280,99.8770,99.8770,97.6082
2020/11/11,98.9479,2.9631,+3.09,1721518,97.4419,99.4271,97.2854
2020/11/10,95.9848,3.3054,-3.33,2020404,99.7498,99.8211,95.3296
2020/11/09,99.2902,1.2420,+1.27,2264173,102.6250,103.2900,99.0457
2020/11/06,98.0482,0.9192,+0.95,1540629,96.6498,98.5176,95.8381
2020/11/05,97.1290,3.3935,+3.62,1961464,95.2318,98.1314,94.8993
2020/11/04,93.7355,5.8872,+6.70,2619391,90.4051,94.3027,88.9338
2020/11/03,87.8483,0.1271,+0.14,1106773,88.6698,89.6868,87.3251
2020/11/02,87.7212,1.8092,+2.11,1883845,86.5477,88.5133,86.3032
2020/10/30,85.9120,0.6748,-0.78,1617180,84.8949,86.2075,84.1908
2020/10/29,86.5868,2.9338,+3.51,1652261,83.6432,87.3691,83.2031
2020/10/28,83.6530,1.8776,-2.20,1212698,83.8485,84.9515,83.1249
2020/10/27,85.5306,2.0830,-2.38,1508219,87.8483,87.8483,84.9438
2020/10/26,87.6136,2.3568,-2.62,1286385,88.5818,89.5988,86.3619
2020/10/23,89.9704,1.0366,+1.17,1192745,89.2028,90.4203,89.0023
2020/10/22,88.9338,1.1051,-1.23,2224739,90.7039,90.7039,87.4278
2020/10/21,90.0389,4.0389,+4.70,3613473,86.0587,91.1146,86.0587
2020/10/20,86.0000,1.2420,+1.47,2881534,85.7457,86.9193,85.5893
2020/10/19,84.7580,0.0782,+0.09,1502232,85.7849,86.8410,84.1517
2020/10/16,84.6798,0.6846,-0.80,1055660,86.2445,86.3814,84.4598
2020/10/15,85.3644,0.3521,+0.41,1120861,82.9880,85.6773,82.4208
2020/10/14,85.0123,0.6846,-0.80,988940,85.6284,86.8899,84.8656
2020/10/13,85.6969,0.9780,+1.15,1168687,85.0807,86.6846,84.2299
2020/10/12,84.7189,0.5183,+0.62,2116530,85.3350,85.5991,83.8974
2020/10/09,84.2006,3.5401,+4.39,1806767,83.4769,84.9194,82.7435
2020/10/08,80.6605,0.1858,+0.23,1162941,80.7778,81.5379,80.3524
2020/10/07,80.4747,1.1540,+1.45,1271068,80.5333,81.4819,80.0346
2020/10/06,79.3207,0.1173,-0.15,1195458,79.4772,81.3059,78.7926
2020/10/05,79.4380,2.5524,+3.32,1340226,77.7462,79.5163,77.7266
2020/10/02,76.8856,2.6209,-3.30,1057003,77.0127,78.1276,76.5839
2020/10/01,79.5065,1.7994,+2.32,1227938,79.0566,79.8488,78.5970
2020/09/30,77.7071,0.3912,-0.50,1844918,77.5800,78.6215,77.0714
2020/09/29,78.0983,0.6455,+0.83,1199837,77.7658,78.8904,77.7315
2020/09/28,77.4528,1.4522,+1.91,1873103,76.9247,77.7755,75.8588
2020/09/25,76.0006,1.3838,+1.85,1779839,74.6559,76.3771,73.7464
2020/09/24,74.6168,0.8704,+1.18,2256266,73.0619,75.8881,73.0619
2020/09/23,73.7464,1.1247,-1.50,2139790,75.1644,76.3477,73.4726
2020/09/22,74.8711,0.3520,-0.47,1825242,75.8490,75.8490,73.5411
2020/09/21,75.2231,0.5378,+0.72,2026834,73.3161,75.3014,72.8565
2020/09/18,74.6853,1.2419,-1.64,30894146,76.4944,76.9443,73.7660
2020/09/17,75.9272,1.2811,+1.72,1779221,73.3455,75.9957,72.5637
2020/09/16,74.6461,0.8508,-1.13,1910858,75.8099,76.6900,74.4212
2020/09/15,75.4969,0.3716,+0.49,1480170,75.7512,76.1228,74.5875
2020/09/14,75.1253,1.8581,+2.54,1964359,74.8026,75.3503,73.7660
2020/09/11,73.2672,0.5086,-0.69,1690603,74.3234,74.9102,72.4409
2020/09/10,73.7758,1.3984,-1.86,3318990,76.2402,76.5042,73.2966
2020/09/09,75.1742,1.3104,+1.77,3024103,75.7903,76.4504,74.6657
2020/09/08,73.8638,3.0023,-3.91,4405194,74.4701,76.4358,73.5411
2020/09/04,76.8661,3.2565,-4.06,4311429,77.5115,79.8194,73.7953
2020/09/03,80.1226,6.2979,-7.29,2628633,84.7776,85.5013,79.7412
2020/09/02,86.4205,3.0511,+3.66,1679689,84.6309,86.5770,83.7312
2020/09/01,83.3694,0.3712,+0.45,1406251,84.0043,85.0836,82.9689
2020/08/31,82.9982,0.7423,-0.89,1649769,84.0824,84.2582,82.3265
2020/08/28,83.7405,0.9279,+1.12,2083649,83.4573,83.9066,82.4023
2020/08/27,82.8126,4.9719,-5.66,2214808,87.8919,88.1947,82.8126
2020/08/26,87.7845,0.4298,-0.49,849920,88.1263,88.2631,86.9737
2020/08/25,88.2143,1.1917,+1.37,1185759,87.4328,88.2436,87.0909
2020/08/24,87.0226,1.0647,+1.24,849613,86.9053,87.7747,86.2216
2020/08/21,85.9579,0.7130,-0.82,1288245,86.5244,86.5244,85.4890
2020/08/20,86.6709,1.4750,-1.67,1209422,86.9347,87.1593,85.9774
2020/08/19,88.1459,0.9670,-1.09,860725,89.4939,90.1385,87.9945
2020/08/18,89.1129,0.7326,-0.82,1160042,90.3339,90.5000,87.9505
2020/08/17,89.8455,1.8754,+2.13,951476,88.8882,90.3339,88.1849
2020/08/14,87.9701,0.0782,+0.09,1345916,88.1752,91.2698,87.5696
2020/08/13,87.8919,0.3223,+0.37,1020670,87.9114,88.7613,86.8356
2020/08/12,87.5696,3.3016,+3.92,1341171,85.2448,87.8431,84.3571
2020/08/11,84.2680,0.8107,-0.95,1561563,84.8345,85.9579,84.0531
2020/08/10,85.0787,0.4591,-0.54,1452327,85.7137,86.3779,84.0824
2020/08/07,85.5378,3.2137,-3.62,2370282,88.2045,88.8589,83.6526
2020/08/06,88.7515,0.2051,+0.23,1714899,88.8882,90.0995,87.4524
2020/08/05,88.5464,1.0940,+1.25,3559147,87.6770,88.7613,87.2765
2020/08/04,87.4524,0.7130,-0.81,1153300,88.1556,88.2924,86.4267
2020/08/03,88.1654,1.2698,+1.46,1788638,87.3840,89.1910,87.3840
2020/07/31,86.8956,0.3419,+0.40,2386137,86.4170,86.9640,84.1801
2020/07/30,86.5537,0.1563,-0.18,1485800,85.6746,86.6905,84.2289
2020/07/29,86.7100,1.7289,+2.03,2373105,85.7137,87.7356,85.5964
2020/07/28,84.9811,1.2893,-1.49,2255665,85.3132,86.0067,84.2387
2020/07/27,86.2704,4.6788,+5.73,3077918,83.0177,86.8370,82.4023
2020/07/24,81.5916,2.5104,-2.98,2306828,82.2216,82.9982,80.8199
2020/07/23,84.1020,3.3113,-3.79,2829838,87.6888,88.5415,82.4204
2020/07/22,87.4133,0.2246,-0.26,3558280,87.1691,88.1360,84.4829
2020/07/21,87.6379,0.0196,-0.02,3444636,87.6575,88.2826,86.3583
2020/07/20,87.6575,3.2430,+3.84,1612714,84.9322,87.7698,84.4145
2020/07/17,84.4145,0.3125,+0.37,1056235,84.2680,84.6197,83.6233
2020/07/16,84.1020,0.4200,-0.50,1122990,83.1838,84.5220,82.9005
2020/07/15,84.5220,0.0781,-0.09,1628577,85.1471,85.1471,82.7247
2020/07/14,84.6001,0.2344,-0.28,2646061,81.5852,84.6294,80.9860
2020/07/13,84.8345,0.5177,-0.61,2334706,86.3974,88.5952,84.7955
2020/07/10,85.3522,1.0550,-1.22,2126047,86.4463,86.7881,83.8871
2020/07/09,86.4072,0.6935,+0.81,1475103,86.2314,87.1984,85.1080
2020/07/08,85.7137,1.3773,+1.63,1765292,85.4304,86.3974,84.6099
2020/07/07,84.3364,1.7484,-2.03,2042451,85.7430,86.8174,84.2973
2020/07/06,86.0848,3.4676,+4.20,1836496,84.9029,87.5012,84.1996
2020/07/02,82.6172,1.6312,+2.01,1648039,82.0507,83.7308,81.7283
2020/07/01,80.9860,1.5628,-1.89,1456213,82.7344,82.8224,80.8883
2020/06/30,82.5488,1.6410,+2.03,2393702,81.6722,82.8907,80.2534
2020/06/29,80.9078,0.9572,+1.20,1645394,79.8822,81.4060,78.7100
2020/06/26,79.9506,2.9108,-3.51,2452874,82.6573,82.9982,79.7455
2020/06/25,82.8614,3.3895,+4.27,2612384,79.5892,82.8614,78.7590
2020/06/24,79.4719,2.3248,-2.84,3071984,81.7186,82.8907,79.0226
2020/06/23,81.7967,0.1075,-0.13,2035373,83.0275,83.4377,81.5623
2020/06/22,81.9042,1.0745,+1.33,2660299,81.0153,82.5391,79.8911
2020/06/19,80.8297,3.0671,+3.94,4929571,78.5635,80.8688,78.1728
2020/06/18,77.7626,1.1624,+1.52,2073326,77.0300,78.0751,76.1997
2020/06/17,76.6002,1.3578,+1.80,2206919,75.6722,76.9421,75.2913
2020/06/16,75.2424,2.4029,+3.30,2667119,75.8578,77.0300,74.0507
2020/06/15,72.8395,2.7545,+3.93,2810254,68.7956,72.9372,68.4342
2020/06/12,70.0850,0.9182,+1.33,2609202,71.7943,72.4683,68.6881
2020/06/11,69.1668,5.3430,-7.17,2818634,72.2827,72.7418,69.1179
2020/06/10,74.5098,1.3821,+1.89,2335035,73.6014,75.6820,73.2205
2020/06/09,73.1277,0.0342,-0.05,3050550,71.9506,73.9531,70.8176
2020/06/08,73.1619,1.8168,-2.42,2918991,76.1899,76.3755,72.1948
2020/06/05,74.9787,3.4872,+4.88,2589976,74.1484,76.2192,73.4549
2020/06/04,71.4915,0.8498,+1.20,2043813,70.7687,71.9751,70.1729
2020/06/03,70.6417,2.8034,+4.13,2538092,69.6161,71.7748,68.9812
2020/06/02,67.8383,2.2368,+3.41,1376893,65.8164,67.8774,65.5624
2020/06/01,65.6015,0.1368,+0.21,2010632,65.2889,66.3731,64.9568
2020/05/29,65.4647,2.4029,+3.81,2523693,63.2669,65.6894,63.2669
2020/05/28,63.0618,2.9597,-4.48,2334102,66.0801,66.5880,62.7199
2020/05/27,66.0215,2.6764,+4.23,2710479,64.4391,66.1192,63.4135
2020/05/26,63.3451,2.0513,+3.35,1970503,63.2962,64.3365,61.6455
2020/05/22,61.2938,0.9865,+1.64,870602,60.5124,61.3427,59.6821
2020/05/21,60.3073,1.7484,-2.82,1567266,61.4013,61.9483,59.5258
2020/05/20,62.0557,2.3541,+3.94,2090955,61.2743,62.3585,61.0496
2020/05/19,59.7016,0.4591,+0.77,1600025,59.5747,61.5087,59.3207
2020/05/18,59.2425,3.6727,+6.61,2595056,57.1522,59.5551,56.1656
2020/05/15,55.5698,4.3956,-7.33,3353307,56.1070,57.9825,55.1107
2020/05/14,59.9654,1.6215,+2.78,2089472,57.5625,60.1217,55.9996
2020/05/13,58.3439,1.5336,-2.56,1759122,59.7798,60.7807,57.2792
2020/05/12,59.8775,1.7680,-2.87,1777199,61.9385,62.4367,59.8677
2020/05/11,61.6455,1.9340,-3.04,2856710,62.6906,63.0520,61.6021
2020/05/08,63.5795,2.5983,+4.26,2101470,61.6357,64.1802,61.6357
2020/05/07,60.9812,1.8852,+3.19,2541188,59.9361,61.1864,59.9361
2020/05/06,59.0960,1.0354,+1.78,1634617,59.0179,60.2486,58.4367
