일자,종가,대비,등락률,거래량,시가,고가,저가
2026/09/17,369.9300,1.0000,-0.27,1983300,371.3750,372.4800,368.3900
2026/09/16,370.9300,4.6900,-1.25,7203875,374.9600,376.4746,368.1200
2026/09/15,375.6200,0.3400,+0.09,5015353,374.8150,376.3700,372.8200
2026/09/14,375.2800,4.8300,+1.30,6198991,375.0700,377.1700,371.6700
2026/09/11,370.4500,3.2400,+0.88,3492910,368.9200,371.8125,367.9800
2026/09/10,367.2100,0.1800,-0.05,3801040,366.4000,368.0000,365.5200
2026/09/09,367.3900,1.2500,-0.34,4480828,368.4500,369.4800,365.8800
2026/09/08,368.6400,6.4300,-1.71,4930372,371.6000,373.5000,367.4400
2026/09/04,375.0700,3.6800,-0.97,4646779,374.8900,377.5000,373.6400
2026/09/03,378.7500,0.3500,+0.09,3870160,380.1700,382.2100,376.8611
2026/09/02,378.4000,5.7300,+1.54,5600367,374.0100,380.1700,374.0100
2026/09/01,372.6700,6.7000,-1.77,5858695,379.6500,380.7500,372.2200
2026/08/31,379.3700,2.2300,-0.58,6744990,381.3500,382.4800,378.8000
2026/08/28,381.6000,1.9400,+0.51,4645136,380.3000,383.6800,379.0300
2026/08/27,379.6600,4.2400,-1.10,6644590,381.1400,381.7693,378.5000
2026/08/26,383.9000,0.2400,-0.06,6079965,384.1400,385.5699,381.0800
2026/08/25,384.1400,1.7300,+0.45,6779050,381.2050,384.2000,380.2700
2026/08/24,382.4100,11.3700,+3.06,8480747,373.2600,383.4250,372.2143
2026/08/21,371.0400,5.3100,+1.45,6675876,367.8700,371.8000,366.6560
2026/08/20,365.7300,0.1900,+0.05,6151472,365.0950,368.9300,363.6300
2026/08/19,365.5400,1.2900,+0.35,5866413,364.0900,370.6350,362.8958
2026/08/18,364.2500,5.4100,+1.51,6820284,359.6200,365.9100,358.0500
2026/08/17,358.8400,5.3100,-1.46,15543399,362.8400,363.5599,358.5200
2026/08/14,364.1500,1.3000,-0.36,8106907,365.8900,366.8000,362.7600
2026/08/13,365.4500,6.0300,+1.68,8142586,363.7000,365.4500,358.7100
2026/08/12,359.4200,3.4000,-0.94,3794210,361.0000,363.3500,358.3100
2026/08/11,362.8200,2.1700,+0.60,4440865,360.9800,364.5500,359.9689
2026/08/10,360.6500,1.1778,-0.33,7566253,361.3287,363.4947,358.2045
2026/08/07,361.8278,7.9552,-2.15,5122025,367.8267,369.5634,360.8496
2026/08/06,369.7830,1.9264,+0.52,5031642,368.8847,370.4112,364.5727
2026/08/05,367.8566,1.0481,-0.28,6076617,371.6096,371.7095,366.0400
2026/08/04,368.9047,3.9128,+1.07,7511463,361.0892,370.4218,359.4187
2026/08/03,364.9919,0.4592,-0.13,5531579,367.8167,371.2803,363.6744
2026/07/31,365.4511,0.1397,-0.04,7842987,363.0855,366.1997,359.4323
2026/07/30,365.5908,2.4555,-0.67,8408494,364.3232,366.3195,360.0811
2026/07/29,368.0463,2.1361,+0.58,11313724,356.3380,373.2765,354.8208
2026/07/28,365.9102,4.0524,+1.12,11082479,364.3831,370.4718,362.0532
2026/07/27,361.8578,6.7775,+1.91,6644417,358.6837,362.9857,357.5857
2026/07/24,355.0803,4.1323,+1.18,4491127,352.8146,355.1802,350.3990
2026/07/23,350.9480,1.8166,-0.51,4191104,351.3922,351.3922,347.8538
2026/07/22,352.7646,2.3956,-0.67,4630743,355.9088,356.8670,351.6168
2026/07/21,355.1602,4.7412,-1.32,6038517,356.3280,358.4541,354.0323
2026/07/20,359.9014,2.0063,+0.56,7631363,356.4378,362.3269,355.7691
2026/07/17,357.8951,6.5678,-1.80,7414151,362.8958,363.9535,356.3380
2026/07/16,364.4629,9.9814,+2.82,9090033,357.3761,364.4629,356.4479
2026/07/15,354.4815,0.8783,-0.25,8866435,353.3436,359.7617,348.4726
2026/07/14,355.3598,1.7268,-0.48,6644727,355.1103,359.2726,353.0242
2026/07/13,357.0866,8.7637,+2.52,9983132,351.0778,358.8234,350.3990
2026/07/10,348.3229,0.7686,+0.22,4711929,349.9798,350.5188,344.6897
2026/07/09,347.5543,0.6687,+0.19,6618551,344.6597,347.8538,343.7813
2026/07/08,346.8856,4.6613,-1.33,10234141,349.6454,350.9480,345.0490
2026/07/07,351.5469,5.0406,-1.41,7346157,347.7440,355.4147,346.2767
2026/07/06,356.5875,4.8710,-1.35,11645356,362.3269,364.3431,348.2032
2026/07/02,361.4585,11.0295,+3.15,9835408,351.8563,361.4585,351.8563
2026/07/01,350.4290,7.9752,+2.33,13050137,343.9211,352.7048,340.3477
2026/06/30,342.4538,1.4373,+0.42,7972724,341.1263,343.6516,338.4512
2026/06/29,341.0165,5.4100,+1.61,11732673,337.6427,345.1688,337.6427
2026/06/26,335.6065,5.6994,+1.73,16748433,331.6239,339.0901,330.8254
2026/06/25,329.9071,1.7068,-0.51,7066030,331.9433,339.3096,329.4530
2026/06/24,331.6139,3.7430,+1.14,8212436,328.3899,334.1792,326.6082
2026/06/23,327.8709,1.8765,+0.58,11134030,328.2103,330.6657,327.4766
2026/06/22,325.9944,0.6388,-0.20,15160499,327.7162,332.3825,325.2558
2026/06/18,326.6332,3.1342,-0.95,14744081,330.3862,331.7138,326.3936
2026/06/17,329.7674,2.7349,-0.82,6908040,332.8816,336.1953,329.3581
2026/06/16,332.5023,9.2828,+2.87,9265583,325.0861,332.6720,323.7736
2026/06/15,323.2195,1.4273,+0.44,6815633,322.7604,325.8297,322.1515
2026/06/12,321.7922,3.3338,+1.05,5553816,321.1634,325.3256,319.2070
2026/06/11,318.4584,3.9027,-1.21,5970012,321.4029,323.1097,317.3704
2026/06/10,322.3611,2.0862,-0.64,5803814,326.0143,326.2894,319.5863
2026/06/09,324.4473,5.3701,+1.68,6352143,318.0691,324.8864,316.4122
2026/06/08,319.0772,3.8928,-1.21,5592385,320.7541,323.3194,317.8395
2026/06/05,322.9700,3.3837,+1.06,7189671,321.8022,325.3754,320.3748
2026/06/04,319.5863,7.7656,+2.49,6994646,316.2026,324.1578,316.1127
2026/06/03,311.8207,4.9109,-1.55,9009479,317.0610,317.0610,308.4270
2026/06/02,316.7316,5.4399,-1.69,10144159,321.9120,322.9001,312.8089
2026/06/01,322.1715,3.5833,-1.10,10097994,326.6532,327.2520,318.0891
2026/05/29,325.7548,1.4074,+0.43,14133043,324.8964,331.0550,324.7422
2026/05/28,324.3474,2.6551,-0.81,8125126,325.4055,326.4735,320.3050
2026/05/27,327.0025,1.1279,+0.35,5930064,325.2258,330.8454,325.0561
2026/05/26,325.8746,2.3956,-0.73,8727249,325.8497,327.8909,323.9083
2026/05/22,328.2702,2.2358,-0.68,7478118,329.9071,332.8117,328.2103
2026/05/21,330.5060,0.3693,+0.11,7047573,329.2284,331.9034,326.6282
2026/05/20,330.1367,0.8385,+0.25,9440030,329.4779,331.0400,326.2141
2026/05/19,329.2982,2.7250,-0.82,12882015,332.7119,334.5485,328.8790
2026/05/18,332.0232,6.8772,+2.12,5315655,323.8284,332.8117,323.1696
2026/05/15,325.1460,3.2241,+1.00,6065771,323.3992,328.3999,323.2395
2026/05/14,321.9219,2.2059,+0.69,5287155,320.7741,322.7255,319.6562
2026/05/13,319.7160,6.0987,-1.87,7965216,323.1896,324.8166,319.2070
2026/05/12,325.8147,3.2240,+1.00,6246735,323.7186,328.3001,323.5988
2026/05/11,322.5907,5.0501,+1.59,9623882,317.8494,323.9055,316.7636
2026/05/08,317.5406,2.4802,-0.78,5973624,319.7270,319.8116,314.9209
2026/05/07,320.0208,2.4703,+0.78,7214341,318.2876,322.4214,318.2876
2026/05/06,317.5505,3.2174,-1.00,7839106,322.4811,323.3079,316.7537
2026/05/05,320.7679,4.8011,-1.47,5916385,323.8358,324.3040,318.3922
2026/05/04,325.5690,1.1754,-0.36,6738832,326.7145,328.4975,324.1247
2026/05/01,326.7444,1.8029,-0.55,6752536,331.5754,334.5337,326.6398
2026/04/30,328.5473,5.0003,-1.50,11285286,330.8183,331.1968,326.7942
2026/04/29,333.5476,25.4598,+8.26,16724107,335.0816,340.6397,332.4818
2026/04/28,308.0878,0.3486,-0.11,8874688,310.9764,312.7295,307.5300
2026/04/27,308.4364,0.2291,+0.07,6286112,306.3048,309.5968,304.8605
2026/04/24,308.2073,0.5379,+0.17,5638999,305.8964,308.7651,303.3066
2026/04/23,307.6694,2.4006,-0.77,7303611,309.2781,310.9764,303.8146
2026/04/22,310.0700,1.3447,+0.44,5688898,309.7911,310.1397,306.8526
2026/04/21,308.7253,3.9843,-1.27,6833654,312.7793,315.6480,307.6097
2026/04/20,312.7096,3.0679,-0.97,5528493,315.1599,316.3040,311.1258
2026/04/17,315.7775,1.9125,+0.61,8114143,315.3592,318.1880,313.9447
2026/04/16,313.8650,0.8069,-0.26,5718260,315.1101,316.7537,313.3371
2026/04/15,314.6719,4.5222,+1.46,4850454,311.7733,315.4886,310.2991
2026/04/14,310.1497,1.9723,+0.64,5592943,307.2610,310.8967,306.2849
2026/04/13,308.1774,5.0103,+1.65,6813954,302.7388,308.5360,301.1550
2026/04/10,303.1671,3.9146,-1.27,5210459,307.5001,307.7889,302.3205
2026/04/09,307.0817,0.6674,-0.22,4830412,306.7929,308.3667,302.4001
2026/04/08,307.7491,6.3849,+2.12,6906356,306.5239,309.8608,306.4940
2026/04/07,301.3642,0.7770,-0.26,4431224,301.2547,303.7857,299.9398
2026/04/06,302.1412,2.5201,+0.84,5522646,299.5613,303.2269,298.2863
2026/04/02,299.6211,2.2810,+0.77,4393266,296.6328,301.2844,294.6905
2026/04/01,297.3401,3.7153,-1.23,7737883,303.8544,303.8544,292.7382
2026/03/31,301.0554,2.6894,+0.90,10287221,300.4179,302.1511,295.4226
2026/03/30,298.3660,4.0042,+1.36,9367031,297.5592,299.5016,294.7303
2026/03/27,294.3618,9.9707,-3.28,10013657,303.1273,303.3962,293.1665
2026/03/26,304.3325,0.6175,+0.20,7682784,302.9679,306.6634,301.8125
2026/03/25,303.7150,1.1455,+0.38,6305586,304.2827,307.2809,300.9857
2026/03/24,302.5695,0.6773,-0.22,5397097,300.8164,304.8356,299.4418
2026/03/23,303.2468,2.8089,+0.93,7855329,304.0038,306.6435,301.6630
2026/03/20,300.4379,1.9025,+0.64,14454784,298.6748,301.7328,297.8382
2026/03/19,298.5354,0.6873,+0.23,6853239,296.8719,301.2796,295.8681
2026/03/18,297.8481,9.4030,-3.06,7219981,306.2052,306.7281,297.3301
2026/03/17,307.2511,1.6435,-0.53,6899191,310.0999,311.4645,306.1753
2026/03/16,308.8946,2.9584,+0.97,6426412,306.6435,309.9106,306.1753
2026/03/13,305.9362,0.6375,+0.21,4833086,306.3845,309.1337,305.2192
2026/03/12,305.2987,2.4504,-0.80,7544476,306.9323,309.7313,304.8196
2026/03/11,307.7491,5.4486,-1.74,6410263,312.0223,313.8451,307.1813
2026/03/10,313.1977,1.5339,-0.49,5292088,314.1937,315.8871,310.2293
2026/03/09,314.7316,1.3846,-0.44,8414493,312.2315,315.1599,308.9344
2026/03/06,316.1162,2.4304,-0.76,6465047,314.8063,316.4449,311.0760
2026/03/05,318.5466,0.6674,-0.21,8308639,318.0785,321.5349,313.5363
2026/03/04,319.2140,0.3586,-0.11,5278622,320.1802,324.4932,318.5466
2026/03/03,319.5726,0.3188,+0.10,5495822,314.5673,320.7778,313.1180
2026/03/02,319.2538,0.3685,+0.12,6701179,314.2635,321.3356,313.3620
2026/02/27,318.8853,3.4265,+1.09,12461726,313.2275,318.9749,310.7274
2026/02/26,315.4588,3.6955,+1.19,8759838,313.2475,318.1681,312.7096
2026/02/25,311.7633,5.7474,+1.88,7654211,307.3407,312.7096,307.0419
2026/02/24,306.0159,0.6972,+0.23,9156121,304.3027,308.0529,301.8921
2026/02/23,305.3187,14.3734,-4.50,13099306,317.7896,319.2588,303.5108
2026/02/20,319.6921,2.0121,+0.63,6858317,316.8632,321.0866,316.5744
2026/02/19,317.6800,1.3647,-0.43,5991040,316.2457,318.9450,314.4926
2026/02/18,319.0447,0.7969,+0.25,7120186,318.2478,321.0169,315.4787
2026/02/17,318.2478,5.3988,+1.73,8625486,313.1777,320.1204,313.1777
2026/02/13,312.8490,10.0605,-3.12,11699772,322.5608,325.1955,311.5940
2026/02/12,322.9095,5.0401,-1.54,9429570,327.6010,330.9379,322.7302
2026/02/11,327.9496,1.0658,+0.33,8296811,325.6387,329.7406,325.1407
2026/02/10,326.8838,3.2472,+1.00,5824671,323.4374,328.5871,323.2780
2026/02/09,323.6366,5.9642,-1.81,8564536,328.7857,330.8334,321.6883
2026/02/06,329.6008,2.4354,+0.74,7845650,329.7996,333.1246,325.1475
2026/02/05,327.1654,0.8151,-0.25,8389108,331.0123,335.5749,326.8572
2026/02/04,327.9805,1.0139,+0.31,8523136,325.1575,329.3324,322.4785
2026/02/03,326.9666,4.8807,-1.47,9135703,329.6704,333.7856,326.9070
2026/02/02,331.8473,11.9383,+3.73,8553482,322.8911,332.6922,322.1704
2026/01/30,319.9090,9.9105,-3.00,11266340,330.2370,331.0123,319.6803
2026/01/29,329.8195,4.7913,+1.47,10275570,328.0302,331.3702,321.5789
2026/01/28,325.0282,1.7097,+0.53,8154636,324.7797,326.4298,322.9408
2026/01/27,323.3185,3.2107,-0.98,6404029,326.5143,326.9666,322.9706
2026/01/26,326.5292,2.2962,+0.71,7585428,326.0421,330.0183,323.0899
2026/01/23,324.2330,0.1789,-0.06,5701943,323.9149,325.8433,322.6823
2026/01/22,324.4119,1.0735,+0.33,6980368,324.5113,326.4298,322.0660
2026/01/21,323.3384,0.5368,-0.17,9028535,324.4815,326.7081,321.0720
2026/01/20,323.8752,2.4652,-0.76,8329629,320.3016,326.3602,319.6406
2026/01/16,326.3404,0.5468,+0.17,8391710,324.8294,327.2847,323.4577
2026/01/15,325.7936,1.4116,-0.43,8639222,327.3642,329.7101,324.4219
2026/01/14,327.2052,1.2823,+0.39,9444794,326.6982,327.9308,322.0064
2026/01/13,325.9229,15.2285,-4.46,20505905,334.9884,335.5053,321.8970
2026/01/12,341.1514,6.5308,-1.88,13361033,340.7339,344.4417,335.3065
2026/01/09,347.6822,2.4453,-0.70,4932706,350.0579,352.5794,347.0709
2026/01/08,350.1275,3.6282,-1.03,6395823,352.8810,354.2229,347.4138
2026/01/07,353.7557,1.6700,-0.47,6371930,355.0181,356.1414,352.3939
2026/01/06,355.4257,3.7376,+1.06,6816098,351.5689,356.4794,349.8989
2026/01/05,351.6881,7.2763,+2.11,7637741,342.4437,355.4008,341.9963
2026/01/02,344.4118,4.2048,-1.21,5436219,347.7816,347.9605,341.4297
2025/12/31,348.6166,2.8926,-0.82,3524187,351.5390,353.0798,348.5967
2025/12/30,351.5092,0.9841,-0.28,3386702,351.8869,352.7518,350.5549
2025/12/29,352.4933,0.3877,-0.11,4013850,353.3681,354.4217,351.6881
2025/12/26,352.8810,0.1391,-0.04,2029080,352.9804,354.5957,351.5987
2025/12/24,353.0201,1.7495,+0.50,2035707,351.2706,353.8651,350.9029
2025/12/23,351.2706,1.2823,+0.37,3725459,349.8989,354.2527,349.8989
2025/12/22,349.9883,2.8230,+0.81,5073803,347.9108,351.3303,347.5033
2025/12/19,347.1653,3.2207,+0.94,18735783,343.9844,347.8214,343.9844
2025/12/18,343.9446,1.5904,+0.46,6845881,343.1097,345.4556,342.2150
2025/12/17,342.3542,0.6958,-0.20,7307155,343.4874,345.7140,341.6285
2025/12/16,343.0500,1.7694,-0.51,7312919,343.9347,345.5450,341.6683
2025/12/15,344.8194,0.9344,-0.27,7046709,345.7538,346.3701,341.7777
2025/12/12,345.7538,2.1869,+0.64,6983953,345.9228,347.7518,343.9049
2025/12/11,343.5669,19.7812,+6.11,13031369,330.6147,345.2468,328.0898
2025/12/10,323.7857,0.7654,-0.24,5500373,324.6903,326.7976,323.3583
2025/12/09,324.5511,0.3380,-0.10,4351390,324.6604,326.2662,323.1296
2025/12/08,324.8891,4.3737,-1.33,6095813,327.9109,329.3622,322.7718
2025/12/05,329.2628,4.1153,+1.27,5298576,324.8791,332.1157,324.4489
2025/12/04,325.1475,2.4950,-0.76,6315194,329.3026,330.3960,322.3443
2025/12/03,327.6425,0.0100,-0,6334468,327.6425,330.3662,327.3841
2025/12/02,327.6525,0.7654,-0.23,8251123,329.4716,330.8134,325.2569
2025/12/01,328.4179,4.0258,-1.21,7124778,330.9527,331.3105,328.1694
2025/11/28,332.4437,0.6461,+0.19,4613782,331.4397,333.0153,330.0183
2025/11/26,331.7976,0.7356,-0.22,4335775,332.5332,333.7061,331.0670
2025/11/25,332.5332,5.1988,+1.59,5889408,326.9368,334.0540,326.9368
2025/11/24,327.3344,1.3121,+0.40,9393193,327.2747,328.7558,324.0541
2025/11/21,326.0223,4.1849,+1.30,8983588,323.4378,329.0989,322.3543
2025/11/20,321.8374,0.3479,-0.11,6549403,322.1853,326.4398,321.2112
2025/11/19,322.1853,2.9224,+0.92,7109165,319.6008,322.6276,317.9607
2025/11/18,319.2629,4.5427,-1.40,9225490,322.5630,323.0601,316.1018
2025/11/17,323.8056,4.2445,-1.29,6533771,329.1833,331.3702,322.9905
2025/11/14,328.0501,6.0238,-1.80,6460882,333.8850,334.0739,327.0640
2025/11/13,334.0739,2.7833,-0.83,4991505,337.0113,339.4218,333.5968
2025/11/12,336.8572,0.6262,+0.19,6427944,336.2310,342.2050,335.3860
2025/11/11,336.2310,4.0377,+1.22,4488877,332.8381,336.3996,330.5563
2025/11/10,332.1933,1.1607,-0.35,5338195,333.9790,335.9929,331.6675
2025/11/07,333.3540,0.9325,-0.28,5360917,334.0534,335.6010,332.1933
2025/11/06,334.2865,3.0556,-0.91,8575947,335.9036,335.9631,331.0623
2025/11/05,337.3421,0.2579,-0.08,5024464,337.4314,339.3957,333.6913
2025/11/04,337.6000,3.3730,+1.01,5967498,333.8103,337.6199,331.5980
2025/11/03,334.2270,3.8095,-1.13,5582243,338.2945,338.5028,332.1635
2025/10/31,338.0365,4.2560,-1.24,7359951,339.3659,340.2786,335.4869
2025/10/30,342.2925,3.7203,+1.10,6463122,339.5048,346.9403,339.0782
2025/10/29,338.5722,5.5754,-1.62,8428525,343.2548,348.1953,336.3103
2025/10/28,344.1476,0.9127,-0.26,7504906,345.8143,347.1139,343.7508
2025/10/27,345.0603,0.4365,+0.13,5443453,346.2310,346.7469,342.2726
2025/10/24,344.6238,1.4087,+0.41,3605299,345.4373,346.3104,342.5802
2025/10/23,343.2151,0.5952,+0.17,7274945,343.4532,344.3927,341.7270
2025/10/22,342.6199,1.8353,-0.53,5114989,345.0603,345.4076,341.7667
2025/10/21,344.4552,2.7778,+0.81,4154720,340.3976,346.8758,340.2786
2025/10/20,341.6774,2.5000,+0.74,4702341,339.1873,342.2230,336.2508
2025/10/17,339.1774,6.4385,+1.94,6317252,335.0901,340.7250,334.3262
2025/10/16,332.7389,10.2083,-2.98,6291423,342.2627,342.9472,331.5186
2025/10/15,342.9472,2.6687,-0.77,3808414,345.6159,347.2975,341.2707
2025/10/14,345.6159,5.0397,+1.48,5777185,338.2945,347.2330,337.5206
2025/10/13,340.5762,0.3472,-0.10,4062918,340.9929,344.9016,338.0266
2025/10/10,340.9234,3.3631,-0.98,6346523,344.8719,347.6199,340.5266
2025/10/09,344.2865,4.2858,-1.23,4470267,348.6814,350.0703,342.8401
2025/10/08,348.5723,1.0516,-0.30,3958935,350.9731,352.1834,348.3143
2025/10/07,349.6239,3.1151,+0.90,5084942,347.2826,351.6278,347.2826
2025/10/06,346.5088,0.5555,-0.16,4773509,347.2330,348.3342,341.6179
2025/10/03,347.0643,3.8591,+1.12,5241266,343.3639,350.3579,343.2548
2025/10/02,343.2052,1.8651,-0.54,5239809,343.4681,344.4254,340.8307
2025/10/01,345.0703,6.3989,+1.89,8447993,337.6099,346.5881,337.6099
2025/09/30,338.6714,1.2103,+0.36,8230072,337.1238,342.8679,335.8242
2025/09/29,337.4611,2.7678,+0.83,7275937,334.7032,337.9373,332.8877
2025/09/26,334.6933,2.4207,+0.73,9696480,334.5544,336.8064,333.5623
2025/09/25,332.2726,3.7203,-1.11,5441890,335.6655,337.5008,331.8560
2025/09/24,335.9929,0.0198,-0.01,5249077,336.4393,337.2032,335.2389
2025/09/23,336.0127,5.6151,-1.64,10223773,341.8560,342.5157,334.9512
2025/09/22,341.6278,2.7282,+0.81,5666759,336.3202,342.1238,335.9730
2025/09/19,338.8996,3.4028,+1.01,13783702,337.7488,339.9710,335.5663
2025/09/18,335.4968,7.9564,-2.32,7586792,341.9949,342.5306,335.4968
2025/09/17,343.4532,6.1210,+1.81,5809631,337.2429,343.4532,336.8262
2025/09/16,337.3322,0.9723,+0.29,5571939,333.5722,337.8381,330.8242
2025/09/15,336.3599,0.3770,-0.11,4402477,337.9076,339.9909,335.7052
2025/09/12,336.7369,4.0278,-1.18,3546448,338.5127,340.4671,336.4790
2025/09/11,340.7647,5.3274,+1.59,5198841,336.0425,340.8044,335.1893
2025/09/10,335.4373,5.8234,-1.71,6610315,339.8917,339.8917,333.7706
2025/09/09,341.2607,1.6766,+0.49,4683345,338.9790,343.5722,338.5822
2025/09/08,339.5841,0.9127,-0.27,4749252,339.6238,341.6496,338.2945
2025/09/05,340.4968,7.7084,-2.21,5491915,348.5871,349.8236,337.5008
2025/09/04,348.2052,0.1191,+0.03,4358554,347.9473,349.8322,346.3798
2025/09/03,348.0861,0.7936,+0.23,4209816,346.5683,348.1060,344.5048
2025/09/02,347.2925,1.6964,-0.49,4980051,346.5385,347.3892,343.3342
2025/08/29,348.9889,1.9047,+0.55,3701267,347.6794,349.8322,346.2310
2025/08/28,347.0842,0.4861,-0.14,5027429,347.8183,348.2548,345.8342
2025/08/27,347.5703,0.8234,-0.24,5575363,347.9274,350.6209,347.0643
2025/08/26,348.3937,2.3413,+0.68,5923220,345.9234,350.5961,344.6883
2025/08/25,346.0524,1.2103,-0.35,8084184,346.8361,347.9373,344.7453
2025/08/22,347.2627,6.2996,+1.85,5012997,342.4810,348.4135,342.4810
2025/08/21,340.9631,0.2381,-0.07,6122433,340.1695,341.7865,337.0246
2025/08/20,341.2012,1.4682,+0.43,5881027,340.6754,344.6834,340.1316
2025/08/19,339.7330,0.2877,-0.08,4492848,339.8421,343.5921,339.1774
2025/08/18,340.0207,1.7162,-0.50,4031559,341.1119,342.9844,338.2449
2025/08/15,341.7369,1.0119,-0.30,4986177,343.4978,345.5961,340.1397
2025/08/14,342.7488,2.9166,+0.86,6273785,340.2191,343.3342,338.9591
2025/08/13,339.8322,5.7639,+1.73,5738895,334.3064,340.7548,334.1079
2025/08/12,334.0683,1.4187,+0.43,5730059,332.5405,335.9631,332.1536
2025/08/11,332.6496,0.8715,-0.26,5771645,333.4716,334.5906,331.2731
2025/08/08,333.5211,4.6446,+1.41,6133217,330.4511,334.1127,329.5103
2025/08/07,328.8765,7.5759,-2.25,8883022,338.1261,338.8391,325.5193
2025/08/06,336.4524,2.2876,+0.68,6002189,335.0214,338.1247,332.1842
2025/08/05,334.1648,4.6743,-1.38,7366851,338.8391,339.1461,332.3030
2025/08/04,338.8391,2.7729,+0.83,7406961,338.3885,341.0475,336.7099
2025/08/01,336.0662,6.0608,-1.77,8743276,340.7703,342.8202,334.8283
2025/07/31,342.1270,5.3874,-1.55,8726173,345.5535,349.4059,341.7508
2025/07/30,347.5144,0.3763,-0.11,12248202,348.2967,353.1691,343.8700
2025/07/29,347.8907,4.1395,-1.18,7474654,352.8423,354.8527,347.4148
2025/07/28,352.0302,1.5548,-0.44,3959272,352.9314,354.8527,351.2974
2025/07/25,353.5850,3.0403,+0.87,3954043,350.5745,354.1891,349.5940
2025/07/24,350.5447,1.3073,-0.37,5945177,351.3865,353.7237,350.4358
2025/07/23,351.8520,3.3968,+0.97,4428453,349.5841,352.3372,347.8115
2025/07/22,348.4552,0.9111,+0.26,4659304,347.7025,351.0498,346.8112
2025/07/21,347.5441,1.8717,+0.54,5267238,345.6823,350.2278,345.0286
2025/07/18,345.6724,0.7526,-0.22,4975793,346.1180,346.1180,343.8006
2025/07/17,346.4250,0.0891,-0.03,4793849,346.6132,347.9699,345.1079
2025/07/16,346.5141,2.8521,+0.83,5598388,343.9294,347.2767,342.4538
2025/07/15,343.6620,3.4463,-0.99,4939517,344.7514,346.8211,343.4045
2025/07/14,347.1083,2.5451,+0.74,5653975,344.0284,348.5641,341.6714
2025/07/11,344.5632,7.8731,-2.23,7654224,349.0989,350.3863,341.0599
2025/07/10,352.4363,1.8618,-0.53,6181453,353.3771,354.1594,350.0298
2025/07/09,354.2981,3.1790,+0.91,7368389,351.6341,354.2981,350.3269
2025/07/08,351.1191,2.0698,-0.59,7034867,353.2285,354.8081,349.8317
2025/07/07,353.1889,2.1985,-0.62,5188216,355.4468,356.1797,351.0597
2025/07/03,355.3874,4.5951,+1.31,3738991,351.1587,355.5261,350.1882
2025/07/02,350.7923,1.2379,-0.35,5181562,351.1686,352.9116,346.6132
2025/07/01,352.0302,0.4159,+0.12,6718421,350.3962,353.5454,348.0194
2025/06/30,351.6143,6.3777,+1.85,7149300,345.9695,352.1689,345.6823
2025/06/27,345.2366,2.5550,+0.75,6666430,343.2362,348.6037,342.3152
2025/06/26,342.6816,0.7626,+0.22,8915731,340.4484,343.5530,338.7203
2025/06/25,341.9190,6.3084,-1.81,6903085,347.0588,347.8906,341.9190
2025/06/24,348.2274,7.8038,+2.29,10271343,348.1185,351.1290,344.5533
2025/06/23,340.4236,5.1298,+1.53,7627151,334.2341,340.9683,332.3822
2025/06/20,335.2938,1.7925,-0.53,19520980,335.6701,336.7099,331.6791
2025/06/18,337.0863,17.2910,-4.88,15155271,354.3872,355.0062,334.7689
2025/06/17,354.3773,2.3372,+0.66,5613968,350.0694,356.1226,349.9010
2025/06/16,352.0401,2.6045,+0.75,7305357,353.0404,356.7343,350.9013
2025/06/13,349.4356,18.3705,-4.99,14320259,358.0068,359.4973,341.6615
2025/06/12,367.8061,1.8915,-0.51,4921632,368.6281,370.5493,365.9690
2025/06/11,369.6976,2.5847,+0.70,5617230,366.4196,371.8763,365.8056
2025/06/10,367.1129,4.0010,+1.10,4149419,363.4487,367.8457,363.1318
2025/06/09,363.1119,3.5256,-0.96,5049134,366.2117,366.2117,358.5466
2025/06/06,366.6375,3.4166,+0.94,5057432,365.4392,367.4100,363.9933
2025/06/05,363.2209,1.2181,-0.33,6951909,366.4196,367.4100,362.3890
2025/06/04,364.4390,2.1193,+0.58,4243368,363.1615,366.0829,362.7653
2025/06/03,362.3197,0.5348,+0.15,5272444,361.0521,363.3298,358.0019
2025/06/02,361.7849,0.1287,+0.04,3883577,359.2596,361.9236,356.4768
2025/05/30,361.6562,2.7630,+0.77,8812130,357.8533,363.4883,357.8533
2025/05/29,358.8932,2.6442,+0.74,4635831,356.8630,359.5270,355.2488
2025/05/28,356.2490,0.4258,+0.12,3331277,355.8628,357.4176,354.5754
2025/05/27,355.8232,5.7043,+1.63,6378019,351.9708,356.5164,351.0498
2025/05/23,350.1189,4.3871,-1.24,5398287,350.3219,352.5551,348.8117
2025/05/22,354.5060,0.3268,-0.09,4984804,354.2931,356.5164,353.1097
2025/05/21,354.8328,8.4574,-2.33,6185390,360.2004,362.4474,354.6150
2025/05/20,363.2902,1.0498,-0.29,5333387,364.2211,364.6866,361.1610
2025/05/19,364.3400,2.7531,+0.76,5131172,359.5072,365.5778,358.8149
2025/05/16,361.5869,2.7928,+0.78,5895120,359.4378,362.6465,357.3978
2025/05/15,358.7941,5.7834,+1.64,5883054,353.4365,360.2103,353.2236
2025/05/14,353.0107,0.3170,+0.09,6268670,353.2186,354.9418,351.7755
2025/05/13,352.6937,0.8714,+0.25,5459069,352.0797,355.3973,351.1488
2025/05/12,351.8223,3.2726,+0.94,8076847,355.0750,357.7939,347.1557
2025/05/09,348.5497,1.2556,+0.36,3122072,347.8478,349.7955,346.7009
2025/05/08,347.2941,1.4039,+0.41,4203969,348.0158,351.3081,346.9728
2025/05/07,345.8902,2.1257,+0.62,5516575,344.7532,347.1755,343.2801
2025/05/06,343.7645,0.9294,-0.27,3477828,342.4792,345.6924,341.8444
2025/05/05,344.6939,1.0283,+0.30,3909593,343.0724,347.0766,342.2032
2025/05/02,343.6656,5.0917,+1.50,6183674,343.2899,346.1275,342.2024
2025/05/01,338.5739,3.0155,-0.88,5916911,341.6685,341.8069,336.2703
2025/04/30,341.5894,3.9349,+1.17,9635776,330.6546,342.5979,329.4682
2025/04/29,337.6545,3.9647,+1.19,5582722,334.6686,338.3960,332.6517
2025/04/28,333.6898,2.3135,+0.70,5484986,332.9632,335.4942,331.2280
2025/04/25,331.3763,0.5339,-0.16,4503733,330.9710,332.5578,328.4103
2025/04/24,331.9102,1.3248,+0.40,8147391,329.5077,332.9582,327.5007
2025/04/23,330.5854,2.9364,+0.90,9008195,333.4229,337.3875,329.4286
2025/04/22,327.6490,11.1721,+3.53,5497758,320.1894,328.7959,318.7410
2025/04/21,316.4769,9.4024,-2.89,6435263,325.2762,325.4245,313.0701
2025/04/17,325.8793,1.7005,-0.52,5720693,327.3227,330.5359,324.7225
2025/04/16,327.5798,4.4293,-1.33,5917800,331.2083,333.4074,325.1378
2025/04/15,332.0091,0.6229,+0.19,4436428,332.9088,335.5486,331.2083
2025/04/14,331.3862,1.7598,+0.53,5069155,332.6023,335.7660,329.3693
2025/04/11,329.6264,8.6905,+2.71,6882406,320.7579,333.1658,318.8893
2025/04/10,320.9359,7.7314,-2.35,8809473,324.3073,326.4230,309.7242
2025/04/09,328.6673,23.8865,+7.84,11491873,302.1756,330.2492,302.1756
2025/04/08,304.7808,4.0042,-1.30,9678849,318.5927,322.5870,300.5295
2025/04/07,308.7850,0.8008,-0.26,12302693,298.6510,318.5334,295.6157
2025/04/04,309.5858,25.9628,-7.74,13352871,326.2649,330.8622,308.5872
2025/04/03,335.5486,6.8614,-2.00,8893536,330.1207,340.8331,327.2535
2025/04/02,342.4100,0.0198,-0.01,5747576,339.5527,344.2589,339.1671
2025/04/01,342.4298,4.0635,-1.17,7558885,346.4735,346.4834,338.6926
2025/03/31,346.4933,7.5239,+2.22,10064680,335.5090,347.8774,330.7040
2025/03/28,338.9694,6.9307,-2.00,5752729,345.2376,347.6352,337.7385
2025/03/27,345.9001,5.6157,+1.65,7337862,340.1064,346.8690,339.4341
2025/03/26,340.2844,0.4350,-0.13,6258411,342.0739,343.4481,339.1177
2025/03/25,340.7194,0.7415,+0.22,3976166,340.6601,341.6191,336.8141
2025/03/24,339.9779,8.1171,+2.45,5740081,334.8169,341.3126,333.8292
2025/03/21,331.8608,3.7965,-1.13,17477494,333.5514,335.5881,331.7224
2025/03/20,335.6573,0.3658,-0.11,5494869,335.1630,338.3663,333.8381
2025/03/19,336.0231,5.0422,+1.52,5679488,332.9879,337.1713,330.7139
2025/03/18,330.9809,0.2175,+0.07,7867682,331.4950,331.9992,328.5388
2025/03/17,330.7634,2.7189,+0.83,6220055,326.2945,332.3057,326.0276
2025/03/14,328.0445,3.2132,+0.99,7900392,323.5064,328.9992,322.6866
2025/03/13,324.8313,4.2414,-1.29,8005939,327.2436,332.3947,323.9909
2025/03/12,329.0727,0.6921,+0.21,6367465,332.1673,332.3551,325.3849
2025/03/11,328.3806,9.2343,-2.74,9887991,334.5797,335.7661,325.8447
2025/03/10,337.6149,3.7965,-1.11,8298221,336.0923,341.1050,333.8195
2025/03/07,341.4114,1.1468,+0.34,6431699,337.0118,342.4693,335.3014
2025/03/06,340.2646,8.4235,-2.42,8709701,342.0442,344.9213,336.5351
2025/03/05,348.6881,0.4449,+0.13,8338624,346.8591,350.0985,344.9855
2025/03/04,348.2432,9.4815,-2.65,9058332,356.0340,356.1922,346.4339
2025/03/03,357.7247,0.8799,-0.25,9203781,358.8913,362.3913,355.4706
2025/02/28,358.6046,6.8911,+1.96,16038882,350.6952,359.8800,349.7074
2025/02/27,351.7135,5.0522,+1.46,7381664,347.9170,356.2318,347.6945
2025/02/26,346.6613,1.4435,-0.41,6028841,346.0385,347.8478,345.0399
2025/02/25,348.1048,2.2047,+0.64,6262836,347.3930,348.5959,342.0838
2025/02/24,345.9001,1.3150,+0.38,5113808,344.8076,346.8294,343.4234
2025/02/21,344.5851,1.9378,-0.56,7003396,346.5229,349.3209,343.5470
2025/02/20,346.5229,4.6864,-1.33,5762244,351.2093,352.0991,345.1091
2025/02/19,351.2093,1.4830,-0.42,4199805,351.9854,353.1075,350.1712
2025/02/18,352.6923,2.8869,+0.83,5888686,349.6867,352.7022,348.4113
2025/02/14,349.8054,1.7994,-0.51,5785772,350.4183,351.4069,349.2220
2025/02/13,351.6048,4.0932,+1.18,4328575,349.1232,352.0497,346.7602
2025/02/12,347.5116,0.7613,+0.22,6837457,345.2080,347.8478,343.5569
2025/02/11,346.7503,0.0791,+0.02,5213796,344.3577,348.1345,342.3309
2025/02/10,346.6712,3.1683,+0.92,6146784,344.1741,347.3325,343.1871
2025/02/07,343.5029,0.5330,+0.16,4317653,343.4832,346.1960,342.7034
2025/02/06,342.9699,1.9346,-0.56,4351015,345.2401,346.0988,342.1014
2025/02/05,344.9045,4.2344,+1.24,5004040,341.5091,344.9408,340.7689
2025/02/04,340.6701,0.6614,-0.19,5605327,340.1273,341.5190,338.0940
2025/02/03,341.3315,3.9679,+1.18,8109809,335.5870,341.5091,334.8369
2025/01/31,337.3636,1.2338,-0.36,8741531,341.9730,346.6909,337.2748
2025/01/30,338.5974,7.0769,+2.13,8187532,335.1034,339.9694,334.6000
2025/01/29,331.5205,1.3819,+0.42,5154184,330.1584,332.7345,330.1584
2025/01/28,330.1386,0.0593,-0.02,6078519,330.3262,333.4452,328.5693
2025/01/27,330.1979,4.2837,+1.31,6723812,325.7168,331.1355,323.7921
2025/01/24,325.9142,1.9642,+0.61,4384665,323.7625,326.7877,323.5503
2025/01/23,323.9500,4.5896,+1.44,5366742,319.5578,324.2461,319.3702
2025/01/22,319.3604,0.0691,-0.02,5092577,320.5547,321.5121,318.1957
2025/01/21,319.4295,3.9580,+1.25,5727683,316.1526,320.3671,315.8466
2025/01/17,315.4715,2.3392,+0.75,5882157,313.3790,316.4289,312.5993
2025/01/16,313.1323,0.9574,+0.31,4667248,311.6517,315.0372,311.6517
2025/01/15,312.1749,7.0967,+2.33,5290952,309.6086,313.0707,309.0657
2025/01/14,305.0782,2.1418,+0.71,5175070,304.7426,306.1343,303.5286
2025/01/13,302.9364,0.7797,-0.26,9694557,301.0413,302.9364,299.8963
2025/01/10,303.7161,4.8265,-1.56,6747838,307.1608,307.8024,302.0184
2025/01/08,308.5426,0.9179,+0.30,5229477,306.9634,309.9639,306.1882
2025/01/07,307.6247,1.3522,-0.44,5023848,308.8289,311.0990,307.2792
2025/01/06,308.9769,1.8457,-0.59,6653697,310.9213,311.2964,308.0195
2025/01/03,310.8226,0.5033,+0.16,4328020,310.1021,311.8195,307.9603
2025/01/02,310.3193,1.6187,-0.52,5443715,313.6554,315.5307,308.3551
2024/12/31,311.9380,0.7205,+0.23,4015949,312.0169,313.5370,311.0991
2024/12/30,311.2175,3.3065,-1.05,3524509,310.5956,312.9941,309.1645
2024/12/27,314.5240,2.2208,-0.70,3535083,315.1261,317.3271,313.4383
2024/12/26,316.7448,0.2567,+0.08,2893617,315.6196,317.2778,315.3136
2024/12/24,316.4881,3.3854,+1.08,2719399,314.0403,317.3666,313.1619
2024/12/23,313.1027,0.4836,-0.15,8089609,311.5530,313.8429,309.2829
2024/12/20,313.5863,2.7933,+0.90,24707708,309.5000,315.8466,308.2268
2024/12/19,310.7930,5.0338,+1.65,8426490,307.7826,312.7572,307.1904
2024/12/18,305.7592,8.4094,-2.68,10616979,314.3661,317.4406,305.5520
2024/12/17,314.1686,2.3787,+0.76,8960653,311.7208,314.7016,311.0497
2024/12/16,311.7899,1.1350,+0.37,6648808,310.6549,313.4383,310.0232
2024/12/13,310.6549,0.5034,+0.16,4744119,311.7307,312.8362,310.2600
2024/12/12,310.1515,0.4343,+0.14,3260864,310.7338,311.4543,309.3619
2024/12/11,309.7172,1.3917,+0.45,4378656,308.9769,311.4543,307.1756
2024/12/10,308.3255,4.0271,+1.32,4599526,303.3706,308.9177,302.6600
2024/12/09,304.2984,2.6749,-0.87,5861374,307.7826,308.9473,303.6470
2024/12/06,306.9733,1.9050,+0.62,4359434,304.8610,308.5031,304.7920
2024/12/05,305.0683,0.8094,-0.26,5268433,305.9566,307.0522,304.8216
2024/12/04,305.8777,3.0696,-0.99,6060420,308.3650,308.7894,304.7920
2024/12/03,308.9473,3.5928,-1.15,5075788,312.9842,313.2014,308.7104
2024/12/02,312.5401,1.5497,+0.50,5671245,312.7868,313.3001,309.6382
2024/11/29,310.9904,0.3750,+0.12,3903952,310.2107,312.1453,309.6284
2024/11/27,310.6154,2.8426,+0.92,5272755,306.7364,312.2637,305.4730
2024/11/26,307.7728,1.3522,-0.44,7164584,310.1219,310.4180,307.4964
2024/11/25,309.1250,3.2276,+1.06,14375893,307.8122,309.5889,305.8382
2024/11/22,305.8974,0.0197,+0.01,5997360,303.9727,307.5457,303.9036
2024/11/21,305.8777,2.4774,+0.82,5833117,303.3114,306.8844,302.6699
2024/11/20,303.4003,4.4021,-1.43,6433789,307.8122,308.2367,302.2454
2024/11/19,307.8024,0.3059,-0.10,4950110,305.9764,308.1774,304.5057
2024/11/18,308.1083,2.4873,+0.81,4646250,305.4631,308.3551,304.6932
2024/11/15,305.6210,1.3719,+0.45,5173432,303.5680,306.6870,302.6797
2024/11/14,304.2491,1.2140,-0.40,4473856,305.2855,307.2496,303.8345
2024/11/13,305.4631,0.3652,-0.12,4099757,305.4730,306.9126,303.8444
2024/11/12,305.8283,0.4738,-0.15,4677325,305.0288,306.5192,304.1109
2024/11/11,306.3021,3.0047,+0.99,4744556,305.4844,307.7995,304.7062
2024/11/08,303.2974,2.0393,+0.68,6334702,302.3319,306.5287,301.1498
2024/11/07,301.2581,1.5763,-0.52,6331384,302.9329,303.0610,299.8986
2024/11/06,302.8344,13.9005,+4.81,10476071,301.7704,304.4106,298.3225
2024/11/05,288.9339,1.4186,+0.49,3810313,287.3774,290.4018,287.2493
2024/11/04,287.5153,1.0935,+0.38,4346274,287.2198,288.7960,286.4415
2024/11/01,286.4218,0.8768,+0.31,5553572,284.2052,288.3231,282.9245
2024/10/31,285.5450,0.3054,-0.11,8070088,287.7518,291.9386,285.3194
2024/10/30,285.8504,8.1570,+2.94,9751619,287.9980,291.3870,284.0476
2024/10/29,277.6934,2.2757,-0.81,7648355,280.0479,281.4567,277.1713
2024/10/28,279.9691,2.4235,+0.87,4371162,277.8510,280.4124,277.3486
2024/10/25,277.5456,1.4679,-0.53,4531870,279.7819,280.8557,276.6098
2024/10/24,279.0135,0.5320,-0.19,4750710,278.1958,279.4076,277.5456
2024/10/23,279.5455,1.0147,-0.36,5328394,281.7916,281.8064,279.3189
2024/10/22,280.5602,2.0294,-0.72,5822935,280.8163,282.2743,279.3189
2024/10/21,282.5896,3.7140,-1.30,6408327,285.2987,286.1263,282.0773
2024/10/18,286.3036,0.2266,+0.08,5431595,285.6140,286.7174,283.8013
2024/10/17,286.0770,2.8274,+1.00,8948751,284.2840,286.6090,283.3383
2024/10/16,283.2496,8.1077,+2.95,9585048,274.4818,283.3285,274.2158
2024/10/15,275.1419,1.3693,-0.50,5894569,276.8265,278.4421,274.6887
2024/10/14,276.5112,2.7978,+1.02,4056874,274.9350,277.1909,273.8612
2024/10/11,273.7134,0.3645,+0.13,4818005,271.9401,274.6592,271.2801
2024/10/10,273.3489,0.5320,+0.20,4125160,272.6692,273.5459,271.2604
2024/10/09,272.8169,1.9407,+0.72,4177858,270.9156,273.3686,270.3442
2024/10/08,270.8762,1.1526,+0.43,4436812,270.6299,271.9993,269.9403
2024/10/07,269.7236,4.0785,-1.49,4404758,273.4770,273.4918,269.1817
2024/10/04,273.8021,1.0541,+0.39,4325159,273.2307,274.3045,271.0141
2024/10/03,272.7480,0.1379,-0.05,3082433,272.5608,273.5656,271.7431
2024/10/02,272.8859,0.5911,-0.22,4813046,272.4623,273.5164,271.2801
2024/10/01,273.4770,2.6107,+0.96,5868729,272.8563,274.9153,270.2851
2024/09/30,270.8663,0.2168,-0.08,6061378,270.9156,271.5953,269.1423
2024/09/27,271.0831,3.4283,+1.28,6607718,269.1029,273.8513,268.7286
2024/09/26,267.6548,2.0295,+0.76,9696524,266.4824,269.1817,265.9899
2024/09/25,265.6253,3.1033,-1.15,11847226,270.1176,270.1767,264.2461
2024/09/24,268.7286,15.6146,-5.49,13896561,276.0187,276.8265,268.6596
2024/09/23,284.3432,3.8027,+1.36,6603713,280.6686,284.5894,280.3927
2024/09/20,280.5405,0.4630,-0.16,28230211,281.2596,282.7374,279.0431
2024/09/19,281.0035,3.1919,-1.12,10538592,286.7666,287.1484,278.6687
2024/09/18,284.1954,3.0342,-1.06,5978795,287.5055,287.6828,283.8506
2024/09/17,287.2296,1.0639,+0.37,5213344,286.5794,288.7172,285.7765
2024/09/16,286.1657,3.0835,+1.09,4526088,283.7718,286.5794,283.4664
2024/09/13,283.0822,1.9506,+0.69,5062838,282.2349,284.4515,281.3089
2024/09/12,281.1316,1.3891,+0.50,4223905,279.7819,281.7522,277.2895
2024/09/11,279.7425,1.3595,-0.48,6376677,280.7868,280.9345,274.1666
2024/09/10,281.1020,0.2660,-0.09,5394535,281.6833,282.1444,279.3583
2024/09/09,281.3680,6.1473,+2.23,11098704,277.9003,282.7078,277.4668
2024/09/06,275.2207,0.7389,+0.27,7296171,273.6444,276.1172,273.3095
2024/09/05,274.4818,1.8423,-0.67,6544744,276.8265,277.3190,273.2898
2024/09/04,276.3241,1.9211,+0.70,6199528,274.5705,277.4619,274.5606
2024/09/03,274.4030,2.1378,+0.79,7387979,272.2652,277.9003,272.2652
2024/08/30,272.2652,2.0195,+0.75,6391011,270.9156,272.8760,270.1866
2024/08/29,270.2457,5.0538,+1.91,5648986,266.9553,271.8909,266.4332
2024/08/28,265.1919,1.5073,-0.57,5537341,267.1326,267.9404,263.6945
2024/08/27,266.6992,2.4728,+0.94,6693481,264.5318,266.9257,263.9112
2024/08/26,264.2264,0.7585,+0.29,4681716,263.7437,266.3544,263.6945
2024/08/23,263.4679,0.4925,-0.19,3753192,264.7092,265.2116,261.3695
2024/08/22,263.9604,0.2562,-0.10,4492163,264.9456,265.4973,262.6108
2024/08/21,264.2166,0.1576,+0.06,6739851,264.5712,265.2707,263.4186
2024/08/20,264.0590,1.5467,+0.59,6906148,263.0344,264.0590,261.8325
2024/08/19,262.5123,0.8965,-0.34,6654785,263.4482,264.3255,261.2907
2024/08/16,263.4088,0.5714,+0.22,5188136,262.8866,264.4530,261.4483
2024/08/15,262.8374,5.5760,+2.17,7509311,258.9362,263.4186,258.9362
2024/08/14,257.2614,0.9950,+0.39,8681209,256.9955,257.6161,254.8971
2024/08/13,256.2664,0.2364,+0.09,12186748,256.2664,257.7934,255.4192
2024/08/12,256.0300,0.1281,+0.05,27173104,256.6310,257.7146,255.3897
2024/08/09,255.9019,0.4433,+0.17,7337101,255.3207,257.6358,255.1631
2024/08/08,255.4586,3.2543,+1.29,8364389,253.7872,256.0633,253.5808
2024/08/07,252.2043,1.7107,-0.67,13129468,255.2915,257.6216,251.9978
2024/08/06,253.9150,1.7893,+0.71,21956207,252.1846,256.1075,251.4669
2024/08/05,252.1257,9.9694,-3.80,9796132,257.0514,258.4966,250.2281
2024/08/02,262.0951,0.6391,+0.24,7137946,259.3913,263.4518,258.4573
2024/08/01,261.4560,0.2556,+0.10,7394069,261.8493,262.5080,259.7354
2024/07/31,261.2004,2.5268,+0.98,7773325,260.0894,261.8788,259.8043
2024/07/30,258.6736,1.4748,+0.57,6043450,258.8014,259.8534,256.6188
2024/07/29,257.1988,2.1040,+0.82,6171946,255.9404,258.2853,254.2297
2024/07/26,255.0948,5.6237,+2.25,7183061,251.2900,256.8056,251.2900
2024/07/25,249.4711,0.4227,-0.17,8719987,251.0933,253.8757,248.4486
2024/07/24,249.8938,10.4414,-4.01,13289475,251.7619,252.8729,248.8713
2024/07/23,260.3352,2.8709,-1.09,8247973,263.0291,263.1962,259.4208
2024/07/22,263.2061,2.2122,+0.85,5404536,262.7341,263.8844,260.5613
2024/07/19,260.9939,3.6279,-1.37,6956977,265.7721,266.3915,259.8633
2024/07/18,264.6218,3.4903,-1.30,5645789,267.7090,269.0166,264.0368
2024/07/17,268.1121,3.3920,+1.28,5415777,263.9238,268.3186,263.7271
2024/07/16,264.7201,0.7865,+0.30,8004590,264.0024,265.6640,262.8718
2024/07/15,263.9336,2.6644,+1.02,6962345,261.2004,264.7103,260.7874
2024/07/12,261.2692,3.1363,+1.21,6741181,259.8927,262.8964,259.2242
2024/07/11,258.1329,0.4424,-0.17,8955867,257.7199,259.1947,256.3730
2024/07/10,258.5753,2.3989,-0.92,9800347,254.7606,259.0472,254.1608
2024/07/09,260.9742,0.9439,-0.36,6542885,262.5080,263.0487,259.4798
2024/07/08,261.9181,3.8934,-1.46,8707637,265.7033,266.8733,261.4953
2024/07/05,265.8115,1.3470,+0.51,8123098,264.4743,265.9934,263.7271
2024/07/03,264.4645,0.7472,+0.28,5103623,264.5432,265.2117,263.6386
2024/07/02,263.7173,4.9060,+1.90,8846647,258.8113,263.7173,257.9854
2024/07/01,258.8113,0.7571,+0.29,8091904,259.3520,261.2987,256.9039
2024/06/28,258.0542,4.0507,-1.55,14196105,262.7046,264.0811,256.8547
2024/06/27,262.1049,6.8921,-2.56,10709255,263.9926,266.0376,262.0164
2024/06/26,268.9970,0.0689,+0.03,12380272,268.3186,269.8425,267.1781
2024/06/25,268.9281,2.7234,-1.00,20238137,272.1923,273.2532,268.9281
2024/06/24,271.6515,1.0618,+0.39,24562872,270.6880,275.6727,270.6389
2024/06/21,270.5897,1.5731,-0.58,15043238,272.5069,272.8707,269.9605
2024/06/20,272.1628,3.1462,+1.17,10338295,268.5939,273.3623,268.5054
2024/06/18,269.0166,2.4088,+0.90,6822237,266.7357,269.2919,266.7357
2024/06/17,266.6078,0.5014,+0.19,9416634,264.4743,267.2567,264.4743
2024/06/14,266.1064,0.5211,-0.20,8683349,265.5558,266.9814,264.7398
2024/06/13,266.6275,0.8554,+0.32,7487121,265.7721,267.2813,264.7850
2024/06/12,265.7721,4.2769,-1.58,7665602,272.1136,272.9297,265.3592
2024/06/11,270.0490,0.3637,-0.13,6351443,269.9211,270.2358,267.6402
2024/06/10,270.4127,3.5690,-1.30,5303223,273.4606,273.8735,268.7807
2024/06/07,273.9817,1.6026,+0.59,4593069,273.0378,275.6186,272.2021
2024/06/06,272.3791,2.4973,+0.93,4945582,270.1768,272.4872,269.4689
2024/06/05,269.8818,2.0450,+0.76,5460542,268.9281,270.3046,267.4435
2024/06/04,267.8368,2.0057,+0.75,4260188,265.0937,268.3972,264.7791
2024/06/03,265.8311,2.0450,-0.76,4921583,268.4955,268.5349,263.5502
2024/05/31,267.8761,1.1404,+0.43,9062452,266.8733,268.1711,264.4842
2024/05/30,266.7357,2.3990,+0.91,4986972,264.1794,267.0699,263.7960
2024/05/29,264.3367,2.0843,-0.78,5563310,264.4743,266.5783,263.7468
2024/05/28,266.4210,3.4510,-1.28,6318762,269.6164,269.8445,265.6837
2024/05/24,269.8720,0.2556,+0.09,4414232,270.3832,270.6094,268.7512
2024/05/23,269.6164,1.3272,-0.49,6220572,270.6094,272.7724,268.4408
2024/05/22,270.9436,0.3638,-0.13,4274405,270.8945,273.4016,270.4914
2024/05/21,271.3074,2.5464,-0.93,6690721,273.3229,273.7408,270.2554
2024/05/20,273.8538,1.5338,-0.56,5554347,274.5224,275.5547,273.4999
2024/05/17,275.3876,0.2556,+0.09,6283545,275.3384,276.1840,273.4213
2024/05/16,275.1320,1.1208,-0.41,10518684,277.0000,277.6292,274.5617
2024/05/15,276.2528,3.6899,+1.35,21692721,271.9839,276.4785,271.9054
2024/05/14,272.5629,1.6192,-0.59,18877982,274.2312,274.7709,269.1527
2024/05/13,274.1821,1.3249,-0.48,10728376,276.2135,276.8907,273.8975
2024/05/10,275.5070,2.1590,+0.79,9157274,274.3391,275.7916,274.0349
2024/05/09,273.3480,1.3249,+0.49,9118789,271.6404,273.5933,271.2430
2024/05/08,272.0231,0.7164,+0.26,9201211,272.6218,273.3529,269.7905
2024/05/07,271.3067,3.7193,+1.39,6498208,268.6178,272.7003,267.7493
2024/05/06,267.5874,4.1021,+1.56,4033914,264.6237,267.6953,264.5452
2024/05/03,263.4853,0.8636,+0.33,3935374,263.9858,264.4274,261.5324
2024/05/02,262.6217,0.2846,+0.11,5157841,264.3293,264.4470,261.6796
2024/05/01,262.3371,1.2660,-0.48,6241706,263.1516,265.8602,261.7385
2024/04/30,263.6031,3.1698,-1.19,6497467,265.4873,267.0084,263.5785
2024/04/29,266.7729,2.6300,-0.98,4271875,267.2439,269.3538,266.0368
2024/04/26,269.4029,0.6281,-0.23,6970547,269.8838,271.6110,268.7258
2024/04/25,270.0310,0.1374,+0.05,8217802,267.8818,271.0712,265.4480
2024/04/24,269.8936,0.8931,+0.33,8974442,277.3029,277.7248,269.3735
2024/04/23,269.0005,1.7468,+0.65,6560287,268.9024,269.7660,267.6266
2024/04/22,267.2537,2.5024,+0.95,6586516,265.8995,268.6571,264.3391
2024/04/19,264.7513,1.5603,-0.59,8055524,266.4098,266.9299,263.2890
2024/04/18,266.3116,1.2954,-0.48,8388206,267.4893,268.0584,264.8298
2024/04/17,267.6070,1.3150,+0.49,6053740,268.2056,268.8926,266.4392
2024/04/16,266.2920,0.0687,+0.03,8393589,265.4971,269.0202,265.1340
2024/04/15,266.2233,4.5928,-1.70,10462512,272.7101,272.7297,265.3008
2024/04/12,270.8161,0.2748,+0.10,9210088,270.4137,271.8367,268.9466
2024/04/11,270.5413,1.1776,+0.44,8256190,268.8926,271.3264,267.1065
2024/04/10,269.3637,2.1982,-0.81,5376226,270.2861,271.6600,269.0104
2024/04/09,271.5619,1.0206,-0.37,7453235,272.4549,272.8180,268.2253
2024/04/08,272.5825,0.6084,+0.22,5647702,271.1007,272.7984,270.0212
2024/04/05,271.9741,3.0815,+1.15,4475474,270.9535,272.7758,269.9034
2024/04/04,268.8926,2.9048,-1.07,4094880,273.1713,273.8828,268.4608
2024/04/03,271.7974,1.4524,-0.53,4623021,275.2518,275.2518,271.4049
2024/04/02,273.2498,0.1570,+0.06,7043600,272.8180,274.1232,271.8171
2024/04/01,273.0928,0.7851,-0.29,5180552,275.1340,275.6542,271.6306
2024/03/28,273.8779,0.0589,+0.02,5955367,273.2989,274.5845,271.9544
2024/03/27,273.8190,1.5506,-0.56,5289267,275.0261,276.0075,271.8171
2024/03/26,275.3696,0.5986,-0.22,8918608,278.8338,278.8338,273.2204
2024/03/25,275.9682,2.0118,-0.72,8681253,277.7347,278.2155,274.8200
2024/03/22,277.9800,6.9775,-2.45,8910209,284.5944,285.0752,277.6169
2024/03/21,284.9575,1.0697,+0.38,5153623,284.5649,285.5365,282.5335
2024/03/20,283.8878,1.8940,+0.67,6220914,282.2783,284.4668,281.3755
2024/03/19,281.9938,2.2572,+0.81,6720453,281.3166,282.6905,279.9329
2024/03/18,279.7366,1.9725,+0.71,4173425,278.5786,280.8946,277.9702
2024/03/15,277.7641,3.3072,-1.18,10032182,278.2646,280.3058,277.3715
2024/03/14,281.0713,1.2464,+0.45,5588685,283.5737,283.6527,279.2459
2024/03/13,279.8249,1.1972,+0.43,5893727,279.3539,280.7671,278.5296
2024/03/12,278.6277,3.2974,+1.20,8140403,276.0663,279.1723,275.0654
2024/03/11,275.3303,0.5103,+0.19,4701876,274.2410,275.5364,272.8082
2024/03/08,274.8200,1.7468,+0.64,4003630,273.7994,276.4147,273.6326
2024/03/07,273.0732,2.1295,-0.77,5776151,275.6444,275.9289,271.0123
2024/03/06,275.2027,1.0304,+0.38,4621327,274.7808,276.7435,274.1036
2024/03/05,274.1723,1.1286,-0.41,6346363,275.0457,275.7523,272.5040
2024/03/04,275.3009,2.5810,-0.93,6032760,277.5384,277.7248,272.9456
2024/03/01,277.8819,0.5104,+0.18,4030864,277.9211,279.5992,276.8514
2024/02/29,277.3715,2.9343,-1.05,6759686,280.1782,280.3353,276.9201
2024/02/28,280.3058,2.4141,+0.87,4441612,276.8416,280.7965,276.8269
2024/02/27,277.8917,0.9617,-0.34,4224121,278.8730,278.8730,276.2921
2024/02/26,278.8534,0.5397,+0.19,3930170,277.7641,280.0310,277.3912
2024/02/23,278.3137,0.1472,-0.05,5204710,279.4128,280.6198,278.2155
2024/02/22,278.4609,6.8597,+2.53,5197065,273.9760,278.7651,273.7798
2024/02/21,271.6012,1.5800,+0.59,4861728,269.5109,271.8072,268.4314
2024/02/20,270.0212,3.3464,-1.22,6274129,269.4520,271.6797,268.2449
2024/02/16,273.3676,2.3749,-0.86,6756690,275.7229,275.8799,272.6905
2024/02/15,275.7425,3.3563,+1.23,4926590,272.4795,275.8799,272.3862
2024/02/14,272.3862,1.7173,+0.63,4298474,271.3166,272.4647,269.5894
2024/02/13,270.6689,0.7262,+0.27,5598184,268.6473,272.8180,267.6787
2024/02/12,269.9427,1.3346,-0.49,3746059,271.2773,271.5128,269.1281
2024/02/09,271.2773,0.6379,+0.24,4706004,269.8740,272.0133,268.9809
2024/02/08,270.6394,3.0324,-1.11,5944210,274.3293,274.4471,270.1487
2024/02/07,273.6718,2.5762,+0.95,4885900,273.6620,273.8188,271.3895
2024/02/06,271.0956,1.1558,+0.43,4492190,269.1758,271.2132,268.4215
2024/02/05,269.9398,1.5673,-0.58,5001504,271.7225,272.3103,269.4941
2024/02/02,271.5071,0.1274,+0.05,4950205,271.9283,272.8000,270.0378
2024/02/01,271.3797,3.7124,+1.39,7212594,267.7946,271.5168,267.7652
2024/01/31,267.6673,3.8104,-1.40,6267589,271.4483,274.2595,267.5889
2024/01/30,271.4777,3.4186,+1.28,6685836,268.9701,272.9372,268.5782
2024/01/29,268.0591,5.6029,+2.13,6711849,261.5060,269.4402,261.2513
2024/01/26,262.4562,4.5744,-1.71,8765958,260.4971,265.3266,260.1641
2024/01/25,267.0306,0.9404,+0.35,7039007,266.3841,267.1971,265.2576
2024/01/24,266.0902,0.3820,+0.14,5126628,266.9914,267.2755,265.5270
2024/01/23,265.7082,0.0588,+0.02,6005916,265.9923,266.3057,264.3858
2024/01/22,265.6494,0.2938,+0.11,6109309,266.6682,266.7759,264.8266
2024/01/19,265.3556,2.7035,+1.03,7377513,262.6913,265.6005,261.5844
2024/01/18,262.6521,1.4791,+0.57,6834136,262.3974,263.2790,260.9624
2024/01/17,261.1730,1.3616,+0.52,5225674,259.0082,261.6334,258.9788
2024/01/16,259.8114,1.0481,+0.41,6325884,258.1266,260.2228,256.9806
2024/01/12,258.7633,0.1371,+0.05,4753527,259.7037,260.1151,258.3127
2024/01/11,258.6262,0.5191,-0.20,5715985,260.0269,260.7420,257.0295
2024/01/10,259.1453,1.2048,+0.47,4446795,259.5470,259.9388,257.4801
2024/01/09,257.9405,0.7738,+0.30,7203208,256.6377,258.2246,255.7988
2024/01/08,257.1667,2.7917,+1.10,4756377,255.5994,257.2450,254.6297
2024/01/05,254.3750,0.0783,+0.03,3826961,255.4427,256.1087,253.4543
2024/01/04,254.2967,1.5967,+0.63,3923272,252.7882,255.6974,252.7196
2024/01/03,252.7000,0.8718,-0.34,4234970,253.2583,253.5620,251.6029
2024/01/02,253.5718,1.4497,-0.57,5585298,254.2967,254.7668,252.3964
2023/12/29,255.0215,0.0490,-0.02,4160014,255.2370,256.1088,254.3554
2023/12/28,255.0705,1.4399,+0.57,3083564,253.2486,255.6288,253.2486
2023/12/27,253.6306,0.2253,-0.09,4118959,253.9440,254.4534,253.0233
2023/12/26,253.8559,0.7151,+0.28,2128655,253.2388,254.4191,253.2388
2023/12/22,253.1408,1.0873,-0.43,5218513,254.6787,255.8590,252.9351
2023/12/21,254.2281,2.3803,+0.95,6377171,252.2396,254.6689,251.7793
2023/12/20,251.8478,2.8211,-1.11,7392150,255.1684,255.4819,251.8184
2023/12/19,254.6689,1.5869,+0.63,8913641,253.3171,255.0117,251.9360
2023/12/18,253.0820,0.3330,+0.13,6167365,253.4053,254.2771,252.6680
2023/12/15,252.7490,0.6857,-0.27,13653391,249.3010,253.0820,249.2383
2023/12/14,253.4347,3.5753,-1.39,8339362,257.8034,257.8622,251.1523
2023/12/13,257.0100,2.7623,+1.09,4961431,253.8461,257.1079,253.3955
2023/12/12,254.2477,2.9778,+1.19,6070813,252.0339,254.4044,251.1475
2023/12/11,251.2699,0.7640,+0.30,6614693,249.7810,252.3572,249.7810
2023/12/08,250.5059,0.0783,-0.03,3810503,249.7810,250.7997,248.6741
2023/12/07,250.5842,1.4987,+0.60,3664251,249.6733,250.8977,248.3117
2023/12/06,249.0855,0.3135,-0.13,3954993,250.5646,251.5735,248.3411
2023/12/05,249.3990,0.1665,+0.07,4286831,248.9876,249.6047,246.9795
2023/12/04,249.2325,1.9688,-0.78,5357092,250.6724,252.1172,249.1443
2023/12/01,251.2013,0.2253,-0.09,4021960,250.5548,251.6519,248.7035
2023/11/30,251.4266,2.3998,+0.96,7018531,249.0464,251.5148,247.9885
2023/11/29,249.0268,1.2636,+0.51,5058626,248.7231,250.8242,248.3313
2023/11/28,247.7632,1.1754,-0.47,5344307,248.6545,248.9484,246.4604
2023/11/27,248.9386,0.1567,-0.06,5593364,249.0953,249.7614,247.3518
2023/11/24,249.0953,0.5681,+0.23,1675217,248.9876,249.4871,248.3117
2023/11/22,248.5272,1.4595,+0.59,5821693,247.8219,249.3304,247.4889
2023/11/21,247.0677,2.2138,+0.90,7364673,244.9127,248.1550,244.9127
2023/11/20,244.8539,0.4016,+0.16,8784534,244.5013,245.7943,240.5734
2023/11/17,244.4523,0.9697,+0.40,7389564,244.3446,245.1184,243.5708
2023/11/16,243.4826,0.4506,+0.19,7198945,243.5022,244.3446,242.2092
2023/11/15,243.0320,1.1460,+0.47,13535927,241.7586,243.1594,240.3187
2023/11/14,241.8860,2.2236,+0.93,14386469,241.1317,242.8557,240.5538
2023/11/13,239.6624,0.5682,-0.24,4174091,239.9857,240.6518,239.1139
2023/11/10,240.2306,3.5362,+1.49,4180501,238.9865,240.2501,237.0177
2023/11/09,236.6944,2.2236,-0.93,4968294,239.3294,239.4763,236.0381
2023/11/08,238.9180,0.3330,-0.14,5224657,238.5066,239.7408,237.8307
2023/11/07,239.2510,1.2511,+0.53,4317084,237.9217,239.5443,237.8924
2023/11/06,237.9999,0.1075,-0.05,5375546,238.4984,239.2607,237.1397
2023/11/03,238.1074,0.3421,+0.14,5146041,239.5931,239.7886,236.7976
2023/11/02,237.7653,4.5647,+1.96,6431764,234.5006,237.7653,233.8066
2023/11/01,233.2006,3.4015,+1.48,5111660,230.8156,233.6502,230.3660
2023/10/31,229.7991,1.9745,+0.87,4939783,228.3036,230.4050,227.7366
2023/10/30,227.8246,3.7241,+1.66,5289597,226.9547,228.1178,224.8434
2023/10/27,224.1005,1.9647,-0.87,5668751,225.9577,226.1727,222.8885
2023/10/26,226.0652,5.4444,-2.35,6562463,229.2810,230.2927,225.1659
2023/10/25,231.5096,2.1504,+0.94,10604440,227.0133,233.1028,226.0750
2023/10/24,229.3592,3.0497,+1.35,7001932,227.6389,231.1968,227.6389
2023/10/23,226.3095,1.8083,-0.79,5188703,226.1434,229.1735,226.0652
2023/10/20,228.1178,0.4203,-0.18,5881024,228.8509,230.4539,227.3945
2023/10/19,228.5381,3.5775,-1.54,6064172,232.1156,232.5555,228.1423
2023/10/18,232.1156,3.6459,-1.55,9748288,234.5495,235.3999,231.6464
2023/10/17,235.7615,1.1045,+0.47,4632071,234.2269,236.0352,232.9171
2023/10/16,234.6570,2.3459,+1.01,6371129,233.6111,235.2826,232.9562
2023/10/13,232.3111,0.8699,+0.38,5081501,231.0600,233.2690,230.9036
2023/10/12,231.4412,1.0752,+0.47,4576100,231.3728,232.3698,229.5938
2023/10/11,230.3660,0.8992,-0.39,4870713,232.1938,233.1273,229.5938
2023/10/10,231.2652,2.1113,+0.92,4751355,229.6036,232.8487,228.9975
2023/10/09,229.1539,0.5865,-0.26,5496260,227.5509,229.8675,226.4757
2023/10/06,229.7404,1.5248,+0.67,6548943,227.9126,231.2555,227.5020
2023/10/05,228.2156,2.2091,+0.98,6267756,225.2148,228.9096,225.0291
2023/10/04,226.0065,2.3556,+1.05,5556204,224.3058,226.4757,223.7193
2023/10/03,223.6509,2.4045,-1.06,5714595,225.2735,226.5246,222.6441
2023/10/02,226.0554,1.2316,+0.55,5294729,224.0712,226.1532,223.6118
2023/09/29,224.8238,1.6128,-0.71,6184626,227.5900,227.7757,224.4719
2023/09/28,226.4366,2.1113,+0.94,4300860,225.4689,227.2919,224.4915
2023/09/27,224.3253,0.1466,-0.07,6145236,225.0682,225.4787,222.7809
2023/09/26,224.4719,3.6264,-1.59,6336107,226.7005,227.4238,224.4231
2023/09/25,228.0983,1.6812,-0.73,6058354,230.0727,230.1607,226.9742
2023/09/22,229.7795,1.4955,-0.65,6072507,231.4119,232.4284,229.5840
2023/09/21,231.2750,5.1316,-2.17,7040694,235.3412,235.3510,230.9427
2023/09/20,236.4066,1.6617,-0.70,5889697,238.1367,239.0164,236.2209
2023/09/19,238.0683,1.0752,-0.45,4817838,239.4758,239.5931,236.0157
2023/09/18,239.1435,3.5091,+1.49,4881636,235.5074,239.7006,235.3412
2023/09/15,235.6344,0.4203,-0.18,13379610,236.4457,238.5961,234.6179
2023/09/14,236.0547,6.1873,-2.55,12276793,239.4758,240.0037,233.3668
2023/09/13,242.2420,0.5180,+0.21,5787520,241.5774,244.4217,241.0495
2023/09/12,241.7240,0.0782,+0.03,3580288,241.3721,242.1736,240.4631
2023/09/11,241.6458,0.0684,-0.03,3064942,241.7533,242.7601,240.7172
2023/09/08,241.7142,0.1466,+0.06,3386169,242.2029,242.5450,240.8834
2023/09/07,241.5676,0.9579,+0.40,4100473,239.9646,241.8217,239.5847
2023/09/06,240.6097,0.8015,+0.33,4624629,239.8864,241.0984,238.7036
2023/09/05,239.8082,2.7075,-1.12,4562519,242.7503,243.0826,239.6713
2023/09/01,242.5157,2.3752,+0.99,4207780,241.8901,243.2586,241.2059
2023/08/31,240.1405,0.5376,-0.22,5660235,240.0525,242.4277,239.9157
2023/08/30,240.6781,0.8699,+0.36,4678786,240.8638,242.6330,240.5022
2023/08/29,239.8082,1.4760,+0.62,4067449,238.0097,240.2871,237.9119
2023/08/28,238.3322,1.2316,+0.52,3827765,237.5307,239.7006,237.1299
2023/08/25,237.1006,3.0301,+1.29,3623228,235.9375,237.9217,234.7938
2023/08/24,234.0705,2.7662,-1.17,4676309,236.7878,238.0683,233.9630
2023/08/23,236.8367,1.6910,+0.72,5061861,235.8788,237.0713,235.2923
2023/08/22,235.1457,1.0850,+0.46,3937469,234.5886,235.9863,233.2886
2023/08/21,234.0607,1.2609,+0.54,3656066,233.9826,235.1066,232.3942
2023/08/18,232.7998,0.7819,+0.34,4445190,230.2682,233.6600,229.9945
2023/08/17,232.0179,1.8767,-0.80,4273945,234.5886,234.9600,231.1577
2023/08/16,233.8946,0.5278,-0.23,3292819,231.1968,235.6296,230.6946
2023/08/15,234.4224,3.0008,-1.26,3857045,236.5533,237.1984,233.9532
2023/08/14,237.4232,2.7955,+1.19,4451507,235.2923,237.8435,234.8427
2023/08/11,234.6277,0.1173,-0.05,3690312,234.5886,235.2923,233.0393
2023/08/10,234.7450,0.8309,+0.36,4888235,235.1946,238.4495,234.6765
2023/08/09,233.9141,0.4585,+0.20,4156368,234.6361,236.0702,233.6507
2023/08/08,233.4556,2.1659,-0.92,5207557,234.5580,235.4751,231.6019
2023/08/07,235.6215,2.4586,+1.05,5790977,233.3873,236.2751,233.3775
2023/08/04,233.1629,0.2244,+0.10,5298868,232.1970,236.0117,232.0409
2023/08/03,232.9385,1.1707,+0.51,5159905,230.2458,233.2214,229.5092
2023/08/02,231.7678,2.1658,-0.93,4990071,232.8117,232.9678,231.0165
2023/08/01,233.9336,2.0000,+0.86,4744984,231.3580,234.8605,231.2214
2023/07/31,231.9336,1.9317,+0.84,4919642,230.2458,232.6068,230.2458
2023/07/28,230.0019,1.2781,+0.56,6965132,228.8604,230.1287,228.0116
2023/07/27,228.7238,2.5952,-1.12,8363994,231.6312,232.8409,227.2799
2023/07/26,231.3190,1.5512,-0.67,7740117,225.7726,233.0263,222.1287
2023/07/25,232.8702,2.0000,-0.85,5122430,234.1678,234.9288,232.7434
2023/07/24,234.8702,1.4536,+0.62,6160148,233.8361,235.3922,232.3824
2023/07/21,233.4166,0.3609,-0.15,5562991,233.8946,234.4849,232.9092
2023/07/20,233.7775,1.7562,-0.75,4812284,235.2800,235.7190,233.2410
2023/07/19,235.5337,0.6342,+0.27,4956365,235.3678,236.6751,234.2654
2023/07/18,234.8995,3.1415,-1.32,7866507,237.1727,237.2507,231.8848
2023/07/17,238.0410,0.8098,+0.34,4436783,237.1824,239.3873,237.0751
2023/07/14,237.2312,0.1464,-0.06,5064666,238.7629,238.7727,236.0605
2023/07/13,237.3776,1.0732,+0.45,5965050,237.8459,238.3093,237.2215
2023/07/12,236.3044,1.6195,+0.69,6268867,235.6605,238.0020,235.3483
2023/07/11,234.6849,2.3318,+1.00,3953463,232.9873,234.8312,232.3141
2023/07/10,232.3531,1.6683,+0.72,4980292,231.2312,233.2660,230.7336
2023/07/07,230.6848,2.3708,-1.02,5872704,230.9580,232.6263,230.3726
2023/07/06,233.0556,0.5561,-0.24,6603087,232.4605,233.7580,230.9190
2023/07/05,233.6117,1.4439,+0.62,7791370,228.6946,234.1483,228.2856
2023/07/03,232.1678,0.4781,+0.21,3164509,231.2214,232.5873,229.6702
2023/06/30,231.6897,3.0829,+1.35,7051372,230.5092,232.4702,230.1970
2023/06/29,228.6068,6.2050,+2.79,7296801,223.2116,228.9775,223.0272
2023/06/28,222.4018,0.6048,+0.27,5457600,221.9531,222.4994,220.5091
2023/06/27,221.7970,1.0147,+0.46,4744147,221.9335,223.0360,220.9969
2023/06/26,220.7823,3.1708,-1.42,5294463,223.8458,224.4897,220.6848
2023/06/23,223.9531,1.1317,+0.51,5559915,221.6799,224.3726,220.8701
2023/06/22,222.8214,1.1122,+0.50,6432648,220.8409,223.3482,220.0018
2023/06/21,221.7092,0.7610,+0.34,7207887,220.6067,223.0555,219.4945
2023/06/20,220.9482,2.3805,-1.07,12620340,221.4652,223.9701,220.6652
2023/06/16,223.3287,2.6732,+1.21,13969509,220.9287,224.1965,220.5677
2023/06/15,220.6555,2.6635,+1.22,12847213,216.6067,221.5726,215.9725
2023/06/14,217.9920,0.0390,+0.02,9389663,218.2847,219.9726,217.1530
2023/06/13,217.9530,2.7025,-1.22,7040401,220.1189,221.6116,217.2018
2023/06/12,220.6555,2.5464,+1.17,8836986,218.9384,220.9287,218.1774
2023/06/09,218.1091,0.4975,+0.23,6544865,218.1872,219.6896,217.3286
2023/06/08,217.6116,2.1658,-0.99,6406272,219.6018,219.6457,216.9872
2023/06/07,219.7774,2.8781,-1.29,8730046,221.4652,222.0018,215.6311
2023/06/06,222.6555,1.4146,+0.64,6170621,221.1628,223.6604,220.6457
2023/06/05,221.2409,1.9707,-0.88,4980382,222.3531,222.7628,219.8165
2023/06/02,223.2116,2.2342,+1.01,6044446,223.2311,224.6555,221.8750
2023/06/01,220.9774,5.3366,+2.47,7178593,217.2994,221.1823,217.0018
2023/05/31,215.6408,0.5951,-0.28,20971958,214.5969,216.1286,210.8700
2023/05/30,216.2359,3.2879,-1.50,7088855,219.5238,219.9726,214.3920
2023/05/26,219.5238,1.5903,+0.73,5194104,218.3628,220.6945,217.8945
2023/05/25,217.9335,1.1024,+0.51,6998392,217.0262,219.2116,215.1140
2023/05/24,216.8311,2.2732,-1.04,6898962,217.1237,217.6603,214.6652
2023/05/23,219.1043,6.5366,-2.90,8750600,223.6799,223.8945,218.2067
2023/05/22,225.6409,1.9805,-0.87,4087436,227.6214,228.1677,225.5385
2023/05/19,227.6214,0.2829,-0.12,5534342,228.2946,228.6263,226.2848
2023/05/18,227.9043,0.9268,+0.41,6787361,226.7336,228.4399,225.4945
2023/05/17,226.9775,2.1269,+0.95,5114991,227.0555,228.1865,224.9287
2023/05/16,224.8506,2.2830,-1.01,4397018,226.8897,227.4153,224.0311
2023/05/15,227.1336,1.3951,+0.62,2914342,225.5531,227.1531,224.9287
2023/05/12,225.7385,0.3610,+0.16,3518519,226.3433,227.0555,224.2165
2023/05/11,225.3775,0.1854,+0.08,3913454,225.1238,225.8750,222.7043
2023/05/10,225.1921,1.9377,-0.85,5386788,228.1425,228.6391,222.8844
2023/05/09,227.1298,1.0029,+0.44,4469528,225.0071,227.9380,224.7549
2023/05/08,226.1269,0.4382,+0.19,3017857,225.1726,227.3148,225.1726
2023/05/05,225.6887,6.0176,+2.74,6405832,222.3391,226.2340,221.3167
2023/05/04,219.6711,0.3700,-0.17,5801324,218.9311,220.1142,217.6068
2023/05/03,220.0411,0.9737,-0.44,4203798,221.0148,222.6604,219.9827
2023/05/02,221.0148,5.3847,-2.38,5385551,225.8542,226.2632,220.2651
2023/05/01,226.3995,0.2142,-0.09,4694442,226.7501,228.4249,225.4258
2023/04/28,226.6137,3.6222,+1.62,11941711,222.6410,227.4343,222.0665
2023/04/27,222.9915,0.8374,+0.38,7320577,222.6604,223.5952,220.6546
2023/04/26,222.1541,1.4022,-0.63,8627094,225.1434,226.6527,220.7617
2023/04/25,223.5563,3.0866,-1.36,6240452,226.8961,228.8436,223.3956
2023/04/24,226.6429,1.2561,-0.55,9370306,228.0743,228.9701,225.4258
2023/04/21,227.8990,0.5356,-0.23,6954353,228.8241,229.3772,227.2467
2023/04/20,228.4346,1.9767,+0.87,5058602,226.3508,228.5028,225.4161
2023/04/19,226.4579,1.0030,-0.44,3937410,227.8504,227.9088,225.7569
2023/04/18,227.4609,0.1169,+0.05,4925626,227.6069,228.1717,225.6011
2023/04/17,227.3440,0.5258,-0.23,4996348,227.8698,227.8990,224.8708
2023/04/14,227.8698,1.2950,+0.57,10045261,226.8669,228.8143,226.1366
2023/04/13,226.5748,4.7518,+2.14,7821065,223.4297,226.7208,222.7870
2023/04/12,221.8230,0.6232,-0.28,4491029,223.8873,225.5037,221.3557
2023/04/11,222.4462,1.9669,+0.89,4635211,221.0343,223.1132,220.2553
2023/04/10,220.4793,0.4284,+0.19,5086014,219.6322,220.5280,218.4248
2023/04/06,220.0509,2.1227,-0.96,4400863,220.2164,220.7714,218.7753
2023/04/05,222.1736,0.4966,+0.22,4943672,220.8201,222.4657,220.5961
2023/04/04,221.6770,1.3048,-0.59,5396549,222.9818,224.0042,220.8688
2023/04/03,222.9818,3.4470,+1.57,6594827,219.3108,223.1376,218.2300
2023/03/31,219.5348,3.0185,+1.39,9765624,217.7237,219.9048,217.4218
2023/03/30,216.5163,0.9153,-0.42,5529257,218.0353,218.3420,215.3965
2023/03/29,217.4316,2.8920,+1.35,4603950,216.4481,217.6750,215.1141
2023/03/28,214.5396,1.4411,-0.67,6591817,216.9642,217.4608,212.9038
2023/03/27,215.9807,0.7497,+0.35,7405675,216.7402,218.1911,215.5718
2023/03/24,215.2310,1.5092,-0.70,4921740,214.8707,215.5133,212.5143
2023/03/23,216.7402,2.4830,+1.16,6601195,214.6467,219.3303,214.4715
2023/03/22,214.2572,1.8598,-0.86,6881403,216.6526,218.9895,214.1404
2023/03/21,216.1170,3.7001,+1.74,9213503,215.5231,216.6575,212.9330
2023/03/20,212.4169,0.7400,+0.35,10082458,211.2971,214.7490,211.1413
2023/03/17,211.6769,0.0584,-0.03,19308625,209.2231,212.9135,209.2231
2023/03/16,211.7353,1.0516,+0.50,14046193,209.5152,211.8619,203.2737
2023/03/15,210.6837,2.2298,-1.05,8598198,208.7752,211.2095,208.0546
2023/03/14,212.9135,4.0799,+1.95,8201112,212.2708,214.0917,210.3624
2023/03/13,208.8336,1.6261,-0.77,6994773,208.9894,212.1248,206.9154
2023/03/10,210.4597,3.7683,-1.76,6818333,213.2738,213.3614,209.8171
2023/03/09,214.2280,2.1227,-0.98,5203404,215.5815,218.4734,213.8872
2023/03/08,216.3507,0.9543,-0.44,4308360,216.1268,217.0713,215.3673
2023/03/07,217.3050,3.4859,-1.58,4505197,220.7909,221.4043,217.2173
2023/03/06,220.7909,2.9017,+1.33,5892445,218.0450,221.4384,217.8113
2023/03/03,217.8892,4.5862,+2.15,6218844,214.4130,218.1278,214.1209
2023/03/02,213.3030,0.6816,+0.32,5688976,212.1637,213.8288,211.3848
2023/03/01,212.6214,1.5385,-0.72,4922009,213.6925,214.4812,210.7421
2023/02/28,214.1599,0.3992,-0.19,5530706,214.2183,215.9448,213.7314
2023/02/27,214.5591,0.7790,+0.36,4370313,214.9291,215.6204,213.5766
2023/02/24,213.7801,1.5385,-0.71,4533506,212.7382,214.4520,211.7450
2023/02/23,215.3186,1.0808,+0.50,5683205,215.7373,216.2534,213.1765
2023/02/22,214.2378,0.5842,-0.27,4746742,214.6175,215.9223,213.6827
2023/02/21,214.8220,2.8627,-1.32,7472471,214.3741,216.5942,214.2086
2023/02/17,217.6847,2.2104,-1.01,4642305,218.2884,218.8648,215.9126
2023/02/16,219.8951,3.0088,-1.35,3970191,220.1288,222.3586,219.7393
2023/02/15,222.9039,0.4576,-0.20,4526504,221.6088,223.0499,220.8396
2023/02/14,223.3615,0.4966,+0.22,4959741,222.6604,225.3382,221.1999
2023/02/13,222.8649,1.6358,+0.74,5080216,220.9175,223.7899,220.3235
2023/02/10,221.2291,2.0935,-0.94,4631610,222.9428,223.8678,220.2164
2023/02/09,223.3226,0.3895,-0.17,5379796,226.3021,226.3654,223.1035
2023/02/08,223.7121,1.0884,-0.48,5122971,223.8481,225.3253,223.5080
2023/02/07,224.8005,1.8270,+0.82,4160062,221.5935,225.5877,221.5255
2023/02/06,222.9735,0.6705,-0.30,3501029,222.2543,223.7704,221.6081
2023/02/03,223.6440,0.5539,+0.25,5395718,222.2446,224.3535,221.2242
2023/02/02,223.0901,1.3022,-0.58,7398509,227.3661,227.6965,221.9336
2023/02/01,224.3923,0.6705,+0.30,5960645,222.9054,226.1027,221.3797
2023/01/31,223.7218,1.0787,+0.48,11621756,222.3612,224.2951,222.0065
2023/01/30,222.6431,2.2740,-1.01,5842056,223.7121,223.9259,221.5060
2023/01/27,224.9171,6.5403,+2.99,11712755,221.5741,226.2776,220.8452
2023/01/26,218.3768,0.1846,-0.08,7247713,219.6304,220.6800,217.3661
2023/01/25,218.5614,0.9815,+0.45,4866796,215.3739,218.6295,214.9366
2023/01/24,217.5799,0.2818,-0.13,5427914,215.7626,243.5177,210.5245
2023/01/23,217.8617,0.1264,-0.06,5661012,218.2699,219.8248,216.8644
2023/01/20,217.9881,3.7901,+1.77,5362087,214.9074,218.1047,214.1980
2023/01/19,214.1980,0.9233,+0.43,4993831,211.9531,215.2767,211.3700
2023/01/18,213.2747,3.4403,-1.59,6748205,217.7645,218.6489,213.2553
2023/01/17,216.7150,0.0583,-0.03,6278059,216.1125,218.0755,216.1027
2023/01/13,216.7733,0.5442,-0.25,4407400,215.6557,217.4487,213.9356
2023/01/12,217.3175,1.4772,+0.68,4388077,215.8403,217.5021,214.3923
2023/01/11,215.8403,0.9815,+0.46,5565038,215.0532,215.9181,213.5080
2023/01/10,214.8588,2.4198,+1.14,11171890,212.8180,216.1222,212.0308
2023/01/09,212.4390,0.8261,+0.39,6477083,212.8957,215.9472,212.1960
2023/01/06,211.6129,6.4528,+3.15,7027765,207.9686,211.9920,207.0843
2023/01/05,205.1601,1.4577,-0.71,5398369,207.7743,208.1241,204.5284
2023/01/04,206.6178,5.0729,+2.52,6797839,203.7121,207.1912,203.7121
2023/01/03,201.5449,0.3596,-0.18,4324863,203.3817,206.3408,200.3496
2022/12/30,201.9045,0.2915,-0.14,4280093,200.4954,202.1766,199.9026
2022/12/29,202.1960,2.9834,+1.50,3782202,200.1455,202.6528,199.7082
2022/12/28,199.2126,1.2633,-0.63,3230227,200.8549,202.6528,199.0279
2022/12/27,200.4759,0.4470,+0.22,2989151,200.1164,201.0493,198.8336
2022/12/23,200.0289,0.7483,+0.38,3340305,198.3768,200.4273,197.7795
2022/12/22,199.2806,1.7007,-0.85,5855970,199.9512,200.8258,196.4332
2022/12/21,200.9813,1.4092,+0.71,4205467,200.7480,202.0989,199.7859
2022/12/20,199.5721,0.5247,+0.26,5170582,198.1339,200.7092,197.8132
2022/12/19,199.0474,2.0116,-1.00,5035570,200.8063,201.6227,198.2019
2022/12/16,201.0590,0.9913,-0.49,12834787,201.6421,202.5303,199.5138
2022/12/15,202.0503,5.2575,-2.54,11147339,203.6926,205.8501,200.9910
2022/12/14,207.3078,0.2721,+0.13,7204763,206.8510,210.1878,205.6654
2022/12/13,207.0357,1.5063,-0.72,15008005,213.3525,213.7801,206.6275
2022/12/12,208.5420,5.7240,+2.82,6114050,204.0814,208.7607,203.5663
2022/12/09,202.8180,0.3887,-0.19,5071514,202.0503,204.5867,201.6713
2022/12/08,203.2067,1.2536,+0.62,5038622,203.6052,204.3729,201.8948
2022/12/07,201.9531,1.2342,-0.61,8153649,202.9152,203.1244,199.3486
2022/12/06,203.1873,4.4704,-2.15,6159562,206.0250,206.1513,201.7879
2022/12/05,207.6577,3.8678,-1.83,9267503,209.5721,210.7965,207.0454
2022/12/02,211.5255,0.6414,+0.30,5281696,209.6499,212.3224,208.1970
2022/12/01,210.8841,0.0000,0,11588145,210.8841,212.4876,209.2320
2022/11/30,210.8841,7.7162,+3.80,14321769,202.3515,210.8841,202.1475
2022/11/29,203.1679,2.1380,-1.04,9247483,203.4497,204.2310,201.5022
2022/11/28,205.3059,2.4587,-1.18,10526357,206.2777,208.4254,204.7130
2022/11/25,207.7646,2.0020,+0.97,2051356,205.7432,207.9686,205.4273
2022/11/23,205.7626,1.3605,+0.67,3917756,204.0814,206.8316,203.9988
2022/11/22,204.4021,3.8970,+1.94,5426070,201.6907,204.5478,199.5624
2022/11/21,200.5051,4.3537,-2.13,10754030,204.3729,204.6159,200.0872
2022/11/18,204.8588,0.1847,-0.09,8261379,207.1620,208.1338,203.8287
2022/11/17,205.0435,0.8261,+0.40,5542404,202.0989,205.3253,201.4811
2022/11/16,204.2174,0.1457,+0.07,6302942,202.7014,204.9463,202.3515
2022/11/15,204.0717,3.0418,+1.51,7528306,204.0717,207.7062,201.6615
2022/11/14,201.0299,1.8076,+0.91,5964208,197.7646,203.2713,197.4827
2022/11/11,199.2223,0.5539,-0.28,9879461,200.1941,200.6071,196.4526
2022/11/10,199.7762,11.3119,+6.00,8282288,197.3661,199.9609,194.3826
2022/11/09,188.4643,7.1914,-3.68,7532517,195.0435,195.6557,187.8763
2022/11/08,195.6557,1.6290,+0.84,7161055,195.5394,197.9247,193.6776
2022/11/07,194.0267,3.0253,+1.58,8066073,192.3007,194.3564,191.1856
2022/11/04,191.0014,2.1623,+1.15,9983124,191.0208,195.3357,189.4112
2022/11/03,188.8391,6.0118,-3.09,8494032,192.2620,192.8147,188.2864
2022/11/02,194.8509,5.7985,-2.89,7206518,199.5149,200.7173,194.4921
2022/11/01,200.6494,0.2230,-0.11,6104801,202.5693,203.5971,199.0980
2022/10/31,200.8724,2.1139,-1.04,8945613,202.5790,203.2578,199.9416
2022/10/28,202.9863,4.8968,+2.47,8720274,198.7780,205.0987,197.1393
2022/10/27,198.0895,0.9308,+0.47,8195428,197.1490,200.0579,195.4715
2022/10/26,197.1587,8.6784,+4.60,15936828,190.6135,200.1016,190.5360
2022/10/25,188.4803,3.5586,+1.92,12279954,185.0769,189.3045,184.9314
2022/10/24,184.9217,0.3297,+0.18,7527688,185.6005,187.2683,183.3606
2022/10/21,184.5920,3.0544,+1.68,7819885,180.1607,185.1544,179.4335
2022/10/20,181.5376,0.7854,+0.43,5885475,180.8007,185.1835,180.7716
2022/10/19,180.7522,0.7370,-0.41,5081241,179.8601,181.9449,179.1475
2022/10/18,181.4892,1.8618,+1.04,5372222,183.7387,184.4175,180.1026
2022/10/17,179.6274,2.5501,+1.44,14388798,180.3547,182.8467,177.3003
2022/10/14,177.0773,1.9780,-1.10,6653150,181.1207,181.4504,176.5439
2022/10/13,179.0553,6.2251,+3.60,8690121,169.6885,179.7438,169.3007
2022/10/12,172.8302,0.8727,-0.50,5037582,173.6544,175.1089,172.8108
2022/10/11,173.7029,2.9477,-1.67,6491491,174.8955,176.1270,172.7817
2022/10/10,176.6506,1.5999,-0.90,4892285,178.5414,179.1717,175.4095
2022/10/07,178.2505,1.7066,-0.95,5785891,177.8821,179.0069,176.4082
2022/10/06,179.9571,2.0169,-1.11,5324653,180.9849,182.3424,179.6274
2022/10/05,181.9740,1.9587,+1.09,6311436,177.7754,183.0891,176.8251
2022/10/04,180.0153,3.8786,+2.20,7303005,179.4335,180.5607,177.5136
2022/10/03,176.1367,3.8786,+2.25,9119106,173.8968,177.7948,172.7429
2022/09/30,172.2581,2.3369,-1.34,9768759,174.5950,177.3681,172.2048
2022/09/29,174.5950,0.8533,+0.49,9390173,173.4023,176.7088,173.3005
2022/09/28,173.7417,1.2703,+0.74,10056177,171.8799,174.6337,169.5237
2022/09/27,172.4714,2.6375,-1.51,10106374,176.9706,179.2396,171.6480
2022/09/26,175.1089,3.2677,-1.83,10224979,177.4845,178.9002,174.4398
2022/09/23,178.3766,1.7744,-0.98,11092460,177.9015,178.9778,176.6991
2022/09/22,180.1510,1.1927,-0.66,6811447,180.6940,181.5279,179.0553
2022/09/21,181.3437,4.8967,-2.63,6915852,186.6865,187.2295,181.3243
2022/09/20,186.2404,1.0279,-0.55,5458192,185.2999,187.1713,184.5145
2022/09/19,187.2683,0.1648,-0.09,8388152,185.7750,188.1022,184.9217
2022/09/16,187.4331,2.0072,-1.06,9692419,184.4466,187.9373,182.5073
2022/09/15,189.4403,3.9174,-2.03,6290177,192.0777,194.2303,188.6258
2022/09/14,193.3577,0.2521,-0.13,4777826,193.9297,194.7830,192.0486
2022/09/13,193.6098,6.7487,-3.37,5381203,195.9175,197.2944,192.8340
2022/09/12,200.3585,1.3866,+0.70,3931617,200.2325,200.9015,198.7295
2022/09/09,198.9719,4.3537,+2.24,5039123,195.9369,200.1309,195.2388
2022/09/08,194.6182,0.2812,+0.14,4514846,191.4087,195.0061,190.9820
2022/09/07,194.3370,1.7260,+0.90,4226571,192.6789,195.0303,191.2341
2022/09/06,192.6110,0.8533,+0.44,4690365,191.8935,193.9685,190.4390
2022/09/02,191.7577,2.2981,-1.18,4649607,196.2957,196.3345,190.8754
2022/09/01,194.0558,1.3769,+0.71,5783872,192.6886,194.3467,190.6911
2022/08/31,192.6789,2.5890,-1.33,6764348,194.8994,196.9987,192.6110
2022/08/30,195.2679,0.9211,-0.47,4040793,197.7308,198.2059,194.1334
2022/08/29,196.1890,0.5430,-0.28,4616518,195.1418,197.7696,194.5309
2022/08/26,196.7320,6.7197,-3.30,5218604,203.4032,203.8782,196.5478
2022/08/25,203.4517,3.0544,+1.52,4635742,201.0955,203.5390,200.2325
2022/08/24,200.3973,0.1261,-0.06,4363267,200.3585,202.0263,199.4325
2022/08/23,200.5234,1.7550,-0.87,3635848,201.6869,202.9475,200.2616
2022/08/22,202.2784,4.0822,-1.98,5300418,203.5681,204.8383,201.8809
2022/08/19,206.3606,2.3563,-1.13,4309606,207.6115,208.6975,205.9437
2022/08/18,208.7169,0.7079,+0.34,4658008,207.3788,209.4441,205.9825
2022/08/17,208.0090,2.5405,-1.21,5055903,208.4745,209.6187,206.2928
2022/08/16,210.5495,0.6981,+0.33,6769924,208.0381,211.0053,205.6916
2022/08/15,209.8514,4.9355,+2.41,5456226,203.9850,210.1617,203.9850
2022/08/12,204.9159,0.2424,+0.12,6645384,206.5352,206.7485,203.7232
2022/08/11,204.6735,0.6254,-0.30,6847469,206.8164,207.0200,204.1983
2022/08/10,205.2989,1.7810,+0.88,5936815,207.9413,207.9510,204.5342
2022/08/09,203.5179,2.9619,-1.43,4749047,205.2021,206.6056,203.0242
2022/08/08,206.4798,2.4682,-1.18,4200473,208.3285,209.6836,205.2493
2022/08/05,208.9480,2.3230,+1.12,5737710,203.9535,209.0254,203.7502
2022/08/04,206.6250,4.8300,+2.39,7014675,203.7792,207.9897,201.8627
2022/08/03,201.7950,2.1489,+1.08,9835474,201.3207,203.5856,200.2463
2022/08/02,199.6461,4.9365,-2.41,10268680,201.1368,202.1414,197.3909
2022/08/01,204.5826,0.7260,-0.35,8294326,201.7659,207.1234,200.9045
2022/07/29,205.3086,0.7357,+0.36,6260444,205.2021,207.2928,203.1017
2022/07/28,204.5729,0.8518,+0.42,7724761,203.8857,205.8990,201.2529
2022/07/27,203.7211,1.9553,-0.95,18009736,204.0115,209.8966,194.7484
2022/07/26,205.6764,1.7229,-0.83,6344427,206.9928,208.2511,204.9601
2022/07/25,207.3993,0.5517,+0.27,4501548,207.6994,207.9123,204.8343
2022/07/22,206.8476,2.4101,-1.15,5239473,210.9419,211.0774,205.3182
2022/07/21,209.2577,2.7295,+1.32,4960326,206.3152,209.9450,205.9087
2022/07/20,206.5282,0.2807,-0.14,4608050,205.2021,207.2638,204.4374
2022/07/19,206.8089,6.2432,+3.11,5090368,201.5433,207.2444,201.2336
2022/07/18,200.5657,2.7392,-1.35,4802897,204.7181,206.0829,200.0140
2022/07/15,203.3049,3.9975,+2.01,7485716,202.6564,204.9214,200.5366
2022/07/14,199.3074,1.7036,+0.86,5791160,193.5869,199.4719,191.6316
2022/07/13,197.6038,0.6485,-0.33,7849014,194.0031,198.9783,193.1029
2022/07/12,198.2523,0.2323,-0.12,7004083,196.7327,201.4465,196.2584
2022/07/11,198.4846,1.4422,+0.73,5544028,195.5227,200.1108,195.5227
2022/07/08,197.0424,0.7453,+0.38,3741740,195.8325,197.5554,194.0321
2022/07/07,196.2971,1.6261,+0.84,4804771,196.0454,196.9069,193.6256
2022/07/06,194.6710,0.5614,+0.29,4247556,193.5869,196.0164,192.2947
2022/07/05,194.1096,1.3164,+0.68,4247069,189.9378,194.1386,187.9148
2022/07/01,192.7932,2.2166,+1.16,4268653,190.4798,193.3933,188.4665
2022/06/30,190.5766,2.5263,-1.31,7278593,189.1053,192.4737,186.6661
2022/06/29,193.1029,1.3357,+0.70,4467831,190.9928,194.2064,190.9928
2022/06/28,191.7672,5.2655,-2.67,4517308,197.4586,200.1591,191.1670
2022/06/27,197.0327,1.8875,-0.95,6324006,199.1525,200.4495,196.1179
2022/06/24,198.9202,8.5856,+4.51,8011685,191.3897,199.0460,191.1767
2022/06/23,190.3346,2.7296,+1.45,4910237,189.8506,191.1283,187.2469
2022/06/22,187.6050,0.5518,-0.29,5309333,185.1174,190.0926,184.9045
2022/06/21,188.1568,4.2396,+2.31,6448410,189.4344,190.4217,187.5179
2022/06/17,183.9172,0.9292,+0.51,15589216,180.9360,185.1710,179.9487
2022/06/16,182.9880,6.8820,-3.62,10214717,185.2723,185.7176,181.5167
2022/06/15,189.8700,2.5553,+1.36,6705000,189.6958,192.4544,186.0660
2022/06/14,187.3147,1.2196,+0.66,6654550,186.5403,188.1084,185.6014
2022/06/13,186.0951,7.0175,-3.63,7355088,186.8017,189.6087,184.9529
2022/06/10,193.1126,6.3884,-3.20,5334836,195.1840,196.8972,192.7932
2022/06/09,199.5010,7.1530,-3.46,5310846,205.7732,206.8573,199.4138
2022/06/08,206.6540,0.9679,-0.47,3767073,206.9057,208.6576,206.0055
2022/06/07,207.6219,1.5100,+0.73,4642166,204.3503,208.0769,203.9631
2022/06/06,206.1119,0.2807,+0.14,4096435,208.5415,210.6032,205.2892
2022/06/03,205.8312,2.3231,-1.12,4496718,206.1216,207.3412,204.4955
2022/06/02,208.1543,4.9558,+2.44,5514039,205.0956,208.3479,204.3116
2022/06/01,203.1985,2.1681,-1.06,5419904,205.2505,207.2444,202.1241
2022/05/31,205.3666,0.6873,-0.33,9903986,203.6340,207.4767,202.4048
2022/05/27,206.0539,4.1912,+2.08,5059407,203.2662,206.3926,202.9178
2022/05/26,201.8627,4.5590,+2.31,9517436,198.5330,203.0146,198.1071
2022/05/25,197.3037,1.1712,+0.60,5637964,194.1580,198.3781,194.0418
2022/05/24,196.1325,4.7720,-2.38,7705745,197.3715,198.1099,192.6480
2022/05/23,200.9045,8.2565,+4.29,12591174,194.4387,201.2916,194.3322
2022/05/20,192.6480,1.6068,+0.84,7197420,193.2675,195.1936,187.7986
2022/05/19,191.0412,2.5360,-1.31,9310954,190.0539,193.9934,187.1114
2022/05/18,193.5772,3.8814,-1.97,9038050,196.3164,198.8718,192.7448
2022/05/17,197.4586,5.9915,+3.13,7506261,196.3455,198.2330,193.7321
2022/05/16,191.4671,1.3745,-0.71,5332254,190.9928,193.5288,189.5990
2022/05/13,192.8416,5.0914,+2.71,6905925,190.6831,194.1096,190.1991
2022/05/12,187.7502,2.2989,-1.21,9616936,188.2923,189.7732,183.8591
2022/05/11,190.0491,3.0335,+1.62,9758250,186.9286,191.5948,184.9095
2022/05/10,187.0156,0.5604,+0.30,11403179,190.0394,191.0441,184.4941
2022/05/09,186.4552,9.4870,-4.84,10676178,193.2662,193.9424,185.5664
2022/05/06,195.9422,2.3380,-1.18,9135113,196.8407,198.7439,193.4304
2022/05/05,198.2802,8.9653,-4.33,8021582,205.0718,207.3034,196.1837
2022/05/04,207.2455,5.7579,+2.86,7443554,202.2508,207.5160,198.3671
2022/05/03,201.4876,2.8693,-1.40,6849169,206.3663,206.3663,199.2752
2022/05/02,204.3569,1.5457,-0.75,9112742,204.5887,204.9462,199.9418
2022/04/29,205.9026,7.2747,-3.41,8244532,211.2064,213.6997,205.1490
2022/04/28,213.1773,6.3279,+3.06,11180218,212.9261,217.3025,211.8344
2022/04/27,206.8494,12.5689,+6.47,16515870,209.9988,214.2786,205.8253
2022/04/26,194.2805,8.5499,-4.22,8441544,199.9611,201.4876,194.2805
2022/04/25,202.8304,1.7196,+0.86,7079486,199.3525,203.3919,198.3671
2022/04/22,201.1108,7.9992,-3.83,6418756,208.9071,209.2163,200.8983
2022/04/21,209.1100,1.2946,-0.62,9160922,212.0662,216.3267,208.0473
2022/04/20,210.4046,2.0192,+0.97,7430448,211.2451,213.3306,210.0181
2022/04/19,208.3854,2.4442,+1.19,5205322,205.8736,209.1680,205.2360
2022/04/18,205.9412,0.3671,+0.18,4910965,204.4921,208.5129,204.3472
2022/04/14,205.5741,0.4638,-0.23,8479108,207.0039,208.6270,205.3229
2022/04/13,206.0379,1.8066,+0.88,8335548,203.2942,206.5982,200.1457
2022/04/12,204.2313,3.2364,-1.56,7707973,209.1583,209.6317,203.5550
2022/04/11,207.4677,2.1543,-1.03,7186432,207.9507,209.9312,206.1731
2022/04/08,209.6220,0.8018,+0.38,5629639,207.5256,211.9648,205.8543
2022/04/07,208.8202,2.7630,-1.31,7240596,210.9069,211.2644,206.4339
2022/04/06,211.5832,6.8399,-3.13,7690825,215.2254,215.3123,211.2064
2022/04/05,218.4231,1.5941,-0.72,4821460,219.1380,221.2248,217.6696
2022/04/04,220.0172,1.3332,+0.61,8820764,218.1043,221.4663,217.3314
2022/04/01,218.6840,4.4344,+2.07,6789813,215.5152,218.9448,214.6940
2022/03/31,214.2496,2.1061,-0.97,11137191,216.3170,218.2589,212.9647
2022/03/30,216.3557,4.0286,-1.83,7332696,218.1816,218.4907,215.1771
2022/03/29,220.3843,7.1008,+3.33,8314435,217.2155,221.0509,216.1914
2022/03/28,213.2835,2.2606,+1.07,4468342,211.0905,213.4864,210.1341
2022/03/25,211.0229,1.0820,+0.52,5229872,211.0132,211.5059,208.3734
2022/03/24,209.9409,2.5409,+1.23,5679590,207.6995,210.2790,206.7431
2022/03/23,207.4000,3.6615,-1.73,6218849,207.9990,209.9167,206.9363
2022/03/22,211.0615,1.3815,+0.66,6479673,210.4529,212.1242,209.8104
2022/03/21,209.6800,1.9998,-0.94,6315624,209.0037,210.6606,207.2744
2022/03/18,211.6798,5.4681,+2.65,15134024,204.5211,211.8247,203.1589
2022/03/17,206.2117,1.5264,+0.75,6902537,202.8111,206.2987,201.6421
2022/03/16,204.6853,5.5357,+2.78,9556355,202.8787,206.4195,199.9805
2022/03/15,199.1496,5.6129,+2.90,8568223,195.2370,199.4105,194.5704
2022/03/14,193.5367,3.4973,+1.84,8275278,191.6914,197.4976,191.4402
2022/03/11,190.0394,1.2173,-0.64,5622771,193.9424,194.0294,189.7979
2022/03/10,191.2567,1.7293,-0.90,7309474,190.2230,193.1599,189.6433
2022/03/09,192.9860,7.7770,+4.20,8754499,189.8365,193.7009,188.6193
2022/03/08,185.2090,0.9758,+0.53,11459493,183.5666,189.7592,180.3399
2022/03/07,184.2332,9.2648,-4.79,13883138,193.0633,193.3917,183.6004
2022/03/04,193.4980,6.7047,-3.35,11297735,198.0483,199.3718,190.1843
2022/03/03,200.2027,1.2076,-0.60,8912249,203.4101,204.3279,199.5554
2022/03/02,201.4103,0.4734,-0.23,9176902,199.8839,203.4004,199.1979
2022/03/01,201.8837,6.9075,-3.31,9644895,207.2068,207.8541,200.2510
2022/02/28,208.7912,3.0432,-1.44,8704560,208.6753,211.2354,206.0089
2022/02/25,211.8344,1.9032,+0.91,8760648,209.9215,213.1966,206.9846
2022/02/24,209.9312,1.3042,+0.63,13935991,196.4736,210.4747,194.6187
2022/02/23,208.6270,5.1879,-2.43,8974243,215.2833,216.6745,208.1149
2022/02/22,213.8149,1.3235,-0.62,10277333,213.5250,216.7325,212.4623
2022/02/18,215.1384,1.8549,-0.85,8406220,216.9836,218.0850,214.3172
2022/02/17,216.9933,4.0672,-1.84,8416587,220.6548,221.0509,216.5682
2022/02/16,221.0605,0.9661,+0.44,9896898,219.7853,222.0846,217.9449
2022/02/15,220.0944,2.3959,+1.10,9794101,219.5631,221.5146,217.2831
2022/02/14,217.6985,0.6279,+0.29,8571495,215.7181,219.5535,215.2543
2022/02/11,217.0706,0.8695,-0.40,7799700,219.5438,221.3310,215.9596
2022/02/10,217.9401,4.7386,-2.13,7033118,220.2973,222.1522,217.2445
2022/02/09,222.6787,2.8260,+1.29,8058718,221.9650,224.8778,221.9553
2022/02/08,219.8527,0.7523,+0.34,7819687,218.2323,220.3928,216.7759
2022/02/07,219.1004,1.1863,-0.54,6204691,219.9106,221.7624,217.9912
2022/02/04,220.2867,3.0383,-1.36,11247169,220.3928,222.0518,216.9688
2022/02/03,223.3250,3.7423,-1.65,10334674,224.7717,225.2058,222.3701
2022/02/02,227.0673,2.9514,+1.32,10980085,223.0935,227.4820,221.8493
2022/02/01,224.1159,5.9704,+2.74,12697717,218.8496,226.2861,218.3866
2022/01/31,218.1455,1.7651,-0.80,12836062,217.5475,218.3480,214.1717
2022/01/28,219.9106,21.0748,+10.60,27397318,212.8117,220.0263,208.4328
2022/01/27,198.8358,0.2701,+0.14,12451592,202.0669,203.4751,198.5464
2022/01/26,198.5657,3.7327,+1.92,11215559,197.0322,203.3787,196.4438
2022/01/25,194.8330,0.1446,+0.07,12571572,192.5375,198.0931,190.0008
2022/01/24,194.6884,3.9352,-1.98,16662341,195.0067,195.5275,188.7083
2022/01/21,198.6236,8.1213,-3.93,16796112,207.8155,207.9503,198.5175
2022/01/20,206.7449,0.3183,-0.15,8846596,207.1017,211.8115,206.3494
2022/01/19,207.0632,0.9934,-0.48,9745621,205.4428,210.4872,204.5795
2022/01/18,208.0566,1.0031,+0.48,9434623,208.2206,209.2092,206.7256
2022/01/14,207.0535,0.3183,-0.15,9163168,206.5713,210.5017,206.1276
2022/01/13,207.3718,0.6848,-0.33,9193916,209.1562,212.6574,207.0390
2022/01/12,208.0566,1.2828,+0.62,7177991,206.8703,209.8603,206.2241
2022/01/11,206.7738,2.3245,+1.14,9126923,203.9188,207.3188,201.3339
2022/01/10,204.4493,4.8130,-2.30,12419197,206.3832,206.6002,199.1734
2022/01/07,209.2623,2.6910,-1.27,11095761,209.5998,212.3873,207.9891
2022/01/06,211.9533,0.2411,-0.11,8167273,210.0725,214.0366,209.8313
2022/01/05,212.1944,2.3727,-1.11,9947525,214.7407,217.2774,212.1172
2022/01/04,214.5671,0.9934,+0.47,11020273,214.1234,218.7435,213.9402
2022/01/03,213.5737,4.5526,+2.18,7979621,209.8024,214.1813,209.3106
2021/12/31,209.0211,1.1189,-0.53,4897096,209.1176,210.2461,207.8444
2021/12/30,210.1400,0.2893,-0.14,3953100,210.2364,211.3746,209.4455
2021/12/29,210.4293,0.1157,+0.06,3341781,210.0339,211.1720,209.6191
2021/12/28,210.3136,0.4051,+0.19,4441194,208.3460,211.9340,207.9312
2021/12/27,209.9085,0.9742,+0.47,4996374,209.9567,210.3811,207.2561
2021/12/23,208.9343,1.2925,-0.61,4974720,210.6898,210.7644,208.9343
2021/12/22,210.2268,2.4885,+1.20,6224234,206.2626,211.1720,206.2626
2021/12/21,207.7383,6.4044,+3.18,7250963,203.1376,208.4906,202.8993
2021/12/20,201.3339,3.0286,-1.48,9781461,201.6715,202.3274,199.5206
2021/12/17,204.3625,2.4017,-1.16,12092063,205.2499,205.6453,200.4176
2021/12/16,206.7642,1.9870,+0.97,8862858,207.6515,208.5967,204.1021
2021/12/15,204.7772,2.2473,+1.11,11293217,201.9705,204.9509,200.4851
2021/12/14,202.5299,1.0031,-0.49,10193955,203.2533,205.7996,201.0542
2021/12/13,203.5330,2.2956,-1.12,9169636,204.9123,205.7514,202.5299
2021/12/10,205.8286,1.9387,+0.95,9209470,204.3818,206.6484,203.3787
2021/12/09,203.8899,2.3149,+1.15,10551128,201.1217,204.6711,199.8196
2021/12/08,201.5750,1.5625,+0.78,12181402,200.2922,202.0477,198.4114
2021/12/07,200.0125,4.5236,+2.31,12334878,198.6911,200.5623,198.5850
2021/12/06,195.4889,6.1343,+3.24,11116508,191.7176,196.9743,190.7242
2021/12/03,189.3546,1.9001,-0.99,11052685,191.2354,191.4283,187.1555
2021/12/02,191.2547,7.8416,+4.28,14490398,185.1878,192.3591,185.0432
2021/12/01,183.4131,3.4819,-1.86,13699426,189.0749,189.8272,183.3553
2021/11/30,186.8950,2.4306,-1.28,16612389,188.3418,190.6470,185.7280
2021/11/29,189.3256,1.3118,-0.69,15171820,193.8685,194.1097,188.4286
2021/11/26,190.6374,5.4013,-2.76,11391731,186.4610,192.1227,185.7183
2021/11/24,196.0387,4.5911,+2.40,12469223,191.1389,196.7139,190.6277
2021/11/23,191.4476,2.8068,+1.49,15291650,189.9815,191.8623,187.4834
2021/11/22,188.6408,5.0927,-2.63,21971468,192.9040,194.5437,187.6956
2021/11/19,193.7335,2.3824,-1.21,18702283,194.8716,196.2798,192.7593
2021/11/18,196.1159,1.6686,-0.84,18965043,199.1734,200.4948,194.1289
2021/11/17,197.7845,9.7609,-4.70,39791364,198.6429,199.9546,192.3832
2021/11/16,207.5454,2.7778,+1.36,9040328,204.6326,207.9987,204.1503
2021/11/15,204.7676,0.2025,+0.10,9949957,206.0408,208.7221,204.2950
2021/11/12,204.5651,1.6108,+0.79,7942241,203.9960,206.0022,203.9323
2021/11/11,202.9543,4.9576,-2.38,14045244,208.7896,209.0887,202.7035
2021/11/10,207.9119,2.4547,+1.19,10433777,205.9733,209.2526,205.7611
2021/11/09,205.4572,6.8361,-3.22,11980392,211.5230,212.2163,204.9999
2021/11/08,212.2933,3.6780,+1.76,14021344,210.2521,213.3717,210.0403
2021/11/05,208.6153,7.5967,+3.78,14824748,204.0708,209.5348,203.5027
2021/11/04,201.0186,0.6547,+0.33,11807116,201.3845,204.4648,200.1424
2021/11/03,200.3639,1.0013,-0.50,11930220,201.8948,202.3377,199.0448
2021/11/02,201.3652,3.1966,-1.56,15255858,205.2358,205.4187,200.0943
2021/11/01,204.5618,0.6643,+0.33,13720352,205.5535,207.2481,203.5894
2021/10/29,203.8975,1.8583,+0.92,14883100,201.4326,205.7220,200.7875
2021/10/28,202.0392,5.7192,-2.75,24095143,211.0994,211.8119,201.2401
2021/10/27,207.7584,15.4437,-6.92,23844482,216.3949,216.3949,207.6428
2021/10/26,223.2021,1.9834,-0.88,8116223,226.7742,228.1510,222.7303
2021/10/25,225.1855,2.5515,+1.15,5129347,224.7715,226.1291,223.6546
2021/10/22,222.6340,0.9532,+0.43,3934257,221.7290,224.1649,220.2077
2021/10/21,221.6808,1.1362,-0.51,6213171,222.1237,222.2489,217.8873
2021/10/20,222.8170,2.0219,-0.90,5610379,224.7763,225.1085,222.7111
2021/10/19,224.8389,2.7633,+1.24,4579918,223.3273,224.9544,222.1045
2021/10/18,222.0756,0.3274,-0.15,5795664,221.6231,224.1072,219.6618
2021/10/15,222.4030,5.5941,+2.58,6600427,218.7731,222.4992,218.3013
2021/10/14,216.8089,2.6188,+1.22,5807851,215.7883,217.2615,214.7678
2021/10/13,214.1901,1.5308,-0.71,9427907,214.8351,217.4637,210.5024
2021/10/12,215.7209,1.0206,-0.47,5658572,217.1748,217.8103,214.6330
2021/10/11,216.7415,4.9682,-2.24,5837195,221.4594,221.7530,216.5105
2021/10/08,221.7097,0.2696,-0.12,3879385,222.4126,224.0816,221.6231
2021/10/07,221.9793,3.8898,+1.78,6815278,220.4003,222.5666,219.9959
2021/10/06,218.0895,2.1471,+0.99,5630245,213.7857,218.1954,213.0250
2021/10/05,215.9424,0.4333,-0.20,6038479,217.0978,218.9272,215.5958
2021/10/04,216.3757,5.5170,-2.49,10680433,221.4498,221.7675,212.6014
2021/10/01,221.8927,7.4234,+3.46,8231369,215.8365,222.9518,215.1625
2021/09/30,214.4693,3.7839,-1.73,7409660,219.1197,220.2804,214.3537
2021/09/29,218.2532,1.0784,+0.50,6681050,218.3687,220.5062,217.6851
2021/09/28,217.1748,3.8898,-1.76,7219759,220.3618,220.3618,215.6728
2021/09/27,221.0646,1.9160,-0.86,7146747,223.1058,224.6560,220.2655
2021/09/24,222.9806,3.1580,+1.44,6710715,220.4195,223.3273,220.1211
2021/09/23,219.8226,5.3533,+2.50,8259806,216.6356,220.1981,216.0194
2021/09/22,214.4693,2.4841,+1.17,6237750,213.1695,215.7691,212.8806
2021/09/21,211.9852,0.1156,+0.05,7305200,212.5436,213.9108,210.8394
2021/09/20,211.8696,1.6368,-0.77,9163235,208.8945,212.3029,208.2687
2021/09/17,213.5064,2.4841,-1.15,14367096,214.1804,215.3840,211.1475
2021/09/16,215.9905,0.5006,+0.23,6157360,215.5380,216.8282,214.4693
2021/09/15,215.4899,0.7510,+0.35,6788138,214.2478,216.4768,213.1309
2021/09/14,214.7389,1.5405,-0.71,6829605,216.6356,217.4155,214.0158
2021/09/13,216.2794,0.2696,-0.12,7070944,217.1459,218.7538,215.1057
2021/09/10,216.5490,2.4841,-1.13,6974681,221.3053,221.4883,216.4623
2021/09/09,219.0331,1.5405,-0.70,6079026,220.7854,221.4498,218.6576
2021/09/08,220.5736,2.7152,+1.25,11063938,218.9272,221.6640,218.5998
2021/09/07,217.8584,1.1169,+0.52,10040911,218.3109,219.5241,217.4637
2021/09/03,216.7415,0.8954,+0.41,11979666,215.6728,218.8501,215.0471
2021/09/02,215.8461,5.7192,-2.58,20478295,221.8638,221.9793,213.7086
2021/09/01,221.5653,0.9821,+0.45,8493351,220.5832,222.2008,220.2655
2021/08/31,220.5832,2.0508,-0.92,9768219,222.3259,223.2214,220.1596
2021/08/30,222.6340,1.4058,-0.63,6696971,224.0398,224.9833,221.3727
2021/08/27,224.0398,2.0894,+0.94,6614885,222.4318,224.3888,221.6712
2021/08/26,221.9504,1.9931,-0.89,6116525,223.5006,223.9820,221.5942
2021/08/25,223.9435,1.5886,-0.70,5480826,226.2639,226.2639,223.4529
2021/08/24,225.5321,0.0962,+0.04,5277979,226.3024,227.4096,225.2529
2021/08/23,225.4359,2.6767,+1.20,6586887,224.0494,225.9269,223.3754
2021/08/20,222.7592,0.2022,-0.09,5735771,223.2502,223.5295,221.7386
2021/08/19,222.9614,0.0578,-0.03,5983739,220.5254,223.7894,220.3906
2021/08/18,223.0192,2.7922,-1.24,5189440,225.2240,225.6380,222.8651
2021/08/17,225.8114,0.7991,-0.35,7115023,226.2639,226.9042,224.5501
2021/08/16,226.6105,2.6093,+1.16,7869242,223.5776,226.7260,221.6423
2021/08/13,224.0012,0.8280,+0.37,5655675,223.3754,224.5982,222.7977
2021/08/12,223.1732,2.8403,-1.26,10249890,225.1951,225.4070,222.4318
2021/08/11,226.0135,2.8942,-1.26,7670908,228.9173,229.1865,225.5520
2021/08/10,228.9077,1.8557,-0.80,7473650,231.2538,232.0519,226.4943
2021/08/09,230.7634,1.3461,-0.58,5436164,232.4461,232.8595,228.8885
2021/08/06,232.1095,1.1442,+0.50,4690208,230.7634,233.2634,230.6288
2021/08/05,230.9653,3.4037,+1.50,5551130,227.5039,231.0038,227.3308
2021/08/04,227.5616,0.4038,-0.18,8498838,227.8789,228.4077,226.0039
2021/08/03,227.9654,2.5865,-1.12,10232792,231.3692,232.0999,225.0232
2021/08/02,230.5519,6.3556,-2.68,10389389,236.7633,238.2921,229.1962
2021/07/30,236.9075,1.4711,-0.62,6037079,237.6959,238.8978,236.5325
2021/07/29,238.3786,0.9423,+0.40,7795344,238.5613,240.7439,237.5854
2021/07/28,237.4363,3.8365,-1.59,9398241,240.4266,241.8208,236.4460
2021/07/27,241.2728,0.6539,+0.27,7320034,239.5997,242.9458,238.6671
2021/07/26,240.6189,1.1826,+0.49,5074275,239.6190,240.7247,238.1671
2021/07/23,239.4363,4.6922,+2.00,7036824,237.2633,240.3882,237.2633
2021/07/22,234.7441,0.4615,+0.20,10705582,234.3980,235.9065,233.7922
2021/07/21,234.2826,0.9231,+0.40,11691371,233.9268,237.3979,232.9749
2021/07/20,233.3595,2.2019,+0.95,7355364,231.3788,234.8114,230.2923
2021/07/19,231.1576,7.4133,-3.11,11933854,234.5999,235.0422,229.7058
2021/07/16,238.5709,0.4135,-0.17,9021669,240.3690,240.8209,237.9940
2021/07/15,238.9844,2.4615,+1.04,10540777,235.8691,239.2248,235.8691
2021/07/14,236.5229,3.4999,+1.50,9041344,233.8595,237.3113,233.4749
2021/07/13,233.0230,4.3076,+1.88,8402566,229.0808,233.1480,229.0808
2021/07/12,228.7154,0.5769,-0.25,7291268,228.4366,229.3260,228.1385
2021/07/09,229.2923,1.7884,+0.79,5840922,229.5711,230.2346,228.2837
2021/07/08,227.5039,3.2595,-1.41,6643719,227.8500,227.9414,225.5232
2021/07/07,230.7634,0.3846,+0.17,4540871,231.0134,231.7634,229.1289
2021/07/06,230.3788,0.9326,+0.41,8370876,230.2827,231.3500,228.0808
2021/07/02,229.4462,3.3461,+1.48,4560076,226.7539,229.5904,226.7443
2021/07/01,226.1001,1.2788,+0.57,5542893,225.1866,227.1577,225.0423
2021/06/30,224.8213,2.0480,-0.90,8109236,226.0616,227.3020,224.8213
2021/06/29,226.8693,1.7884,+0.79,12374051,225.5424,227.4174,225.1386
2021/06/28,225.0809,3.1057,-1.36,9673992,228.8404,229.1962,222.9367
2021/06/25,228.1866,1.0385,+0.46,8138368,227.3020,229.3019,227.2251
2021/06/24,227.1481,1.4999,+0.66,4796105,227.8789,229.0808,226.3501
2021/06/23,225.6482,1.2019,-0.53,7087466,226.3885,226.8404,224.9367
2021/06/22,226.8501,1.5481,+0.69,9212992,225.2828,227.0039,224.2636
2021/06/21,225.3020,3.7595,+1.70,7590541,222.5425,225.9655,221.5329
2021/06/18,221.5425,1.6730,-0.75,9193795,221.5810,223.2444,220.3992
2021/06/17,223.2155,2.4518,+1.11,7151972,220.3887,224.3597,220.3887
2021/06/16,220.7637,3.2499,-1.45,9261847,224.6290,225.1674,219.2253
2021/06/15,224.0136,1.0577,-0.47,7377943,225.4174,225.7636,223.6675
2021/06/14,225.0713,0.8461,-0.37,6038151,225.6674,226.1674,222.6587
2021/06/11,225.9174,0.9711,+0.43,5593615,225.3693,226.3789,224.7135
2021/06/10,224.9463,1.5769,+0.71,4630668,224.1290,225.2443,223.1969
2021/06/09,223.3694,0.2500,+0.11,4845461,223.5521,225.8116,223.1867
2021/06/08,223.1194,0.7019,+0.32,4337536,223.2155,223.8886,221.3021
2021/06/07,222.4175,1.1346,+0.51,5638288,223.8886,225.6482,221.2252
2021/06/04,221.2829,1.9519,+0.89,5289304,220.5233,221.8213,219.9272
2021/06/03,219.3310,1.4904,-0.67,6637870,220.1868,221.5233,219.0041
2021/06/02,220.8214,2.9134,+1.34,9444854,220.3983,224.1386,219.9752
2021/06/01,217.9080,0.6442,-0.29,5295300,220.6098,221.2252,217.5715
2021/05/28,218.5522,0.4231,+0.19,6013486,218.8310,220.6002,218.4060
2021/05/27,218.1291,0.2019,-0.09,6208491,218.9945,219.6291,217.6580
2021/05/26,218.3310,1.8750,-0.85,4467573,219.2733,220.5233,217.6676
2021/05/25,220.2060,0.2885,-0.13,4876775,221.0521,221.3310,219.6291
2021/05/24,220.4945,2.4519,+1.12,4201787,219.1772,221.2541,218.8695
2021/05/21,218.0426,0.3173,+0.15,5828178,218.1484,220.4848,217.8328
2021/05/20,217.7253,1.7788,+0.82,7777961,216.7638,218.8407,216.5715
2021/05/19,215.9465,0.9423,-0.43,9684581,214.1869,216.1965,213.2582
2021/05/18,216.8888,0.8365,-0.38,7176216,219.6002,220.3597,216.7542
2021/05/17,217.7253,0.4808,-0.22,5755675,217.4753,218.4176,216.6436
2021/05/14,218.2061,3.0769,+1.43,4968445,217.1292,218.7541,216.2638
2021/05/13,215.1292,3.2980,+1.56,6916591,212.9850,216.2446,212.3889
2021/05/12,211.8312,4.6566,-2.15,8041966,214.7116,216.0269,211.5240
2021/05/11,216.4878,0.4705,-0.22,7950351,214.8172,217.3903,213.1805
2021/05/10,216.9583,5.9047,-2.65,10027318,222.3637,222.7478,216.1806
2021/05/07,222.8630,0.7681,+0.35,4717170,223.0742,223.9191,221.5044
2021/05/06,222.0949,2.0259,+0.92,6378669,220.4723,222.3445,219.5410
2021/05/05,220.0690,2.7076,-1.22,6794188,224.5240,224.5240,219.5410
2021/05/04,222.7766,0.5568,-0.25,6128929,222.3637,223.1247,221.0484
2021/05/03,223.3334,0.9122,-0.41,8513980,224.7160,226.3386,222.1573
2021/04/30,224.2456,3.1684,-1.39,10686426,225.9354,226.5210,223.0262
2021/04/29,227.4140,3.2741,+1.46,7719216,225.8490,228.0284,223.8519
2021/04/28,224.1399,3.3988,+1.54,10531445,221.7396,226.8475,221.4754
2021/04/27,220.7411,0.4129,-0.19,6918006,221.8165,221.9413,219.8530
2021/04/26,221.1540,0.3265,+0.15,5884723,221.5668,223.6599,220.3667
2021/04/23,220.8275,2.3331,+1.07,5567478,219.4930,222.5750,218.6289
2021/04/22,218.4944,0.1152,+0.05,7606294,218.2352,221.7251,217.8416
2021/04/21,218.3792,4.0037,+1.87,9884767,214.4043,218.7825,213.9771
2021/04/20,214.3755,2.4099,-1.11,6040011,215.8157,216.3918,212.9738
2021/04/19,216.7854,0.5953,-0.27,6813355,216.7470,218.5040,216.1037
2021/04/16,217.3807,0.1248,+0.06,7113019,218.1104,218.7153,216.7566
2021/04/15,217.2559,4.1285,+1.94,9059397,214.9612,218.5479,214.9276
2021/04/14,213.1274,0.9217,+0.43,5179095,212.1865,214.2027,211.2935
2021/04/13,212.2057,0.4320,-0.20,4961919,212.1865,212.7769,211.4376
2021/04/12,212.6377,1.0081,-0.47,6577520,211.4568,213.0602,210.4774
2021/04/09,213.6458,1.7474,+0.82,5962735,212.1865,213.7226,210.7559
2021/04/08,211.8984,1.3730,+0.65,11500624,211.1975,213.9339,209.4117
2021/04/07,210.5254,0.5952,+0.28,5847523,210.3814,212.2249,209.9206
2021/04/06,209.9302,0.3744,-0.18,8153257,208.9413,210.6503,206.7522
2021/04/05,210.3046,2.0930,+1.01,10874147,209.8822,211.7160,208.6425
2021/04/01,208.2116,4.9255,+2.42,6393399,205.2582,209.0565,203.8334
2021/03/31,203.2861,0.1633,-0.08,13727414,204.0734,205.5712,203.1085
2021/03/30,203.4494,2.5059,-1.22,5726366,204.5151,205.6096,202.9789
2021/03/29,205.9553,0.9409,+0.46,8115925,203.9774,206.7042,202.7005
2021/03/26,205.0144,5.3383,+2.67,7707310,199.9449,205.1776,199.4169
2021/03/25,199.6761,0.0960,-0.05,8739362,199.3881,200.4922,197.5734
2021/03/24,199.7721,0.0768,-0.04,10521230,200.4250,202.7197,199.6377
2021/03/23,199.8489,0.1440,+0.07,9187131,200.7130,201.5867,199.2248
2021/03/22,199.7049,1.0561,+0.53,11843923,198.3127,203.8238,198.0055
2021/03/19,198.6488,13.2112,-6.24,33547570,210.3814,211.3885,198.6296
2021/03/18,211.8600,2.2659,-1.06,9710255,212.5993,213.6458,210.8231
2021/03/17,214.1259,1.6130,-0.75,9035973,216.0749,217.2175,212.9161
2021/03/16,215.7389,1.3730,+0.64,9321045,214.7884,216.5838,213.4298
2021/03/15,214.3659,1.0466,-0.49,9693579,215.2876,218.0288,212.8976
2021/03/12,215.4125,1.7186,-0.79,8511851,216.2958,217.5055,214.5100
2021/03/11,217.1311,2.8612,+1.34,10471008,215.5757,219.1279,214.8844
2021/03/10,214.2699,2.6979,+1.28,8147836,211.9176,215.2444,210.6503
2021/03/09,211.5720,0.0864,+0.04,9611884,213.2042,216.0269,211.4088
2021/03/08,211.4856,4.6662,+2.26,15363071,208.3268,217.1119,207.2034
2021/03/05,206.8194,3.7541,+1.85,7896934,205.2064,207.4819,201.2699
2021/03/04,203.0653,3.2164,-1.56,11101639,207.3571,208.3652,200.3482
2021/03/03,206.2817,0.8833,-0.43,6753946,206.5698,208.5284,204.3711
2021/03/02,207.1650,0.8257,-0.40,6410851,208.3076,209.2389,206.2529
2021/03/01,207.9907,4.0709,+2.00,7272535,206.3969,209.1141,206.2241
2021/02/26,203.9198,1.3058,-0.64,12217231,205.5136,206.6274,202.3356
2021/02/25,205.2256,5.4535,-2.59,11878025,210.5447,211.6536,204.1022
2021/02/24,210.6791,7.0281,+3.45,12539010,203.8910,211.7352,202.8625
2021/02/23,203.6510,3.6389,+1.82,11010832,199.1288,205.3792,198.3127
2021/02/22,200.0121,3.4468,+1.75,8684014,195.4324,202.2492,195.0099
2021/02/19,196.5653,4.4358,-2.21,15635050,200.9915,201.1739,195.6340
2021/02/18,201.0011,1.7667,+0.89,7633722,197.6694,201.3371,196.7861
2021/02/17,199.2344,0.3745,-0.19,8722885,197.0742,199.9737,196.8847
2021/02/16,199.6089,1.9778,-0.98,10053693,202.2588,202.6333,199.0808
2021/02/12,201.5867,0.6721,-0.33,7198075,201.0107,202.7101,199.3977
2021/02/11,202.2588,4.3589,+2.20,8760440,199.0616,203.1517,198.9272
2021/02/10,197.8999,0.0767,-0.04,8833011,199.3666,199.3666,197.4206
2021/02/09,197.9766,0.3547,-0.18,7948245,197.2480,199.0406,195.2732
2021/02/08,198.3313,1.8022,-0.90,9009798,201.3126,201.9357,197.3918
2021/02/05,200.1335,0.4601,-0.23,10727744,201.2934,201.4372,200.0280
2021/02/04,200.5936,7.5636,+3.92,15161980,194.8323,201.0058,194.6980
2021/02/03,193.0300,1.1983,-0.62,14039435,194.6693,195.0911,192.6657
2021/02/02,194.2283,4.0742,+2.14,11792909,192.5411,195.8963,191.7263
2021/02/01,190.1541,4.8986,+2.64,13530407,187.0673,190.9690,186.9523
2021/01/29,185.2555,4.7644,-2.51,22430972,189.6365,194.6501,184.8337
2021/01/28,190.0199,3.1155,+1.67,11517725,191.7263,193.6436,189.9720
2021/01/27,186.9044,6.7487,-3.48,14366767,189.4639,191.4387,185.9362
2021/01/26,193.6531,0.9874,+0.51,10019774,193.4135,195.0719,192.6563
2021/01/25,192.6657,0.9970,-0.51,20114465,192.0522,193.2984,187.6521
2021/01/22,193.6627,2.9910,-1.52,7631923,195.5512,196.8358,193.4518
2021/01/21,196.6537,0.8340,-0.42,6799222,197.5260,198.6023,196.2798
2021/01/20,197.4877,4.1701,+2.16,13222736,194.6309,198.6188,193.8640
2021/01/19,193.3176,0.0671,+0.03,10193734,194.6501,195.7190,191.7934
2021/01/15,193.2505,0.2588,-0.13,9132862,193.2026,194.8514,192.1337
2021/01/14,193.5093,7.1802,-3.58,13443621,201.8590,202.4725,193.3847
2021/01/13,200.6895,0.4697,+0.23,6977096,200.7470,202.2712,199.9993
2021/01/12,200.2198,3.8632,-1.89,9734305,203.5558,203.9872,198.8873
2021/01/11,204.0830,2.4541,-1.19,7671903,205.1088,205.9716,203.6900
2021/01/08,206.5371,1.5721,+0.77,6794352,205.3101,207.1794,203.9488
2021/01/07,204.9650,1.1408,+0.56,11441174,203.4216,206.3167,203.4216
2021/01/06,203.8242,1.8118,-0.88,7517225,204.9554,207.2274,203.2970
2021/01/05,205.6360,3.1156,-1.49,7166172,207.3616,209.4226,204.8020
2021/01/04,208.7516,0.9299,-0.44,10763604,211.1386,211.1386,205.3772
2020/12/31,209.6815,0.3547,+0.17,6177734,209.3651,210.7264,207.2561
2020/12/30,209.3268,3.8250,+1.86,9258059,207.0644,211.2728,206.7289
2020/12/29,205.5018,1.6680,+0.82,6356366,205.7319,206.3358,204.7062
2020/12/28,203.8338,3.7674,+1.88,6067199,201.1688,204.6295,200.3060
2020/12/24,200.0664,3.2594,+1.66,3513232,198.0916,200.1776,198.0533
2020/12/23,196.8070,0.5177,-0.26,6804581,198.7531,198.7531,196.6249
2020/12/22,197.3247,3.0389,-1.52,7723332,199.7692,199.7788,197.0946
2020/12/21,200.3636,2.2048,-1.09,7903646,199.6542,201.1209,196.3181
2020/12/18,202.5684,0.1246,+0.06,13872110,202.2904,203.2107,201.1880
2020/12/17,202.4438,2.7896,+1.40,6798471,200.3540,203.0190,200.2102
2020/12/16,199.6542,0.0862,-0.04,7828197,199.8555,200.4738,198.5709
2020/12/15,199.7404,1.0640,+0.54,10221897,199.9130,200.7758,197.6315
2020/12/14,198.6764,0.9683,+0.49,12484156,199.2515,202.5588,198.4079
2020/12/11,197.7081,1.3134,-0.66,9625845,196.8646,198.3313,196.0401
2020/12/10,199.0215,1.8885,-0.94,10944806,199.8842,200.6416,198.6764
2020/12/09,200.9100,3.0580,-1.50,6520823,204.4090,204.6678,200.3060
2020/12/08,203.9680,0.1150,+0.06,9019348,201.2647,204.3131,201.2072
2020/12/07,203.8530,0.0287,-0.01,11082985,203.2011,205.6264,203.0363
2020/12/04,203.8817,4.4384,+2.23,5966974,201.0634,203.9201,199.8842
2020/12/03,199.4433,2.0419,-1.01,9600485,201.1017,202.3796,199.0215
2020/12/02,201.4852,0.9778,-0.48,10148737,202.2712,202.6547,199.8555
2020/12/01,202.4630,0.8149,+0.40,8396807,203.3545,204.8308,202.3096
2020/11/30,201.6481,0.6231,-0.31,8058900,200.8716,201.8303,198.0533
2020/11/27,202.2712,0.1054,+0.05,3664488,203.2299,203.2586,200.1718
2020/11/25,202.1658,1.1600,+0.58,7065170,200.9963,203.1819,200.2293
2020/11/24,201.0058,1.4571,+0.73,10549150,202.1274,204.9746,200.7374
2020/11/23,199.5487,4.1029,+2.10,6370817,196.2319,200.3540,196.2319
2020/11/20,195.4458,3.5373,-1.78,10071349,198.5613,199.5008,195.3739
2020/11/19,198.9831,0.2493,-0.13,5901380,198.6668,200.0951,197.0275
2020/11/18,199.2324,2.7608,-1.37,7279047,201.0442,202.4150,199.0790
2020/11/17,201.9932,1.9077,-0.94,7582502,201.8494,203.3161,200.8333
2020/11/16,203.9009,2.1282,+1.05,12604650,205.6935,206.1920,203.0669
2020/11/13,201.7727,2.1281,+1.07,6653774,201.2263,202.5397,198.7243
2020/11/12,199.6446,3.9495,-1.94,7619003,202.6834,203.7475,198.5709
2020/11/11,203.5941,0.5839,-0.29,5569832,203.0868,205.1065,202.6082
2020/11/10,204.1780,0.6030,+0.30,8298837,202.8667,204.8959,201.5314
2020/11/09,203.5750,13.6017,+7.16,18718241,205.4990,208.3322,203.1921
2020/11/06,189.9733,0.7944,+0.42,6456936,188.9013,191.1315,187.0601
2020/11/05,189.1789,3.5129,+1.89,7451132,189.8681,192.3855,188.8439
2020/11/04,185.6660,5.3890,+2.99,8465052,184.6322,188.4514,183.3304
2020/11/03,180.2770,3.4459,+1.95,6757135,178.8317,181.4161,177.2332
2020/11/02,176.8311,2.9002,+1.67,8417442,176.6110,178.9178,176.0175
2020/10/30,173.9309,3.0247,-1.71,10715022,174.8402,176.3334,171.5570
2020/10/29,176.9556,3.8288,+2.21,17573187,175.1656,178.9944,171.6623
2020/10/28,173.1268,8.7966,-4.84,18605987,176.1037,176.7928,171.6623
2020/10/27,181.9234,2.8811,-1.56,9079030,184.7375,185.4076,181.1193
2020/10/26,184.8045,4.7285,-2.49,13172616,187.6091,188.0111,182.5551
2020/10/23,189.5330,0.0191,+0.01,6140101,191.1985,191.3230,187.6282
2020/10/22,189.5139,0.4212,-0.22,5131628,190.8061,191.2143,187.3794
2020/10/21,189.9351,0.6988,+0.37,6338566,189.3607,191.8399,189.3607
2020/10/20,189.2363,0.6987,+0.37,7762125,189.0927,191.1124,188.2887
2020/10/19,188.5376,3.1491,-1.64,7782794,192.2515,192.4620,188.0877
2020/10/16,191.6867,0.6796,+0.36,6673702,191.4283,193.9744,190.8731
2020/10/15,191.0071,2.5366,-1.31,9284859,192.4046,195.9366,189.1406
2020/10/14,193.5437,2.0292,-1.04,5559940,195.9462,196.1950,192.5195
2020/10/13,195.5729,1.9910,-1.01,5873106,194.6731,196.4248,194.3381
2020/10/12,197.5639,0.2297,-0.12,6918918,198.0807,199.0666,196.9225
2020/10/09,197.7936,3.5033,+1.80,5811754,195.2666,198.2147,194.9555
2020/10/08,194.2903,0.4882,+0.25,4132552,195.2666,195.5538,193.5724
2020/10/07,193.8021,1.9335,+1.01,7013695,193.3522,194.1084,191.4283
2020/10/06,191.8686,2.9577,-1.52,6102389,195.3719,196.3195,191.1603
2020/10/05,194.8263,1.9910,+1.03,6362930,194.0318,194.9316,192.4429
2020/10/02,192.8353,1.8091,-0.93,6288970,191.4378,194.1467,190.8635
2020/10/01,194.6444,3.2353,+1.69,7558201,193.5532,196.4104,193.0035
2020/09/30,191.4091,0.5073,+0.27,9567169,192.2515,193.8691,190.3754
2020/09/29,190.9018,0.8423,-0.44,5808480,191.9930,193.7160,190.8348
2020/09/28,191.7441,2.9385,+1.56,5814190,192.0409,193.0842,191.2751
2020/09/25,188.8056,1.6560,+0.88,5741866,186.6710,189.6575,185.2257
2020/09/24,187.1496,0.1435,+0.08,10306494,186.7955,189.2076,184.8620
2020/09/23,187.0061,4.9678,-2.59,6592801,192.2036,192.4812,186.2403
2020/09/22,191.9739,2.9769,+1.58,7880508,189.6096,192.1174,188.3748
2020/09/21,188.9970,4.9391,-2.55,10087912,191.3517,192.6343,186.3647
2020/09/18,193.9361,2.5461,-1.30,9490434,196.6737,196.9130,193.0842
2020/09/17,196.4822,0.1340,+0.07,7809265,194.1658,196.7790,193.3522
2020/09/16,196.3482,0.2489,-0.13,6409956,197.8893,198.8513,196.1759
2020/09/15,196.5971,0.3925,+0.20,6611624,197.8989,199.2964,196.0036
2020/09/14,196.2046,4.1159,+2.14,12255103,194.6444,197.5734,194.4434
2020/09/11,192.0887,0.8232,-0.43,7772044,192.9502,193.7447,190.3945
2020/09/10,192.9119,2.4121,-1.23,7566916,196.0898,198.1382,191.8686
2020/09/09,195.3240,3.7713,+1.97,7869527,195.6016,197.4586,193.3007
2020/09/08,191.5527,4.3456,-2.22,14821395,192.1844,193.5915,190.6855
2020/09/04,195.8983,4.1160,-2.06,13835931,199.5644,201.4883,191.5814
2020/09/03,200.0143,7.1980,-3.47,11816047,205.7287,205.7287,198.2243
2020/09/02,207.2123,2.9960,+1.47,10304965,204.9629,208.0451,204.6183
2020/09/01,204.2163,1.3018,+0.64,5901410,203.1251,204.7332,202.0818
2020/08/31,202.9145,3.5608,-1.72,9744000,206.3126,206.7146,202.5029
2020/08/28,206.4753,4.4797,+2.22,7678562,202.9241,206.9060,202.1775
2020/08/27,201.9956,0.7370,+0.37,9005093,202.1679,203.0964,200.1004
2020/08/26,201.2586,2.0675,+1.04,7349875,199.1911,201.7755,198.4277
2020/08/25,199.1911,1.6177,+0.82,6089024,198.3200,199.2868,196.7413
2020/08/24,197.5734,2.1824,+1.12,6435087,196.2334,197.6117,195.9079
2020/08/21,195.3910,0.0192,-0.01,10445488,195.7452,196.3578,194.6349
2020/08/20,195.4102,3.0247,+1.57,9244955,191.3421,195.6878,191.0550
2020/08/19,192.3855,1.8953,+0.99,9891037,190.4041,194.1587,190.3849
2020/08/18,190.4902,0.4020,-0.21,6811493,191.4187,191.5336,188.3962
2020/08/17,190.8922,2.6705,+1.42,6536015,188.8534,191.8781,188.2887
2020/08/14,188.2217,0.8997,-0.48,5238688,188.5758,189.5905,187.3889
2020/08/13,189.1214,0.8232,-0.43,7328545,188.6907,191.3804,188.5950
2020/08/12,189.9446,0.9270,+0.49,5684318,190.1931,191.3687,189.4668
2020/08/11,189.0176,0.9367,+0.50,12084414,189.0653,193.9110,187.6461
2020/08/10,188.0809,0.4109,+0.22,5781254,187.6700,189.5337,186.6855
2020/08/07,187.6700,2.3033,-1.21,5915776,188.8455,189.2183,186.6569
2020/08/06,189.9733,2.5518,+1.36,7826693,187.3068,190.1167,186.1694
2020/08/05,187.4215,3.6414,+1.98,9319785,184.9939,189.4094,184.5542
2020/08/04,183.7801,1.5292,+0.84,8583864,182.6714,184.4013,181.6679
2020/08/03,182.2509,0.2772,+0.15,11936154,183.3118,184.7836,181.7926
2020/07/31,181.9737,3.4980,-1.89,14842886,185.8158,186.0739,181.0562
2020/07/30,185.4717,4.3200,-2.28,10985530,186.5613,187.8611,183.6176
2020/07/29,189.7917,1.7586,+0.94,9909863,184.5447,190.0880,184.5064
2020/07/28,188.0331,0.1625,-0.09,7216656,188.9411,190.5420,188.0045
2020/07/27,188.1956,1.6821,+0.90,5864227,186.5231,189.0558,185.6055
2020/07/24,186.5135,2.1791,-1.15,7491895,187.0105,188.7404,185.4431
2020/07/23,188.6926,1.3667,-0.72,6389479,189.6579,192.0568,187.7369
2020/07/22,190.0593,2.2747,+1.21,7139341,187.7846,190.1931,187.5648
2020/07/21,187.7846,1.9020,-1.00,7553713,191.1489,191.3113,187.0200
2020/07/20,189.6866,3.2304,+1.73,7308705,186.1216,190.6519,185.0991
2020/07/17,186.4562,1.5197,+0.82,6718241,186.2077,186.9149,184.5733
2020/07/16,184.9365,2.9150,-1.55,5298478,186.6855,187.0487,183.9999
2020/07/15,187.8515,3.0774,+1.67,8036735,186.5900,189.0128,185.8923
2020/07/14,184.7741,4.1193,+2.28,8374538,181.1135,184.9079,178.8962
2020/07/13,180.6548,3.3738,-1.83,8960629,185.0417,186.5517,180.3490
2020/07/10,184.0286,0.3250,+0.18,8029540,183.1684,184.2866,181.0562
2020/07/09,183.7036,2.7334,-1.47,8944061,186.3701,186.8385,181.5436
2020/07/08,186.4370,0.8315,+0.45,8755430,186.4466,186.8671,184.5733
2020/07/07,185.6055,3.4025,-1.80,8014832,188.1000,190.0975,185.2328
2020/07/06,189.0080,1.9975,+1.07,7629904,189.9351,190.3652,187.0200
2020/07/02,187.0105,1.8064,+0.98,6590964,187.3259,189.1575,186.3701
2020/07/01,185.2041,0.5830,+0.32,6690212,185.2710,186.7047,184.1329
2020/06/30,184.6211,1.7108,+0.94,9458705,183.0155,185.1755,181.7443
2020/06/29,182.9103,2.0166,+1.11,8391756,181.5054,182.9773,179.0110
2020/06/26,180.8937,4.5016,-2.43,12384044,184.5542,185.5339,180.7121
2020/06/25,185.3953,2.4563,+1.34,10396700,182.6427,185.6438,181.4958
2020/06/24,182.9390,6.2697,-3.31,9890822,188.3007,188.7404,182.2509
2020/06/23,189.2087,2.8768,+1.54,10323663,187.5648,191.2921,187.1539
2020/06/22,186.3319,2.6378,+1.44,6983578,183.4934,187.6700,182.8243
2020/06/19,183.6941,1.6343,-0.88,12015039,188.1765,188.3772,182.9008
2020/06/18,185.3284,0.3345,+0.18,6071927,184.0764,185.6533,183.6080
2020/06/17,184.9939,0.6499,+0.35,6245265,185.0894,186.7238,184.5160
2020/06/16,184.3440,1.0705,+0.58,11569226,188.1478,189.6006,183.3070
2020/06/15,183.2735,0.4779,-0.26,7071973,178.7242,183.9655,177.9692
2020/06/12,183.7514,3.2304,+1.79,12248409,185.6151,186.3701,179.5366
2020/06/11,180.5210,11.0866,-5.79,12529078,186.5039,187.6700,180.3967
2020/06/10,191.6076,1.3380,+0.70,8794547,191.0533,193.2324,190.1453
2020/06/09,190.2696,0.4970,-0.26,7211408,189.5814,192.7450,189.4668
2020/06/08,190.7666,0.0095,-0,7981268,190.7475,191.1106,188.4059
2020/06/05,190.7761,5.7058,+3.08,8957576,187.5170,190.9290,186.8241
2020/06/04,185.0703,3.0871,-1.64,8192331,187.3068,187.7655,184.5733
2020/06/03,188.1574,0.4874,+0.26,9290589,189.2374,189.3712,186.9149
2020/06/02,187.6700,1.9211,+1.03,8853900,187.2685,188.7786,186.2937
2020/06/01,185.7489,0.8506,-0.46,6298115,186.0930,187.2112,184.9556
2020/05/29,186.5995,0.9366,+0.50,10686449,185.8923,188.0331,184.7263
2020/05/28,185.6629,1.3763,+0.75,8744430,184.9748,189.5145,184.1816
2020/05/27,184.2866,0.3823,-0.21,8004582,185.7107,185.7107,180.1769
2020/05/26,184.6689,2.2555,+1.24,10109606,187.1347,187.5839,184.2293
2020/05/22,182.4134,0.2294,+0.13,6076478,182.5472,182.9008,180.8555
2020/05/21,182.1840,3.0966,-1.67,11863075,184.9365,185.0474,181.6105
2020/05/20,185.2806,4.3009,+2.38,9987608,184.4587,186.3606,183.8948
2020/05/19,180.9797,1.9306,-1.06,7791638,182.6810,185.8923,180.8555
2020/05/18,182.9103,7.5408,+4.30,12353005,179.6799,184.2962,179.1742
2020/05/15,175.3695,2.4754,+1.43,11285314,172.0149,175.9908,170.9540
2020/05/14,172.8941,3.6413,+2.15,10144080,168.1537,173.0375,166.1275
2020/05/13,169.2528,1.9879,-1.16,13996548,170.6004,173.0757,167.2925
2020/05/12,171.2407,3.9025,-2.23,8614660,175.1432,175.5535,171.1453
2020/05/11,175.1432,1.4598,-0.83,9100423,175.4390,176.1546,173.1108
2020/05/08,176.6030,2.2613,+1.30,6786372,176.5458,177.2328,175.2004
2020/05/07,174.3417,3.7594,+2.20,9707322,173.4162,176.4981,173.3780
2020/05/06,170.5823,0.3244,+0.19,8950931,171.4792,172.2330,169.7236
